magid,patent_id,assessment
2011631644,5541078,A
2011715705,8822367,B
2011687861,9834754,C
2011980226,8729482,B
2012010696,9944955,A
2012010696,9944955,A
2011766387,9334331,B
2011766387,9334331,B
2011893864,10280404,A
2011845012,7552698,B
2011064070,8132143,B
2011044564,10588535,B
2011125538,9011572,B
2011095598,7704491,C
2011104243,8109913,B
1463368216,10526616,B
1480723406,10844427,A
1480346283,8097406,B
2011360546,5859367,B
2011374671,8986708,B
2012803205,7569552,B
2012830649,8617818,B
2012610328,8787411,B
2012698836,10378863,B
2012697990,10017475,B
2012940149,10549255,B
2012987872,10876151,C
2012088813,9984283,B
2012037219,11213800,B
2012134568,7495994,A
2012107032,9770426,B
2012095022,6033898,B
2012447182,6476007,A
2012564185,9310364,B
2012526549,6914044,B
2012333093,5318898,C
2012371437,9443662,B
2009550948,5684222,A
2009331983,9556213,B
2009331983,9556213,B
2009331713,8512755,B
2009294887,8765127,B
2009764235,7220421,B
2009750207,8343506,B
2009720660,9105458,B
2009720660,9105458,A
1434255190,5846932,A
1429299901,10883799,A
2009604271,7011837,C
2008918019,6821457,B
2008918019,6706451,B
2008918019,6699407,B
2008918019,6692666,B
2008918019,6677086,A
2008918019,6667134,B
2008932648,9895354,B
2009203206,8022227,C
2009245974,4303645,C
2009100350,10272137,B
2010577277,7157438,B
2010641182,10023657,C
2010385540,5473694,B
2010385540,5379346,A
2010408979,8210841,A
2010410556,7144997,C
2010489806,5334380,C
2010867780,7947622,B
2010956731,7217511,C
2010942717,8471764,B
2010942717,8265202,A
2010687688,8644488,B
2010778537,8568980,B
2010809297,10141119,B
2010055753,8741279,B
2010057554,5952488,B
2009835795,8557542,B
1450236045,11739410,C
1440165516,10775322,B
2009846635,9139596,B
2010262414,9679379,C
2010340961,9321802,B
2010340961,9321802,B
2010311675,9023364,B
2010123338,6391642,B
2010126361,6521426,B
2010139045,8520932,B
2010133928,8133495,B
2010133928,8114852,C
2010071907,9738688,C
2010200038,7531803,C
2016200465,5585362,B
2016200465,6281010,C
2016209119,7524966,B
2016073646,6001588,B
2016521455,10214722,B
2016458635,10774262,C
2016544095,6358455,B
2016544095,6290892,B
2016538414,10125418,B
2016346055,7337527,B
2016299219,8802375,B
2016299303,5814599,B
2016299303,6018678,A
2016299303,6002961,A
2016371780,10041123,B
2016366175,8203120,C
2016366175,8247769,C
2016371780,9957569,B
2016371780,9957569,B
2015503939,8741309,C
2015519364,6300059,B
2015408813,11020006,C
2015426839,9525398,B
2015476284,7889334,B
2015868606,10654916,C
2015875947,10245431,B
2015888790,9095596,B
2015711605,6156895,A
2015649018,6177254,B
2017161548,9608803,B
2017169088,5298135,A
2017236917,5976817,B
2017050324,8309570,B
2017060855,7179593,C
2016995075,7642285,B
2017146999,9738872,A
2017492512,8895245,B
2017492512,8691507,B
2017541958,7534565,B
2017547231,8424200,B
2017492512,9334527,B
2016703156,8835046,A
1485599626,9382329,B
1484232481,5514779,C
2016685739,10316348,B
2016858569,8268301,A
2016945436,4873190,A
2016769486,9684234,B
2016769486,9684234,B
2016795667,5304490,B
2013853657,6233500,A
2013655371,8778186,B
2013665903,7872755,B
2014174828,8415640,B
2014029537,7271007,A
2014101003,9309456,C
2014101003,9309456,C
2014076227,7519257,A
2013276134,9604904,B
1482105827,5308760,C
1482212418,5824316,C
1482228700,5976536,C
1482226998,9688722,B
1482226998,9688722,B
2013549128,9084747,B
2013548240,10591519,B
2013568009,6923959,B
2013371585,6680365,B
2013431834,9994556,B
2014988241,10138479,B
2014938226,6946256,A
2015047311,6884877,C
2014932912,7688938,C
1483192396,4510117,B
2015253178,6974801,B
2015276855,8867917,C
2015284628,10650308,A
2015145349,8643979,A
2014470494,7626535,A
2014487446,10022366,B
2014571144,10294567,B
2014264595,6369029,B
2014252698,9074201,B
2014402245,6100242,B
2014369821,8501318,B
2014336891,10239937,B
2014369821,8287699,C
2014369821,8114375,B
2014365914,9309537,B
2014365914,9309537,B
2014756430,5873824,C
2014771072,5491130,B
2014771072,5357041,B
2014897755,6694020,B
2014608787,5278076,B
2014707654,11422800,B
2014677332,9154058,B
2014677332,9154058,B
2014691258,8358336,B
2002992032,7495100,B
826967774,10207011,B
833232761,10450289,B
854045683,9541558,B
2003057781,10939844,B
2002455862,5652224,B
2002258009,7556808,B
2002244788,9687145,B
2002315967,6660468,B
2002320058,8868355,B
2002780348,6107025,B
2002780348,6180337,B
2002765649,9986663,C
2002725661,4591673,A
2002842630,8337860,A
2002790099,9133234,B
2002790099,9133234,B
2002613111,10188686,B
2002668922,9393306,B
2002695235,6150512,B
2004134853,7609816,B
2004125418,7329522,A
2003869981,9052321,A
2004329885,9886521,B
2004329885,9886521,A
2004452646,6385757,A
2004480778,9629543,B
2004480778,9629543,B
2004406584,8274858,A
2004396344,5824838,B
2004197811,7018686,B
2004280012,9173617,C
2004280012,9173617,C
2004288940,9988343,B
2004288940,9988343,B
2003431221,9815694,B
2003508727,5470957,A
2003316226,10119150,B
2003314089,6077994,B
2003264913,9738688,C
2003288015,9501620,B
2003712385,6015888,A
2003696747,9261456,B
2003830083,8652483,A
2003836872,8951512,B
2003788507,8095350,B
2003797386,9850484,C
2003797386,9850484,C
2003797386,10011850,C
2000976912,9117140,B
2001020284,9283194,B
2000981832,8384763,B
2000990429,6706481,B
2000813365,8023160,A
2000813365,8014035,A
2000893281,5916570,C
2000912877,5648240,A
2001242561,6156212,B
646355753,9501622,A
2001090712,7732155,C
2001068487,9701760,A
2001068487,9701760,B
2001210063,9255120,C
2001188508,10745340,C
2000366854,9586928,B
2000366854,9586928,B
2000240732,5674636,B
2000238605,9768445,B
2000245021,9050279,C
2000245021,9050279,B
2000245021,8491913,B
2000623391,7483767,B
2000642140,9964608,A
2000499723,8440815,B
2000504443,8476419,C
2000440762,10738354,A
2000599859,7659322,A
2001821733,6953770,A
2001904774,6833438,B
2001879388,6887674,B
2001879388,6864227,B
2001878542,5554638,B
2001721531,10230240,B
2001721531,10169833,B
2001726213,10590393,B
2001786661,9445596,B
2001786661,9487551,B
2002092696,7872755,C
2002206225,8846055,C
2002206225,8846055,C
2002206225,8133495,B
2001963040,8395119,B
2001415299,9499517,B
745606261,9980658,C
2001621941,6113681,A
2001689415,9076712,B
2001670106,7166568,B
2001487636,9545219,B
2001522283,8663929,B
2001489831,9627199,B
2007315427,6395479,B
2007268106,6521101,B
2007098163,9931073,B
2007098163,9931073,B
2007082378,9831360,B
2007545269,4517674,A
2007578494,7212712,B
2007388035,6528234,A
2007388035,6514435,A
2007343806,4932030,C
2007376111,9611301,B
2006757039,9586981,B
2006699470,9470818,B
2006730066,8099156,B
2006722170,9685765,B
2006714416,8557258,C
2006509978,9102703,B
2006998486,9453065,C
2006998486,9453065,C
2006825001,6766019,C
2006766845,10575771,A
2006840424,9849172,B
2006838262,6936257,A
2008301558,6683069,B
2008296675,5958154,B
1267894554,10689282,C
2008325410,7723574,B
2008325410,9458436,A
2008236686,6376459,B
1247408796,11046692,C
2008654109,9201146,B
2008654109,9007570,B
2008731568,5274605,A
2008669315,6959270,B
2008686748,9732389,C
2008686748,9732389,C
2008686748,9534256,C
2008429672,10024794,B
2008538753,6682740,A
2008496792,9631171,B
2007835398,9408899,B
2007837845,7537807,A
2007799501,7223731,B
2007858535,9698914,B
2007613355,6046307,A
2007613355,6015710,B
2007621420,7928286,C
2008127227,9998658,B
2008127227,9983397,B
2008127227,9426455,B
2008079514,5273944,B
2008110867,8629170,A
2008110867,7977365,B
2007986629,5736381,B
2007924649,5688760,A
2007945207,8901304,A
2007993543,8574534,B
2005208440,10179142,B
2005192027,8865433,B
2005192027,8865433,B
2004901922,7433908,B
2004938195,8008838,B
2005039391,9266735,B
2005039391,9034213,A
2005039391,9034213,B
2005008347,10053514,B
2005412668,6288832,B
2005250386,9637796,C
2005250386,9637796,C
2005250386,10144971,A
2004675407,6880291,B
937611577,11248270,B
956540729,9607401,B
956540729,9243916,A
957168523,10539346,C
2004547023,9994618,C
2004556024,5993811,A
2004497415,7344872,B
2004497415,7235393,C
2004610998,4859736,B
2004590139,9067052,B
2004754125,5480797,A
2004754125,5811397,B
2004754125,5607844,B
2004754125,5550037,B
2004845203,8019044,B
996375512,5914721,A
2004732365,11016082,B
998488345,9918989,C
998488345,9918989,C
2006337384,8445243,B
2006369634,9752175,B
2006266639,5674680,B
2006156021,7294862,B
1163274210,10673539,B
2006445674,8709429,A
1120477740,10814032,B
2005754988,8803130,A
2005754988,8809153,B
2005696191,7082371,B
2005774975,8313903,B
2005788706,8445436,C
2005580422,6555522,B
2005602327,6894642,B
2005623383,10437943,B
2005629189,8971474,B
2005981078,6241355,B
2006118973,10236460,C
2006125027,8906577,B
2006101024,9573983,B
2005865069,6287859,C
2029096904,9105934,A
2029040373,9464977,B
1496222301,9135405,B
1496373515,9512092,A
1496302775,6358712,B
2029297436,8399644,B
2029426142,5935935,B
2029394530,7704491,B
2029383562,7444053,B
2029384959,8969831,B
2029384959,8969831,B
2029271827,8722388,B
2028710649,6838274,C
2028475115,6465251,B
2028432816,7655395,C
2028542686,6261811,B
2028781040,9486404,B
2028787289,8565281,A
2028734359,8871171,B
2028734700,7890157,A
2028875865,5969031,A
2028843072,9507367,B
2028837633,5266459,C
2030228841,9255334,B
2030205393,8609343,B
2030338249,8472685,B
2030309070,6767896,B
2030278594,5770084,B
2030111610,10001481,B
2030116974,7732174,B
2030079767,5773244,A
2030153280,6284478,B
2030558078,4003257,A
1497364567,5457182,C
2030460682,9700607,B
2030453570,7454410,B
2030453804,8129352,B
2030487726,6866855,B
2030487726,6833134,B
2030446975,9086506,B
2029661710,10746736,C
2029720084,9908926,B
2029720084,9908926,B
2029468813,7579144,B
2029595376,9603949,C
2029792748,10273458,B
2029852810,5994313,B
2029852810,5869337,B
2029852810,5830462,B
2028402962,9248169,B
2026987421,8895309,B
2026980506,10329618,B
2026775320,4336099,B
2026757351,10066019,A
2026751085,8486619,A
2026823479,5821045,B
1494194121,8815533,B
2027135600,9317708,A
2027108372,9487600,B
2026384935,9410945,C
2026384935,9410945,C
2026191400,9084786,B
2026255101,9840530,B
2026255101,9840530,B
2026243509,7723115,B
2026578838,8634233,B
2026710381,6150097,A
2026658529,6210938,B
2026677489,7022496,B
2026462941,7709002,B
2026436600,5585800,B
2026429729,9885644,A
2026547102,8202551,B
2026532993,8094841,A
2028027151,9916655,A
2028027151,9916655,A
2028279571,8611991,B
2028365123,9754377,B
2028143786,8591858,B
2028156933,9587640,B
2028082560,8632578,B
2028082560,8617229,B
2028082560,8523928,A
2028125059,10982913,B
2028125059,10253836,C
2028110617,8812083,B
2028182052,8008018,B
2027434101,7576627,B
2027397254,7072047,B
2027318087,9410969,B
2027318087,9410969,B
1495062271,9734181,B
2027679904,9568468,B
2027774359,7871628,B
2027638537,7314631,B
2027638537,7250171,C
2027646816,6841665,B
2027648780,11118233,B
2027577095,8263930,C
2033594166,8189114,A
2033617419,8273778,A
2033693280,5558869,B
2033963042,10222366,B
1500833907,5866411,B
2033807561,8466746,A
2033813488,5866117,A
2033813488,5874303,A
2033814499,6098082,A
2032992679,7422887,B
2033016950,8294135,A
2032964168,9777262,B
2032964168,9777262,B
2033062310,10843812,B
2033041929,9448289,C
2033041929,9448289,C
2032930680,5834190,A
2032855532,9437899,B
2033305998,8921789,A
2033186975,8840874,B
2033117273,10278583,B
2033258446,5965535,C
2033274441,9862831,B
2033274441,9862831,B
2033272150,5976681,C
2034659707,6993149,B
2034745673,6410716,B
2034654078,10208290,A
2035015603,6943175,B
2035008060,9580750,B
2034856420,9409858,A
2034893781,6790829,A
2034088625,4584193,B
2034076526,9474299,C
2034158559,6194634,B
2034166226,7756563,B
2034131461,9246177,A
2034131461,9246177,A
2034142024,7221760,B
1502148777,9764024,B
1502148777,9764024,B
1501729618,7801836,A
2034412692,8476014,A
2034384415,10433752,C
2034223990,5654636,A
2034250720,9566428,B
2034250720,9566428,B
2034249063,8885905,A
2034192724,10314870,B
2034343350,9073958,B
2034278626,9411249,B
2031335939,9531780,B
2031348630,9226252,B
2031348630,9226252,B
2031365272,9845327,B
2031379554,5654543,B
2031222068,9808505,C
2031652474,6150172,C
2031629656,6043055,A
2031533839,8515058,B
2030707542,8034581,A
1498732562,6151337,B
1498995542,5001770,B
1498995542,4980620,A
2030605069,9790249,B
2030605069,9790249,B
2031024343,7304359,A
2031086112,6733965,B
2030846904,5844106,B
2030922043,9707322,C
2032324783,8945584,A
2032324783,8663653,B
2032324783,8618275,B
2032324783,8569472,B
2032324783,8563706,B
2032324783,8506969,B
2032324783,8454974,B
2032363243,7919647,B
2032395102,10011873,B
1499461800,10388370,B
1500437068,10234514,B
2032667424,7920972,B
2032667132,7424546,B
2032667132,7298699,B
2032667132,7277391,B
2032665165,10988528,B
2032665165,10358503,B
2032665165,10132818,B
2032732023,7060641,A
2032753408,10022366,C
2032677535,5167007,C
2032711662,9588079,B
2032711662,9588079,B
2032496825,7518796,B
2031770715,9858362,A
2031795328,7270983,B
2031740595,7202662,A
2031875240,7939328,B
2032185672,9382329,B
2032185672,9737617,C
2032185672,9737617,C
2032222158,9995628,B
2032212949,9538126,A
2032098896,8121433,B
2020295599,9780872,A
2020387946,10005683,B
2020368715,7915399,B
2020366044,10184150,B
2020365123,7763353,B
1488357204,10963581,B
2020577176,9868730,B
2020624821,6693165,C
2020649868,8193327,A
2020424834,10304535,A
2020506999,4402570,B
2019818589,5539082,B
2019814860,6475769,A
2019898396,10369133,B
2019689148,8424200,B
2019682832,4664480,B
2020137498,4394451,B
2020236381,8283936,B
2020242414,4912199,A
2020042607,6156883,B
2020098260,9724431,B
2020051901,8906915,B
2020064416,7922660,B
2021510303,6535817,A
2021572281,8123503,B
2021537447,9849172,A
2021546613,8797436,A
2021357850,5105822,A
2021354258,6833442,A
2021308621,9487809,B
2021308621,9487809,B
2021843045,4840684,B
2021843045,4792368,B
2021843045,4597938,B
2021802662,7888490,C
2021802662,7329513,B
2021653385,9777279,B
2021653385,9777279,B
2021597738,7861601,B
2020917493,7912656,C
2020907398,9105791,B
2020912978,8591881,B
2020932654,9447134,B
2020869271,9630905,B
2020944319,8865489,A
2020944319,8865489,A
2021187866,7319933,C
2021298427,8123841,C
2021293377,7256259,B
2021293377,6972320,B
2021156126,5374560,C
2021106512,9561271,B
2021132043,9588255,C
2018254338,9983397,B
2018254338,9426455,B
2018254338,10718934,B
1485800319,5654174,B
29703230,6281200,C
30960515,6692907,C
36239018,4778879,C
1486289306,8087010,C
1486595641,9734826,A
1486595641,9972311,A
1487361437,9102747,B
1487211291,4818696,B
2017770470,5331222,B
2017811274,4607914,B
2017601506,8937104,B
2017601506,8937104,B
2017601506,8895633,B
2017583800,7682618,B
2017673857,5391725,B
2018023530,6517856,B
2018051356,8213476,B
2018161209,9700606,B
2018161209,9700606,A
2018108785,8768501,B
2017934534,9820951,B
2017957807,4734152,B
2019274684,9032348,A
2019274684,9032348,A
2019260585,9954884,B
2019297097,9234880,A
2019297097,9234880,B
2019286790,8428398,A
2019590440,7030452,A
2019537928,10190955,B
2018665497,9884071,B
2018813706,9780872,C
2018774638,6517838,B
2018780658,9359204,B
2018780658,9359204,A
2018564413,6107103,C
2018509153,11185596,A
2018493249,10143686,B
2018496622,5627918,A
2018867557,10497959,B
2018940505,9318866,C
2018969381,7198791,C
2024786550,10583526,B
2024713922,9107909,B
2024713922,11459545,B
2024608724,10137191,B
2024563102,7704491,B
2024573975,9505807,C
2024573975,9505807,B
2025007130,10053718,B
2025080393,9140460,B
2025115133,10040867,C
2025062007,6885779,B
2024802316,8280710,B
2024895662,10006922,B
2024853644,7365539,A
2024067973,5106832,B
2024025359,5908757,A
2024152025,4970638,A
2024097324,8192931,A
2024097324,7927806,B
2023994366,5266317,C
2023963334,8008333,B
2023963334,8008333,B
2024367407,5900480,B
2024377569,9151813,B
2024327887,9889189,B
2024417676,8703811,B
2024206845,5882914,B
2024201117,8033445,A
2024285907,8273955,A
2025115133,10238742,B
2025735824,10793450,A
2025741044,9678032,B
2025741044,9678032,B
2025831662,9562005,B
2025831662,9562005,B
2025802258,6307959,B
2025625107,10849361,C
2025670435,8936793,B
2025646139,6723532,B
2025873094,7354706,B
2026126510,9597672,B
2025927334,9283546,B
2025927334,9283546,B
2025890749,7790068,B
2025963224,4801532,B
2025952915,8889621,B
2025959705,10286057,C
2025430406,6440656,C
1493564111,5510106,B
2025546658,8329464,A
2025482191,9777277,A
2025444775,10608614,B
2025535587,9259492,B
2022598164,9602157,B
2022540314,9771330,C
2022540314,9567326,B
2022540314,9567326,B
2022530050,5013659,B
2022621738,9561387,A
2022621738,9561387,A
2022411799,6289284,B
2022424814,6486380,B
2022473220,7985869,B
2022749020,9754226,C
2022749020,8543320,C
2022763964,4609622,B
2021996677,4844790,B
2021993026,5684239,B
2021937351,5939535,A
2022348072,8038887,B
2022389224,8674060,A
2022357681,6248518,A
2022163459,6013785,B
2022215414,9206423,C
2023623179,9447049,B
2023623179,9447049,A
2023569304,8928887,B
2023554420,6280966,B
2023699384,5344776,B
2023478622,7794727,B
2023477391,8912433,A
2023477391,8575473,A
2023542643,8063637,B
2023540415,10385399,C
2023777067,9500658,B
2023864999,8946393,B
2023862524,5760201,B
1491143454,10157633,A
2023714279,9316645,B
2023063523,9585951,B
2023075325,7824871,B
2023045668,7338932,B
2023032691,7951531,B
2023155307,10786148,B
2022995925,8153020,C
2023383738,9567326,B
2023383738,9567326,B
2023433267,9708630,B
2023433267,9708630,B
2023422990,10286084,B
2023279442,9701727,B
1976794208,8580276,A
1976824958,8514398,A
1976822357,6184038,B
1976924391,8822192,C
1976909436,9536179,B
1976909436,9536179,C
1976909436,9373058,C
1977070296,10718311,B
1977075078,6156546,B
1977096318,5704369,B
1977105094,6057288,B
1976443055,10006922,B
1976417419,7718598,B
1976417419,7589170,B
1976391205,9885033,C
1976400767,10391126,B
1976365858,6274789,C
1976610566,6403602,A
1977985044,10129658,A
1978070251,7201907,C
1978070251,7314631,B
1978070251,7250171,C
1978070251,6410023,C
1978329719,7825231,B
1978268544,8778616,A
1978283477,7216018,A
1978398372,10004800,B
1978136365,9896708,A
1978153633,9150887,B
1978251248,8895245,C
1978251248,8691507,C
1978189983,9099711,B
1977677882,5709995,A
1977665102,5596132,C
1977393774,5464936,B
1977393774,5219990,C
1977453493,5840193,B
1977447667,5149804,B
1974895422,8822192,C
1974598415,8436057,A
1974710999,8343066,C
1974733477,8022197,A
1974733477,7935676,A
1975150920,10514381,B
1975138972,10259800,B
1974966585,9441273,C
1974966585,9777329,C
1974966585,9777328,C
1974966585,8574842,B
1974966585,8293470,B
1974966585,8008018,C
1974998407,9493742,B
1974998407,9493742,B
1975097776,9127087,B
1975097776,9127087,B
1974236932,9646423,C
1974236932,9547940,C
1974241467,7114361,A
1974374278,9937235,C
1974395116,8731358,C
171443142,7504115,B
1974439559,8822192,B
1974546818,6713066,A
1974544978,10147189,A
1974548373,9779706,B
1974541812,5795559,A
1974537225,5901547,C
1974564275,6958401,B
1974559466,9254379,C
1976003064,9322043,C
1976001496,5662904,B
1976066308,9023984,B
1976066308,9023984,B
1975940378,9637796,C
1975940378,9637796,C
1976317981,9076201,C
1976330939,8729233,B
175416543,6673843,B
175351401,9765037,B
175467639,10068669,C
1976130589,8663522,C
1976130589,8630519,C
1976251709,9561266,B
1976251709,9561266,B
1976247080,7085301,B
1976242831,10255410,B
1976199086,10428143,C
1976222993,7977972,B
1976210588,7142364,B
1975458214,9115687,B
1975452706,8427906,B
1975506834,9950041,B
1975506834,9950041,B
1975514230,4891315,B
1975514230,4818694,A
1975323184,9624282,B
1975381963,5397562,B
1975410474,6538091,B
1975410474,6407187,C
1975355256,8980285,B
1975731136,8455431,C
1975812348,8283456,B
1975802048,9658291,B
1975614245,4189521,C
1975621975,8282939,A
1975606209,7494768,B
1975641514,9453065,B
1975641514,9453065,B
1975710239,10074814,B
1975715632,9580713,B
1975715632,9580713,B
1975665511,9573908,C
1975655671,7150990,B
1981388076,7713927,C
201978252,9278120,D
201006271,5750361,B
1981661246,8883729,B
1981726195,8637234,B
1981492597,5837823,B
1981451148,6060253,C
1981589421,8835671,B
1980949199,10585102,B
1981023433,9255279,B
1981023433,9255279,B
1980805512,10106782,B
1980776940,8559358,B
1980871955,9217741,B
1980907694,9012240,B
1981241659,10760046,B
1982549608,6080982,B
1982472781,9424084,A
1982506260,8992881,C
1982877307,6424948,A
1982836127,7592154,B
1982930077,7514525,B
1982746788,7860573,A
1982814868,8509578,B
1981934685,7710568,A
1981944858,10090565,B
1982068477,9636632,B
1981801030,5284142,B
1981831700,9011866,C
1981778091,9458102,A
1981850577,6953770,B
1982269426,9512106,B
1982267895,9125385,B
1982348345,5846537,B
1982286483,6861247,B
1982122806,10619208,B
1982121530,9206423,B
1982090203,6361671,B
1982109539,4470924,A
1982093599,5032150,B
1979224280,8762075,A
1979169088,9585951,C
1979270142,7485434,B
1979288280,8409326,B
1979288280,8302782,B
1979094114,9271678,A
1979086650,8861811,A
1979490110,7371835,B
190301388,6897244,B
1979564154,9823842,A
1979564154,9823842,A
1979583496,11266737,B
1979312516,9198964,B
1979357717,8047447,A
1979357717,8100330,A
1979407839,9637385,B
1979423866,6316860,C
1978623042,8895597,A
1978623042,8895597,A
1978645744,10548608,C
1978566974,8911089,B
1978446408,8017154,B
1978531425,8968941,B
1978544541,9718700,A
1978498174,9808532,B
1978498174,9682151,B
1978498174,9682151,B
1978916431,9732121,C
1978916431,9732121,C
1979007597,8660789,B
1978744153,8507433,B
1978838091,7799467,B
1980303314,9866955,B
1980202106,9676679,B
1980213900,8155737,B
1980749266,7390645,B
1980744841,9885033,C
1980723855,10529440,C
1980586896,9346803,B
1980579424,9952165,B
1980579424,9952165,B
1979756592,9776162,B
1979756592,9776162,B
1979756264,9709554,A
194144942,10402535,B
1979605853,7167856,A
1979843753,6083711,B
1979843753,6008033,B
1979804907,6706451,B
1979804907,6699407,A
1979804907,6692666,A
1979804907,6677086,A
1979804907,6667134,A
1979812967,8765431,B
1979924670,5221652,A
2111907823,5358546,B
2115899654,9724447,B
2114957061,9447103,B
2114957061,9447103,B
1968872078,10194139,C
1968961104,5446143,B
1968931371,9726143,B
2161482971,7533019,B
2171865699,9139739,B
2135899475,7179779,B
2056563319,5488479,B
2052790161,7163678,B
2040402897,5957753,C
2040402897,5931718,B
2045712842,8470772,A
2096708025,9318232,B
2099881609,6451595,B
2073063848,6530873,B
1969131959,9627434,B
1969131959,9627434,B
1969070821,7060641,A
2275136824,5908752,C
2398029297,11346829,B
2342082623,8334404,B
2585924936,10303861,C
2951417689,8840912,B
2905251821,11761894,B
2912971553,11350109,B
2958621901,11618681,B
1968442005,6240201,B
2532911282,10489942,A
1968303064,9102747,C
1968303064,8580937,C
1968251940,9718049,B
1968251940,9718048,B
1968251940,9718048,B
2808007907,10899829,A
2805768782,11813446,B
2782200370,8848199,B
2741744128,10644832,B
2611228580,9577176,B
2613152515,11452605,B
2697095316,10900927,B
1968168309,10383887,B
1968178110,7709226,A
2005008347,9249217,B
2005008347,9249217,A
2004864695,4818678,C
2003658240,4489061,B
2005559846,9209352,B
2016569403,4977141,B
2011261440,9757862,B
2011779891,5166057,B
1985025469,9767226,A
1994684915,4757048,B
1994240720,5906930,A
1968726287,6539155,B
1968748094,8285005,B
1968748094,8098901,B
1968692528,9475853,C
1968691670,6521025,A
1968786426,10343916,B
1968765829,9380286,B
1968765829,9350969,B
1968765829,9350969,B
1968775161,8562095,B
2018282341,9723837,B
2018282341,8840912,B
2033533848,7211607,B
2035733180,6380886,B
1966428285,5385834,C
1480449788,7279103,A
1593691014,6153202,B
1593537155,6066782,B
1968642773,9707442,B
1968642773,9707442,B
1978331587,6939549,B
1972141349,10061005,B
1968595737,5010588,B
1972557425,9173943,B
1972557425,9173943,B
1972599922,5646246,C
1972409212,7666658,C
1972409212,6210938,C
1972420743,6426074,C
1972372359,9974491,B
1972789013,7723519,A
1972760080,9534059,B
1972765619,8270198,B
1972877268,9448289,C
1972877268,9448289,C
165417684,5277697,B
1971954166,10260089,B
1972026420,10102441,B
1971889186,10448030,B
1971909077,6782891,C
1971881325,7678544,B
1971868340,9791368,B
1972103858,6810053,B
1972197553,6365913,B
1973736188,7130496,A
1973734799,9868767,B
1973732415,5550034,A
1973732415,5434058,A
1973748460,9112474,B
1973717257,9884131,B
1973576709,10234410,A
1973576709,9791394,B
1974054179,5869288,A
1974052300,6197541,B
1973830987,6673392,B
1973767927,9901279,B
1973801605,4306913,B
1973852067,9603873,B
1973907813,9101653,A
1973921290,9050279,A
1973921290,9050279,B
1973884245,4734524,A
1973884245,4474991,C
1973127853,9301509,B
1973127853,8692052,B
1972978790,5578496,B
1973312921,7077992,B
1973440079,7016915,B
1973418052,9883799,B
1973373095,5305075,B
1973169516,9749086,C
1973169516,9749086,C
1973180345,9007570,B
1973194420,9717785,B
1973194420,9717785,B
1973276756,8880207,C
1973269553,9056841,B
1973269553,8778305,B
1973287326,8654328,B
1970184042,6300541,B
1970309926,7028537,B
1970089523,6898303,B
1970503865,6081323,A
1970537598,7412107,B
1970591872,10995317,B
1970333295,10684266,B
1970332510,9201075,B
1969739124,5412086,B
1969541606,4761391,B
1969595441,5565332,B
1969603048,7892777,B
1969947853,9181544,A
1969962785,8207402,C
1969874316,5294873,C
1969891348,8669359,B
1969889961,9771416,B
1969889961,9771416,B
1969847014,8665040,C
1969849905,8796026,B
1971357443,5348741,C
1971319412,8654328,B
1971171113,9977036,B
1971171113,9977036,B
1971170377,9315442,B
1971628630,8569677,A
1971736784,9429582,B
1971727758,7183098,C
1971707928,7360404,B
1971512164,5714329,C
1971572251,7834037,B
1971601938,4855224,B
1971554111,11155801,A
1971525266,9274237,C
1971550188,8679442,B
1970891273,9878025,B
1970685644,7704509,C
153596868,8831304,A
1971115807,8586007,B
1971117229,9133500,B
1971107864,6452005,B
1971107864,6326373,B
1970996956,9191361,B
1970996956,8898737,B
1971010506,10132818,B
1970986383,9006198,B
1970986383,8957040,B
1970985606,11198855,A
1970979666,6420547,B
1971067200,7982064,B
1971067200,7982064,B
1971050137,7378089,B
1994279563,9413571,A
1994279563,9413571,B
1994223747,5445953,B
1994053564,9975923,C
1994053564,9975923,B
1994128025,7164013,B
1994496956,6537792,C
1993562843,8502858,B
1993576826,7479385,B
1993527536,10612083,B
1993639035,9029508,A
1993639035,9035027,B
1993639035,9109026,A
1993644347,8530854,B
1993601122,6037450,B
1993413065,7858629,A
1993413065,7795265,A
1993413065,7759352,A
1993481376,9808616,B
1993874880,4857634,B
1993966288,8309300,B
1993951628,5880482,B
1993946421,7927603,A
1993742540,5668888,B
1993819022,9446544,B
1993811084,5589625,B
1993842067,9777769,B
1993779561,9023984,B
1993779561,9023984,B
1995381262,6075878,B
1995401043,9797840,C
1995160592,5124504,B
1995139161,9708374,B
1995443865,6407187,B
1995443865,5945491,B
1995506389,9136918,A
1995470081,8269024,B
1994553956,9970935,B
1994546444,9579283,B
1994546444,9579283,B
1994664175,9068229,B
1994957566,5661016,B
1994957566,5814318,B
1994957566,5877397,B
1994957640,8158005,A
1995042145,10717750,C
1995053183,6261570,C
1994949866,7452958,A
1994794751,9132185,C
1994794751,9132185,C
1994883061,9220624,C
1991898361,8373810,B
1992023181,7456197,B
1991971961,5149785,B
1991763672,9580553,B
1992275565,9828587,A
1992273949,7811536,A
1992348505,10066254,B
1992339850,9726143,C
1992307021,9245090,A
1992045316,8461119,B
1992187125,9378576,B
1992141497,10139270,B
1992140057,9163287,B
1992140057,9163287,B
1991356621,10401792,A
1991419350,10988528,C
1991419350,10358503,B
1991405556,9322927,A
1991246599,8211487,B
1991228426,8222214,A
1991670386,4652599,A
1991670386,4647773,A
1991619674,9533265,B
1991619674,9527043,B
1991619674,9527043,B
1991619674,10029215,C
1991514619,11471565,B
1991586260,10987523,C
1991569351,8913239,A
1991569036,4652599,B
1991522056,10135063,B
1991540534,9600887,C
1991546481,5159489,A
1992866025,8445610,B
1992888109,6787154,C
1992939155,8244476,B
1992890855,9465024,C
1992890855,9465024,B
1993257884,8204306,B
1993263140,9438419,B
1993268751,7676484,A
1993267321,5492689,B
1993267321,5422097,B
1993267321,5240694,B
1993334579,5571691,B
1993312496,9023984,B
1993312496,9023984,B
1993311443,8444999,B
1993136139,6525062,C
1993096055,8584090,B
1993209440,4204216,B
1993147426,7972599,B
1992495544,9592268,B
1992509322,7267823,B
1992566288,10273291,B
1992425797,9645849,B
1992380863,6410598,B
1992459727,9309298,B
1992459727,9309298,B
1992448392,9564927,B
1992448392,9564927,B
1992785319,6828115,B
1992681784,8732161,B
1992638640,8369598,B
1992728055,5744302,B
1998487776,5736381,B
1998478896,9838227,C
1998478896,9838227,C
1998466749,9548414,B
1998466749,9548414,B
1998539941,7052865,B
1998911797,9143398,A
1998911797,8995827,B
1998894809,8877476,B
1998059568,5007708,B
1998138720,9755273,A
1998138720,9755273,B
1998105266,8445577,B
1998099004,5290686,C
1997973064,7380756,B
1997937515,9175326,A
1997939096,6996055,C
1997939096,7479363,C
1998376443,5854751,C
1998402281,8961999,B
1998282575,9981273,B
1998282575,9981273,B
1999789256,7304359,B
1999876599,9246310,B
1999874338,7897389,A
1999874338,7851167,C
1999874338,7763464,B
1999874338,7452718,A
1999834419,9254379,B
1999650016,9817375,B
1999650016,9817375,B
1999748098,5342909,A
1999737983,9116537,B
1999707821,8945440,C
2000166175,9505807,B
2000166175,9505807,B
1999893655,7001720,B
1999910384,8731358,B
1999241526,9253740,B
1999241526,9237529,A
1999070470,8450682,B
1999089772,5861542,A
1999142590,9226918,A
1999142590,9226918,A
1999561809,10118896,C
636754477,10861151,B
1999450178,6004757,A
1996384055,10624609,B
1996326832,9042648,C
1996441425,8992728,B
1996449317,8809333,B
1996449317,8779148,B
1996449317,8748466,A
1996449317,8624034,B
1996411820,7476776,B
1996430342,10240180,B
1996260353,9147793,B
1996275863,8536564,A
1996634690,6010459,B
1996634690,5795787,B
1996657859,11096994,B
1996617629,7672384,A
1996711495,8835153,B
1996691850,8530237,B
1996508482,10220088,B
1996508482,10159730,B
1996526971,6407187,B
1995822526,9457028,B
1995921198,9284194,B
1995903088,9933440,B
1995903088,9933440,B
1995811899,7537803,C
1995753774,8637002,B
1995741673,7371835,C
1995775072,9094913,A
1995766913,5622877,B
1996147589,9275671,C
1996134016,6020540,B
1996001643,6368830,B
1996005798,7435873,A
1997558968,9105458,C
1997558968,9105458,C
1997861334,7800751,B
1997861334,7800751,B
1996914913,9421307,A
1996905173,9402917,B
1996784558,4898860,B
1996729154,7529339,C
1996838926,9983397,C
1997274906,5654407,B
1997212379,8187462,A
1997212966,5909278,C
1997359873,6248524,B
1997281938,10640820,B
1997090313,8847004,B
1997185848,6403508,B
1997173035,6967216,C
1985625491,10437648,B
1985629452,7875187,B
1985685057,6686193,B
1985815741,10211528,B
1985184246,7354996,B
1985101496,7579453,B
1984982432,6713066,C
1984982432,6689367,B
1985056876,8363939,B
1985539940,5610041,B
1985579908,6090792,B
1985579908,5965411,B
1985579908,5773282,B
1985579908,5736380,B
1985335897,8731738,B
1985307250,8778886,B
1985414107,8848199,B
1986500318,9526890,A
1986469118,5187076,C
1986271212,7947806,C
1986359179,6022699,B
1986750183,10329618,A
1986763150,6586203,C
1986675879,8088077,B
1986660497,10370728,B
1986649227,10160654,B
1986002700,9254379,C
1985965289,7226731,B
1986223036,6461859,B
280684681,10744488,B
1986193826,7928266,A
1983547791,6551232,B
1983635763,5874236,C
1983635763,5846757,B
1983388188,7842512,B
1983393469,6436364,B
1983393469,6187283,B
1983488739,6001588,B
1983864650,5792620,B
1983973047,9592198,C
1983732323,6797721,B
1983029570,9994923,C
1983260859,5790690,B
1983260859,5343390,B
1983292756,8563934,B
1983231562,6452005,A
1983231562,6326373,B
1983155718,6420518,A
1983155718,6121416,B
1983154518,8048621,B
1983154518,7939272,C
1983102362,10457992,B
1983099953,8058612,B
21468298,5589625,A
1984571313,10165951,B
1984630456,5607741,A
1984790887,7358222,B
1984790887,8048844,B
1984932326,8163506,B
1984193673,5910628,B
1984303903,7595191,A
1984303903,7306806,A
1984303903,6855322,A
1984273134,10042852,C
1984093554,5604893,B
1984093554,5604891,A
1984077252,8114411,B
1984032776,9501620,B
1984044242,7306952,A
231181891,10377192,B
1984386980,6638763,B
1984325151,8557746,B
1984457607,9598684,B
1989642229,5574810,B
1989606946,9981997,B
1989606946,9981997,B
1989711033,8592465,B
1989728131,7741126,B
1989698658,8945440,C
344242648,6306581,B
1989946661,10597647,C
1989954101,6846731,B
1989931500,10337019,B
1990002255,6945114,B
1989230188,9037215,B
1989230188,8672836,B
1989279533,7314631,B
1989279533,7250171,B
1989279533,6410023,C
1989307537,6225441,A
1989100749,6428951,B
1989505253,6596016,B
1989538163,8389387,C
314917322,4372217,C
1989448993,5696782,B
1989398492,8352204,A
1989398492,8352204,A
1990817578,7309583,B
1990834279,9914949,C
1990789777,6300065,A
1990786809,7417219,B
1990909284,9144599,B
1990846191,8703824,B
1990615714,9919927,B
1990636739,7223325,B
1991178254,10636929,B
1991180616,6673986,A
1991047285,7354771,B
1991010699,7527796,C
1990319215,5742814,A
1990068438,7279306,C
1990040127,9236443,C
1990040127,9236443,C
1990170267,9934453,A
1990175939,8647840,B
1990180184,8569016,C
1990495544,7435873,C
1990495544,7381862,C
1990543766,6329155,B
1990385034,4536414,C
1990370049,9338331,B
1990466141,9823623,B
1990466141,9823623,B
1990466141,9541899,C
1990466141,9507321,A
1987654461,9506843,B
1987654461,9506843,B
1987659998,7527796,B
1987689208,9474759,B
1987674826,9406142,A
1987673490,6713284,B
1987473535,7560069,B
1987487419,9822135,B
1987441541,7838657,C
1987500989,9379449,B
1987541017,8420665,B
1987518463,8728433,B
1987769446,9062952,B
1987729978,9006425,A
1987839928,9975848,B
1987794159,8445610,B
1987821895,9428731,B
1987821895,8716017,B
1987348853,7115572,A
1987413552,9453005,C
1987402927,5589376,B
1987423623,9595112,B
1987377157,9073038,A
1987389910,10213770,B
1987266144,7670792,B
1987237883,7898731,B
1988692385,8031383,C
1988658787,10201575,C
1988747748,8435508,B
1988498192,8483351,B
1988600563,7787030,B
1989010611,9434786,B
311992375,10487635,B
301871732,5597895,C
1987968095,6376459,B
1988386651,9610344,B
1988386651,9585951,B
1988400483,5525525,B
1988236688,8476451,B
1988309176,10428115,B
1988310931,8992881,B
1988305189,6551232,B
1988302073,5585264,B
2081646413,9756142,B
2081796665,4507391,B
2081534605,5834434,B
2081616102,10898076,A
2081568976,10806746,B
2081604154,9284355,C
2081604154,8871223,A
2081604154,10478490,C
2082008653,8486421,C
2082013410,9855370,B
2082013410,9855370,B
2082017122,5656737,A
2081958176,5846434,C
2081856194,6317342,B
2081163041,10231712,C
2080993129,8071340,B
2081282586,6043030,B
2081313987,9879068,B
2082730950,5224182,B
2082823049,9428806,B
2082823049,9428806,B
2082602454,9660654,C
2082700699,6466309,C
2083058646,7033833,B
2083058646,6897359,B
2083007812,9439975,B
2083127089,9860013,B
2083127089,9712273,B
2083122744,9931073,A
2083122744,9931073,B
2082997085,9220415,B
2082997085,9220415,B
2082842864,8166453,B
2082842864,8056050,C
2082856142,11198900,A
2082985836,9376469,B
2082899420,6967304,B
2082108368,8558993,A
2082083225,8494220,A
2082507134,5441880,B
2082492165,7710551,B
2082453965,6859802,C
2082344586,10047346,C
2082392645,10954545,C
2082419289,5885573,A
2082361477,9637765,B
2082361477,9637765,B
2079532835,5851904,B
2079526653,10479825,B
2079623819,7790068,B
2079588771,5024940,B
2079588771,5340921,B
2079385933,8221999,B
2079409958,7670822,B
2079359870,7412107,A
2079458010,5365015,A
2079799414,9314933,B
2079654046,5901168,A
2079782011,9133234,B
2079782011,9133234,B
2079782011,9102703,B
2078961326,9007570,C
2079068294,7253287,A
2078853463,6699662,B
2078811884,9133128,B
2078831570,9223307,B
2078831570,10001772,C
2078934304,9879260,B
2079298280,10354398,B
2079310762,5339385,B
2079188913,9687542,A
2079188913,9687542,A
2079208358,6441142,C
2080589169,5670354,B
2080651532,6328686,A
2080651532,6322492,A
2080644413,7425548,B
2080651532,6039686,A
2080402411,5837836,B
2080858810,4897353,B
2080886982,9404140,B
2080886982,9404140,B
2080877316,7769071,B
2080848411,9758573,B
2080848411,9758573,B
2080701608,7239805,C
2080783277,6228330,B
2080119168,9890407,B
2079996030,7191070,B
1547162940,5446143,A
1547678943,7689035,B
2080260450,8515171,C
2080353780,9902804,C
2080353780,10294326,B
1546423706,5677274,B
1546423706,5591631,B
2086068278,7199281,B
2086049041,8840893,B
2086049041,8840893,B
2086049041,8652477,B
2086157775,8019044,A
2086099651,6141437,B
2086127902,5537485,B
2085957861,6061504,B
2085957861,5933603,B
2085919450,8956526,B
2085927992,6063613,B
2085991817,4992568,B
2086425256,6611007,A
2086277713,7452519,B
2086277713,7125533,C
2086247172,8926732,B
1551462674,9453076,B
1551462674,10400044,B
2085483616,9580750,C
2085442981,8187802,C
2085464278,9554203,B
2085532083,11339365,B
2085778115,10006922,C
2085880543,8421804,B
2085884873,8135452,A
2085609942,5882914,B
2085691331,11013415,A
2087220217,6689288,B
2087212682,7471169,A
1553296247,7336727,B
1553095464,6713066,C
2087172810,6899873,C
1553814633,5817512,B
2086685806,10000390,B
2086654375,9498521,C
2086709736,5289726,B
2086692194,9465067,A
2086692194,9465067,A
2086503968,8057390,B
2086443735,8623611,B
2086443735,8623611,B
2086596704,10398672,C
2086536577,5728584,B
2087076103,7485708,B
2086832050,8986380,B
2086850633,9128308,C
2086927482,5885829,B
2084201100,5837823,C
2083935741,5304122,A
2083894196,10695762,A
2083375339,10012572,C
2083327399,6183984,C
2083432437,6577752,C
2083401450,5654636,B
2083406763,8114852,C
2083239338,9764012,B
2083166252,8890931,B
2083255123,6096874,B
2083636372,9376421,B
2083636372,10266520,B
2083780033,10329353,B
2083730498,11371333,B
2083500317,6654361,A
2083442438,7893261,B
2083588188,4578355,C
2083573955,5347541,B
2083599207,8951798,B
2085038604,9827321,B
2084763417,9249184,A
2084763417,9249184,A
2084909501,8975426,B
2084851042,7732174,B
2084880566,5821094,B
2085286228,6933378,A
2085254036,9476102,B
2084470763,7794998,B
2084419098,5452318,B
2084258602,8697085,B
2084265296,8041004,A
2084723048,7761139,B
2084515220,10420489,B
2084506568,7132163,B
2084506568,7223474,B
2084571425,7830085,C
2073136879,6017474,B
2073105380,10359395,C
2072936533,8129700,B
2072922104,8378172,A
2072928113,5837682,B
2072884450,9853088,B
2072884450,10340448,A
2072902848,8239841,B
2072902848,8146064,B
2073348299,7589181,A
2073348299,7569673,B
2073345152,9201075,B
2073412922,9994556,A
2073261288,9086791,A
2072481780,5830135,A
2072429561,5563324,B
2072574474,9410953,B
2072351477,8486701,B
2072415256,8941061,B
2072387189,5907083,B
2072867225,8571214,A
2072796717,8292812,A
2072729037,9498571,B
2074083162,9290541,A
2074099145,5911685,A
2074090113,6335185,B
2074151184,5886157,B
2074157732,8697361,B
2074103990,7371051,B
2074130697,4341843,B
2073907700,4404182,B
2073912003,9835630,B
2073870652,8753623,B
2074014935,7618606,B
2074412286,9238653,B
2074386261,9745556,B
2074316924,7715900,A
2074274269,7555177,A
2073621690,10471409,B
2073617279,10053531,A
2073626044,7763722,B
2073500455,11459554,B
2073450661,8268778,B
2073758603,5873824,C
2073835591,9321813,B
2073703550,8637483,B
2071006115,9500651,C
2070950350,8193327,A
2070765070,9439959,B
2070763307,7148405,B
2070774168,9937196,C
2070711459,8709452,B
2071144635,9194864,A
2071168359,5352756,B
2071221371,6699705,A
2071116507,9087452,B
2071123224,4472167,B
2071133460,10421072,A
2070351613,8444745,B
2070289943,9617306,A
2070289943,9617306,B
2070149263,6890532,A
2070177618,9012849,A
2070599701,6673596,B
2070599701,6117643,A
2070671596,6674928,B
2070698905,7922660,B
2070482968,9625456,B
2070473436,9966930,B
2070528577,6746838,B
2070558900,4647773,B
2071890034,8017154,B
2071872606,9127317,B
2071872606,9127317,B
2071906365,10199512,C
2072009147,9324562,B
1539503448,5268463,B
1539419769,5930369,A
1539252903,10286119,B
2071851599,8900979,B
2072218185,10443954,B
2072195035,8993113,C
2072195035,8809230,B
2072292020,10905727,C
2072081816,6015481,B
2072035580,5833978,B
2072151190,8394581,A
2072113036,8304257,B
2071483787,9599524,A
2071603644,6020152,B
2071556727,6277205,B
2071692678,6898303,B
2077212724,6982155,B
2077331335,10790144,B
2077554675,10983117,B
2077567489,6410023,C
2077517139,4958072,B
2077540512,10106780,B
2077646041,8772000,C
2077589208,6403775,A
2077393108,8363316,A
2077392844,8938993,B
2077466317,7974325,B
2077498623,6743408,B
2076822243,7026530,B
2076971849,5039947,B
2076992464,9547107,A
2077064549,7323449,C
2077024660,9828623,B
1543829737,4368268,B
1544685573,6589746,A
2078430913,7012097,B
2078400662,10526633,B
2078447714,9916655,B
2078447714,9916655,B
2078474086,5120967,B
2078241886,7648802,B
2078260487,10363288,B
2078348105,6798817,B
2078297439,9185889,B
2078765834,9862732,B
2078723380,6914053,A
2078728030,6492343,B
2078728030,6492343,B
2078543268,5688501,B
2078543268,5660812,B
1545961894,5753476,C
1545961894,5720957,C
1545621477,5864836,B
2077835023,7169896,B
2077863787,6395398,B
2077702579,9856281,B
2077659966,10011850,C
2077751077,9120080,A
2078146591,9879310,B
2078072074,10655020,B
2078165184,8543564,B
2077939678,9155514,B
2078023703,8940292,B
1541592093,11263546,C
1542630147,6294274,B
1542255514,10185657,A
2075056873,7629308,B
2075097717,10130697,B
2075329854,7723030,B
2075371722,10193578,B
1542886234,5654174,B
2075230442,10378027,B
2075251055,8808658,B
2074713266,10426867,A
2074557265,6225527,C
2074520638,8995827,B
2074520638,9143398,B
2075010828,6046744,C
2075010828,5929860,C
2074843967,5371371,B
2076228786,10480010,C
2076193131,9238084,B
2076313531,7361430,B
2076301389,6713066,C
2076248459,9568486,B
2076248459,9568486,B
2076247363,10408837,B
2076281106,5979454,B
2076268959,5616466,A
2076265626,9879310,B
2076079138,7459163,B
2076079138,7455842,B
2076063918,8987222,B
2076059990,6838113,B
2076163444,8983180,B
2076511340,9214969,A
2076439120,8415156,B
2076478849,6397371,B
2075588773,6420132,B
2075601360,9267127,A
2075601360,9267127,A
2075563605,9512039,A
2075563605,9018117,A
2075668951,7811832,C
2075697181,9952204,B
2075466096,4102990,B
2075429850,4234495,B
2075429850,4260549,B
2075429850,4265822,B
2075507006,4663437,B
2075933168,5169342,B
2075885036,10640720,A
2075902740,9536512,B
2075792593,9611511,B
2099597452,8946683,A
2099561346,7340009,B
2099555057,6449746,B
2099580557,6759243,B
2099534609,8936793,B
2099990446,9203109,B
2100006598,6388062,C
2099949674,9008780,B
2099949674,9008780,B
2099945855,7006656,B
2099802640,7449310,B
2099781821,10316348,B
2099890124,6797497,B
2099851118,6395490,B
2099840087,8810882,A
2098915007,11255866,B
2098843380,9103727,B
2098845726,6342232,C
2098873533,7330566,C
2098873533,7330566,C
2098592102,8547854,A
2098592102,8462892,B
2098581497,5880482,B
2098603564,9506083,B
2098603564,7259151,B
2099210998,7916982,B
2098939123,8279781,B
2098950460,10227566,B
2099106592,5780040,B
2099057503,6187533,B
2099068649,8572570,A
2101009815,8395777,B
2100958209,5194376,C
2100928421,9145462,B
2100961965,10910569,C
2101030466,8222214,A
2100794900,8242080,B
2100836015,8746882,B
2100788327,9700229,B
2101438812,7555778,A
2101157948,7973213,A
2101112240,8719936,B
2101232690,9388399,C
2101232690,9228178,C
2101232690,8323952,C
2101244578,4520226,B
2101216641,8263930,C
2100230160,8920322,C
2100222928,9261438,C
2100347093,10120835,B
2100587714,5932224,B
2100696515,9060699,B
2100417606,8962331,B
2100533342,8563934,B
2100493087,9487600,A
2096896824,7941204,B
2096800294,7718369,B
2096758188,7022472,B
2097270397,8519345,B
2097379007,8408786,B
2097310311,7524508,B
2097305705,6017933,B
2097290049,6418549,A
2097081491,6765569,B
2097156359,9150516,B
2097156359,9024093,C
2096034943,8200466,B
2096050299,10202507,C
2096063294,8973092,B
2096155112,7150875,A
2096556262,6461863,B
2096525541,8263931,C
2096608863,8778945,B
2096344454,6131181,A
2098076345,7430243,C
2098121197,6888438,C
2098117012,7529387,B
2098219715,10150988,A
2097972374,9630992,B
2097981550,6573044,A
2097981550,6333155,C
2098024085,10001481,B
2098472937,9140698,B
2098477221,8793391,B
2098505754,10794898,B
2098347970,8248071,B
2098381557,7381958,A
2097627856,9518293,A
2097627856,9518293,B
2097789366,8129123,B
2097487315,7241731,B
2097417935,7979763,A
2097543439,8250427,B
1564075238,9835630,C
1564075238,10000809,B
1564110258,9322016,A
2097861808,9394537,A
2097878628,9042648,B
2105028306,8772000,B
2104963713,10533044,B
2104955056,9234029,A
2104917413,9140682,B
2104875462,8366627,A
2105279014,10400351,A
2105429058,6407207,A
2105158171,8329189,B
2105213087,10150988,C
1568367632,4477666,B
2104359847,9629873,B
1569216301,5731176,C
2104254241,6503747,A
1567793583,7820181,C
2104623336,9413571,B
2104623336,9413571,A
2104598650,7167801,B
2104723102,10266823,A
2104706512,6759189,B
2104738297,7972790,B
2104657058,9388389,B
2104681973,8003318,B
2104452450,9890457,A
2106451808,8809230,B
67848493,4963709,B
1571163053,7454242,B
1571115567,11078286,B
1569878780,6114158,C
1569878780,6110720,B
2105715696,6150814,B
2105683288,9401442,B
2105682997,8987551,C
2105751796,7336372,B
2105510682,7444009,B
2105543841,7855578,B
2105479207,8114592,B
2105625038,5514572,A
2106052783,8315446,C
2106182768,6661839,B
2105887681,9416388,C
2105893603,9962090,C
2105893603,9717417,C
2105893603,9717417,C
2105847130,6953570,B
2102186420,8101194,A
2102180240,6564263,B
2102152570,9499813,A
2102214369,8969292,B
2102214369,8969292,C
2102111681,9441244,A
2102575242,7498419,C
2102670198,10718934,C
2101675014,7482123,B
2101516821,9804623,B
2101516821,9804623,C
2102052385,8481490,B
2101838504,7769798,A
2101800713,8687665,B
2101936509,7606875,B
2101936509,7574530,A
2101889783,8445491,B
2103623337,7049579,A
2103765707,10035175,A
2103806109,9232211,B
2103448732,4034081,B
2103457333,5446492,B
2103561052,8208439,A
2103599851,6369754,B
2103561052,8385310,B
2103515960,6177280,B
2103547742,8530833,B
2103553287,7977994,B
2104031509,9290555,A
2103877916,8239139,B
2103986567,8790641,B
2102898644,7531716,B
2102873848,9057825,B
2102873848,9057825,B
2102971996,9850291,C
2102964449,7241579,B
2102949500,6622287,A
2102795910,7361356,C
2103220162,6624833,B
2103437866,8647637,B
2103365690,9101276,B
2103371184,5842163,A
2103074347,4958009,B
2103100938,9938533,B
2103100938,9938533,B
2103052816,9238841,B
2103052816,10261068,B
2090293796,4843568,A
2090357374,5876734,C
2090252177,7566779,B
1556223086,6210938,B
2090411027,5728522,A
2089751595,8401799,C
2089771991,10561742,B
2089885047,7402400,C
2089676626,9284576,B
2089668087,9278124,C
2089627958,9593138,B
2089717292,6280991,A
2090079821,4708818,B
2089914064,8722338,B
2089982086,9736128,A
2090954109,8728726,B
2090893194,9376421,B
2091026598,8377874,B
2091026598,8309540,B
2091026598,8216999,A
2090786449,6761883,A
2090761460,8291237,A
2090861223,5165008,B
2090812000,8574830,B
2091199510,7910723,B
2091203314,9822359,B
2091180436,8349586,B
2091315925,9598687,B
2091323631,7517415,A
2091270830,8271271,B
2091275493,9732389,B
2091275493,9732389,B
2091171605,6489460,B
1557478309,6083917,B
1557478309,5420245,B
1557692360,8592225,B
2090599158,6455038,B
2090594487,6015682,B
2090594487,5919666,B
2090707851,9452107,C
2090685385,6018022,B
2088162689,10181101,B
2087955617,6928163,B
2088467377,9585951,C
2088397037,5612887,B
2088428391,8759031,B
2088553907,10920199,A
2088339550,11422800,B
2087491485,10657642,B
2087470472,10227566,B
2087457217,8057408,B
2087467778,9561497,C
2087577739,8859250,B
2087518336,7750232,B
2087306658,5661033,B
2087600173,5487994,B
2087796797,5910444,B
2087666266,8656510,A
2087674907,8612068,B
2087657884,5723296,B
2087684696,7292968,C
2087684696,7219045,C
2087742932,9254379,B
2089281288,9738605,C
2089313592,8367609,B
2089123248,9879049,A
2089491438,9952231,B
2089563766,8974974,B
2089362593,6025135,C
2088816092,8906681,A
2088832254,6946248,B
2088713963,7211607,B
2088659295,7643155,B
2089048768,7719962,B
2089037091,9863939,B
2089023251,10265694,C
2088946629,6612150,A
2088944980,6231868,B
2089004968,8207081,B
2094353606,9732389,B
2094353606,9732389,B
2094781987,6825033,B
2094765578,8428897,A
2094850820,5968736,B
2094850820,5721099,A
2094794511,10213506,C
2094794511,10046050,B
2094810384,7751057,B
2094577650,10668025,B
2094562122,8946632,B
2093919091,8861655,A
1559960628,9248169,B
2093812099,10073444,B
2093812099,10001773,B
2093791466,8802092,A
2094121768,9777034,B
2094117753,11134242,B
2094079563,5639950,B
2094042044,5334296,B
1561335619,5833986,B
1561880138,8566030,B
2095494519,10716878,B
2095972686,9738688,B
2095900397,10266852,B
2095900397,10017792,C
2095926185,9900722,A
2095925889,11420922,B
2095783492,7790160,C
1563319551,5359049,B
2095104780,9511133,B
2095104780,9511133,B
2095139217,9417127,B
2094960426,6699476,B
2095378248,4536058,A
2095297122,5837507,C
2092177357,5910434,B
2092178395,9105458,B
2092178395,9105458,B
2092166052,9260696,B
2092160793,9201146,B
2092160793,9007570,B
2092057906,8906414,B
2092419989,5639855,B
2092412094,8652798,B
2092352136,9080172,B
1558012396,10564257,B
2092267656,4902507,B
1558603492,8655911,B
2091583950,10273156,B
2091517524,4152178,B
2091528902,7136947,A
2091663902,10806734,B
2091602762,6939549,B
2091624277,8673046,A
2091373521,7713532,B
2091375270,10068180,B
2091481108,7638278,B
2091849270,10281723,C
2091840547,8503573,A
2091919232,9105458,A
2091919232,9105458,A
2091918920,7598199,B
2091907646,5627994,B
2091870229,6677433,B
2093255979,9986663,D
2093374651,10730848,B
2093355627,7837993,B
2093066818,10088410,B
2093197735,9586946,A
2093197735,9586946,A
2093177326,7671178,A
2093585033,9801893,A
2093433625,9662351,A
2093433625,9662351,B
2093433625,10130708,A
2093439288,5638371,B
2093429008,9538933,B
2093395421,9052310,B
2093499484,9227318,B
2092615969,9481590,A
2092650543,8482285,B
2092590261,5919897,C
2092590261,5610271,C
2092604468,7691969,B
2092564708,6486311,C
2092942075,7119185,B
2092942075,7041495,B
2092893920,5965796,B
2093014785,6743211,B
2093014785,6611707,B
2092975431,8889662,A
2092968097,9907861,C
2092747806,10955352,B
2046563482,9274432,B
2046378328,6183951,B
2046378328,5932429,B
2046378328,5874233,B
2046399388,8923661,B
2046449631,10448989,A
2046933128,9655521,B
2046923626,7928286,C
2046882671,8072561,C
2046887653,8114852,B
2046974682,7401519,B
2046983748,7438904,B
2046982658,9764016,C
2046982658,9764016,C
2046960267,8215489,B
2046711552,8247325,B
2046080588,5976681,B
2046067774,8148601,A
1514327714,7103399,B
2045912757,10505193,B
1514971695,8666120,B
1514552728,4745182,C
1514396891,8279781,B
2046268050,4929831,A
2046268050,4912330,B
2046283710,7001748,B
2046314109,9808532,B
2046314109,9682151,B
2046314109,9682151,B
2046315930,7713956,B
2046097663,10280416,C
2046082260,9303285,C
2046082260,9303285,C
2046156312,9263614,B
2047691256,7772155,B
1516506496,5079151,B
2047901762,9098926,A
2048008983,7094604,B
2048010932,9567604,C
2047988967,8618275,B
2047988967,8569472,B
2047988967,8563706,B
2047988967,8506969,B
2047988967,8454974,B
2047988967,8663653,B
2047988967,8772022,B
2047988967,8846891,B
2047988967,8945584,B
2047738921,9493846,B
2047742233,5055397,B
2047277683,9040676,B
2047277683,9040676,B
2047055473,5532219,B
2047048816,6632328,B
2047174762,7888527,A
2047174762,7754703,C
2047109196,9586981,C
2047136882,5759763,B
2047493440,5229127,C
2047519073,5428131,A
2047568056,5610177,C
2047568056,5550110,B
2047553030,7923109,B
2047353303,10557042,B
2047404221,10222335,A
2044271675,9181375,C
2044279966,7960606,B
2044529125,5912138,B
2044420264,6063900,A
2044470194,5811307,A
2043812731,9748837,B
2043857654,6419932,B
2043694493,5654407,A
2043697517,5997900,B
2043639266,9789485,A
2043656460,6735234,B
2043705110,8504891,C
2044101749,5454902,B
2044179374,8217076,B
2043995661,8012712,A
2043950313,7080109,A
2045480572,10358539,B
2045510472,5187091,A
2045345433,9512036,B
2045795313,9580690,A
2045795313,8426188,A
2045819175,9505807,B
2045819175,9505807,B
2045744937,6242387,B
2045893698,6558942,B
2045556022,8580937,C
2045556022,9102747,B
2045586093,9803136,B
2045685526,9728971,A
2045685526,9728971,B
2044868346,7493602,B
2044645250,9085595,A
2044643325,7326778,B
2044626782,11207428,B
2045261113,6983034,B
2045021947,8822620,B
2045021947,8962746,B
2045046748,8064731,B
2051206671,9971063,B
1518769640,5102995,C
2051110031,9932641,B
2051116124,10999986,B
2051135399,10150953,A
2051349034,9607401,B
2051349034,10012504,C
2051403674,8513209,B
2051403674,8440636,C
1519299348,10231383,C
2050756511,6680178,B
2050745715,7358335,C
2050481520,6239270,A
2050481520,6187548,B
2050553649,9347948,B
2050518514,7009036,B
2050820000,8379019,B
2050862351,9475013,B
2052370746,9840515,B
2052370746,9840515,B
2052453253,6936708,B
2052409738,7860214,B
2052206842,8675201,A
2052204542,8889367,B
2052311308,11293915,B
2052244510,5888473,B
2052275870,10024796,A
2052593583,10239012,B
2052592595,8187586,B
2051665875,11291635,B
2051673624,10001773,B
2051497139,9230321,B
2051621642,8569038,C
2051830269,8207196,B
2052060414,9528137,C
2052060414,9528137,C
2052071027,6451769,B
2052043365,9402548,B
2052039796,9505807,B
2052039796,9505807,B
2052029379,9880179,C
2052029379,9880179,C
2052170479,7054437,B
2052124160,7220818,A
2048900330,5514779,B
2048869876,6762285,C
2048888503,9797840,A
2048760627,10202927,B
2048672801,8344611,C
2049218869,9368737,B
2049254732,6756584,A
2049182747,7535934,B
2049095447,11213593,C
2049091194,8709446,A
2049038451,6939549,C
2049156412,9676707,B
2048259665,7956989,B
2048312871,8937167,A
2048339145,9733545,A
2048055667,9664676,B
2048140742,7794704,B
2048140742,7736896,B
2048133303,8384990,B
2048556083,9403763,A
2048551411,5626627,B
2048664619,7704509,C
2048414576,8988923,C
2048361834,9610322,A
2048374642,9708135,B
2048449655,7947504,B
2050112915,10214743,B
2049899841,9295391,A
2049990440,7842823,B
2050358188,8343458,B
2050330128,4412293,B
2049540053,9960443,B
1517724708,5126130,B
2049431102,9960443,C
2049365008,7343025,B
2049474594,9768909,B
2049702083,5731192,B
2049829444,7262046,B
2049829444,7244610,A
2049813841,10287617,B
2049588096,6180809,B
2049675690,6471967,B
2049627175,5750361,B
2037760587,5763228,B
2037760587,5965411,B
2037779870,9689631,B
2037779870,9689631,B
2037588060,9429096,C
2037588060,9228527,C
2037609182,8697467,B
2037565577,9534256,B
2037647828,6563311,B
2037614307,7440855,B
2037993661,6610524,A
2038102635,10847829,B
2038067635,8557515,B
2037841321,5696782,C
2037868122,8986469,C
2037834527,9406142,B
2037825287,8647737,B
2037931223,9958458,B
2037903080,5149781,A
2037903080,5223606,A
2037903801,8968542,A
2037903801,8968542,A
2037147735,7455962,A
2037483660,8293498,C
1505176270,5079151,C
2038905627,10149902,C
2038822952,9441235,C
2038819603,9952204,C
2038822952,9487794,C
1507818961,8908948,B
2039130767,7816446,B
2039111278,9346875,B
2038996108,8470276,B
2038997903,9684127,B
2038997903,9684127,B
1506854048,9391262,B
1507344751,5521083,A
2038310509,7344700,B
2038257976,7110650,A
2038271362,10526371,B
2038198107,9892539,A
2038198107,9892539,A
2038607970,4673563,A
2038579629,8999942,A
2038541228,9873624,C
2038489289,8234078,B
1504195407,10466317,A
38609150,8665923,A
39854491,5087563,B
39854491,4888282,A
1503310655,7739052,B
1503392039,5493008,B
1503480396,7355215,B
2035857996,9334496,A
2035881739,9994618,C
2035860102,9259725,C
2035860102,9259725,C
2035868441,8003374,B
2035796021,8377390,A
2035831396,6066621,B
2035942032,7231328,B
43558867,6278134,C
43558867,6137817,B
2035766896,5858661,C
2035766144,5265617,B
2035714544,6448469,B
2035221061,10072030,C
2035313919,8414897,B
2035078065,6090867,A
2035579351,7629443,C
2035359192,9322038,B
2036569567,8711959,B
2036588627,7535934,B
2036615632,7138272,A
2036627331,9914152,A
2037116784,10662295,A
2037061458,7715502,A
2036885870,4708423,C
2036887989,6022739,B
2036944545,7584324,A
2036944545,7584324,A
2036235169,9391319,B
2036194572,9243247,B
2036018074,8883500,B
2036044481,8101172,C
2036461473,5528367,A
2036387523,10080484,C
2036468273,8669823,B
2036291324,8971602,C
2036366141,8070951,B
2036334433,10266616,C
2042241638,8735065,A
2042238568,9323284,B
2042299076,5912135,B
2042299076,5710007,B
2042133606,7320991,B
2042176753,8513397,C
2042169053,8947657,C
2042171545,9139849,A
2042527367,6096514,B
2042519026,10291459,A
2042627165,9006212,A
2042583579,7803380,B
2042374432,7795868,B
2042425989,10343909,C
2042430782,6261558,A
2041675409,7495767,A
2041657367,9453841,A
2041657367,9453841,A
2041765305,9951014,B
2041509236,9786845,B
2042056247,6722140,B
2042081519,6693165,C
2042067295,8822192,B
2041789094,5854751,B
2041803400,9572981,A
2041890826,8658554,C
2041893556,9453253,B
2041928276,9105458,B
2041928276,9105458,B
2041922565,6803598,B
2041914510,7666606,B
2041860876,8845768,B
2043077686,6312836,B
2043128912,4936963,A
2043126767,4836219,B
2043122373,11000520,B
2043529783,5366721,B
2043529783,5209919,B
2043595532,9709448,B
2043399076,6858455,A
2043471912,10039008,A
2042682017,9848793,A
2042707093,10287494,B
2042697881,5194386,A
2042697881,5279961,A
1510539918,7179145,B
1511438228,9801911,B
2042953533,9982301,B
2043002903,5935832,C
2043004507,8654012,C
2042814330,9925241,B
2042814330,9446097,A
2042797894,6360610,B
2042879947,6211848,B
2042849599,6974254,B
2039871973,5895747,B
2039737650,8620595,B
2039813321,8909043,B
2040316588,6132961,C
2040316588,5976790,B
2040316588,5965362,B
2040316588,5856097,B
2040316588,5756696,C
2040316588,5721098,B
2040316588,5665549,B
2040316588,6344315,C
2040316588,6344315,C
2040316588,6607877,C
2040316588,6475720,C
2040316588,6475720,C
2040131106,10006905,B
2040198458,5354670,A
2040173242,10120263,C
2039340842,6759388,B
2039209367,8766179,A
2039148624,10126467,B
2039607959,10653757,B
2039705224,9512446,B
2039648733,7709002,C
2039421634,10060681,B
2041077211,5194254,B
2041104233,6504899,B
2041003850,5872213,C
2040943220,10325987,A
2041262725,6690001,A
2040592143,9711948,B
2040641918,5498696,B
2040432489,5849500,A
2040437117,8193010,C
2040440325,9051359,B
2040440325,9708373,A
2040440325,9701723,B
1508938404,6408276,B
2040782006,7023209,B
2040721710,8507206,B
2040846761,6483130,A
2040823757,8247325,B
2040823522,9507032,B
2064298625,8315812,C
2064298625,8311747,C
2064298625,8734356,C
2064298625,8734356,C
2064298625,8734357,C
2064298625,8734357,C
2064366942,5741411,B
2064366942,5695626,B
2064351311,9300000,B
2064176675,8823410,B
2064129143,8822187,A
2064166253,5512421,B
2064241561,10654916,C
2064619839,9016875,C
2064685539,9073801,C
2064685539,9073801,C
2064595219,6555528,B
2064588452,7223584,C
2064588452,7074413,B
2064570818,7629443,C
2063715632,6323482,B
2063718469,5255274,B
2063695575,5840303,C
2063695138,8803637,B
2063768365,9363467,A
2063626006,11174464,C
2063626006,10557120,B
2063638230,7876901,B
2064000554,7262917,A
2064099757,8957251,B
2064106294,5686582,B
2064106294,5686581,B
2064106294,5674982,B
2064106294,5871733,C
2064065441,9374887,A
2064071986,6589752,B
2063951795,8389731,B
2063929783,5491627,B
2063936259,7593772,B
2063936259,7444179,B
2063936259,7269454,C
2065334259,10266488,B
2065327473,9143274,C
2065690366,8184702,A
2065552006,8247033,B
2065582840,7438904,B
2065519715,5912411,B
2065519715,5866755,B
2065520212,9076218,A
2065523602,4847200,B
1531627696,9881630,B
1531627696,9881630,A
2064757681,7368267,B
2065149104,6846799,B
2065149104,6566324,A
2065000390,10118896,B
2064937340,9873670,B
2064974333,11172910,B
2065024025,7884263,A
2062018027,8175356,B
2062080186,9758833,B
2062080186,9758833,B
2061868787,9730960,C
2061868787,9730960,C
2061895899,9941560,B
2061826510,6892089,A
2061938847,10035823,B
2061926706,9093249,A
2061926706,9093249,A
2062372309,7402167,B
2062294208,9476981,B
2062294208,9476981,B
2062404473,9255929,B
2062169793,7615350,A
2062132676,5928865,C
2062141406,9926564,B
2062263136,8183044,B
2061454125,9352543,B
2061465406,9512180,B
2061521170,8839659,B
2061496482,8527704,B
2061312832,9505807,B
2061312832,9505807,B
2061393984,9067848,B
2061699684,4738503,B
2061774972,9142634,B
2061601726,7119108,A
2061623277,9012673,B
2061556726,9428762,C
2061669522,9447134,B
2061669523,9607401,B
2063116391,7981628,B
2063145332,6043055,C
2062998845,7838292,B
2062965019,8795629,C
2063426177,9560839,B
2063517213,8252940,A
2063517213,8252940,A
2063522131,9453502,B
2063522131,9453502,B
2063486629,9452107,B
2063269453,10180323,B
2063221670,7405077,B
2062639699,5773225,B
2062622893,5308615,B
2062677094,10694990,C
2062696188,9637796,B
2062696188,9637796,B
2062499581,7848592,C
2062499581,7881516,B
2062575747,9352039,B
2062575651,6172217,C
1530121331,10692603,B
1530121331,10299736,B
2068807193,4210419,A
2068825986,6821457,B
2068825986,6699407,B
2068825986,6692666,B
2068825986,6677086,B
2068825986,6667134,B
2068633864,9438011,A
2068633864,9438011,A
2068674914,9757021,B
2069135716,8932810,B
2068922602,6982714,B
2068922602,7071936,A
1535549793,7161057,A
1535549793,6509514,A
2068142915,9650616,B
2068160897,5993824,A
2068104510,9136773,B
2068224794,7953224,B
2068556732,6114699,B
2068312503,6927286,A
2068300741,6946086,B
1536322345,6552255,B
2068406274,8841257,B
2068345721,6482795,B
2065823339,9844607,B
2069993977,9238773,B
2069823852,8022197,B
2069936288,9555089,B
2069915673,5863895,B
2069882632,11136686,B
55566338,5097025,A
1536956249,5879910,B
1536956249,5580963,B
1536956249,5547856,A
1536956249,5328837,B
1536994060,5987456,B
1536883565,10214724,B
1538003756,8748386,B
2069242851,7718356,B
2069250368,9207513,B
2069269337,9745631,C
2069269337,10138479,C
2069314684,10130259,B
2069325382,6697452,C
2069679176,7129491,B
2069699324,9040345,A
2069780241,8384763,B
2069740480,6469357,B
2069750786,9499630,B
2069578096,9170203,A
2069527467,7569380,B
1532870197,6689367,C
1534092936,10127137,A
2066611098,6421387,B
2066611098,6289054,A
2066816058,9679738,B
2066829021,9819074,A
2066829021,9819074,A
2066889571,6784323,B
2066849959,7129337,B
2066848701,6331390,B
1534450576,6458586,A
1534450576,6379944,B
1534450576,6319716,B
1534508740,8090177,B
2066035092,7981677,B
2066035092,7812216,B
2066121650,9315468,B
2066106055,9187537,A
2066128920,7126044,B
2065823339,9989524,B
2065939445,9971228,B
2065933404,6239598,A
2065939445,9470956,B
2065939445,9470956,B
2066406617,8759098,C
2066424354,8537711,B
2066423394,8772693,A
2066363606,9410966,A
2066381476,7579453,B
2066149022,9534008,C
2066237557,8691960,B
2067776930,7083648,B
2067806065,9150598,B
2067812329,8016998,C
2067559517,7211256,A
2067514517,8886578,B
2067506064,6307121,A
2067506064,6472583,B
2067981767,6011626,B
2067971575,6090858,B
2068070916,5656463,B
2067866461,4443544,B
2067888268,5833978,B
2067067950,11660317,B
2067217739,9508945,B
2067163895,6150404,B
2067161546,8846057,B
2066919019,10064890,B
2067410739,8323918,C
2067405624,9891228,C
2067358025,8691502,B
2067339842,9732389,B
2067339842,9732389,B
2055355624,10138331,A
2055258072,5143895,A
2055207981,9035068,A
2055225427,6240201,B
2055225427,6088473,B
2055275826,9084797,B
2055282983,10588511,C
2055727104,7541179,A
2055725201,8192997,B
2055817672,9212207,B
2055817672,9566327,B
2055852685,8835984,B
2055607189,8524903,B
2054820913,8190232,B
2054788360,6784323,B
2054788870,9390505,A
2054680036,8728486,B
2055116083,6832367,B
2055127691,9231219,B
2056485409,5349128,B
2056572505,6821776,B
2056351023,9955944,B
2056351023,9955943,A
2056351023,9955943,A
2056447265,5552270,B
2056856262,8968542,B
2056856262,8968542,B
2056845547,9796985,B
2056845547,9796985,B
2056820816,5886157,B
2056757475,8487244,B
2056717940,5140670,B
2056020011,6323019,B
1523448323,10421812,B
2055910199,10653321,A
2055859537,5844121,B
2056005414,8737362,B
2055955572,8679227,C
2055963058,9121843,B
2056287272,7557228,B
2056316039,6627397,B
1524264133,7518120,B
2056170697,6114699,B
2056180102,9833309,B
2056180102,9833309,C
2056122722,8025831,B
2056121463,5366874,B
2053222632,5308615,B
2053202301,4758511,A
2053192429,8328729,B
2053195438,10073444,B
2053195438,10001773,B
2053195438,10001772,C
2053066564,9624311,B
2053585701,8247235,A
2053536599,8618275,B
2053536599,8569472,B
2053536599,8563706,B
2053536599,8506969,B
2053536599,8454974,C
2053536599,8663653,B
2053536599,8772022,B
2053536599,8945584,C
2053597902,9239319,B
2053597902,9239319,B
2053330373,9879251,B
2053351257,5958154,B
2053470944,8257712,A
2053418290,9994618,C
2052968870,8933210,B
2052968870,8933210,B
1520666812,5306620,B
1520664974,9655522,B
1520259965,8103669,C
2052781143,10274548,B
2052899505,6828126,B
2052919330,8114313,C
2052860283,9771434,C
2052860283,9771434,C
2052842391,5940814,B
2052863368,8665260,A
2052863368,8665259,A
2053017016,9979895,B
50377533,5773269,B
1521381332,9966656,B
2054422997,8648105,A
2054514242,6929931,C
2054521968,8048999,B
2054521968,8278104,B
2054326876,9701758,A
2054334786,7820628,B
2054381714,11172910,B
2054386325,7704331,B
1522129551,5403718,B
1522376080,9172587,A
1522400918,6184205,B
1522376080,9172588,A
2053857786,7226602,B
2053842367,11661582,C
2053912380,8853131,B
2053887367,9408571,C
2053691096,7693369,C
2053776819,9200046,C
2053744674,10053733,B
2053935394,8645084,B
2054158404,10949584,B
2054175990,7738545,A
2054264933,5942157,A
2054221383,9650657,C
2059887432,9005923,B
2059887432,9005923,B
2059896017,8738349,B
2059965329,7495100,B
2059986841,6238861,B
2059742411,6398816,B
2060167709,7723662,A
2060247112,5266459,C
2060053683,10041123,B
2059412995,9249128,B
2059412995,9249128,B
2059411182,6638543,B
2059403956,5817512,C
2059398273,6850656,B
2059451571,10180397,A
2059569761,8519113,B
1527783330,8582883,A
1527727842,5219990,C
2059632562,9914761,A
2059663360,10262090,B
2059583325,7645856,B
2059607531,9261497,B
2059607531,9261497,B
1526716679,5153311,B
1526945286,5458878,C
1526809170,8603774,A
2061035616,6943266,C
2061063771,11162111,B
2061035616,6995187,C
2061001887,8373810,B
2061091247,9127087,C
2061091247,9127087,C
2060916958,7495100,B
2060880470,9707289,B
2060903868,8674328,B
2060992533,8062893,A
1528952590,10972742,B
1528933165,4935492,C
1529453182,5814486,B
2061242529,8155933,A
2060438192,8845768,B
2060527428,10135539,C
2060324099,3992522,B
2060372234,6022687,B
2060769144,7192928,B
2060750121,9214574,B
2060814806,10395756,B
2060814806,10248757,A
2060601057,8432153,A
2060611956,5696782,B
2060618800,9512180,B
2060587175,8614094,C
2060710402,9086487,B
2060675601,8785589,B
2060665625,6869774,B
2057648732,6054126,B
2057683768,6256410,B
2057613593,6951754,B
2057907374,10012654,C
1525938419,6721311,A
1525946403,9132219,B
1526324407,6492343,C
1526324407,6492343,C
1526206219,8778888,C
2057157158,6099838,B
2057193906,9768909,C
2056998868,7640000,A
2057105344,8239139,B
2057370668,7588687,A
2057397500,10800790,A
2057275295,10586176,A
2057279153,10107813,C
2057264061,5693492,B
2057320467,7888499,B
2057320467,7812221,C
2057915334,10209330,A
2058796888,9499489,B
2058915390,4864019,B
2058924262,5041538,B
2058868855,8445610,B
2058669868,8524247,C
2058734972,9862932,B
2058734972,9862932,B
2058745474,4607344,C
2058749221,6951951,C
2059129348,5217902,B
2059102131,5869038,B
2059098302,6962788,A
2059109354,5843772,A
2059213196,7611878,B
2059213196,7611835,B
2058981014,8026998,A
2058949225,9858386,B
2058944409,9938253,C
2057977206,6733530,A
2057968108,8889028,C
2057992450,7071189,B
2057937527,8993287,B
2058059779,9908848,A
2058059779,9828338,B
2058422333,8306608,B
2058341985,11141714,B
2058346884,4175141,B
2058339380,9125625,B
2163090183,9567608,A
2163074158,6248546,C
2163053334,9556281,C
2163181775,5220163,A
2163135112,9005621,A
2163135112,8852595,A
2163135112,8834881,A
2163127284,10131933,A
2162989829,9036253,B
2163453204,5824316,B
2163462214,6236861,C
2163533551,5260461,A
2163221601,7364881,A
2163263987,8041380,B
2162318638,6846621,B
2162444401,8208138,B
2162166307,7943349,A
2162183670,9096678,B
2162183670,9096678,C
2162181094,9012864,C
2162109316,9453065,B
2162109316,9453065,C
2162115009,8355606,B
2162251731,10240180,B
2162752147,8665040,B
2162694674,7265175,A
2162785815,7072134,B
2162778008,10590456,A
2162647235,9345788,C
2164440220,9534256,C
2164358929,9633007,B
2164375788,8735200,C
2164545730,9840719,C
2164545730,9840719,C
2164220998,6210938,C
2164134755,6718502,B
2164304233,8634289,B
2164304233,8243585,C
2164310930,8015521,C
2164783703,8809230,A
2164736750,4636385,C
2164738415,8541197,A
2164572761,8632983,B
2163847910,7723328,A
2163831028,7129337,B
2163772763,9631201,B
2163772763,9631201,B
2163772763,8592645,B
2163559079,9624600,C
2163729119,6671388,C
1636791734,8535250,A
1636922404,6728284,B
2163941206,5441876,B
2164119561,8719796,A
2164119561,8719796,A
2164040301,5578923,A
2164040409,6025944,B
1633890482,11078286,A
2164105455,9975923,C
2164105455,9975923,C
2160404300,6711562,B
2160484748,8358866,B
2160265084,10303986,B
2160327646,10169833,B
2160327646,10230240,B
2160554864,9598694,B
2160647546,8394589,B
2159827720,7940817,B
1624492588,9816972,B
1624371787,10213501,B
1624371787,10183066,B
1622825395,6894642,B
2159643186,8031724,B
2159676920,6023783,B
2159647585,8908787,B
2159651329,9296730,B
2159562655,10231383,C
2159607805,7371571,C
2159748574,7041255,B
2160081168,9732389,B
2160081168,9732389,B
2160081168,9534256,C
2160062394,7725517,C
2160057118,8858995,B
2160052863,8954373,A
2160040077,7098888,B
2160101609,10405793,B
2159921956,6105139,B
2159840835,7062743,B
2159951489,10253326,B
2161808755,8385648,A
2161840222,7528754,A
2161845665,9220724,B
2161715845,7769115,C
2161715845,7864880,C
1633243168,6953770,B
1632134214,10174333,B
2162031542,7037902,C
1626508217,6579677,B
2161936641,8313950,C
2161921805,9236633,B
1630125919,9536539,B
1630076302,6008327,B
2160972243,8846055,B
2160972243,8846055,B
2161117162,6605642,B
2161086571,9448788,C
2160882893,7602331,B
2160937777,9347143,B
2160947862,7750124,A
2161522256,10814147,B
2161581405,8855083,C
2161262141,7315822,A
2161258143,8663624,C
2161214158,8938623,B
2161348917,8073196,A
2161332314,9099601,B
2168026897,6713066,C
2168051209,5045502,B
2167973982,7693823,C
2167973982,8290921,B
2167973982,7685100,C
2167973982,7685099,C
2168069209,10151304,A
2167823677,7636651,A
1647141819,6001990,B
2168244800,6052773,B
2167359586,8653045,C
2167352815,7893315,B
2167282885,8244990,B
2167285960,7881720,B
2167286092,7488489,B
2167282885,7293143,C
2167282885,7680986,C
2167282885,7577798,C
2167282885,7533221,C
2167282885,7395274,C
2167282885,7328316,B
2167422966,7217812,B
2167105834,10267808,B
2167174534,6294322,B
2167662839,8682669,B
2167662839,8543401,B
2167730479,5880482,B
2167550136,9499629,B
2167539771,6869770,B
2167557712,7438904,A
2167588661,10762981,A
2169332573,7371560,B
2169273497,9268092,A
2169256268,9008780,B
2169256268,9008780,B
2169294562,10273329,A
2169458923,9687145,B
2169385094,6214973,B
2169128567,8163506,C
2169140208,8775143,B
2169140208,8775143,B
2169140208,8537638,C
2169079883,10370718,C
2169178217,10202342,B
2169593550,10842862,B
2168589491,5585264,B
2168597289,7504255,A
2168600280,9803182,A
2168529083,9303042,B
2168656646,9387199,B
2168405417,7538191,B
2168343635,8389715,B
2168420463,8871730,C
2168964544,9241950,C
2168752866,9895436,B
2168752866,9782474,B
2168752866,9782474,A
2165807341,9042606,B
2165807341,9042606,B
2165874901,9597674,B
2165874901,9586981,B
2165915509,7947867,B
2165715544,6824768,C
2166179294,7723030,C
2165970655,7335351,A
2165061330,11150173,B
2165061330,10359361,B
2164894713,10544191,B
2165027413,7190734,B
2165455460,7833744,B
2165408147,7593839,B
2165565866,8811700,B
2165515068,5319046,B
2165293156,10316348,B
2165337740,9389276,C
2165373113,7608269,B
2166670271,8211646,B
2166773208,7179593,B
2166503750,8100836,B
2166546951,10201597,B
2166549128,8772022,B
2167021010,6869770,B
2166955092,9108949,B
2167027068,9345249,B
2167027994,7508283,B
2167053601,8666471,B
2166822765,8507215,B
2166802510,8090542,A
2166802510,7691997,A
2166802510,7834170,A
2166802510,7820809,B
2166908913,6553483,B
2166859725,9511131,C
2166883229,6024965,C
2166305181,8951798,A
2166324157,8692053,B
2166324157,8692053,B
2152494830,6490476,A
2152510274,5443827,B
2152516184,6904422,A
2152603420,6242178,B
2152617913,8470327,C
2152402032,9931073,C
2152402032,9931073,C
2152401968,8845554,B
2152470667,8338566,A
2152420697,7872977,B
2152432678,5003982,B
2152887317,8470779,B
2152875006,7989534,B
2152827082,6760699,A
2152938126,10225708,B
2152667464,8824631,B
2152667464,8824631,B
2152662070,8379722,B
2152662070,8374245,A
2152762124,8580937,B
2152760636,7226731,B
2152767536,8426569,B
2151834530,9086955,B
2151834530,9230652,B
2151834530,9230652,B
2152136662,7586494,B
2152272312,9086609,A
2152085633,9746654,B
2152044582,4325038,B
2153660769,9642835,B
2153645851,9249462,A
2153818431,8683424,B
2153792984,8165352,A
2153779613,6306585,B
1608305252,7149737,B
2154092515,4778879,A
2154028161,7223411,B
2154181923,7326778,B
2154159596,10689705,B
2154104609,8422570,B
2153864313,9707550,B
2153864313,9707550,B
2153875891,8130817,B
2153980754,4573064,B
2153990826,5418153,B
2153936596,9101653,A
2153925444,6105139,A
2153166425,6071768,A
2153180469,9956260,A
2153180469,9352010,A
2153180469,9352010,A
2153185584,8863104,B
2153021768,9580475,B
2153021768,9566327,A
2153147800,7314631,C
2153147800,7250171,C
2153147800,6410023,C
2153081145,7862524,A
2153110406,6015682,B
2153110406,5919666,B
2153102033,8906854,B
2153374077,8886573,C
2153366067,9040266,B
2153515393,5648058,B
2153515393,5603914,B
2150248547,10800968,A
2150245385,8027526,B
2150279164,5965393,C
2149878648,9111381,A
2149869354,8143681,A
2149869354,8018010,B
2149866048,7532804,A
2149866048,7486827,A
2149866048,7486827,A
2150560483,10190166,B
2150536104,7723030,B
2150518523,6764852,B
2150650936,9004201,B
2150319141,9683996,C
2150444871,8384763,B
2149469027,6064997,B
2149488679,10351868,B
2149405531,8148706,A
86737493,5378809,A
86737493,5610018,A
2149330165,6316904,B
2149730509,6600030,B
2149758741,6289488,A
2149811766,8831524,B
2149510569,7867503,B
2149500199,9222943,A
2149626734,10074544,A
2149608750,9228007,A
2151427645,10316060,B
2151476187,9602311,A
1606058619,6266704,A
1605476605,9089618,B
1606919752,4808433,B
1606443045,9384338,B
2151544310,7009088,B
2150816271,6974898,B
2150950003,8993232,B
2150933237,10127346,B
2150933237,10347359,C
2150704922,9595685,B
2150696691,7723030,B
2150804036,4851209,B
2150765031,9267891,B
2150765031,9267891,C
2151225614,9598694,B
2151026975,9856315,B
2151024354,5830760,A
2151131756,6962792,C
2157898381,7851577,B
2157887643,8175384,C
2157905510,9527062,B
1615978961,10288553,B
1617283651,10045729,B
2157758856,9304740,B
2157685436,5841644,A
1619595759,6469357,B
2158002943,5234811,C
2157989534,8828711,B
2157258525,6184436,B
2156944496,4467036,B
2156973599,6372446,B
2157583623,7106833,C
2157605618,6384018,A
2157287781,9682856,B
2157437154,7907139,B
2157394658,10114023,B
2159113944,7973018,B
2159099629,8764678,B
2158858347,11376224,B
2158864722,9975923,C
2158864722,9975923,C
2158894152,10227287,C
2159384192,8279781,A
2159379750,7756563,A
2159500569,7488714,B
2159500569,7494978,B
2159500569,7488716,B
2159500569,7488715,B
2159205954,10007719,B
2159205954,10007730,B
2159237863,7924332,C
2159361123,7508697,A
2158442131,7192593,B
2158491808,10624869,C
2158483704,6254873,B
2158349726,8874776,B
2158346543,10604543,B
2158312398,11427817,B
2158721163,5733896,B
2158788624,6910173,B
2158795816,8313439,B
2158622957,7060455,B
2155205117,7912327,C
2155247835,10350183,B
2155237417,10010596,B
2155173857,10561351,B
2154943301,6258556,B
2155024084,6875433,C
2155485695,7885470,B
2155430431,6750010,C
2155430431,6136532,B
2155560009,8153119,A
2155312740,8193410,B
2155272154,8722584,B
2155290141,8440636,B
2155389906,9684955,B
2155410446,9879310,B
2154418770,8244483,B
2154527742,8445254,B
2154540871,5574824,B
2154506800,9884131,B
2154218321,10153510,C
2154255152,9165080,B
2154811651,9701714,B
2154936922,4937873,B
2154564110,7820620,B
2154675243,6132952,B
2156558804,6441272,B
2156319424,10202589,C
2156319424,10011850,A
2156319424,9944912,C
2156319424,9944912,C
2156319424,9885033,B
2156319424,9567603,A
2156319424,9512446,C
2156651052,5912678,A
2156680589,6939624,B
1611450045,7010482,B
2155667915,7805176,A
2155660193,8962272,A
2155656396,8664419,A
2155757543,9585951,C
2155705065,8180601,A
2156077795,6835713,B
2156196125,9469878,B
2156109348,7221760,B
2156139215,7081243,C
2156137580,11020006,B
1729018578,7145661,C
1724101715,10612011,A
2343265536,10225080,B
2342842074,10449230,A
2342245634,11010193,A
2347201636,10735515,C
2348403352,11133576,C
2348403352,10090595,C
2347041051,10543287,C
2347145945,9707550,C
2347145945,9707550,C
2347145945,11156684,B
2352124481,9933440,B
2352124481,9933440,C
2346830803,11135280,B
2346942963,10414778,B
2346797726,11156619,B
2370898359,10453191,A
2379236828,8057795,B
2375319127,10032950,A
2367117817,9971099,B
2344763581,10087547,A
2344722012,5919621,A
2344722012,5770363,B
2344207029,11389386,B
2344286315,10541374,C
2344359086,11427637,B
2345742406,9783978,B
2336039551,11051747,C
2336243811,10682314,A
2336161240,9636664,B
2336161240,9636664,B
2337081411,11129882,B
2337081411,10526376,B
2336828812,9840699,A
2336828812,9840699,B
2336905409,9757379,B
2337348862,10912800,B
2336828812,10167457,A
2336828812,11214780,A
2336737201,10954527,B
2334807853,10752590,B
2335439410,10975162,B
2335513876,10443080,A
2335198524,10598614,B
2340740514,11814640,C
2340507215,10064845,C
2340648098,5183764,B
2340626977,11088316,B
2339984594,10544207,C
2340001130,10526647,B
2341756216,10793450,B
2341745671,10690809,C
2341745671,10670782,C
2341745671,10488651,A
2341332576,9835764,B
2339357145,10584148,C
2339143067,10119156,B
2338875074,10253072,A
2404466761,10502750,B
2404786457,10546575,B
2404786457,10249292,A
2403950091,11083787,B
2407697950,10240130,B
1731724717,8933214,A
1738338042,5804413,C
2396857317,9322006,B
2396857317,10323236,A
2394868049,9992587,B
2393107478,10653755,B
2390622811,10593996,C
2395542231,10513567,B
2395107753,7892559,B
2395219941,11410746,A
2399305625,10510156,C
2400299255,10541661,B
2399023107,10035816,B
2398935881,9787647,A
2398491620,10435474,A
2324970443,5468619,B
2325938127,8492245,B
2325350928,9443632,A
2325527532,9175026,B
2324131665,9564632,A
2324223182,6464489,B
2324181667,9809694,A
2324554402,9611146,A
2324513925,10557855,B
1692968577,5364787,B
2326695312,9449743,B
2326782568,10208069,B
2326529942,9847487,B
2326475761,9983206,B
2326486724,9938253,C
2321292210,10010077,B
2321787893,9797897,B
2321787893,9797897,B
2321575858,9549911,B
2321575858,9272994,B
2320027568,6599447,B
2320469066,8449860,C
2320668455,9347143,A
2323120537,9040145,B
2323120537,9040145,B
2322987374,10328078,B
2323096163,9074098,B
2323016111,9638521,B
2323675449,8993113,A
2323464868,10544191,B
2323554124,10343141,B
2323504704,10960387,B
2323534385,5478557,B
2322277282,9714173,A
2322637798,8941728,B
2322382517,6464489,B
2331930870,9802962,B
2331750420,10555911,B
2331738283,9303100,B
2332117081,10059596,B
2330959938,6150104,A
2331302678,5753641,B
2331090884,9546226,A
2333785329,11332717,B
2334498296,10103057,A
2334550289,9879310,B
2332873904,9644042,A
2332810941,8239180,B
2333438769,11176289,A
2328051227,10099967,A
2327695904,8545791,B
2328247076,9562927,A
1709736778,7314631,B
1709736778,7250171,B
2327001567,11071520,B
1709736778,6410023,C
2327447259,9393550,C
2329888557,10626138,B
2329810283,9932360,B
2329931949,10869939,B
2329715786,6478741,B
2330559870,8395777,A
2330490140,10478058,B
2330487030,10688151,B
2330527528,10851179,B
2328956447,10899711,B
2328876383,9409141,B
2329066638,10287332,B
2329255762,9780872,B
2329155900,10222961,B
1761637098,5817512,B
1761637098,5622705,B
1759226048,11673125,C
1766217355,8809028,B
1763247502,9034573,C
1763426478,8625927,B
2476887811,11135186,A
2466915948,10323243,A
2467898719,9702006,B
2467221151,10929641,B
2467087752,10752794,B
2464205017,11213591,C
2464025857,10843148,A
2463183759,10522732,B
2472021490,11247905,B
2472843454,10697977,A
2472131322,10124321,B
2469680359,10949620,B
2507645096,11273214,C
2508313421,10689260,A
2508150480,10462457,A
2510103775,10836810,C
2509909976,11208672,B
2509938835,10881322,B
2508573135,10730803,A
2503597067,10611801,B
2503171113,11141443,C
2503597067,11033615,B
2514738575,9951398,B
2513791271,10730803,B
2514256437,11235056,C
2516592316,11274126,B
2515557558,11248027,A
2512634959,10327441,B
2513476951,10730803,B
2512201854,10457646,C
2490241317,10666054,B
2488856206,10240130,C
2483236535,11248270,A
2484035097,10754959,B
2484035097,10650150,A
2487416936,10128387,C
2485436088,11344552,B
2498248435,5289501,B
2495018484,10300147,B
2493091313,11446302,B
2496574574,10551283,A
2496486508,9650402,B
2496381847,10730803,B
2413526631,9309537,B
2413526631,9309537,B
2414422246,10881732,D
2412192564,10777396,A
2412875203,9834714,B
2416409425,9969789,B
2415324896,9056923,B
2409183178,11008601,A
2409183178,10836815,B
1744049945,8139835,B
1744049945,8139835,B
1742914638,10799467,B
2408494099,5328898,B
2411440208,9717417,B
2411440208,9717417,B
2411671330,10117948,B
2410522309,10730814,C
2410418118,9951179,B
2410418118,9951179,B
2431656823,11046991,C
2432000892,10428075,B
2422033479,10649994,B
2429065427,10923293,B
2426225900,9928347,C
2426225900,10453569,C
2426026847,9884295,B
2426026847,9884295,B
2460827612,10758591,B
2460179838,11033615,B
2460389352,9803142,C
2462081900,10896490,C
2461400034,10177271,B
2461543666,10640545,C
2462018575,9850182,C
2438086435,10910473,A
2438469597,9725460,B
2438469597,9725460,B
1754500122,6320966,A
2417477528,10699321,B
2418858836,4489166,B
2418833711,10839515,A
2419636233,11300964,A
1756236371,6261551,B
1754574012,9607161,A
1757205207,10655020,C
2180582810,6915496,A
2180366699,7495100,B
2180272769,9453239,B
2180272769,9453239,B
2181042732,9507367,B
2181289826,11156599,B
2186122197,6593139,B
2185709413,6933279,B
2184962161,11166653,A
2175435732,7482467,A
2175470508,10799512,B
2175470508,10406169,C
2175234727,5434070,B
2174572513,10658071,B
2178271040,10457708,A
2178271040,10456462,B
2178271040,10294279,A
2178271040,10899800,A
2178271040,10953087,B
2178271040,11155583,A
2177940739,6300755,B
2179924907,10504659,B
2178973010,10304980,B
2175936755,8217072,B
2177094286,7588757,A
2176691344,5032681,B
2216220193,10866241,B
2215728699,11162179,B
2214798544,10465033,B
2214474182,10660828,C
2209402024,10767175,B
2209181844,10322095,B
2212275869,4150116,B
2212224511,11092550,B
2213456163,10847829,B
2218874441,9983397,C
2218874441,10665001,A
2219289975,10738251,C
2221367765,10539967,B
1665975043,10404457,A
1664447505,5879910,C
2218439814,10079189,A
1668172486,5434070,B
2191444573,10870851,B
2190557364,10828265,B
2192043288,9994823,B
2189789117,10378876,B
2195358106,9938589,B
2195358106,9938589,B
2196060058,11266486,A
2193291380,11390885,B
2193704989,10188992,C
2194924429,10550193,B
2194376105,10800883,C
2188691409,7238479,A
2188526593,10274502,B
2204662937,9944847,B
2204753303,10640401,B
2204240261,10738294,A
2202888892,10413588,B
2198735889,10234411,A
2198461543,10479999,B
2201214180,10973894,B
96530091,6504899,B
1652900453,6043086,B
2170780622,10779746,C
2170868645,9801911,B
2170762733,8192673,B
2170189627,8802375,B
2170144621,8268981,A
2170112922,7827630,B
2169896733,10041123,C
2169896733,7718369,C
2169842741,10821284,C
2169906594,7010197,A
2169906594,7003198,B
2170538507,9280583,C
2171954743,10426850,C
2172065341,6060400,B
2172042876,9379449,C
2172033687,7148974,B
2172031283,7629117,B
2172316623,10890589,B
2172244737,8883144,B
2172268285,9518087,B
2172667145,10604785,C
2172110238,8886331,B
2171241793,5994118,C
2171225745,6424719,C
2171306122,9630992,A
2171039193,9329190,B
2171013521,10654916,B
2171006576,10227629,B
2171006576,10031125,B
2171003891,7378233,B
2171590261,5602301,B
2171426009,8748091,B
2171414729,10024794,B
2171460421,9670495,A
2171460421,9670495,A
2302948427,9957231,B
2302948427,9957231,B
2302948427,10259800,B
2301267110,10518253,B
2301267110,10343925,C
2301445518,10236457,A
2297098020,10389514,A
2296914607,9995752,B
2300507085,10906169,B
2308136332,11420922,B
2309041693,4411888,B
2307044127,11020730,B
2306994132,10105455,A
2311780956,9815985,B
2310251639,11253551,B
2289923502,10197040,B
2292416504,10519443,A
2292102998,10725373,B
2292469280,11229809,A
2292523841,4532215,A
2291728831,11025215,C
2285968993,10861151,B
2285968993,9700213,A
2289359487,10047313,B
2288964172,10433187,B
2289359487,10738251,B
2295697145,9809817,B
2296554986,11399773,A
2293546752,7734629,A
2293546752,8930365,A
2294299378,9770498,A
2294287130,10758574,C
2317523820,9983162,B
2317523820,9983162,B
2317524704,10099993,A
2317461078,9732379,C
2317461078,9395353,A
2317554121,6824768,B
2317403988,9745288,A
2318002609,10047392,B
2317970228,11156684,A
2317951015,9982068,B
2316796107,9187524,B
2317078528,8277691,B
2317078528,8284539,A
2317260821,10534254,B
2316990808,10180394,C
2319302723,10821078,B
2319430767,9895714,C
2318213864,9533887,B
2318213864,9533887,B
2319100232,9777041,B
2318904513,7829329,B
2318872361,10373313,C
2318872361,10032281,C
2314348083,10190154,A
2314242745,8906915,B
2314433360,9786853,B
2314433360,9425405,B
1678993201,6537773,C
2313412978,10036819,B
2313397363,4553099,B
2314021766,8613898,C
2315705156,7094882,A
2315837378,8892413,A
2315794948,8399939,B
2316362899,9393306,B
2316266633,10343141,B
2316306375,10069095,B
2314459124,7765090,A
2314452026,5478557,B
1686333409,8288354,B
2252804625,11672830,C
2254140347,10697902,C
2246005346,6190889,B
2254904819,11635456,C
2254990556,10413204,A
2255469197,5741645,B
2258388403,10918657,B
2256989414,10379098,B
2229124923,11038197,B
2233134558,9869648,A
2224498017,11085044,B
2224866048,9790494,B
2224866048,9790494,B
2224866048,9732341,A
2224866048,9732341,A
2224866048,9732340,B
2224866048,9732340,A
2224866048,10093924,A
2224398381,10093910,B
2224398381,9926546,B
2222802229,10527624,B
2226721679,11666580,B
2241553510,8384763,B
2240350106,10488651,C
2240072927,11490037,A
2235632662,9981043,C
2239672373,11837211,B
2278471508,11236389,B
2278567201,10617768,A
2277901933,7662914,A
2278086155,10526465,B
1673280838,5744780,B
1676269880,5527690,B
1676269880,5498696,B
1675422558,5097025,B
2282972239,10866184,A
2285522197,10853948,A
2284579279,9869651,A
2284841043,10688164,B
2279005560,10230403,B
2279632482,11135281,B
2282238278,9011866,B
2280834194,9992587,B
2266432409,9937256,B
2268286470,11084795,B
2268286470,10604492,B
2261767281,10821160,B
2262375366,11377639,B
2273679025,10738251,C
2268766927,10662437,B
2268725580,9386777,B
2271772628,10227583,B
2271834483,10781446,B
2272462766,11829935,B
2120964352,7098027,B
2120948781,9481548,B
2120889545,8748146,B
2120678579,6699241,B
2120605054,9779213,B
2120605054,9779213,B
2120717359,4707442,C
2121158863,10041123,B
2121158863,7718369,B
2121177169,7632502,B
2121283001,8969535,A
2121283001,8889860,B
2121152714,7414023,A
2121066557,5761484,A
2120977559,7791248,B
2121110176,10865451,B
2121090104,5770213,C
2120171756,9056841,B
2120172812,8945943,B
2120269615,7912656,A
2120284019,9376431,A
2119877522,9776975,C
2120035439,9990464,B
2120494127,10238755,B
2120458075,6754645,A
2120361033,7494783,B
2120320116,9551079,B
2120320116,9551079,B
2120389506,9085460,A
2122060463,7763431,C
2122058226,9579372,B
2122058226,9579372,B
2122058226,9468673,B
2122060463,7344859,B
2122060463,7601513,B
2122060463,7364903,B
2122060463,7309577,B
2122060463,7303886,B
2122060463,7301009,B
2122060463,7297772,B
2122183801,7838657,C
2122138016,5785974,B
2122058226,8980286,B
2122058226,10596246,C
2122058226,10478483,B
2122056298,7741613,A
2121989018,9230321,B
2122374533,10576446,B
2122242794,8475807,B
2122280164,9050283,B
2122349854,7732199,B
2122293981,9150887,A
2122291965,8210841,B
1583287101,8506969,C
1583287101,8563706,B
1583387982,5052513,C
2121445258,9095572,B
2121445258,8604074,B
2121445258,8604074,B
2121445258,8362277,A
2121381089,7794734,B
2121389240,8377636,B
2121457477,6107478,B
2121457477,5866411,B
2121800455,8452031,B
2121589924,10240158,B
2121589924,10023893,B
2121565438,9696313,B
2121565438,9696313,B
2121581371,10344340,B
2121655704,7073113,A
2121680738,10137011,B
2121659981,11311632,C
2118105142,8513209,C
2118105142,8440636,C
2118172321,5566085,A
2118012140,9286289,B
2118012140,9286289,B
2118491548,9238653,B
2118462445,5907078,B
2118462445,5783681,B
2118567854,7820414,B
2118546263,9828432,B
2118529754,9043761,B
2118529754,8387018,B
2118274231,9890207,B
2118245501,8663522,A
2118245501,8630519,B
2118381199,8524681,A
2118325805,7213230,B
2117386992,8088587,B
2117344730,4039861,B
2117301613,7582615,C
2117301613,7582615,C
2117698047,8249314,A
2117797750,9634690,B
2117797750,9634690,B
2117797750,8929456,B
2117802048,9765169,B
2117831197,5981173,B
2117755843,9111186,B
2117577182,10842749,B
2119313431,7531786,A
2119313431,7737392,B
2119313431,7742662,B
2119368923,7065549,B
1580682124,6517843,C
2119711460,9707289,A
2119835702,8716017,B
2119535410,7660517,C
2119521263,6046009,B
2119521263,6127128,B
2119521263,5962230,B
2119651987,6329201,B
2119679161,8597922,A
2119679161,8658404,C
2118881822,5553394,B
2118812359,5785974,B
2118844383,7229973,B
2118884182,8504891,B
2118898403,7838531,B
2118632873,8342440,A
2119106999,8017584,B
2119139416,9005619,C
2119074693,8148159,A
2125894053,8704515,B
2125937435,6289488,C
2125937435,6178542,B
1587142857,6377969,B
2126273483,5635606,A
2126273483,5484773,B
2126439511,8670351,A
2126394322,8187887,B
2126149648,5552787,B
2126147950,11357799,B
2126078545,10176377,C
2126098226,10513692,B
2126273119,10056554,C
2126184790,7664735,A
2125345900,7838013,B
2125518078,5985284,A
2125439441,9623082,C
2125454576,10590155,A
2125311831,9168312,B
2125313416,6180339,B
2125313416,5958693,B
1586130277,6328958,B
1587084060,7941218,B
1587084060,7881791,B
2125587922,8249314,B
2125526377,8642791,B
2125529700,7689035,B
2125639965,8748091,C
2127384727,8691552,B
2127370427,9574013,B
2127335580,7576176,C
2127737927,7979763,B
2127704731,6852689,B
2127704731,6468967,B
2127807526,7802220,A
2127802424,7704491,C
2127533921,5919666,B
2127533921,6015682,B
2127533921,6214588,B
2127649797,8447407,B
2127609327,9399666,A
2126742886,10407667,A
2126742886,10619137,B
2126472312,7928356,A
2126574237,9878296,A
2126598492,9816102,B
2127057139,9631239,B
2127156026,9624503,A
2127128579,11247976,B
2127115871,9554484,B
2126901672,8992984,A
2126901672,9579283,B
2126901672,9579283,B
2126845908,9441045,B
2126977955,8637234,C
2123500370,10227581,B
2123500370,9359599,B
2123573684,8781796,B
2123307467,9382329,B
2123398097,9068181,A
2123333307,6750010,B
2123333307,6136532,B
2123681717,10272050,C
2123725763,8557542,B
2123692136,7491690,B
2122710825,7744887,A
2122671679,6490478,B
2122743214,6762285,A
2122564521,7054738,A
2123084145,10246722,B
2123084145,10231383,B
2123038662,9086487,B
2123186692,5631553,A
2122866775,10457988,B
2122975175,8360986,B
2123004257,10160833,A
2124695272,7787030,A
2124695272,7616237,A
2124805725,7689035,B
2124833370,8173792,B
2124608388,8143579,B
2124565209,7103115,A
2124565209,7012966,B
2124563908,6544928,C
2124672930,6936261,B
2124675518,6649350,B
2125013276,5552273,B
2124897222,5478557,A
2124857696,5440012,A
2124885464,6034298,B
2124045543,8003042,B
2124074823,9533887,B
2124074823,9533887,B
2124091108,9694127,B
2124180469,9777330,C
2124114323,8536301,B
2124110816,7859374,B
2124105148,5682321,B
2124140715,6156522,B
2123793021,9464319,A
2123776622,6312905,A
2123885404,6872813,B
2124521218,8483351,A
2124459675,9831635,B
2124222831,7865313,A
2124205793,8624032,B
2109807852,9368670,B
2109807852,9368670,A
2109838984,9315838,B
2109986495,6641934,B
2109701466,5534438,B
2109689694,9627434,B
2109689694,9627434,B
2109727894,10562913,A
2109730593,10744322,B
2110121725,6668308,B
2110155430,9987227,B
2110155430,9987227,B
2109158117,6114158,C
2109157909,8877951,B
2109146380,9283299,A
2109280271,8476419,B
2108906646,7768376,B
2108918635,8426677,B
2108917746,9081010,A
2108923495,5902822,C
2109064014,8034799,B
2108999347,9325619,A
2108999347,9325619,A
2109493630,9469879,A
2109593573,7355975,B
2109613178,10308926,B
2109618512,10150841,C
2109532363,10840536,C
2109532363,10497633,C
2109298498,10230403,C
2111206662,7666433,B
2111012912,9498651,A
2111003787,9966622,B
2111003787,9966622,A
2111003787,10847829,B
2110951885,9234885,B
2111120542,10357450,A
2111725022,8175348,A
2111725022,8175348,A
2111654482,8155662,B
2111654482,7516049,B
2111390810,6660269,B
2111390810,6392023,B
2111356408,5263121,B
1573502398,10379189,B
2110598242,10329353,B
2110443535,8695350,B
2110476874,5910628,B
2110815409,9902713,B
2110815409,9446022,B
2110841246,5854254,B
2110705785,8634074,B
2110693123,6184196,A
2107316935,10433752,B
2107424029,9103727,B
2107435129,8498823,B
2107435129,8498823,B
2107153569,9797897,A
2107153569,9797897,B
2107093413,9063204,C
2107254583,4965525,B
2107235439,8414897,B
2107632694,8211691,B
2107750770,5040395,B
2107676192,10500191,C
2107454306,8501692,B
2107587681,10137196,A
2106513137,9868759,B
2106515538,6947407,A
2106664100,8860137,A
6066701,10229506,A
6066701,10109066,B
4215287,8315446,B
2106962240,6270591,B
2106969282,8541569,A
2106903949,8772029,B
2106779749,10329625,B
2106779017,9902996,C
2106779017,9902996,C
2106722176,8966660,A
2106719152,4550086,B
1572235723,8252737,B
2108480917,9249462,B
2108584604,8664279,B
2108830436,5320102,B
2108901020,5476929,A
2108838633,7864880,A
2108687352,7417142,B
2108023699,7364738,B
2108091908,8307077,A
2108038398,9567604,A
2107789601,8329636,B
2107913200,7022826,B
2107913200,6852849,B
2107890570,7720282,A
2107890570,7720282,B
2108409199,8951567,B
2108169629,5283811,B
2108168165,8442973,B
2108134904,5541060,B
2108147090,9750427,B
2115372949,5635617,B
2115374941,9117140,B
2115365534,6205481,B
2115365534,6167438,B
2115474882,7526361,B
2115154722,8003613,A
2115124307,6611707,B
2115116691,8117523,B
2115207187,8030475,A
2115727890,7885455,B
2115522776,10624943,B
2115624061,5955318,C
2114914493,9556281,B
2114923527,5987636,B
2114923690,9566327,B
2114850885,10995343,B
2114833873,6492343,B
2114833873,6492343,B
2114864121,6464489,B
2114575754,7738545,C
2114575754,7496128,C
2114575754,7340009,C
2114716047,10362788,B
2114653354,10808012,C
2114653354,10655109,B
2114694446,9076712,B
2115085431,8592193,A
2114969139,8676555,A
1576404915,7763708,B
2115015193,8832659,A
2114996790,10954527,C
1577438550,4929600,C
1577225541,5861625,B
2116907420,9673369,B
2116907420,10622534,B
2117029190,10220089,B
2117029319,8663624,B
2117045741,8010591,A
2117013761,7393932,A
2116733590,9294113,A
2116652771,8182984,A
2116823680,9238776,B
2116762418,9181137,B
2116762418,8506670,B
2116758131,6047080,B
2117202190,8362306,B
1579173714,6037448,B
1579299304,7917599,A
2117130976,8504315,B
2117066788,9097799,B
2116140115,10077340,A
2116181214,5040214,A
2115944078,7399745,B
2115951500,10273291,C
2115870645,9738753,A
2116018749,7885840,B
2115968803,9045756,B
2115957702,10556930,B
2116501809,9228178,C
2116528972,5571708,B
2116593220,9451917,C
2116621437,8853368,A
2116556142,9546359,A
2116556142,9546359,A
2116556142,8945855,A
2116280827,8296765,A
2116411476,8717574,A
2112660358,9551721,A
2112660358,9551721,B
2112632255,5747661,A
2112630562,8936794,A
2112765785,9358302,B
2112450095,11491480,C
2112391736,9938253,B
2112532693,8158385,B
2112486185,8671407,A
2112486185,9727383,B
2112859263,6760699,B
2112826932,6451568,B
2112947586,7825090,B
2112953952,9575072,B
1575500609,6466698,C
1575761699,5986171,B
2111937449,6894642,A
2112008952,8263002,A
2111776602,6643767,B
2111902258,10172961,B
2111839013,9575212,C
2112272707,9372726,B
2112272707,9372726,B
2112261687,6894642,B
2112261687,6798380,A
2112341830,7851457,B
2112091201,9518026,C
2112098409,7081238,B
2112178283,9628097,B
2112178283,9628097,B
2112172613,8349605,A
2113993318,10598672,B
2114057740,7429670,C
2114040130,10131875,B
2113917547,7495994,A
2114247229,10222416,B
2114248728,10577580,C
2114180142,7786284,C
2114181651,6589506,B
2114196467,8165373,B
2114256940,8090570,A
2113231332,7557200,B
2113236498,9464131,B
2113372755,4893886,B
2113023191,6849401,B
2113165416,6917985,A
2113597524,4428941,B
2113644092,9959149,B
2113736505,7012133,B
2113710797,8945584,B
2113710797,8663653,B
2113710797,8569472,B
2113710797,8618275,A
2113710797,8506969,B
2113710797,8454974,B
2113473587,5097025,B
2142205050,6517843,C
2142233962,8497066,B
2142260848,10524436,A
2141998084,7820784,B
2141998084,8557767,C
2141927100,9676621,B
2142396339,9743397,B
2142324804,8582200,C
2142449420,6135965,B
2142473492,6692908,B
2141334538,7838531,B
2141496253,6187533,B
2141437133,7060276,A
2141235307,10167480,A
2141251564,7355215,C
2141251564,7465967,C
2141251564,8575651,C
2141752310,9593347,B
2141762327,8194963,B
2141762327,8144952,B
2141755034,7892822,B
2141560267,7769798,A
2141583533,6825444,B
2141735242,7241803,B
2143457814,10662229,C
2143565649,7750209,A
2143317596,5785974,B
2143244635,9732389,C
2143244635,9732389,C
2143244635,9534256,B
2143275635,9432591,B
2143379858,7280604,A
2143828312,8654899,A
2143817030,7555689,A
2143874953,9113535,B
2143874953,9017826,B
2143869546,8407009,B
2143869546,8407009,B
2143655684,5506111,B
2143652942,7302135,C
1598820738,5693508,C
1599108629,5462868,B
1600187294,6349073,A
1600055553,10241173,C
2143115834,8898185,B
2143135287,9403763,A
2143144114,8101172,C
2143144114,7919302,B
2143144114,7919302,B
2143174824,8631269,B
2142900503,8557516,B
2143027972,5309532,A
2143027972,5230028,A
2143032256,5733740,B
2142994419,6480812,B
2139177655,7579453,B
2139246862,7794727,B
2138951016,5928859,B
2139049032,8945589,B
2139049032,8431139,B
2139049032,8137673,B
2139049032,8025890,B
2139049032,7955604,C
2139664865,9286687,A
2139357174,11021502,A
2139309712,10472670,A
2139399907,7099860,B
1596369052,11038263,B
1596743078,5563064,B
2138448606,9106360,B
2138405392,7972600,B
2138838851,9155675,B
2138806383,8697836,B
2138913040,10198690,C
2138913424,6077519,B
2138913040,10755166,C
2138913040,10198688,B
2140706481,6834335,B
2140707155,7494768,B
2140562005,8679888,B
2140544742,7685150,B
2140494588,9499592,B
2140494588,9499592,B
2140520785,9878000,A
2140982760,9744188,B
2140944258,10337032,B
2140736590,8318438,B
2140790746,7279327,C
2140762360,11781127,A
2140914107,10501726,B
2140864818,6294374,B
2140864818,6210938,B
2140864818,6326176,B
2139964075,5843757,C
2139964075,7326778,A
2139982567,5832392,B
2139765666,10228374,B
2139760573,7659721,B
2139730802,6202181,A
2140445641,7858071,B
2140471643,10676735,C
2140401688,8796494,B
2140430731,7596544,A
2140199061,9416190,B
2140157823,8115173,B
2140294755,5901168,B
2140266955,6023783,B
2147679735,8858947,B
2147626975,8071842,B
2147317695,10160799,B
2147334926,6653103,B
2147517893,7485418,B
2147516046,8765403,B
2147961945,6815200,C
2147783541,7176021,C
2147844196,8889641,C
2147871138,7526361,A
2147809815,8864846,B
2147033857,11007245,B
2146930087,6904422,A
2147195562,7081347,B
2147189124,9399065,B
2147182421,10287578,B
2147287527,7511870,B
2147061679,9681646,B
2147061679,10004765,B
2148932942,8796441,B
2148874328,7653867,B
2149194206,8846932,B
2149128790,8758766,A
2149239077,10729786,B
2149239077,10335500,B
2148272947,4591673,C
2148300524,8206971,B
2148300524,7732586,A
2148322825,8460915,C
2148331201,8361769,B
2148331201,8309333,B
2148036654,8467269,A
2148216605,9388469,C
2148164204,9057830,B
2148142181,8013015,B
2148663802,8858995,B
2148594799,10840536,C
2148753237,8693544,A
2148438720,10208076,B
2148484241,6515203,A
2148482462,9770467,B
2148474069,7851170,B
2144966500,9987329,C
1601230748,6586699,C
1601405552,10006006,C
2144916887,7442507,B
2144918562,9499856,B
2144855932,9493562,B
2144855932,8900579,A
2144854630,9416369,B
2144854630,9416369,B
2144850369,8058906,C
2144881432,6967075,B
2145309677,8024152,B
2145331422,9962409,B
2145331422,9962409,C
2145070407,8014953,B
2144155453,5851789,B
2144332358,8180617,B
2144251963,8174136,C
2144258047,8877898,B
2143994348,6110220,A
2143994348,6178542,B
2143994348,6086628,B
2144052864,7492116,B
2144086696,10908094,C
2144535736,7028856,A
2144540418,9644215,A
2144694756,9150925,C
2144644257,11155871,C
2146288137,8541646,B
2146397633,8279781,B
2146368169,8531253,B
2146167376,6140052,B
2146167376,5998600,B
2146133571,8577830,B
2146192871,8402396,A
2146225709,7200243,B
2146222370,7959915,B
2146676434,8494569,B
2146510655,8057408,B
2146459618,7779326,A
2146459618,7653867,A
2146583842,9576073,A
2145544530,10047346,B
2145663276,7843908,B
2145650068,9879310,B
2145501563,8298373,C
2145388767,5891655,C
2145423159,7327287,A
2145928478,10858664,C
2146048435,6660263,A
2146053159,7741529,B
2145909957,9518103,B
2145910029,9303042,A
2131239166,8095860,B
2131256828,6313089,B
2131012769,5587302,B
2131013625,6689367,C
2131118100,8192938,A
2131117209,10711310,A
2131619091,6145106,B
2131538144,6653651,A
2131678280,8414897,B
2131410875,9360689,B
2131420178,8494569,A
2131493385,7352970,B
2130446291,9987605,B
2130446291,9987605,B
2130570197,7838646,A
2130268772,7682618,B
2130285841,9121843,C
2130226985,5574588,A
2130350209,7706365,A
2130880414,8557438,B
2130955565,9568483,B
2130916298,9562269,B
2130749554,5795974,B
2132360759,9538934,B
2132360759,9538934,A
2132270440,7531803,C
2132323909,9045542,B
2132331538,10400083,A
2132783668,8673307,A
2132783668,8673307,A
2132605558,8980843,A
2132605558,8778890,C
2131763976,8898097,C
2131763976,8856055,C
2132210078,5496735,B
2132100704,8300961,A
2132100704,8295624,B
2132100704,8270739,B
2128471862,7529481,A
2128471862,7042629,B
2128460024,6944384,B
2128281921,9419213,A
2128275981,7454242,B
2128354108,9673369,B
2128863666,6020178,A
2128826231,8941733,B
2128826231,8898185,B
2128715362,10102450,B
2128764931,9431565,C
2128755441,10799113,B
2127884726,9755630,B
2127884726,9755630,B
1588021844,6410023,C
1588021844,7314631,C
1588021844,7250171,C
2128114769,8790876,A
2128114769,8790876,B
2128024075,7695725,A
2128024075,7927606,B
2129899370,7262046,A
2129899370,7244610,A
2129851138,6031153,C
2129972705,8473754,B
2129812935,8406525,A
2129768577,6894628,B
2129768577,7286710,B
2130011407,9499629,B
2130059696,7217511,C
2130035528,8716017,C
2130103410,9827299,B
2130130498,7244424,B
1590191111,6197524,B
2129973151,9469685,A
2129161262,8550267,B
2129172946,8026053,A
2129317488,10697028,C
2129583552,7718369,B
2129586833,9670469,B
2129397299,8399603,B
2129386251,7158722,B
2129386251,7006767,B
2129387769,8987327,B
2129420079,7580499,A
2129536938,9470552,C
2136452109,8492100,B
2136346116,9831360,A
2136275361,7758773,A
2136262501,9665566,B
2136853261,9728703,A
2136853261,9728703,A
2136873201,8101723,B
2136584496,7970123,B
2136513103,6019973,B
2136541538,9057053,B
2136666222,8697840,C
2136710620,9475791,B
2136710620,9475791,B
2136609850,9616635,C
2136623699,7718845,A
2136623699,7807862,B
2136647536,7763432,B
2135772494,7279305,B
2135770505,5880482,B
2135796222,6218600,B
2135852993,10624943,B
2135857288,8572064,A
2135707882,10241045,B
2136170185,8311121,B
2135975000,4503435,B
2137944160,7329545,B
2137741805,9645151,B
2137696175,9449225,A
2137825655,5241675,A
2137826201,10494645,B
2137858291,8705407,B
2137788606,9726114,B
2137798697,6583108,B
2138234690,9322023,B
2138080168,6891964,C
2138034591,8515792,B
2138119799,8848978,B
2137091415,6670195,B
2137128254,7380756,B
2137264828,8933032,B
2137264828,8933032,B
2137198352,8608801,C
2136923821,8689083,B
2137557621,9982301,A
2137554605,9101764,B
2137554605,9101764,B
2137622193,7287140,A
2137368421,6262239,B
2137311570,8709745,C
2137447370,7745155,B
2137380741,5833978,C
2133803071,8384763,B
2133767482,7110650,A
2133779402,9913820,B
2134103648,9960443,C
2133963438,9908884,B
2134056613,6711577,B
2133106116,6951754,B
2133125052,7579171,B
2133247880,8509578,C
2133278828,8594398,B
2133278828,8750375,B
2133218818,8105585,B
2133231180,6261788,B
2132967231,7917302,B
2132938454,9201146,B
2132938454,9007570,C
2133024012,7769096,B
2133011550,7742592,B
2133011550,8594320,B
2133048537,6144542,B
2133527161,10403446,B
2133628382,6355681,B
2133371060,7404640,B
2133351541,5124504,A
2133379098,9267946,B
2133379098,8338188,B
2133302347,9579315,B
2133302347,9579315,A
2135151522,10273291,B
2134881389,6464985,B
2134952259,7794936,A
2134962837,8675876,B
2134962837,8675876,B
2135486162,9579284,C
2135486162,9308179,B
2135486162,9308179,B
2135486162,9198874,B
2135486162,9198874,B
2135486162,8623417,C
2135465495,9507367,B
2135541439,8112095,B
2135241616,8772693,B
2135399146,9987380,A
2134322626,8980285,C
2134321579,8932771,C
2134321579,8932771,C
2134243564,9060714,B
2134364684,8566259,B
2134361208,9207357,B
2134402164,8012949,C
2134400438,5290759,A
1594343721,6472586,B
1594492199,5656463,A
2134728278,6289488,B
2134754781,9399662,B
2134759932,6828140,A
2134461357,9399672,B
2134602501,6473048,B
2134556385,8882977,C
2134573232,7846895,B
2082215259,8571629,B
2083884258,5776762,B
2078453114,8704577,C
2080858810,4806343,B
2080363338,8603808,C
2080350448,9824265,B
2080350448,9824265,B
2080470585,9732389,B
2080470585,9732389,B
2078916077,10056554,B
2079536685,10230240,B
2079536685,10169833,B
2079365006,8695012,A
2091294651,9415562,B
2091294651,9415562,B
2094486285,7859944,A
2090685385,5977304,B
1963576753,7463412,B
1963544425,7470430,B
1963540519,8634074,B
1963636589,5955318,C
2063260833,9830813,B
2062012755,8811212,A
2062012755,8804490,B
2062015046,10001773,B
2062015046,10073444,B
2062294208,8988754,A
2065414854,5526465,B
2064303975,6309644,C
2064303975,6248872,B
2073371985,7629443,C
2074383640,7858758,A
2068333272,7629443,B
2068053518,10622110,B
2067040891,10193578,C
2070982098,11066449,C
2068834169,10467537,A
2117094974,8445537,A
2111596432,8332024,A
2112348857,7209883,B
2112348857,7165029,A
2109742433,8401984,A
2109827152,8442567,B
2113952960,8423343,B
2123339893,7629443,C
2125526377,8772515,C
2125336290,9588416,C
2125278470,7420824,A
2126234700,6904422,B
2124848485,8320666,B
2118619855,7629443,B
2118488578,9357331,B
2118235670,5120658,B
2120771428,9374409,B
2120771428,9374409,B
2119036640,7052889,B
2119779484,5410548,B
1963689690,10004809,A
2098296210,6567936,B
2097950658,4315093,B
2097950658,4209458,B
2096037729,8834169,C
2095922672,8948776,B
2099593566,6009394,A
2098669323,8391548,B
2106630408,8589228,B
2106585632,7029921,A
2106279568,9556281,B
2105475321,4884489,B
2105626573,7629443,C
2109526177,8750375,B
2108558598,9786850,B
2108558598,9457128,B
2108558598,9457128,A
2108338691,9689039,B
2102101519,8223626,B
2100325674,7820181,B
2103886509,7977972,B
2104063265,6980936,B
2104049498,7517851,B
2104856301,9410182,A
2104856301,9410182,A
2018683591,9937270,A
2017466857,9580752,C
2021244484,8569579,B
2016346537,8332945,A
2014764918,9738688,B
2014873207,7924059,A
2022829108,10624609,B
2022995384,10591519,B
2023791612,9442999,B
2023791612,9442999,B
1957949350,9946825,A
2002292710,7923204,B
2000613506,8692064,B
2000581391,8190403,B
2000581391,8009168,A
2000581391,7990377,A
2000467917,10027126,B
2001226946,5951457,C
1999489616,6270591,B
2009264916,9227318,B
2009728008,4875022,B
2009616550,8867891,A
2007763722,4088954,A
2011676640,6337091,B
2010913524,9916655,B
2010913524,9916655,B
2004317329,9118335,A
2003472336,6100893,B
2005513967,9481945,B
2005629189,7912171,A
2005922255,6855872,C
2048915679,9089589,B
2048919215,8659461,B
2049532535,6946248,B
2050181337,6905686,B
2050891945,9015164,B
2050891945,8983961,A
2051030146,8560566,A
2051030146,8478753,B
2043612250,9013555,B
2043415151,9498846,C
2043415151,9498846,C
2043075591,9858492,A
2043075591,9858492,B
2046378328,5916748,B
2045971250,7149368,C
2059348147,9018642,A
2060425997,9149543,A
2054207648,8190232,B
2054182419,9227318,B
2054182419,10073444,B
2054182419,10001773,B
2054182419,10001772,B
2053452202,9616139,B
2054348148,8859532,A
2052366312,8003404,B
2055142978,8729012,B
1963480618,6216063,B
1962739493,5770428,B
1962673747,10598773,B
2031911761,8557767,B
2030962800,7381862,C
2030948778,10027126,B
2034149802,11364285,B
2032974390,9513240,B
2032974390,9513240,B
2039215669,8843320,C
2039215669,7935679,C
2035107772,6778724,A
2487933172,6798537,B
2511904175,10761232,B
2514283788,9871346,C
2514283788,9871346,C
1964248398,9279977,B
2597729663,10031424,B
2537151882,6894642,B
2536935267,10992705,A
2535932297,10396807,B
2561268402,10850395,B
2543608540,5578923,A
2547118544,11304679,B
2329994436,9993436,B
2322569195,8132410,B
2302952418,10481149,B
2317863135,10545069,A
2432420929,10181065,B
2443557827,10584387,B
2483139198,10585462,B
2482368812,7706261,B
2478294658,11555034,B
2962870000,9477796,B
2979947802,8603740,B
2980061890,11475059,C
2985693211,10850395,B
2982130857,11817903,C
2965289829,11727255,A
2975474936,11822902,B
2974682456,11480917,A
2907844526,11623248,C
2910225835,10923442,B
3012950497,10970432,B
2801952436,11278608,B
2791886312,11455427,B
2794927212,10815292,B
2691405956,10726826,A
2619948126,10843971,A
1964502974,7821739,B
2808525170,11310107,C
1964379722,7425624,B
1964395868,8945722,A
1964395868,8945722,A
2901117591,11281905,A
2900619298,10693565,A
2904399753,10644804,A
2144509143,8252893,B
2143505417,8126594,B
2143598267,9321828,B
2140082184,8909242,B
2139936097,8020082,A
2142355160,8542760,B
2140520890,8750375,C
2153428021,8194990,B
2154256752,9838318,B
2152249986,9012390,B
2152249986,9012390,B
2155207829,8867634,B
2147284543,8835141,B
2147314603,9227318,B
2150669190,8332388,C
2151539653,7629443,C
2149427905,8441242,A
2149317841,8420310,B
2150006707,7305421,B
2138146368,6169321,B
2132501281,7982057,A
2132501281,7794991,A
2128679219,9158788,B
2128679219,8495250,A
2128272172,6292791,A
2126484489,8023160,B
2126484489,8014035,B
2126454462,6493042,A
2126416908,8503778,B
2126586599,8103599,B
2127021634,8612200,B
2129973583,8855199,C
2129794659,7017130,B
2129566748,8219563,B
2135388600,8607350,B
2135422503,8824491,B
2135430119,9367363,B
2134418812,10780298,C
1963953102,5437975,B
1964031998,5231089,B
2133515844,7949252,A
2133515844,7962033,A
2133515844,8189065,A
1963990833,8084264,B
2171321077,8233558,B
2172254542,8667158,B
2175435732,8703963,B
2252700338,9776895,A
2252700338,9776895,A
2259857371,9107617,B
2288016879,10487635,B
2163000654,4797215,A
2164062153,9021409,B
2164062153,9021409,B
2164040421,5593869,B
2158003831,7460733,A
2157997512,6011775,B
2157997512,5864540,B
2158471936,6389377,B
2158667234,9141474,C
2156645663,6996249,B
2156727410,7972271,B
2160958621,7124381,B
2160958621,7017130,A
2160112404,9783784,B
2160112404,9783784,B
1964105983,6617355,B
1964162596,11232319,A
2166919355,6632623,C
2167693325,9105403,B
2167693325,9105403,B
2508033580,10427946,A
2525079554,11351200,B
2525079554,11253551,C
2549291669,8575554,A
2549291669,8575554,B
2565783693,10143081,B
2564304774,11022696,A
2535123434,7769798,B
2528926462,10154353,C
2528926462,10057693,A
2541937926,9327317,B
2542368076,7911386,B
2572251944,10516267,B
2402356521,10347238,C
2466401732,10342864,B
2469855258,11382561,A
1932626637,5976536,B
2810321144,11175441,A
2796339975,11217265,B
2796339975,11107460,B
2795580403,11417011,C
2798611956,11494446,B
2798450619,11701656,B
2892360674,11016516,A
2883138602,11190363,A
2884023608,11090333,A
2886981087,11310041,A
2773454801,11502542,B
2770976223,10856806,B
2763545030,11229383,B
2765753692,11783217,B
2765251425,10897091,B
2788813626,5831914,B
2781530969,11268147,B
2780712648,10972215,B
2782402231,11021688,B
2785764160,11645043,A
2786145011,10155806,B
2952039517,11431144,B
2910027519,11416774,B
2927488266,11362482,B
2924842639,11316445,B
2610472635,11095922,B
2613948643,10585960,B
2607707786,10937250,A
2607259905,10545261,A
2619948126,10858292,A
2588432486,10668082,B
2588672439,10612056,A
2604274373,10609284,B
2594538289,11387685,C
2592686544,10991517,B
2595836948,9988603,A
1934575827,5000000,A
2757432239,11363400,C
2745445437,10583116,B
2738449271,10572979,C
2738449271,10607319,C
2738449271,10586310,C
1933600315,6043062,B
2168894448,8363926,B
2169079409,5121060,A
2168138105,9246310,B
2168439999,9852816,B
2168331871,8896579,C
2164809687,9488716,B
2164809687,9488716,B
2165048773,7680638,B
2165139231,8280643,A
2164918307,10260098,B
2165965740,8159736,B
2171919597,6539352,B
2172811123,6301275,A
2183454782,10869652,A
2170160409,8663624,B
2170548432,9198621,B
2170548432,9198621,B
2169790941,6775321,B
2169790941,6525523,B
2169837676,5587919,A
2171590261,5733727,B
2171451993,5747258,B
2158885737,9255141,B
2159094299,10106782,C
2159129180,7907786,B
2159094299,10106783,A
1922665393,7215718,C
1924364089,5446143,B
1923873710,10672933,A
2162396394,9272994,B
2161549313,8410843,B
2163462607,8829242,B
2162795673,8883043,B
2161508808,7260501,A
2159180157,6947886,A
2160776698,9556237,A
2317554121,6472373,A
2292406308,11103167,A
2296392266,10444136,B
2383005638,10581665,A
2334143744,9228949,B
1925304295,5628994,B
1928000054,9839718,A
2195298275,10291474,B
2205651952,10272126,B
2252774054,10896490,B
2279214833,7833966,B
1789264759,7629443,B
1758781133,11298407,B
1876763706,6600382,C
1864513115,9492441,A
1840701820,9790500,B
1603985329,8929417,C
1607647487,10691095,B
1718337629,7346780,A
1736190149,5390278,B
1718337629,7228426,B
1693951671,7924332,A
1645126718,10073444,B
1645126718,10001773,A
1661825446,5108025,B
1964723322,6778246,B
1964468377,7394947,A
1904473132,9037203,A
1915167278,10242321,A
1915167278,11010682,B
1950165186,5585264,B
1513611050,8190982,B
1510790526,10885149,A
1576926893,7018801,A
1577788031,4894326,B
1600253017,7890157,B
1593280052,10081263,B
1594211225,10393685,A
1951305502,6582925,A
1561335619,5863739,B
1558769186,8190982,B
1984841794,8049063,A
1985928877,10743750,C
1985234941,5005147,A
1989071669,10321892,B
1987459466,5414324,A
1987459466,5387842,A
1982152748,7622710,C
1982122133,6618702,A
1983414368,7589189,B
1995727373,6974791,C
1996229916,7951572,B
1996005798,7381862,B
1995366090,7435873,B
1997603836,10224835,B
1998501626,7629443,B
1998678666,5502706,B
1998560561,7629443,C
1996810741,7629639,A
1997216240,9762352,B
1997216240,9762352,B
1997223309,9493513,B
1990118809,9227996,C
1993998592,7199582,A
1992262101,10181101,B
1969353249,9461871,B
1955185109,4689397,A
1977004682,8097406,C
1979975141,9779496,B
1979653598,8443350,A
1979475823,8962272,B
1972821452,5053085,B
1974725438,10033263,B
1974411737,10073444,B
1974411737,10001773,B
1975061635,8909328,B
1944281672,10098971,B
1941682190,9974807,B
1941682190,9974807,B
1941682190,9561253,B
1941682190,9504717,B
1941682190,10080769,B
1943149360,6760699,B
1943833960,9806164,C
1943615669,9005923,B
1943615669,9005923,B
1942425889,7047477,A
1940147941,6917985,A
2960236945,11669986,B
2953682732,11788091,B
2980257194,11704409,C
1944484547,11028107,B
1487484076,6301275,C
1487484076,6327282,B
1493095665,7561613,B
1493095665,7496128,C
1493095665,7340009,C
1508202659,8361932,A
1499260602,6801258,A
1498995542,5019958,B
20050269,6846971,B
186232596,7225173,A
107723129,4457915,A
2316573420,10662164,A
2312225750,9371347,B
2312225750,9371347,B
2320934881,9890480,B
2320934881,9890480,B
2276043190,10607303,B
2276043190,10210568,A
2275202545,10607303,A
2275202545,10210568,A
2331302678,6046183,B
2176929707,6528510,B
2543717658,10491301,A
2611228580,9799817,B
2611228580,9799817,A
2611228580,9666743,B
2598899113,10590392,B
2404466761,10830780,C
2481884544,10509374,B
2140753186,4829770,B
1966638383,10487635,B
2136951832,8520909,B
2122028809,5852175,B
2135354796,4857311,A
2152753640,10305331,C
2156285128,5936751,A
2149487039,9475777,C
2162052795,7006656,A
2159491201,9739737,B
1966783728,8993609,B
2144366379,6252989,B
2143055713,7964701,B
1967099696,9671424,A
1967099696,9671424,A
1507228714,6812329,B
1966997446,7200243,B
1967033548,8315357,A
1967190886,7084868,A
1967137553,6140052,B
1967203123,5849523,A
1967203123,5627048,B
1537194673,5830429,B
1519658181,7070779,B
1559379234,10644832,B
1567793583,7704509,B
2909700826,11642524,B
2030838107,9402891,A
2028264507,4423147,A
2026230250,11028443,C
2055873243,6849398,A
2059716882,7943269,A
2045020443,7179779,B
2049883735,6337091,B
2049812168,4894270,B
2002937759,4388236,B
2002181967,6427234,B
1999311112,8470790,B
1990569289,5486214,A
1966410745,7924059,B
1966410745,7863937,B
2017474351,8603949,B
1966297174,9750427,B
2084857051,4402601,B
2082467544,4835098,B
2083167797,6957554,B
2107604367,9088716,B
2116120141,9697587,C
2092849346,7914797,B
2103547742,9490113,A
2103547742,8110796,B
2103547742,8110796,B
2097968615,5298896,B
2063579199,8983206,B
2063579199,8532396,C
2063870756,4471057,B
2063866479,6017538,B
1966479600,6235263,A
1966531606,9823623,A
1966531606,9823623,A
1966531606,9507321,B
2086848756,8563934,B
2086845784,5714682,B
2093812099,9227318,B
2084690414,9249392,B
2084690414,9249392,B
2081740252,8501157,B
1967848107,9374887,C
2109255472,9542621,A
2109255472,9424493,A
2108023699,6979446,B
2099096003,7460119,B
2094139226,9468680,C
2096156981,6883376,A
2103301959,10007336,A
2100466741,9717417,B
2100466741,9717417,B
2102526806,5614377,B
2063579199,8515182,B
1967698679,6600091,A
1967646809,8737846,C
2054342403,4752395,B
2053639410,10181101,B
2061994809,9126392,C
2059375895,5819945,B
2071676940,4325733,B
2075608977,9651548,A
2075933757,5166057,B
1967750727,9540481,B
1968007428,9347077,B
1968007428,9347077,B
1968009178,7519257,B
1968035972,5589562,B
1968035972,5484867,B
1968064690,7569217,B
2159615580,7344700,C
2165256647,7280604,B
2329106669,10197040,B
2328430079,10870705,B
2312278574,10407535,B
2322605328,9383096,B
2169823173,5112945,B
2120401448,4550086,B
2131603746,4833401,B
2127745808,9197597,A
2127745808,9197597,A
2110401393,8685718,B
2116501809,9388399,C
2118296581,8535725,A
2118809707,6130206,B
2113885995,6026286,A
2146016509,9822135,B
2146687065,6219591,A
2140826318,8898537,A
2140826318,8898537,A
1989606164,7063955,B
1988960521,5120658,B
1967326623,8198099,B
2005559846,9373749,B
2004801161,9913580,B
2008724537,4535179,B
2010020475,10034738,B
2009160632,9074198,B
1994644118,7530273,B
2000362657,5202124,C
1925471093,5166057,B
1969429034,8075562,B
1836114663,3978510,C
1979746030,10273294,C
1985747943,9265685,A
1986707117,5223802,B
1986707117,5144261,B
1985384441,9751781,C
1985384441,9751781,C
1970643807,8144759,B
1979471273,8343922,B
1976001517,10944986,B
2030522726,7579427,C
12837264,7038113,B
2051673624,9227318,B
2051100798,5360714,B
2050518725,10780298,C
2038656525,6429965,B
2038781258,6917985,A
2035516559,9564976,B
2042666957,8231848,B
2024742545,8202820,B
2023413804,7224458,B
2024367407,6083687,B
2013420172,9688994,B
2011893864,10106783,B
2014811257,5347354,B
2014414882,8559002,B
1967586973,8244341,A
1967593135,9268436,C
1967566176,8865297,B
140434592,8642953,A
1967516426,7416890,B
2028703756,8130028,A
2029583250,7550562,C
2024554676,4640756,B
2025558792,9274001,A
1965209043,11013415,A
2038284539,8952333,B
2036785044,6476076,B
2034658172,6280604,A
2034233362,8111893,A
2005238154,4135959,B
2005529221,5385633,B
1997427234,5188983,A
2000812816,8324158,B
2012225661,4196265,A
2015918129,4859972,B
2015212543,4902505,B
2078931943,7405077,B
1965400258,5557441,B
2090701936,6897238,B
2090530098,5317158,B
2082665530,9014415,B
2055722439,7989376,B
2055122158,7486827,A
2055122158,7486827,A
2053946022,4608268,B
2053972082,6265551,B
2047577128,8755517,A
2051030146,7996394,A
2051030146,7966320,B
2068570668,5614494,B
1965332127,7627900,B
2071313281,5308854,A
2070953040,9687145,B
2063614293,8060494,B
1494301431,9709554,C
1163603092,10677722,A
1514692050,7296158,A
1521867551,5871909,B
200776864,5352422,B
576867606,10813951,B
1544164164,5153311,B
1532596011,8255405,C
1532596011,10754896,C
1964771198,8211645,B
1964909055,5920831,A
1964846007,8541649,C
1964669290,8676302,B
1964575026,8940142,B
147564659,4870163,B
1964988197,9952204,A
1976963260,7378233,B
1976957446,5877403,C
1977150735,5112945,B
1964959966,8802080,B
1978216712,9163067,C
1993000511,10047346,C
1992750546,9722930,B
1992750546,9722930,B
1992748881,7330509,B
1983012121,7491930,C
1986262235,9795687,B
1986262235,9795687,B
1986438556,10421753,A
1794432784,9624287,C
1794432784,9624287,C
1833132948,9875554,B
1571954921,3950529,B
1582659671,10013575,A
1600055553,10241176,A
1969515942,9609318,B
1968803022,6464489,B
1974236609,7375526,B
1971807768,9058452,A
1916385177,5977337,A
1963568712,9275068,B
2964245292,11349598,B
6988631,5744327,B
2783704865,11108413,B
2781399842,11365413,A
2793845333,10758540,A
2752488036,11005887,A
2771003264,10930933,B
2760342737,10465091,B
2798932700,11232355,A
2602196942,9949965,C
2605127024,10410351,A
2604469346,11004208,B
2581708802,5001770,B
2587727342,10138486,B
2741695479,11492370,B
2738449271,10475165,B
2612702858,10884139,B
2613538410,10659790,B
136883856,9589361,B
1965931720,7572612,A
1965903675,9157908,B
1965958910,6518016,B
1944951572,4045408,B
1966183258,9345776,A
1966234833,6017761,B
1981492597,5639855,B
1982175695,8957072,B
1978304678,9088716,B
1986594358,4613818,A
1986590322,4793996,B
1988124485,10133150,B
1988533916,8815935,B
1968660655,8153155,A
1973251399,7521928,B
1973628782,7384741,B
1966150717,8608314,B
1966091621,9932560,B
1966091621,11059869,B
1710735540,4612281,A
1664447505,5547856,C
1664447505,5580963,C
1666619372,5025391,B
1498027271,7860311,B
2131945953,6620985,B
2128438310,9255040,C
2129891858,7759106,B
2137106047,9485048,A
2134142864,7966061,A
1965593392,8210683,B
2125749846,7286135,B
2125749846,7184052,B
2127521623,6775405,A
2152670192,9078920,B
2152203125,7787030,A
2138340312,8053210,B
2138340312,7874128,B
2139919946,7769115,A
2146274064,8673291,B
2145194393,4324860,B
2145194393,4133875,B
2105042868,8859879,A
2108862644,8195669,C
2110231810,8891625,B
2099911520,6197587,B
2099911520,6150587,B
2097383983,8358880,B
2098039799,5869474,B
2104712945,10186169,C
2122742318,7629123,B
2123113293,9407912,B
2123113293,9565436,B
2123735079,6266704,B
1965487319,9139621,B
2115213492,9791258,C
2115213492,9354039,C
2116939169,7574334,B
2116712978,7864880,B
2117395183,8424751,B
2114525688,6493317,C
2114518749,6665556,B
2114271456,9044335,B
2117958350,11322224,A
2335248059,9971564,B
2335248059,9921808,B
2335248059,10318242,B
2335248059,10305484,B
2335248059,10171083,A
2296450103,11109781,A
2308741271,6477407,B
2271772628,11473081,B
2319433301,5710031,A
2319433301,5670350,A
2315464224,5171810,B
2513237830,10632688,A
2513155043,10655954,C
2509175697,11821899,B
2482132764,10781099,B
2166016416,9696404,B
2163270257,7367024,B
2170568518,5300307,B
2170527013,5840547,A
2167973982,8090709,A
2167973982,7693908,C
2169040970,8175384,C
2156842971,9659372,B
2156842971,9659372,B
2156959175,9809858,B
2157792708,9096662,A
2157070558,7199793,A
2153925444,6324679,B
2160562545,9381194,B
1965767049,11050076,C
1965723431,4625015,C
2263386426,10552709,B
1965780953,9239332,B
1965790684,5079151,C
2181165975,6506600,C
2219638600,6939549,C
2244894619,5709995,B
2965413042,11621633,A
2967198658,11621078,B
2964238892,9697982,B
2964238892,10319556,A
2964232926,9605276,B
2964232926,9605276,B
2964232926,11344613,B
2965007487,11331313,A
2969203401,11816910,B
2963882606,10663361,B
2964016861,10690809,A
2978013491,11340183,B
2979338313,11193946,A
2979242064,11307252,B
2972964159,11238966,B
2970343794,11652330,B
2970309183,11637904,B
2971545017,11692276,B
2971079940,11400143,B
2975836787,11676032,B
2973193955,11816867,A
2951901325,6160128,B
2951767800,11384367,B
2952241351,6215021,A
2959627720,11694749,B
2963387550,9883347,B
2963387550,9584976,B
2963015954,10951919,B
2962882009,11646776,B
2963174157,7876901,B
2954051589,10835624,B
2954000939,11459499,B
2953713861,11824461,A
3021363888,10274496,B
3016940372,11351760,C
3010148517,11834487,B
3006367481,10888237,A
3008918333,10691098,A
3012272172,11402392,B
3013081454,11626755,B
3022473539,11819520,B
1831258754,5831013,B
1829280477,10532983,B
2990504128,11379981,B
2990014650,11704803,A
2991077050,11621633,B
2991465041,11640720,B
2980939414,11034584,A
2985719832,11791146,A
2983519477,11036865,B
3002705197,11704803,B
2998820907,11296715,A
2999006774,11813319,A
2999006774,11801296,B
2999006774,11007263,A
2993926737,11278631,B
2993278946,11646165,B
2998066372,11229690,A
2998345757,11820996,B
2997856002,11339376,B
2995687198,11773143,A
2913619306,11621668,B
2909120324,11293013,A
2909944598,10830026,B
2910225835,11157674,B
2909414856,11407817,B
2909414856,11407816,B
2921214093,11495215,B
2922060538,11035817,B
2919550148,11342642,B
2919308409,11340324,B
2924382816,11768249,B
2923328608,10570467,B
2917405238,11028418,B
2896007914,11114854,B
2894008132,10822634,A
2894873242,11369586,B
2897437630,11060120,B
2897586602,11826495,B
2897550432,11345725,B
2896256958,11353424,A
2896256958,11167247,A
2896256958,11079387,A
2896287970,11834442,A
2897039802,11494446,B
2890122878,11752349,A
2891750603,11754481,B
2891668092,11727629,B
2901511860,11753638,C
2901601628,11360023,B
2901584833,11362482,B
2904555209,11403761,B
2904702098,11338033,A
2904754882,11632386,A
2903171769,11291698,B
2903819617,11644470,B
2898604241,11029308,B
2897880886,11155578,B
2900341358,11190363,C
2900341358,11184180,C
2900850328,10903992,A
2950291362,8821635,B
2950493887,10017388,B
2949925894,11352703,A
2950000845,8501136,B
2951134132,11149053,A
2951125887,9114390,B
2951125887,9114390,B
2950798391,5750381,B
2951046562,11106848,B
2944329810,11851491,A
1815923351,6691563,A
1816587284,11191727,B
1816587284,10137190,A
2943958438,11685986,B
2937213596,11746208,A
2938505058,11630007,A
2938207963,11754481,B
2929448170,11754481,B
2934910797,11749694,A
2939536149,11672474,B
2939164678,11170789,B
2939164678,11107460,A
2940448674,11718917,B
2948746391,11308658,B
2947643561,11312895,B
2949310029,5662876,B
2946552471,10906029,B
2944722363,11459499,B
2945270629,10669155,B
1843973537,10995452,C
1838490064,7664642,B
1846656728,4571385,B
1848937836,5574023,B
1848667534,6292916,B
1844925317,11345956,B
3026639193,11830743,A
3025945195,11619847,A
1835239585,10814020,B
1835298161,6824972,C
1835503605,10481120,B
1837383530,6716429,A
1837046846,6734604,A
2568584975,8279781,B
2566937399,11439701,C
2570465105,10219083,A
2569806456,11092532,B
2569996991,10866149,A
2569678346,10808173,A
2569676673,10766181,B
2569647197,9808505,B
2564276938,10329538,C
2564487662,10730983,B
2565588201,10677891,B
2565811734,10093900,B
2565811734,9993502,B
2565811734,9993501,B
2565811734,9969975,B
2565811734,9950011,B
2565811734,9950010,B
2565811734,10093899,B
2581708802,5034872,B
2581708802,4980620,B
2581708802,4973174,B
2581641697,10598612,A
2581452829,11702672,C
2582178220,10408416,A
2581008992,10775429,C
2581406049,11202808,B
2571697399,7820167,B
2576820769,10598594,B
2578190158,11839616,C
2577870095,11318186,B
2575185543,10745675,B
2559974977,11840708,A
2560386047,11371023,B
2559788653,11624056,C
2560517479,10246686,B
2560499949,11118048,B
2560774086,10821175,B
2555950968,10601305,C
2558387501,11209392,B
2558640301,10443049,C
2559143441,11499177,B
2559045355,11406826,C
2558382203,10031133,A
2557757724,10125129,A
2557739892,11365195,B
2557599064,11474106,B
2557785604,10336678,C
2562506588,11339192,B
2561463699,10774431,B
2561826662,11349708,C
2561755873,11286531,A
2563791558,10552671,B
2563082090,10744488,C
2563002513,10570032,B
2563378637,11725045,A
2563361853,11371062,B
1785111426,10155806,B
2561037076,10319463,A
2561153484,11111251,B
2561153484,10899759,B
1785111426,9365639,B
1785111426,9365639,B
1785111426,9212217,B
2598370095,11300774,A
2597494578,10052304,B
2597242089,11183301,B
2600139053,11430577,B
2594474754,9971564,B
2594474754,9921808,B
2594814795,11363831,B
2594764564,10526639,A
2593981370,10700234,B
2594324579,11269294,B
2596741347,10336678,B
2595002955,11125751,B
2595366734,11694824,B
2595904780,7166797,C
2605482910,10535508,B
2605031240,11160260,B
2604991851,11406826,A
2604853986,11186872,B
2605177850,11047008,B
2606549030,10640954,A
2606915822,10266887,A
2606915822,10266886,A
2606418580,10758486,A
2602200632,10940476,B
2602571930,10889841,B
2603070667,10708995,B
2602848774,11493667,B
2601031109,10601305,A
2601432473,11498062,B
2604433385,11320641,A
2603552789,9400412,B
2604093632,10759774,C
2587397315,10533029,B
2587530790,11076573,B
2588217511,11040323,A
2588542783,10800031,A
2587896554,11850290,B
2587779537,10629833,B
2583635742,11279936,A
2584309269,9206427,B
2583171827,11099136,B
2583405078,11210939,B
2583405078,10847036,C
2583405078,10345449,C
2582888988,11761007,B
2586297008,10724809,B
2586297008,10502505,B
2585354454,11001681,B
2592566687,11278505,C
2592448201,11713472,B
2592642294,10318242,C
2592642294,9971564,B
2592111148,10533029,B
2592251528,11311600,B
2593090407,11124761,B
2593011071,10644832,C
2589307157,10435443,A
2589894933,10426775,C
2588910710,10888956,B
2588791993,11499981,C
2589073831,10333485,A
2589151448,10914959,A
2589086684,11364304,B
2591405070,9837239,B
2590050853,11840776,A
2526653212,10373313,C
2523099503,11254933,C
2523078400,11717480,C
2524461632,10273260,C
2523833011,11067952,B
2532557851,5437811,B
2531587269,11142775,C
2531587269,11702672,C
2531529312,9890426,B
2534077362,10529440,B
2533175705,6389581,B
2533168162,10398759,B
2533168162,10293027,B
2533168162,10159711,B
2533264018,10300131,C
2533393212,10868737,B
2528870212,10753995,B
2530469672,10197040,B
2520249977,11041207,B
1771394546,9933440,C
1771394546,9933440,C
1771011854,9632030,C
1771011854,9632030,B
2519819282,10766071,B
2518887096,10562913,B
2518966090,11112409,B
2518978215,5478557,A
2519176061,10934241,B
104162003,5809937,B
2520804332,10031240,A
2521945479,10388349,B
2521803214,11105813,A
2521436873,11033615,C
2521436873,10898566,B
2521318807,10403767,C
2521275029,10226063,B
100809190,8983808,A
2545941203,9552544,B
2545941203,9552544,B
2545623294,9360570,B
2544552424,8275451,C
2544766345,8050749,A
2544397556,10690809,C
2544397556,10670782,C
2544397556,10488651,C
2546563590,9132174,B
2543808977,11829935,B
2543808977,11222304,B
2544163652,8953070,B
2542247256,9830470,A
2542276916,9361681,C
2552737552,10404034,A
2553360969,10661100,C
2553087624,9280744,A
2551667199,11407792,C
2552145914,10697953,B
2552057194,11632953,B
2555052145,11299524,B
2555054553,11053301,B
2554341508,11118977,A
2554251271,11200291,B
2554528613,10093906,A
2554251271,11182451,B
2549354364,9175331,B
2550790024,11434301,B
2550646651,11446315,C
2550663291,11284826,C
2551067706,7820167,B
2551024176,11280797,B
2550276128,10347282,B
2538648453,10524344,A
2538194560,11369895,A
2539221388,11246856,C
2541029835,11344612,B
2540388889,10539669,B
2540269160,9369255,B
2540269160,9369255,B
2535320638,11771770,B
2534307122,5082794,A
2534772180,10888603,B
2536270941,10344297,A
2541201121,8953070,A
2541401799,11486094,C
2789951514,11272175,B
2784004756,11813057,B
2784064188,11208415,B
2783329008,11782045,C
2783375972,11396499,B
2783707858,10873502,A
2783658058,11351119,B
2786337676,11808877,B
2785755719,7538062,A
2784957321,10745354,B
2785566636,11214646,B
2785677301,11306142,C
2785677301,11466083,B
2785677301,11723925,B
2785460588,10694959,B
2793357396,11084912,A
2792629212,11146069,C
2794399395,11156609,B
2794356178,11292803,B
2793565438,10995452,B
2792052638,11062044,B
2791916762,10407375,B
2791711677,10900960,B
2768862373,11802983,C
2769350489,11474077,B
2769325850,10754959,B
2769325850,10659488,B
2769325850,10650150,B
2769263426,10907150,B
2768591590,10877120,B
1805253056,10982286,B
2770397622,11730561,B
1796900355,9879049,B
2767806813,11149313,B
1798922910,10745641,B
1799699644,7491635,C
2778341865,11394370,B
2782809417,10949166,B
2783105062,11239067,B
2783105062,11205568,C
2783105062,11049712,B
2783027181,10680455,B
2783027181,10673242,B
2783027181,10673241,B
2781609745,11350841,A
2781609745,11344216,B
2781752899,11773142,B
2782287656,11799398,C
2772086761,10541722,A
2772427550,11643643,B
2775460579,11459360,B
2775772543,11327004,A
2775772543,11315292,A
2775275220,10848079,B
2774953452,10964916,B
2775147596,10687520,B
2775004242,11370769,B
2884476223,10583188,C
2884445725,11471865,A
2884300889,11371394,B
1807715620,5985610,B
1807715620,5871998,B
1807715620,5756284,B
1807715620,5744142,B
1807715620,5716620,B
1807715620,5709996,B
2812727290,11002694,A
2811252608,11168134,B
2810710420,11353424,B
2810641822,11802147,C
2810767862,11020375,B
2883759998,11449735,B
2868576343,10829795,A
2887606423,11318137,B
2887122928,10461540,A
2888135310,10933609,B
2888362647,11767560,B
2885903823,11247976,B
2884960582,11407725,B
2884783182,11434504,A
2885311140,11407817,B
2885311140,11407816,B
2800305907,11783100,A
2800279348,10847829,B
2800272867,11066436,B
2800910598,10487117,A
2800191626,11174238,A
2802545170,11034732,A
2801227197,11117865,B
2801315954,10950794,A
2801389376,11819516,B
2799681212,10591410,B
2795962061,9562927,A
2796779053,10537547,B
2798741974,11464443,B
2798701005,11392830,A
2798434869,11748665,B
2798434869,11295223,B
2806578062,11832801,B
2806277324,11427873,C
2807074093,11161886,A
2807213851,11371847,B
2809187472,11186678,B
2803791372,11162097,B
2803551152,11828822,B
2802708321,11629180,B
2805302875,11402382,B
2805022912,11124830,A
2624519431,11738008,B
2624230523,11225661,A
2624201135,10854911,A
2625303446,10333477,B
2623534486,11701453,B
2626832796,10808256,B
2641609028,11002526,C
2643397491,11322259,A
2633535493,11054243,B
2618773610,10670580,B
2618652115,11046991,B
2618406626,11378717,B
2621785677,10828310,B
2621812342,10576429,C
2621908234,10597681,B
2621647941,11268082,B
2621647941,11214780,B
2621908234,11440808,B
2621311806,11635456,C
2621333324,10990580,C
2621173434,11660331,B
2730859341,10953385,B
2730859341,10780388,B
2726768474,11279765,B
2726053863,11286468,C
2734328419,11092605,A
2734774145,10249305,B
2733084528,11415664,B
2733026856,10144767,B
2680346971,11203582,A
2697735281,11092486,C
2700595004,11238333,A
2656506499,11660331,B
2648229824,10695403,A
2719995588,10935549,B
2711335539,10858581,B
2706663354,10902338,B
2611661371,10738303,A
2611660641,10590392,B
2611660641,10386368,A
2611122828,10197556,A
2611575069,11171509,B
2612655025,11702672,B
2612611921,10896253,A
2613147674,11256321,A
2612905934,10552671,B
2613026858,10961312,B
2608413680,11045555,A
2607254529,11324811,B
2607060903,11235076,B
2607617453,11681201,C
2610800826,10754959,A
2610800826,10659488,C
2610800826,10650150,A
2610655378,10308960,B
2610598263,11722677,A
2609955452,11183815,C
2615717055,11501511,B
2615560448,10651368,A
2615477077,10680508,B
2615520555,11014268,B
2613863150,10819405,B
2614788668,10863943,A
2617985622,11209564,A
2617637142,11648559,B
2617637142,11292000,C
2617809162,10305250,B
1788106766,10519205,A
2613567505,10429175,C
2758567842,11053571,B
2756787254,10889819,A
2757411938,11306142,B
2757352443,10871993,A
2762003738,11160260,B
2761982224,10541074,B
2760416187,11222229,B
2760416187,10990801,B
2760416187,10956712,B
2760183889,11701656,B
2760197992,10590498,B
2761284455,10175187,B
2760946358,11367180,B
2754303615,11266734,C
2754201234,7049143,B
2754192959,10413583,B
2754120640,11458431,A
2752565260,10987071,A
2752565260,10874361,A
2752537178,11648200,A
2753166473,11290353,B
2752849906,11373089,B
2755097774,10875339,A
2755008148,10159212,B
2766393794,10904225,A
2766388946,11467570,C
2766599608,11268082,B
2766599608,11214780,B
2766038581,10915729,B
2766021034,11014067,B
2766021034,10953385,A
2766021034,10780388,B
2766163135,10538574,B
2767774100,11416007,B
2767535465,11408880,C
2766832099,11478571,B
2766936863,11331388,B
2767047321,11439615,B
2767098446,10877049,B
2763658522,11429009,B
2763414157,10593871,B
2765205446,11253820,B
2739974267,11502542,B
2740491624,10366873,B
2740144340,10922589,C
2741311534,11414589,C
2740818100,11106064,B
2740620641,10991517,B
2741056151,11446315,B
2736356729,10382662,A
2736172179,10854218,B
2736859409,11694769,B
2749380187,10828310,A
2749744642,10758511,B
2750141743,11047009,A
2750141743,10991449,A
2750040013,10629833,A
2748720677,11009514,B
2750401541,10833570,B
2751474071,11319532,A
2751474071,11214780,B
2751393298,10167234,B
2751961902,11778195,A
2751253405,11236355,A
2744239360,10731269,A
2744259283,11821003,B
2742739744,11269928,B
2746675113,10126506,B
2744819288,10652896,B
2745366541,10188743,A
2060552384,9149543,B
2061460681,9886190,B
2058603131,7610183,B
2057756708,8000546,A
2057609155,9060990,B
2057915227,8858950,B
2059660223,9406142,C
2065248387,5053694,B
2065476277,6424922,B
2064999786,10169833,B
2064071103,10682330,B
2064302807,4882278,B
2050645763,7383136,A
2049906357,9732389,B
2049906357,9732389,B
2049527827,9542438,A
2049527827,9542438,A
2048788929,5646262,A
2055404353,9298952,B
2055404353,9298952,B
2057490438,7160684,C
2057269979,7407756,B
2057269979,7388093,C
2056738732,9728184,C
2056738732,9728184,C
2056738732,9324321,A
2053559096,9114107,B
2052591733,5472859,B
2054018337,6301275,B
2077107979,5239563,A
2077449634,9156902,C
2077517139,5042157,C
2074450946,4992460,C
2074634767,9074098,B
2075325765,7371051,B
2075022042,8238605,A
2075022042,8238605,A
2081821044,7262046,C
2083043389,8012949,C
2083325818,9493439,B
2079135991,8103706,A
2079062686,9797897,B
2079062686,9797897,B
2080719012,4880741,A
2079802968,5953678,B
2066894869,8914713,A
1904486632,9975924,B
1904486632,9944679,A
1904486632,9850288,A
1904486632,9834583,A
1904486632,9834583,A
1904486632,9580477,B
2065908206,6870043,C
1905015000,9687538,A
1905015000,9687538,B
2071492284,9937251,B
2071265202,8801953,B
2073037663,8436526,B
2073037663,8436526,B
2073037663,7990045,C
2069660013,7354771,B
2028773731,8988422,B
2027229485,4626504,A
2027481634,9743397,B
2027481634,8989050,A
2027481634,8879428,B
2027524778,8892817,C
2026555049,6727497,B
2030877248,10041123,B
2031134804,5102785,B
2018854044,8463053,A
2020228538,7689581,B
2015764308,7402439,B
2016033669,9428731,B
2016033669,8716017,B
2015914141,9024510,B
2017144450,4490845,A
2017199929,9602157,B
2023421235,5593869,B
2025266505,7445671,B
2024271802,6798511,B
2024637104,8309584,C
2020785368,9423539,A
2022449337,6393323,B
2046244910,4656494,A
2047054415,8909043,B
2046727911,10501562,B
2043595532,9556791,C
2044801049,9431181,B
112289810,8753831,B
116236279,9700213,B
116077224,9243916,A
1900116963,8010357,B
1900116963,7292976,B
1899908265,10711306,B
2035552932,9426455,B
2036330610,8393226,A
2036105650,7378393,A
2033700095,9141474,B
2033755275,8008838,A
2034552096,7038094,B
2040641918,5527690,B
2040757025,5858399,B
2040846761,6137123,C
2042396271,9712239,B
2037615838,9574001,A
2037615838,9574001,A
2037760587,6090792,B
2037760587,5736380,B
2132340534,6202182,B
2128550426,6173247,B
2128354411,5191331,C
2128475559,5644499,A
2127296414,4638269,A
2129293712,9232216,B
2137696175,8090674,C
2133991775,5843497,B
2134432657,8871730,A
2134280066,9474788,B
2134280066,9474788,A
2135499181,7779326,B
2135499181,7653867,B
2120314748,7438904,B
1915370576,10236457,A
2120523656,10255352,B
2119230996,6678454,C
2119584748,8453155,C
1914538276,6829370,B
1914347682,10555919,B
2124881790,8173179,C
2126149237,7700356,A
2126136667,8306047,B
2122567644,9341712,A
2122284667,7947867,C
2123302265,7454242,B
2123692136,7371719,B
2149317841,9482676,B
2150180973,9774166,B
2150855093,5921221,B
2148585740,8226917,B
2148585740,7618606,B
2148520639,9141474,B
2148262405,10842749,B
2154888219,5106832,B
2156196125,9233960,B
2152965121,8437890,A
2153938296,9428731,B
2154141304,6317189,B
2153284406,6426217,A
2153381665,7483553,B
2139053230,7781786,B
1920501755,9222791,B
1920522955,10561342,B
2139871329,7693691,B
2139871329,7693691,B
2144933745,7996353,A
2141611790,9968698,B
2140982079,8441467,B
2140975144,10380309,B
2140974691,9669213,B
2143343910,9445529,C
2142132401,9675282,B
2142381883,10353269,B
2092708066,10925999,B
2093933161,4462941,B
2090193440,4464065,B
2091642055,8105489,B
2098012675,8394421,A
2098299590,5621857,B
2099628070,9430817,B
2099628070,9396523,B
2099628070,9396523,B
2099978338,7922773,B
2095863154,9139632,B
2096365337,8055607,A
2085285825,7321118,B
1908548199,6156883,B
1907473543,10467474,B
2087824121,9272994,C
2089587667,9545340,B
2089587667,9545340,B
2088720693,9980055,B
2085794066,7476876,B
2085794066,7435977,B
2111839408,8234078,B
2111828455,8012949,B
2112323765,10104401,B
2112348857,7454342,A
2109561494,6636666,A
2109324249,7697785,B
2108623294,9289508,A
2108600601,6535647,B
2109972454,8268405,B
2117616504,8572542,A
2118465325,7283029,B
2118545461,10140708,A
2118171778,9100736,B
2113823712,7825484,B
2116113251,9529426,C
2102750555,10393752,B
2101853159,7516306,A
2101693213,7251768,B
2101003243,9114281,A
1909337069,5714374,B
2105901925,9879068,A
2107566856,9014456,B
2107164001,9017470,A
2107468208,7700121,A
2103784501,7319029,B
2103456541,8235912,A
2104236554,6713066,C
233283077,8568542,A
1866493067,4818770,B
1864635191,10266549,B
1864600093,8735156,C
84412087,5972678,B
116894908,7599752,B
125154564,6586425,B
1547392541,6531497,B
1554595467,8566102,A
1555237860,8293048,B
1869955023,10480001,B
1590575920,7650195,B
1566124064,5960111,B
1568367632,4477664,C
1568367632,4460774,B
1568367632,4459407,B
1568367632,4448963,B
1507275553,7015001,B
1506992169,5691193,B
1481324195,10330760,B
1485127299,5942956,B
1480957861,5860807,B
1493851585,7260809,B
1521297879,5046099,B
1522967548,5616319,C
1522967548,5322687,C
1854161196,5731965,C
1854015783,7957527,B
1855067175,10487360,B
1855067175,10280465,B
1853642699,9956186,B
1853642699,9956185,B
1853642699,9956184,B
1853642699,9956183,B
1853642699,9949937,B
1853642699,9949937,B
1853642699,11311498,B
1853642699,11147783,B
1853642699,10092525,B
1853642699,10709671,B
1853642699,10137095,B
1853642699,10111840,B
6988631,5811266,B
19473334,9542469,A
1890465585,7953174,B
1888265771,10096154,A
1992938538,6610524,B
1993252574,9046874,A
1991385088,9844315,A
1991385088,9844315,B
1996547492,5466593,B
1997744268,4376248,A
1993752106,6263292,B
1993572304,8384711,B
1995317461,6384018,B
1984776359,4694071,B
1984943420,6207130,B
1984018431,9359650,C
1986157841,9233117,A
1985963357,7756563,B
1982048725,9323980,C
1982048725,9251402,C
1983427376,9712239,B
1983862503,9129099,A
1990625313,6111641,C
1990716718,10169833,B
1986366465,5908122,B
1988062304,8551265,B
1987393227,9477796,B
1892505945,11344633,B
1893539877,9929293,C
1893899114,11234590,B
2007238980,5485085,C
2014626164,7204993,B
2010505196,9123943,B
2011047837,5192686,B
2011792234,9965860,B
2011792234,9965860,B
2011888820,8056222,A
2001023236,8051061,C
2000337205,9105458,B
2000337205,9105458,B
2000763639,5817944,B
2001379853,7718516,A
1999754101,6953770,B
1999089772,5859326,A
2005260575,5822486,B
2005629189,7860207,B
2005185613,5004801,B
2006979253,5106742,C
2006979253,5122526,B
2006979253,5227380,B
2006979253,5244903,C
2006813546,5665539,A
2006239610,5617227,B
2002937312,7551824,A
2004505296,6599909,B
1896939891,8384365,A
1902777007,5644150,B
1846351303,5515275,B
1877887247,7627596,B
1964813222,9105396,B
1965395239,11002856,A
1965436975,8691207,B
1964069277,8310128,B
1905275640,5491627,B
1946609740,9965719,C
1928028810,6975591,A
1935036518,6924928,A
1592864749,6418549,A
1601489651,5364758,A
1822128848,9717417,C
1822128848,9717417,C
1801599568,6696803,B
1737158314,8067932,C
1787698191,4525459,C
1756530109,7572109,B
1776656016,5650272,A
1775669776,7917363,B
1767951414,9042619,C
1767951414,8494245,B
1976162379,7126044,B
1975410062,4935366,B
1975374850,9390344,C
1975461159,6868721,B
1975584531,7038010,B
1881610336,6772181,A
1979650807,9272994,B
1979640247,7499465,B
1981176789,10113196,A
1977774297,9336433,B
1968861283,9148800,B
1969572145,7825111,B
1969572145,7825110,B
1969515942,9667963,B
1969515942,10298945,B
1966271519,9272994,B
1965947843,6929820,B
1965947843,6835696,A
1967683093,9660311,B
1967666993,5620706,B
1974136668,8673120,B
1974136668,10068968,B
1974489967,8507227,A
1973695095,5619364,A
1972425189,8674311,B
1970911436,10586181,A
1970911436,10380506,A
1971130044,4900114,A
1971037621,4922495,B
1970329447,10645934,B
1972218223,5185267,B
1972076792,7746808,C
1972076792,7764625,C
1891959637,6665849,B
2046761411,8541571,C
2075281550,8541571,B
2078556695,8802965,B
2011570672,6211977,B
2059278306,8976364,C
1562372559,6821324,B
199224931,7081711,B
1762295181,10700270,B
2015251296,8868222,B
2026985814,9550769,B
2026985814,10011598,B
1545275730,9611306,C
2946214028,10211498,C
2090126543,5240495,A
2070825350,5906920,C
2019535432,5906920,B
2155882942,7214482,C
2155882942,6809178,C
2098754570,7790837,C
1985329795,5407528,B
2053946022,4668336,B
2053946022,4671850,B
2145656039,6802474,A
2147679735,8114586,B
2117105620,8114586,C
2140406478,8114586,B
2033907106,7091324,B
2021900004,8114586,B
1974788687,7105186,A
2090601215,9785730,B
2276379479,9976536,B
2276379479,9976536,B
2174334419,9976536,B
2174334419,9976536,B
1978538590,9976536,C
1978538590,9976536,C
2150951377,9469769,C
1799538959,9625403,C
2066108329,4544500,B
2055378795,6309881,B
2055378795,6294374,B
2055378795,6210938,B
2055378795,7666658,B
2062784766,7666658,B
2062784766,6210938,B
2062784766,6309881,B
2089013062,4544500,B
2010869158,7666658,C
2010869158,6210938,C
1969693051,6294374,C
1969693051,6210938,C
1969693051,5985626,C
1969693051,6368839,B
2086518019,7666658,C
2086518019,6309881,C
2086518019,6294374,B
2086518019,6210938,C
2132252105,9592198,B
19032761,6277641,B
1993118087,6007775,B
2017612019,9884987,C
2017612019,9884987,C
2035140700,4804614,A
2153096800,6150972,B
2016014251,4705757,B
2119142820,6408884,B
2084235864,5094819,B
2109526177,8594398,B
2987870099,11312943,B
2123859357,8584141,B
2409995403,8946401,A
2409995403,9487785,A
2409995403,9487785,A
2091233805,4859607,C
2090371936,5985626,B
2164220998,6294374,A
2164220998,7666658,C
2953232085,7666658,B
2953232085,6326176,B
2953232085,5985626,B
2953232085,6294374,B
2953232085,6210938,B
2953232085,6368839,B
2953232085,6309881,B
2953232085,6589766,B
1972502496,7666658,C
1972502496,6210938,C
2078002561,6294374,B
2046507858,5985626,B
2046507858,6210938,B
2099744427,6294374,B
2026658529,6368839,A
2026658529,5985626,B
1556223086,6368839,A
1556223086,5985626,A
1994289015,6309881,C
1994289015,7666658,C
1994289015,6210938,C
2952325184,5985626,A
1798193484,4879236,B
1004111317,4879236,B
2036087758,5449383,B
2944790581,10676744,B
2923947230,10676744,C
2001187903,5864233,C
2793719620,10859552,A
1530524366,9341712,A
1844183402,7818173,B
2903207713,10783371,B
2909153271,10783371,B
2537436313,10783371,B
2790045795,10783371,B
2891059222,10783371,B
2751992176,10783371,C
2909178174,10783371,B
2598997103,10783371,C
2957810348,10509984,C
2954497554,10783371,C
2773500201,10783371,C
2088910696,5533399,B
2101890450,8252256,A
2101890450,8362094,A
2101890450,8361324,A
2790669080,11319556,B
2006429441,10087471,C
2006429441,9657318,B
2080396016,7608405,B
2135936685,5737489,A
2167152389,5590242,A
2784160852,11263432,B
627981140,9604194,B
627981140,9604194,B
2067778184,7990817,B
2125420575,5257268,C
2094077760,5739278,A
2086547789,8135449,B
2053919838,9861958,C
2053919838,9861958,C
2956312175,10809128,B
2120813020,5606567,C
2141408880,5365528,C
2152917583,5461573,A
2101162821,5257268,A
2162475422,5257268,B
2161273503,5657240,C
2018569409,5257268,A
2993671961,10194884,A
2047632337,4297783,B
2047632337,4231050,B
1977542592,8993232,B
2097505380,6028102,B
2102376245,9115370,B
1982363554,9883810,B
2968293285,11392830,B
3027609774,11392830,B
2895491352,11392830,B
2989670361,11392830,B
1987857872,9175340,B
2117289416,10695288,B
2987917523,4189677,B
2987917523,4222115,B
2021751164,9622993,B
2142304017,6363520,A
1984031388,4532343,C
2068978961,5955423,B
2068978961,5952298,B
87428961,9398848,B
2028445102,9398848,B
1964198780,9591740,A
2005992828,9428811,B
2157906581,6984773,B
2066636198,6809178,C
2066636198,7214482,B
2112632255,5906920,C
2030334305,8866243,B
1968564286,8866243,B
2012624902,8866243,B
1647452271,8866243,B
2074676920,8866243,B
2077723421,8866243,C
1555837277,8866243,C
2055762795,8866243,B
2950098909,7476750,B
2032653899,5502816,C
2103389589,5519836,B
2103389589,5502816,C
1848350,6437486,B
1983706978,6437486,B
2122339004,8059733,B
2090309671,9055561,B
2742094198,10455636,A
2742094198,10292059,B
2921403566,11209436,C
2326368733,6329436,A
2000955664,9321028,B
2085585714,4180439,B
2185315078,5863741,C
2155427940,6015700,B
2155427940,5863741,B
2059072383,6015700,B
2152543862,7674612,C
2120604683,6448287,B
2019082871,9073837,C
2051800272,9289138,B
2155567724,9633157,A
2061103446,6689614,B
2061103446,6706483,B
2068062264,8692053,B
2068062264,8692053,B
2007621420,7994389,B
2025707903,7994389,A
1989490183,8680364,B
2166324157,7928286,B
2046923626,7994389,B
2132552077,7475419,A
2132552077,8037178,B
2132552077,7644153,C
2132552077,8935401,C
2211469534,8935401,B
2211469534,7644153,B
2103117402,7644153,B
2103117402,8935401,B
2103117402,8037178,C
2063769996,8935401,B
2063769996,7644153,A
2103117402,7475419,C
2125654226,7475419,B
2125654226,8935401,B
2125654226,7644153,B
2022823405,7785607,B
2130656238,5757830,B
1499106414,7092138,A
2124917037,7302833,C
2124917037,7089787,B
2124917037,7451638,B
2124917037,6935167,B
1964913650,5629161,C
1971161380,5547846,C
1971161380,5629161,C
1972881896,5831051,A
1972881896,5882899,B
1232116560,5529773,C
2123710062,6816309,A
2155591153,6804405,A
2053632726,7837881,A
2410000428,5547846,C
1948348866,4918372,B
1968095975,8541008,B
2138126650,7067138,B
1970764326,5008478,B
2094995739,5008478,B
1970436333,5149525,C
1970436333,5008478,B
1970436333,5011683,A
2280697770,9896509,B
2280697770,9441041,B
2280697770,9441041,C
2132960252,7071315,C
1981941100,7534936,A
2067958256,9663503,B
2067958256,9663503,A
1974865372,6949613,C
2322404993,4984567,A
1597151159,8577029,A
1532493902,7060876,A
2005524351,8071356,B
2005524351,8071356,B
2012853736,7580582,C
2161563727,7580582,C
2615595751,10637386,B
2615595751,10615676,C
2898104729,10637386,C
2898104729,10910933,C
2898104729,11005348,C
1999342179,5747434,B
87198259,8852861,A
2009909078,5349066,B
2009909078,5137877,B
1982597293,4058531,B
1982597293,3980641,B
2078540538,10996538,B
2172579984,9768330,B
2172579984,9778416,C
1989286658,10996538,C
2004557398,6185548,A
2001791590,6185548,B
2080016032,9919274,C
1974541812,5622684,A
1974541812,5800799,B
1591246616,6702993,A
1591246616,6706169,A
1591246616,6770258,A
2226564535,4665045,B
2226564535,4665044,B
2128539791,6770258,B
2128539791,6702993,B
2128539791,6706169,B
2041400673,6800266,B
1999832006,6935167,B
1999832006,7089787,B
1999832006,7451638,A
2111971067,8067169,C
2111971067,7404314,A
2111971067,7989164,B
2065204302,7155087,B
2065204302,7142364,B
2059275621,7412127,A
2059275621,7155087,B
69714095,7273615,C
1979915494,6869774,B
1979915494,7273615,C
2072819391,9267963,B
2072819391,9267963,B
2769469132,11280732,B
1561512957,6771732,B
1968341762,7423430,B
1981347922,4923765,B
2484208911,5864810,A
2168779265,5393523,C
2168779265,5395614,C
2053892558,5395614,A
2106039722,5393523,B
2106039722,5395614,A
2010841737,5395614,A
2061414077,5202247,B
1973767358,5202247,C
2020391036,4667111,B
1995770763,5202247,B
2005861706,5569740,B
2017866628,6803152,C
2399702920,10224231,C
2399702920,10395966,C
2163295026,10065154,C
2278230424,10130699,C
2011207778,9245524,B
2167687487,9499496,B
2167687487,9499496,B
2127071500,5770857,A
2768591590,10859651,C
2770360373,10859651,B
2058796888,9365523,C
1984795595,9499489,B
2048685838,9499489,B
1993315740,5812744,A
2489147684,7442782,B
2127487162,7442782,B
2327241189,9340575,B
2251472752,9799228,C
2952190155,10904676,B
1679411437,4784948,C
1967389270,8802138,B
2098934895,8043631,C
2068942685,8802138,B
2162165801,7074596,B
2008818955,4425307,B
2169091898,5595744,B
2963277177,9805269,B
1991090476,8304397,B
2155290141,8304397,C
2167650832,8304397,B
2163758255,8304397,B
2501839333,10054581,A
1981667442,8797901,B
2116868775,8797901,B
1560540794,8797901,B
2091806072,9289381,B
1761268335,4863668,A
2077112274,7270988,C
2034745673,6639125,C
2035614109,6639125,B
2035614109,6410716,C
2034745673,5981728,C
2031320786,6995300,C
2100159696,7270988,C
3026942661,5117052,A
2137468400,4267312,C
2214366452,11129798,C
2321737727,11129798,B
2612482444,11129798,B
2586200722,11129798,C
2359576086,11129798,B
2724199795,11129798,A
1598941623,6195631,A
2124262992,6195631,A
2148936748,7184610,B
2099449087,4267312,A
2120573525,4245045,C
2120573525,4316011,B
2120573525,4267312,B
2120573525,4337312,A
2325582758,4245045,B
2325582758,4209588,B
2325582758,4219622,B
2606010169,10698121,C
2301480358,9864077,B
2307019567,4657865,A
234259713,4925795,C
1636733385,9528137,C
1636733385,9528137,C
2044813257,8542760,B
2025472458,8774111,A
2148749751,8542760,A
2152523565,7965641,C
2152523565,8655283,C
2152523565,8041380,C
2117406425,8542760,C
2116911184,8542760,A
2106673869,8655283,C
2133123923,8041380,B
2135801388,8041380,C
2138388259,8041380,C
2152447715,8655283,B
2152447715,7965641,B
2152447715,8041380,C
1970748148,8663630,B
2134550717,4525643,B
2134550717,4511817,B
2569322691,5992215,B
2154944398,8792367,B
2129254194,8611271,B
2047295717,8179848,B
2057408620,8876740,C
1964405580,9498651,A
1964405580,8876740,B
1998022852,8876740,A
2128715362,9153203,A
2943880050,11321837,B
2811018716,11321837,A
1971357444,5980105,A
1965357332,7965687,A
1962416004,10341015,C
1962416004,9906311,C
1962416004,9906311,C
1962416004,9553677,A
2939274743,11321837,B
2808811298,11321837,A
2119667497,8687689,B
2157067671,9192644,C
2172106254,8792367,B
42777348,8460925,B
2980646660,11105687,A
1596876423,3944578,C
2054455495,7937634,B
1989726058,9250081,A
2030040354,8871725,B
2114609131,9598473,A
2115021849,9598473,C
2542497524,10538860,B
2565586765,10695463,B
109995930,5169954,A
109995930,5124451,B
2562598944,11296657,B
2160297668,6094298,B
2056122035,5496938,B
2005716537,8976933,B
2032242729,8976933,B
2046450078,5132976,B
2046450078,5181210,B
2020366044,10400282,B
2030566923,6465247,B
1970764253,3988315,A
1970764253,4071411,A
1970764253,3992524,C
2118777157,4337312,B
2118777157,4267312,B
2118777157,4245045,B
2166087793,4267312,C
99886386,4219622,B
99886386,4204038,B
99886386,4144329,A
2025252985,8803264,C
2172176516,8803264,B
2003417887,8077958,C
2041270785,7555027,C
2078075733,8803264,B
1976029496,8803264,C
2141275628,5618795,A
2010489806,5028627,B
2121374095,8309541,B
2155829268,8309541,B
2052568054,9755273,C
2052568054,9755273,C
2034297221,6059959,B
2163545617,9491244,C
2011010646,8625999,A
1981139816,4131677,B
2045840497,9157908,D
2320869084,6436907,C
2561537588,10715932,B
2126213872,8542579,B
2087461041,5253649,B
2087461041,5230343,A
2071851599,9885124,C
2071851599,9885124,C
1490913067,5644652,B
1490913067,5636291,C
1889806645,5636291,B
2125218662,5544257,A
2125218662,5644652,B
2125218662,5343537,B
2601936374,10273249,A
2964313340,10984173,A
1991698942,5998601,B
2071229409,6645777,B
1964850539,8607634,B
2009114745,4370417,B
2338275268,10242439,B
2338275268,10728426,B
2338275268,10332248,B
2036812893,6262523,B
2066061362,6262523,B
2080783277,6262523,B
2128957481,6262523,A
2013503393,6262523,B
2543658339,7791029,C
2078031861,5238911,C
1944150046,6245296,A
639984595,6123485,B
2015611430,5209920,B
2015611430,5006330,B
2039794283,9333193,B
1981279518,7998460,B
2070762622,8343475,B
1982664201,6465429,B
2131192673,6906035,C
2131192673,6818407,B
2131192673,6465429,B
2131192673,6747007,B
2159861471,8343475,B
1580859983,6057291,C
2133000946,6465429,A
2605474968,11549115,B
2044125406,5716818,B
2044125406,5852184,B
2127662691,5208877,B
1984422590,4855502,B
2068434462,6906035,C
1729017708,6172185,C
2080086899,9707282,B
2080086899,9707282,B
2098483760,6297215,B
2091736311,6031598,C
2053766966,6485872,B
1969022719,4861588,B
2072224901,4847080,C
2072224901,4861588,C
2090134230,4861588,B
2089451276,4847080,C
2089451276,4861588,C
2069480630,4861588,B
1964977981,4861588,B
1964977981,5204096,B
1964977981,5158769,B
1978018263,4847080,B
1978018263,4861588,B
2072350198,5444044,A
2084029545,8784832,C
2158012103,4861588,B
2158012103,4847080,C
189130987,5204096,B
189130987,5158769,B
2000670394,5204096,B
2000670394,5158769,B
2000670394,4861588,B
2052713638,5204096,C
2052713638,5158769,B
2136818943,9892869,C
2131121540,7292768,B
2142828858,9333650,A
2978508323,10144748,A
1024591929,9539726,B
2006573361,9539726,B
2006573361,9333650,B
2743759682,11010504,B
2329911013,8717558,B
2009099070,6583408,B
2009099070,6803565,A
2060805965,6583408,B
2075921029,5919676,C
1997682515,6379943,B
2034462829,7135187,C
1997682515,6855534,B
1997682515,7132290,B
1997682515,6756226,A
2091762805,6573720,B
2009168145,9484544,C
2009168145,9484544,C
2054652457,9484544,C
2054652457,9484544,D
2051393357,9484544,C
2051393357,9484544,C
2013158193,9484544,C
2013158193,9484544,C
1540237363,9484544,B
1540237363,9484544,B
1993805992,5401828,B
2021134339,8629251,B
1995320704,8110656,C
1969013165,8685660,B
2092527265,9074221,B
1971529743,5695751,B
2805992947,11126679,A
1966284402,8494245,B
2131441715,6904305,B
2104997354,6675037,B
2096432348,9388399,D
2078852372,9388399,B
2078852372,8323952,C
2161028932,9388399,C
2161028932,9228178,C
2071748149,10292656,B
383322255,5199299,A
2071140419,9386962,A
2071140419,9386962,A
1995901970,6451729,B
2127632100,7803234,B
1999606582,7803234,B
2145445644,7803234,B
2115841055,7803234,B
2069363704,8124178,B
2913135151,10373321,B
2058876736,6538744,A
2092386419,9488755,B
1600096077,9550803,B
2005242783,7744813,B
2044331946,7744813,A
2028409042,7754144,C
2028409042,7754305,A
2017574118,7085399,B
2017574118,7245740,B
2026469140,4468499,B
2006783582,4468499,A
2069263165,9429961,B
2071411809,5072474,A
2080600328,4654200,C
2073011312,4243541,A
2147883208,4243541,A
2617872437,10215161,C
2149519389,7844006,A
2030040372,5301167,C
2103923313,7894891,A
2062474239,8473046,B
1980385764,5446143,C
2918808095,10687520,A
1974770318,9078919,C
2978626045,10687520,C
3008434296,10687520,C
2082070605,6548245,C
2046829995,6949637,B
2058385347,6548245,C
2052370623,5928670,C
2330191191,10779799,A
2051904883,8501487,B
1987664448,5560936,C
2130210095,6720830,A
1999067780,8824036,A
2738167502,11408011,B
2088398920,10853346,A
2151381311,6824986,B
2171559697,8513209,C
2156322485,8513209,C
2063959543,7070957,B
2898775770,10687520,B
2170191823,10272137,B
2025321240,5882327,B
2086521315,8226712,B
2261323878,10272137,B
2166972310,8513209,C
2801038244,10687520,B
1587632330,6706686,B
2146803540,9078919,A
2170823241,7338798,B
2105778803,10160833,B
2035699050,9170049,B
2073435168,10512439,C
3008491104,11557105,B
2319433301,5496547,B
2116178511,4829303,A
2063579199,8515181,A
2063579199,8660363,B
1566508163,8895248,A
2898998505,10195437,C
2898998505,11013914,C
2898998505,9764138,C
2898998505,11097106,C
1972234183,4677061,B
2133105169,9005949,B
1651011077,8334139,B
1651011077,4940835,C
1651011077,8273954,A
1999371807,8483463,C
1974061697,6250929,C
2066313736,8936918,C
2066313736,8883483,B
2066313736,8877462,B
2066313736,8815544,B
2032588078,7514253,C
2094474043,5521288,C
2094474043,6641809,C
2094474043,5580756,C
2014073572,7515266,C
2410513652,7101986,B
2079394574,8224582,B
2045893698,5712146,A
2045893698,5962290,A
1867704028,6975946,B
2127913043,5003982,A
2194006281,10463685,C
2090685385,5965385,B
2001955513,5922848,C
2001955513,5888750,B
1646831595,8241856,B
2138407958,9249208,A
2138407958,9249208,A
1576279233,8241856,B
2078819579,7445903,C
2078819579,8207299,C
2557223136,11584936,C
2557223136,10662437,B
2608025054,10662437,B
2083612825,6800610,B
36853749,5686306,B
2333335709,9793023,B
2333335709,9793023,B
2129677517,5859075,B
2129677517,5814675,B
2136257091,9820951,B
2118956359,7821272,B
2036301766,9234285,B
1999041941,7803419,B
1495046111,5621802,B
2126095291,4652599,C
2118425763,9809594,B
2118425763,9809594,B
2113352847,4552758,B
2113352847,4552757,A
2126098226,9101653,B
2072752572,8043856,C
2072752572,8597661,C
2072752572,8900595,C
2141561436,9254318,B
1967978769,10053671,B
2011226251,10053671,C
2011226251,10369210,C
1994451477,9109013,A
2007143103,4975420,B
2004772469,9689876,C
2156117604,6511430,B
2065167665,8853368,B
2013520035,8414291,B
2741692360,10699415,A
15834657,9101653,B
2140874768,4190645,B
2614960156,9925295,B
2055910866,9436158,B
2055910866,9436158,B
2021367143,9684106,B
2331769799,6825332,B
2768540019,9938526,B
2010420961,9556006,A
2010420961,9878885,C
2010420961,9878885,C
2730404334,6601718,B
2096744528,8235231,A
2008891358,8895054,B
2019502257,5919480,B
2043466892,RE31083,B
2043466892,4217601,A
2059067380,8183345,C
2345264340,10537733,A
1997241669,8235231,B
1981639771,9446955,B
1974287152,8263930,C
1991033357,8263930,C
1981703658,8263930,C
2016952132,8263930,C
2016952132,7491930,C
1983012121,7339166,B
1983012121,7148474,C
2006853699,8086972,A
1976654729,7081355,A
2170582096,7052898,A
1993529526,7345026,B
2243852468,11559540,B
2080523173,8721893,B
1866157825,9271661,B
1990864363,6399583,B
2074191001,7162134,C
2161768901,8574830,C
1980056644,5866792,B
2086331344,6806709,C
2038358791,6185447,A
2031740595,6806709,C
2111208057,6852544,B
2007364381,7972437,A
160914695,5798241,B
2030622558,5766874,B
2035246347,7595175,B
2130551211,7572593,B
2490709653,10190271,A
2056757475,7964843,B
2101819146,8487244,B
2101819146,8299429,B
183572186,8901487,B
183572186,7964843,A
2792623004,11124778,B
3009333740,10913983,A
2093031774,6627428,B
1984675740,8088587,B
2778601930,9960027,C
2036443538,6024688,B
2131798870,6544758,B
2131798870,6630448,B
2501194258,10000579,B
2007159385,9097886,B
2007159385,8876306,B
2041498159,5821352,B
2005244982,6342501,D
2165677605,9844605,B
2026599973,6787353,B
1674558376,6734015,B
1983699497,6093698,C
2013503540,9149492,B
2038391346,9388414,B
2038391346,9388413,A
2038391346,9388413,A
2038391346,9149492,B
2100997165,7811762,B
2056843622,7122171,A
2038118870,7612057,A
1996562495,7920704,B
1996562495,7876901,B
2058890104,7876901,B
2058890104,7920704,B
2064089712,7920704,B
2064089712,7876901,B
2090929795,7920704,B
2090929795,7876901,B
2473037692,9770499,B
2473037692,9205140,B
2473037692,9205140,B
2013117701,4593095,B
2078609773,4416898,B
2531046113,7935679,C
2066758340,7642238,B
2066758340,7811750,B
2118067068,8843320,B
2118067068,7741035,B
2118067068,7935679,B
2118067068,7371736,B
2118067068,7642238,B
2548799916,7642238,B
2548799916,7811750,B
2082970187,7935679,C
1979090002,7811750,B
2596308860,7811750,C
2596308860,7459437,B
2596308860,7642238,B
2587960266,7811750,B
2603179314,7811750,C
2008441168,6249717,B
2034313357,5749912,A
2052938090,4278670,C
2160112339,4277243,B
2160112339,4255149,B
1500387582,8929417,B
1500387582,9166084,C
1980494695,9287683,C
2057038610,7524622,B
1982491506,8929417,C
2159303452,7279305,D
2017268393,7279305,C
2000434264,4238856,B
2031165608,5825489,B
2793848630,10964018,B
2113087578,7076117,C
2113087578,6806874,A
2083272887,7008193,B
1971197557,7247767,A
1983501350,7470775,B
2035098155,4420425,B
2167645690,4420425,B
1993498927,4420425,B
2004454844,5238824,B
2036526106,7528456,A
2034162808,5238824,B
2084246939,9129519,B
2753690947,11293925,C
1983681913,8636981,B
2127915510,7485616,B
2127915510,6423270,C
2752294240,10646568,C
2179417917,7112697,B
2125096800,8889426,C
2080542131,9588106,B
2080542131,9588106,B
2125096800,8889621,C
2009585554,7157578,C
2025502318,7662817,C
2037033423,10094306,B
1995473903,10094306,B
2028303953,10094306,C
1965153709,10094306,B
2083289059,10094306,A
1965104091,7157578,C
1966632536,5296479,A
1966632536,5266572,A
1607687256,6214260,B
1966632536,5243048,A
2343974169,9887356,B
2343974169,11239422,B
2080565411,4831629,C
1998204181,4624000,C
1699912176,8841420,C
1699912176,8431688,C
1699912176,8431688,C
1999624062,8673363,B
1999624062,8603988,B
2126392652,7260439,A
2132813956,5592568,B
981946004,7555718,B
981946004,7246314,B
2164869719,5592568,B
2051492935,7480442,B
2061265380,7480442,A
2159032777,7623677,B
2159032777,7996771,B
2159032777,7996771,B
2024710527,9275278,A
2125757415,7480442,A
1978715997,5592568,B
2061237095,7480442,A
2105416352,7480442,A
1984015030,6294381,B
2960565890,11539181,A
2012278347,11140645,A
2165885866,9056115,B
2067561782,5462735,B
2315471375,10067119,B
2315471375,10111606,A
1993809999,8745059,B
1999564433,5001530,A
2043691584,9130988,B
2097680723,5163094,B
1986569317,5629922,B
1983486720,8144331,B
2785726600,11474102,B
2513890969,11474102,B
2335682086,7247457,B
2335682086,7714122,B
2170287831,7247457,A
2568203515,5412980,B
2003456895,8183382,C
2325245271,9688541,B
2025414397,9688541,B
2025414397,9840423,B
2025414397,9840423,B
2061103790,9688541,A
2334529796,9688541,C
1984256059,9688541,C
2026999028,9072706,A
2142396339,8989050,B
67480729,9743397,B
1983951759,9743397,B
67480729,8989050,A
2080769293,7586283,C
2073908163,5935832,B
2035089743,4725544,B
979945576,9556230,B
979945576,9556230,B
979945576,9873720,A
2035405944,9018167,B
2035405944,8962563,B
2035405944,8962563,B
2035405944,9777051,B
2035405944,9556230,B
2035405944,9556230,A
2035405944,9873720,B
2516382296,9556230,B
2516382296,9556230,B
2516382296,9873720,B
1998832340,8125223,C
2107618781,6190315,B
1542424866,6190315,B
2060987031,4888176,C
2004504326,6410686,B
2045989447,5177176,C
2035862389,8352392,B
1981801030,5381333,B
1981801030,5272624,B
2096596035,5272624,B
1988605498,4774118,B
2074677163,4787248,A
2074677163,4825698,C
1991927191,6442920,B
2960443414,10342786,A
2960443414,10537560,A
2083406088,7645845,B
2058232104,9995719,B
2013987708,5011750,B
2013987708,5035963,B
2112810336,8101380,B
2566882628,8058061,B
1669965284,5492610,B
1669965284,5458995,B
1669965284,5273847,A
1669965284,5312623,B
2117606632,5355528,B
2984335937,10626238,B
2068107457,5648951,B
2040773407,5648951,B
2117680513,6261791,B
1967366986,6979730,C
1967366986,6960443,C
2792336262,10873502,B
2525648680,10873502,B
2424981254,10951317,C
2424981254,10873502,C
2792336262,10951317,C
2605837110,10873502,C
2738456351,10873502,C
2800298160,10951317,A
2800298160,10873502,C
2465581864,10873502,B
2062951860,6962788,C
2018915510,5085808,C
2077207144,8075903,C
2317615169,5881357,A
2335233302,9426455,B
2168392705,RE46641,C
2168392705,RE46042,C
2168392705,RE46631,C
2053857786,8778671,C
2169224080,5539769,B
2038964002,7078515,B
1993931467,6625938,A
2600715378,10537576,B
2341753721,10537576,B
2525616756,10537576,C
2949176989,10537576,B
2028680569,7709225,C
2104455377,6504892,B
2086854417,6075836,B
1980549789,6298110,B
2047299230,10098600,B
2030529184,8383793,C
1676091265,9392986,C
1977068072,6573041,C
2114328651,6573041,B
2149898702,7128755,B
2886895115,11318210,C
2070421855,7381391,B
2080753292,7381391,B
2022888795,10991950,B
1989280693,9416013,C
2107536786,9331258,B
2055722602,6084979,B
1770284412,6084979,B
2030700705,7938865,B
2030700705,7731763,C
2043898376,8328724,B
2325543556,10991950,C
2755621519,11464557,A
2149472692,6887569,B
2121758941,9957197,C
2057548071,7235393,B
2108619934,5408178,B
2102538036,5771894,B
1991885044,8962332,C
1991885044,9737618,C
1991885044,9677089,C
1991885044,9587250,C
1991885044,9587250,C
1991885044,9493788,C
2004497415,7198951,C
2136950095,8679031,B
2737648369,11121355,B
2618446648,11121355,C
2030702340,7495994,B
1970844335,7495994,B
2013647757,7495994,A
2018504561,7495994,B
2096425136,6038343,B
2006208739,6858384,B
2006208739,6265150,B
2007619742,6071246,B
2060467912,7035745,A
2045254122,4918164,B
2908722922,11567050,C
2908722922,11150230,A
1980829286,5965443,A
1971934866,6159736,B
2071805441,9617601,B
2039855448,5614610,B
2056558535,5859195,B
1634169576,7177071,C
2532680420,7177071,B
1839032532,9917515,A
2463907045,9917515,B
2548785498,9917515,B
2463215323,9917515,B
1944596573,9917515,B
2344933569,9917515,B
2546766365,9917515,B
2025305661,6885025,B
2080827213,7305304,A
2063706685,8388959,B
2123884212,8940883,B
2148342540,7989161,A
2424858939,10143384,B
752475946,9589345,B
752475946,10561337,A
204938859,9953439,C
2042636283,7888935,A
2956739943,10192105,C
2619453345,10176367,C
2619453345,10268879,B
2619453345,10262198,B
2619453345,10192105,C
2986712851,11216617,C
2956739943,10176367,C
2767899514,10192105,C
2767899514,10176367,C
2767899514,10268879,C
2767899514,10262198,C
2725654677,10163019,C
2725654677,10176391,C
2761938871,10485864,B
2743964517,9566328,C
2743964517,10017544,C
2339357145,9555095,B
1515717009,9212207,B
1515717009,9566328,B
1515717009,10017544,C
1515717009,9309290,C
1515717009,9309290,B
2040454631,9212207,C
2040454631,9234008,C
2040454631,9234008,C
2339357145,9566328,A
2339357145,10220086,A
2339357145,10017544,A
2022983248,9566328,C
2022983248,9555095,C
2022983248,9234008,C
2022983248,9234008,C
2022983248,9309290,C
2022983248,9309290,C
1969948611,8306608,B
2152517014,6584341,A
2129131096,8306608,B
1969648838,6584341,B
1807634013,6584341,A
2046714296,8306608,B
2057411842,6584341,B
2162023882,6584341,A
2065321097,8306608,B
2121691917,6584341,B
2055025484,7759352,B
2055025484,7858629,B
2055025484,7795265,B
2055025484,7977339,B
2055025484,7977339,B
1969203422,9122953,C
1966992492,8274533,A
1969203422,9042647,C
2025624414,8968542,B
2025624414,8968542,B
131403410,10245105,B
1489518672,8282631,B
2174256332,10641705,A
2174256332,9791368,A
1987635577,8282631,B
1987635577,10117701,B
2037999499,9681851,B
2034909618,5278168,B
1974541319,6064694,A
1974541319,5937006,A
2957926190,10509467,C
2584141849,9860318,B
2584141849,9860318,B
2619430715,10271991,B
2127370427,8940883,C
2601468882,8940883,C
1578609064,8388959,C
2143461406,8940883,C
2027322928,8940883,C
2000265967,8282631,B
2000265967,9005189,B
1993609444,9005189,B
1993609444,8282631,B
1977698324,10078066,A
2150001511,8282631,B
2046449631,8282631,B
2046449631,8926606,C
2046449631,9005189,B
2039389186,8852078,B
2059983434,6713298,B
2059983434,7022517,A
2059983434,6680206,B
2059983434,7316899,B
2059983434,6589779,B
2059983434,6908770,B
2059983434,6649403,B
2097928637,4341869,B
2097928637,4443545,A
2006328841,4591496,C
2165073363,6190315,C
2035970994,4373023,B
2095726486,10053692,C
2012987872,10053692,C
2035572149,9498470,B
2035572149,9199920,B
2035572149,8871746,B
2035572149,8871746,B
2514694673,4360593,A
2751311458,4314028,A
2751311458,4246400,A
2112917850,4260683,B
2907682998,11481300,B
2907682998,11294758,B
2907682998,10997009,C
2907682998,10402253,B
2907682998,10572329,B
2043784202,10041092,C
2403126845,11160612,B
2028830204,5041538,B
2031698690,5422426,B
1995443388,7505800,C
2070717791,7505800,C
2160153521,8886514,C
2985373839,11453901,A
2808249021,11552976,B
2140330618,8589884,B
2568520201,9982068,B
2041235543,6133034,B
2038478591,6590995,A
2029749273,5565215,A
2108558598,9114009,B
2108558598,9114009,B
2013549840,7033402,C
2013549840,6957554,B
2093412738,6957554,B
2109657169,7033402,C
2026778535,7033402,A
2774386257,9724340,A
1988564111,8730573,A
2024935044,9880302,B
1981480628,10329888,B
1981480628,9880302,B
2088370347,3942014,B
2942165257,11580704,A
1998957746,9556727,C
2145594148,8609608,B
2058281803,8680058,B
2167330543,7713927,B
2167330543,7846895,C
2085565963,8609608,B
2128135511,8630810,B
2416539627,10705074,C
80351597,6041020,B
48343962,6041020,C
1997750466,6041020,A
2055843989,6041020,A
2055870827,7336359,B
1972866805,7973456,B
2056291705,6093543,C
2605110898,11236177,A
2014350032,8600485,A
2039285212,9824683,A
1509793305,9721559,B
1509793305,9824683,B
1979651826,9721559,B
1979651826,9824683,B
2153141912,9734823,A
2062878943,3969526,C
2595953746,9368124,C
2143032726,9502665,C
2021405028,4812050,B
2075408860,7459601,B
2129641635,9828333,A
1971132488,6451187,A
2538216436,8749619,A
2746126858,10903441,B
2746126858,10547011,B
1978104952,5241179,B
2520209744,10730932,C
2554404398,10730932,C
2166540435,8798025,A
2071761741,8798025,B
2043793347,8798025,B
2148009818,8798025,A
2133017065,8798025,B
2593704349,9673015,B
1967683093,8658304,B
1781499079,8540997,B
71434449,5945277,B
2583405078,10936917,C
2088027524,9659185,B
2088027524,9659185,B
2165550415,7216660,B
2097225004,7437289,B
2126639624,7831424,A
2613695678,10600528,B
2026591000,8053421,B
2005253214,7358734,C
1969061981,7569552,C
2094302266,8716254,C
2094302266,7279464,B
2094302266,7569552,B
2474046274,4782022,B
2491672559,10947302,C
1952583315,7795495,B
2195477255,10947302,B
2027229485,4680264,C
1972854075,5023174,A
2068264575,8012323,B
2049447310,8101173,B
2080072761,8318767,B
2032447576,6767915,B
2032447576,7115628,C
1973508583,10617652,B
2972671958,11020590,A
2141944997,8863104,B
2087933650,8863104,A
2938362339,10953087,C
71210784,5803720,C
71210784,5601418,C
2092378986,4691299,B
2078715898,9464064,B
1970221790,4691299,B
2312499874,9062353,B
2016044630,8525237,B
2243156208,5775274,A
2762381981,10793623,B
2058150733,9870909,A
2888376683,11430648,A
2888101263,11430648,B
2888101263,10679838,B
272166912,5405765,B
2064770513,6133505,C
2066302496,5185180,A
2031991434,6098745,A
2089768721,8941061,A
2097063432,8686362,C
2142224645,8686362,B
2065175246,8941061,B
2002497922,8941061,B
1986778675,8941061,B
2069028560,4001086,B
2069028560,3991052,B
1964653058,6263271,A
2072326204,7469251,B
2971779992,10845325,B
2047695423,8107186,C
1599148196,9171573,C
1599148196,9183878,C
1599148196,9183878,C
2139654538,8760795,C
173744892,8563626,B
67084864,8563626,B
2044091938,8563626,B
2158807560,7059206,B
2963951280,11296587,B
2975724288,10833570,A
2750401541,10177627,B
2126574774,9439909,B
2126574774,9439909,B
1524933395,5661386,A
2015540982,9295773,A
2022253290,5840531,A
1893052060,4760071,B
982559743,8999953,B
2139832833,7969997,C
2037480779,8307024,C
2037480779,7969997,B
2157462607,7969997,B
2126904120,7969997,B
165510806,7969997,B
2137373600,7969997,B
2004672368,5724745,C
2067491681,6422063,B
2500224538,9593052,B
2500224538,9593052,B
1991589665,5312445,A
2153165020,4567892,B
2153165020,4576183,B
1984402343,9150887,B
2150926001,6674175,A
2150926001,6693363,B
2150926001,6522019,A
2150926001,7116122,B
2150926001,6740983,B
2023107716,9902983,B
2954730304,11458152,A
2783420020,11246299,B
2027108665,7825090,C
2918255006,10896740,C
2026477292,5042499,A
2795180899,10853230,A
2967341500,10678680,B
2186009456,10506930,B
2805878056,10859582,C
2805878056,10988528,C
2800927619,10859582,B
2943075536,11519920,C
2807255231,10988528,C
2807255231,10859582,B
2807255231,10358503,C
2077475987,8748386,A
2056666417,9139643,B
2056666417,8748386,B
2888184930,10859582,C
2032665165,9777056,B
1584232106,9139643,B
2019370073,8908796,B
2019370073,9363127,B
2213993066,8908796,A
2115747282,7993412,B
2907703676,7993412,B
1967282036,8675876,C
1967282036,8675876,B
1594688741,8675876,B
1594688741,8675876,B
2125070209,8675876,B
2125070209,8675876,B
2030385410,8675876,C
2030385410,8675876,C
1970260488,8675876,C
1970260488,8675876,C
97507355,6245330,C
2009568178,8242511,C
1982776162,8242511,C
2119004371,8242511,C
2046403174,8242511,B
623439416,9626845,C
2075399545,5546209,B
2030718387,5546209,A
2064205675,7847883,B
2008754091,7241992,B
1984876565,5102995,C
1587033309,5102995,C
1522967548,5264364,C
2324437824,5264364,C
1594025644,5264364,C
2119930331,7027401,B
2548259987,10862197,B
2133032376,6049872,A
2281086547,5558076,C
2281086547,5606959,C
2281086547,5638801,C
2281086547,6041279,C
2281086547,5669368,C
2281086547,5590638,C
2281086547,5787868,C
2281086547,5638802,C
2281086547,5632261,C
2281086547,5636621,C
1985052997,9610353,B
2019606278,8864843,B
2109657169,7651531,C
2110921499,7651531,C
2110921499,7118603,B
2013549840,7169191,C
2013549840,6708531,A
2013549840,7651531,B
2052779971,7033402,C
2052779971,7651531,C
2052779971,6957554,C
2034202387,7033402,C
2599389167,11113388,B
2074944454,8431587,B
2074944454,9155761,B
2054078002,9155761,B
2053645157,8192762,C
1982176546,8192762,C
1982582997,8192762,C
1876978392,4882271,B
1876978392,RE34101,B
2809290664,10681476,B
2809290664,10182299,B
2809290664,10555094,C
1863714872,5552355,C
1863714872,5658485,C
1966136943,5853537,B
2496306716,5790709,A
2089238603,5877856,B
2051444028,5847827,B
2059147197,9338332,B
2059147197,9338332,B
2059147197,9374512,B
2505321599,7572765,B
2770809955,10344100,C
2770577136,10344100,C
2891709280,10344100,B
2804281164,10344100,C
2898264324,11414348,B
1530582295,10388178,B
2006170526,8977019,C
2008768735,8977019,C
2069499745,8977019,C
2023922170,8977019,C
1995641269,10388178,B
2065539257,5332531,B
2027365517,5658485,C
2027365517,5552355,C
1656692034,5658485,C
1656692034,6093668,C
2048538330,5473456,B
2048538330,5652062,B
2048538330,5538767,B
1891730745,9577956,C
1980913680,9577956,C
2001988422,4251296,B
2012085201,7964557,B
2552933599,10409358,A
2185597482,10243860,B
2170652267,8570042,A
1976491324,7477572,C
2058136719,7187169,B
2058136719,6885192,B
2058136719,7053610,B
2011369584,7041232,B
2027163432,5959099,C
2027163432,6335439,C
2027163432,5783690,C
1981931747,5959099,C
2151395385,8174342,B
2112586768,7053610,B
2059334495,6885192,A
2059334495,7116102,A
2059334495,7053610,A
2075413761,6885192,A
2075413761,7116102,A
2075413761,7053610,B
2149750202,10693210,B
1972655781,4857140,A
2090434911,5659029,B
2057807492,5634884,B
2337534061,9662381,B
2337534061,9801933,B
2337534061,9801933,B
2337534061,9833483,C
2337534061,9827276,B
2337534061,9808519,B
2337534061,9642882,C
2007778033,7705342,B
2967273195,10414759,B
2043880039,6033547,B
2037634446,8809111,B
2044992789,7591911,B
2609966983,10240910,B
2766379261,10476017,C
2178137249,9896450,A
2178137249,9896450,A
95868311,8969549,B
2580453807,10225039,A
2002754819,6344121,B
2062673333,7723303,B
2088892125,6869568,B
2185709413,7638494,C
2185709413,6930085,C
2185709413,7166578,B
2005544002,9789115,B
2591506164,10388296,C
1987551131,7250304,B
2101013511,7531514,B
2105511309,7807640,B
2105511309,8048851,B
2101013511,7723303,B
2237539440,6060270,B
2105401493,10711310,B
2028918581,4231107,A
2042021259,5358956,B
1970569268,9714435,B
1970569268,9714435,B
2003537852,4975370,B
2907646040,10988481,B
2409770495,10988481,C
2071379530,8772308,B
2551489686,10988481,C
1964307167,9934553,C
2074753270,5739274,B
2015240074,5739274,B
2058422096,5739274,B
1562607772,7041470,A
2556169250,10617822,B
2410376912,10617822,B
1573467696,10617822,A
2765210196,10617822,C
2316722220,10507284,C
1783970022,10617822,C
2528380605,10617822,B
2596169047,10478467,B
2013777446,7955855,A
2019650761,7778951,B
2964205637,11270161,B
2132502040,8580448,A
2136919316,5371399,B
2277487629,5280038,A
2086697786,8247136,B
2019212632,5498413,A
2015438927,8679749,B
2076474405,7056259,A
2076474405,6994651,A
2076474405,6770007,B
2010057554,5907078,A
2319780958,10533941,A
2009324124,8123400,B
2048868013,5656450,B
2169752763,7468425,B
2169752763,6476206,B
2019280761,8252209,B
2004962632,8198099,B
2028038099,8252209,B
2345712701,RE47938,B
2124932935,8895309,B
2108645449,8895309,B
2327504675,4083995,B
1984551855,8044417,C
1971884877,8044417,A
1995209896,8044417,C
2002577423,8044417,B
2545345234,7889912,B
2751567033,10425634,B
2751567033,10834379,B
2219945828,10479999,C
1605905065,4884436,B
2924373035,11034965,C
2165862558,5508168,A
71609663,8744896,A
2093267941,9012682,B
2093267941,8624058,A
2094909582,8835694,C
2094909582,9012682,B
2094909582,8624058,B
2094909582,8877982,C
1963647645,7791150,B
2170208856,9785172,B
2069733129,10205166,B
2606938979,9939409,B
2606938979,9939409,B
2546687826,9939409,C
2546687826,9939409,C
2964595602,10975393,B
2063910267,5344777,B
2326908223,5455121,A
2045694618,5512762,C
2019860721,4525645,A
2053673863,4245172,B
2108225419,5974163,C
1978100015,9493742,A
1978100015,9493742,A
1978100015,9994823,A
2017547989,5116755,B
2089008531,5116755,C
2007805318,5116755,C
2034535195,5116755,C
2006677263,5116755,C
2001752882,5116755,C
1808856251,5116755,B
2054056975,5116755,C
2103943319,5116755,C
2161423855,5116755,C
2021890013,5116755,B
2158875508,5116755,B
2022251854,5116755,C
2176031043,6475756,A
2038140715,4609622,B
2142836783,6658171,A
1983609985,10407312,B
2035955037,10791989,C
2962993366,10415076,B
1994726584,5985870,B
1994726584,5705500,B
1994726584,5639769,B
1994726584,5760064,B
1994726584,5830897,B
1994726584,5776971,B
1994726584,5744481,B
1994726584,5698569,C
1994726584,5714605,B
1994726584,6455581,B
1994726584,5753660,B
1994726584,5622949,C
1994726584,5510388,B
1994726584,5760076,B
1994726584,5602119,B
1994726584,6172082,B
1994726584,5620977,C
1994726584,5583132,B
1994726584,5508294,B
1994726584,5786483,B
1994726584,5968942,B
1994726584,6060476,B
2149365458,6889094,C
2149365458,6754537,C
2149365458,6628991,C
124155095,6628991,C
1967687694,9102931,C
2417799947,10364469,B
2178716935,5281575,C
1858013354,5549898,C
2152349488,5824316,C
1998962854,5824316,B
2013946396,4814069,B
2013946396,4857174,C
2099350558,8835918,C
2058626418,8976445,B
1991488337,8976445,B
2148318482,8143473,C
2337615793,9790514,B
2337615793,9790514,B
1524013890,8518674,C
1524013890,8815566,C
2148325323,5830472,A
1970333486,6258364,B
2101216309,6246895,B
2078107516,5434256,B
2078107516,5393909,C
2042753427,5434256,B
2042753427,5393909,B
2069437899,5434256,C
2030644662,5434256,C
1995825671,5393909,C
2056778652,5434256,C
1995825671,5434256,C
1995825671,5288887,B
2031402847,5434256,C
2031402847,5393909,B
2018606660,5434256,C
2046453686,5434256,B
2004515818,5434256,C
1999007830,5434256,C
1999007830,5393909,C
1985787478,4743654,B
1992670798,8689935,B
2894833919,10380444,A
2328946094,10335041,B
2044070730,6585946,B
2044070730,6582672,B
159886510,6585946,B
2052162964,8506499,C
2766501877,10770239,C
2774668219,9978285,B
2063506093,5790727,A
2460095981,10759834,C
2312210594,9453502,B
2312210594,9453502,B
2074043448,8570319,A
2789092379,10604566,B
2148920500,4670565,B
2148920500,4536565,B
2148920500,4675379,
2415256212,9958463,A
1865397058,9273122,B
1865397058,9273122,B
2952461070,6019914,C
2952461070,6136968,B
2326432743,11331514,A
2122578495,8724598,A
1584831341,8250463,C
2745267660,10876143,C
2935515067,10876143,C
85320773,7218783,A
2330191191,11224409,C
3014650228,11589840,B
2038640652,7148011,B
1984648876,8310233,A
2167577940,8310233,B
2145618318,11224409,C
2082829054,10087422,B
2289500363,11371022,C
2010435021,5290807,A
2149994073,10556215,C
2055828623,7592287,B
2159380570,5166387,B
2047566827,5730144,B
1900116963,7149687,B
2095629250,8650033,A
2069005360,10717788,C
1769218548,10717788,C
1994533741,7333622,B
2034731883,9931055,B
2075162085,9187985,C
2239715103,10139724,C
2239715103,10167410,C
2747850876,10494602,B
1974347258,6459103,C
2024292706,5557037,C
2007496089,7201907,C
2007496089,6410023,C
2008955157,8650033,B
2026536036,4059694,A
2026536036,4103004,B
2026536036,4166113,B
2761480616,11014816,B
2911241426,11014816,C
2806807572,11014816,B
1870904084,9855327,C
1492356693,6965847,B
2093653198,7455839,B
2093653198,6692744,B
2086576477,7455839,B
2083080513,8559678,B
2563398881,10000558,B
1536396357,10000558,B
2765995279,11562816,C
2765995279,11464447,B
2765995279,11373746,C
2765995279,11295847,C
2765995279,11195607,B
1971372032,9236572,B
2082288546,5968910,C
1980818895,9650676,C
2013857287,5955318,C
2165278384,5955318,B
1973677655,8157886,B
1973677655,8696787,B
2953336947,8236805,D
2953336947,8623873,D
2171580171,8431617,A
2101890450,8623220,B
1993825207,8410562,B
1972058572,5958815,B
2148926020,5229665,B
2148926020,5198783,B
2136814173,7778979,A
1970154856,6129831,C
1993936731,6831161,B
2066172632,5229665,B
2547432699,9738753,B
2739348406,10632080,A
2341152397,10335500,B
2341152397,10695442,B
2341152397,9937270,B
2197561521,10632080,B
2197561521,9937270,B
2197561521,10335500,B
2149239077,9675711,B
2121253175,10335500,B
2121253175,10632080,B
2121253175,9937270,A
1963482704,9327037,B
1963482704,9327037,B
1997107586,8421058,C
1977647957,9274652,C
1977647957,8212782,C
2059364596,8629425,A
2984301015,11476435,C
2972368829,11476435,A
2294303178,10426727,B
2294303178,10758483,B
2351378789,4791103,C
2351378789,4738954,B
1987148082,6376197,B
2034314931,6376197,B
2021104522,6156522,C
2021104522,6232289,B
1965709219,6156522,C
2586703849,10501725,B
2152385435,4341761,B
2152385435,4311639,B
172481923,5922327,B
2066860359,6531136,C
2107760486,6171592,C
2119868876,6531136,C
215464006,5922327,C
2102018643,8661484,A
1972721295,5922327,C
1972482405,5922327,C
2135039470,5922327,B
1999068352,5922327,A
1950773349,5922327,B
2089582357,5922327,C
2149512331,5084271,C
2054102649,5922327,C
2034658172,6287452,A
2107767336,9117838,B
2147266689,8445941,B
2909543448,11299151,B
2897179324,10696300,B
2897179324,11299151,B
2283973088,11586075,B
1992840115,6051407,C
2040068245,6724955,A
2006924420,8499612,B
2026852555,5773702,A
2026852555,5859348,A
2035416560,8142984,A
2017633284,8499612,B
2061797520,7220346,B
2061797520,6843902,B
2110278764,8142984,A
2011563465,8499612,B
2129640140,7220346,B
2129640140,6843902,B
1970522920,8499612,B
2150824140,4581527,A
2149899933,9708603,A
2620823606,11351156,C
2967407971,10969436,B
2966529306,10969436,B
1996088152,5644512,C
2562498360,10832868,B
2100093877,10338161,C
1571942025,6642870,C
2030783736,6642870,C
1987018680,7915315,C
1987018680,8329676,C
1628578482,7886151,B
2331089889,9708351,B
1984543678,7786173,B
3005292362,10308857,A
2118038978,8867823,B
2026258285,5869708,A
1982332750,4633427,B
1982332750,4603398,A
1992529637,9717695,B
1992529637,9717695,B
2077008609,9717695,B
2077008609,9717695,B
2082748819,9717695,B
2082748819,9717695,B
2023749720,8445243,B
2107075457,8445243,B
1988409329,8445243,B
2165587207,8445243,B
2034846223,8445243,B
1984591810,6518027,C
2016965829,5938908,B
2016965829,5833827,B
2008965264,5938908,A
2788181051,10842493,B
2048514100,7752212,B
2048514100,7991799,A
2140106368,7752212,B
2102299107,7774046,A
1624967625,9556791,C
2043595532,9453767,C
1624967625,9709448,B
1624967625,9453767,B
1975987043,6429208,B
2008121565,9525117,B
2082262464,7256417,B
1964881167,8685767,A
1963539108,10115859,C
1969103354,10193827,C
2041318541,10115859,B
2059102131,5597565,B
2059102131,5780080,B
177263471,5597565,B
2063055641,5629210,A
2044237457,6140639,A
2165126425,9347077,C
2165126425,9347077,C
2096420254,9023984,B
2096420254,9023984,B
2027142382,9023984,B
2027142382,9023984,B
2134857194,9023984,B
2134857194,9023984,B
2055513188,10433755,B
1966089167,8609617,C
2060631768,6311100,B
2111076125,6587778,A
2093490066,5498363,B
2009571602,6233056,B
2009571602,6707560,C
1615775141,6233056,B
1615775141,6707560,C
1969338332,6707560,B
2089687810,6707560,C
1990048996,6707560,C
2006474485,6233056,B
1989177083,6233056,B
2024010667,6707560,C
1988627834,6707560,C
1657606772,6707560,C
1657606772,6233056,B
2043597486,6233056,C
2043597486,6707560,B
1969891195,8761457,B
2019709272,8463071,B
2019709272,8515159,B
2023637681,4332529,A
2789014835,11504438,B
2789014835,10493172,B
2752490028,10493172,A
2044212094,8174137,B
1974406759,7949387,A
2009411313,5733759,B
2112145383,6104766,A
2980908202,11557449,C
2125163977,7873894,A
2209868426,10801015,B
2414269620,10426870,B
1990358880,5562904,B
1966594431,8450366,A
2094420073,7510637,A
2049981291,7510637,B
2087900161,7499153,B
2127525870,7656522,C
2287021260,10087239,C
2754301088,10844282,C
2235599671,10087239,C
2111510216,9498521,C
2155493374,7118757,B
2166501694,6252138,B
2145475669,8914117,C
2138481252,8914117,A
2096139588,8914117,B
2080694973,8914117,C
2969288202,11327002,B
2544163377,10636929,C
2083442112,8204701,B
2036827209,9556020,B
2056947932,7858206,B
2078600227,7987701,B
2078600227,8336371,A
2062141481,5870607,C
2155323825,5659185,B
2087065550,10286555,B
2118375353,7539872,B
2066234652,7287166,B
2056137958,8840901,B
2172036636,9201042,B
2885203734,10775429,B
2025231668,7279024,B
2112086459,8114255,B
2044746418,8263815,B
2044746418,8114255,B
2474664089,9951118,B
2143940929,5747294,B
2108031423,5618533,B
2002314797,8609617,B
2126655973,8375165,A
2139221507,8375165,C
2139221507,8654763,A
2139221507,8462786,C
2130287685,8375165,A
2159603570,9851304,B
2159603570,9851304,A
1657326714,5747279,A
1968463326,5223721,B
2507665026,11046692,B
2055301846,5576433,A
1601936385,5049673,A
2044047938,5116735,C
2030853726,5707620,C
2061081100,5523390,B
2061081100,6017532,A
2131344626,5234426,A
2002980568,9636075,A
2055593270,6017532,B
1514298611,6017532,B
2084544627,6274718,B
2054008251,5707620,A
1980968411,6017532,B
2113552067,6017532,B
2025719648,4477569,B
1965246451,5858963,A
1993493547,7678863,B
1993493547,7678863,B
1993493547,7579427,C
1971249227,7579427,C
2059583325,7579427,C
2077089896,7579427,B
1991575214,7579427,C
1999109249,7579427,A
1999109249,7678863,C
1999109249,7678863,C
1988262680,7645856,B
2062231303,7579427,B
2062231303,7645856,B
1988262680,7579427,B
2002782750,7579427,C
2038691410,9012685,B
2038691410,9012685,B
2129677953,7678863,B
2129677953,7678863,A
2049691455,7579427,C
2030522726,7678863,B
2030522726,7678863,B
2040332756,7579427,C
2040332756,7678863,B
2040332756,7678863,A
1997889119,7579427,B
2082066466,7579427,C
2068445334,8835153,B
2132897116,4736006,B
2607620943,9997920,C
2607620943,9997920,B
2607620943,10069304,B
3025091880,6159685,A
1484187172,6159685,B
2033003447,7918847,C
1969037052,6770389,B
1969037052,6562453,B
2047168958,6770389,B
2047168958,6562453,B
2139267086,5677143,C
2139185517,5472871,B
2028111913,6162882,B
2028111913,6538091,C
2028111913,6124411,B
2056467304,6538091,B
233685,5945491,B
2079855982,5789487,C
2079855982,6124411,B
2079855982,6162882,B
2079855982,6538091,C
2043134330,4850707,A
1594025644,5378625,C
1594025644,5322687,C
1594025644,5187091,B
2324437824,5322687,D
2324437824,5382429,A
2324437824,5378625,C
1522967548,5382429,B
1522967548,5378625,C
2152953685,8012590,B
2136662052,8012590,B
2095571823,5693757,C
2127530720,7787009,B
2912447544,11590214,B
2792551995,11453865,B
2031649182,5758253,A
2082134991,6458362,B
2778988677,10585332,B
1998637054,6690700,B
2072844475,7622703,A
2058315875,8435927,C
2078785316,8796012,B
1594492199,5427928,A
2115263378,10948492,B
2083112939,7524664,A
2091436477,5794449,B
1995040061,10307527,B
2068794150,5283339,B
1517064206,6537746,A
2118802018,7524664,C
2885906943,11302003,B
1974794066,6177263,B
2144572696,7524664,B
2063112093,7524664,B
2125247340,8741616,C
2085041652,7524664,C
1980231654,7524664,C
2118280926,7524664,C
2112593855,7524664,C
2117206005,7863030,C
2904574097,11230531,B
2760948449,11230523,B
2086671416,7968721,B
2133739308,9469685,B
2069420662,9248145,C
2022636024,9566255,B
2581419557,11124490,C
205322842,6722012,A
2032976401,5872073,B
2042168852,8758974,A
1536777057,8426154,B
194489878,6618467,C
2079542553,6438202,C
2079542553,7046831,C
2053683763,6618467,B
1993160597,6560311,C
2001102819,6618467,C
2407898596,6618467,B
2029776013,6438202,C
2043101444,6618467,B
2043101444,6438202,C
2043101444,6661870,C
2069983572,4575259,B
2057027051,4575259,A
2025456419,4575259,B
2087866733,5659013,C
2101244578,4440747,A
2417985911,9376465,B
2319967173,9328139,B
2029078031,8785709,B
3003740439,11382989,B
2167348655,10003776,A
2052431046,6448390,B
1965888994,7457355,B
1965888994,7271971,C
1965888994,7359135,C
1480835070,7848797,B
1988963123,8987474,B
2005616433,4184796,A
2054903194,8623906,B
2053285599,8466157,B
2142682969,8623906,C
2137501845,7169197,B
2098080180,7657309,B
1590712817,11172888,B
1988025023,8772039,A
2104161044,9222104,B
138853009,6090392,C
2329144124,9732427,A
2063528981,7747071,B
2116167529,5388124,B
2145673066,7248693,A
2789451937,11540714,B
2010905675,8241629,A
2035086014,5815250,B
2028925919,6229151,B
1678315711,7892822,B
2002890708,9066108,B
3022958820,11176835,A
2219011124,4648057,B
2066098943,10634845,C
2608799977,9554512,B
2564061012,9554512,B
1986376299,5288339,B
1979227127,5288339,C
1979227127,5137587,B
1979227127,5137588,C
2035060887,5288339,C
2019501900,5288339,B
2019501900,5137587,C
2019501900,5137588,C
2008568168,5137587,C
2008568168,5288339,B
2008568168,5137588,C
2112377527,7074756,B
2157797978,6830221,B
1976603775,8486981,B
1976603775,8283368,B
2107733398,8131011,B
2025960756,5515444,B
2604251679,11001857,B
2111834642,9519040,B
2004810292,3958189,B
2046346120,6286225,A
2156191466,9051244,A
2018445737,4849244,B
2071854144,4849244,B
2005135613,4849244,A
2156755778,5352912,C
2048495619,9718861,B
2790209766,11572399,B
2068756383,5843677,B
2001578546,7097856,B
2043368734,6623960,C
2049550588,7262018,B
2049550588,7682800,B
2319094711,10067050,B
2164709490,9429096,B
2153051683,10202927,C
2051351328,10202927,C
2051351328,9429096,C
2048760627,9429096,C
1999110211,10230137,B
2139259759,7440766,A
2180051982,9370527,B
2180051982,9370527,B
2791954535,10596376,A
2971896595,11058473,B
2063411161,7105299,A
2075687993,4756807,A
2611575069,10320203,A
2141459684,5642273,B
2148553979,5962857,C
1551575829,10047167,A
2050140768,8859232,B
2088223643,4533252,B
1973522284,5064801,B
2337615793,10017777,B
2884573239,11116765,A
2123172689,7418640,A
2897625780,10954299,A
2203508881,9490728,B
1996914913,9901659,B
2351063818,10177303,B
2351063818,9276040,B
2042372326,5658834,B
2118953527,7368794,B
1982730713,7268937,B
1985385383,7268937,A
208508301,10202568,B
2049494078,8345335,A
2005317963,6017474,C
2029810403,4505149,A
2006563349,7430721,A
2513081266,10252927,B
2144136261,8889364,B
2084833463,8987097,B
2169483788,7550405,B
2058359126,5191557,A
2093037712,5050130,A
2093037712,4954998,B
2058359126,5050130,A
1975445800,8395768,B
1975445800,8395768,B
2063399457,8843188,B
2111891642,9008800,C
2114575499,9008800,C
2047442111,9008800,C
2088657513,4598147,D
2088657513,4533738,D
2088657513,4871860,D
1968712069,9423539,A
2048424746,8542355,C
2034529048,8119572,B
2082918509,10531846,B
2616265341,11067458,B
2131112678,8355604,A
1999717424,4298692,A
1999717424,4411896,A
1999717424,4376166,A
1993419891,9571812,B
1993419891,9571812,B
2001246487,8502815,B
2053017016,9361679,A
2053017016,9378543,A
2000050600,6759488,C
2095121894,4206199,B
2110590841,7328058,B
2512879392,10924687,C
1993389307,7886283,A
2001443386,10550197,A
2023044450,8464115,C
2058785831,7979763,A
2058785831,7958472,A
2149093111,6950974,B
1975005917,8464115,B
1975005917,9157961,A
1975005917,9157961,A
1975005917,8645780,B
2047503024,8464115,A
2047503024,9157961,C
2047503024,9157961,C
2047503024,8645780,B
1967660531,7979763,B
2133767982,8555221,A
1537047525,7199557,B
2101029606,6924622,B
2766784175,10347282,A
2766784175,10255942,A
2147558718,3970928,B
2004452646,6408428,A
2069677196,9577298,B
1696952104,9429096,C
2064484277,9429096,B
2072536859,9228527,C
2072536859,9429096,B
2791051389,10255942,B
2606920884,10539566,B
2564586109,10539566,B
2110179577,6194460,B
1880532569,6287574,B
2000775982,5503992,C
1880532569,7273611,B
1648250284,5013664,B
2093364351,6034659,B
2495845285,10407737,B
1870151018,9184270,B
2174398587,4310638,C
2174398587,4141863,B
2174398587,4271049,B
2174398587,4183876,B
2793286287,10618960,A
2284519168,4348501,C
2100072399,7276353,A
1969467869,9778259,B
2225879046,3955925,B
2219554943,3955925,B
2219554943,4045176,C
2480899767,10338178,B
2747736576,11079453,B
2521333197,11129883,C
3008982256,10850011,B
2137303156,7615834,C
3010409962,4832461,A
2100417354,9025908,A
2033221280,5849297,B
2033221280,6268485,B
2033221280,6221657,B
1982708421,6737099,B
1977902082,5618533,B
2149322059,5618533,B
1948710239,5656451,B
1948710239,6344552,C
1948710239,5747294,C
1995212642,6197301,B
1995212642,5747294,B
1995212642,6344552,B
1989726058,9534899,A
2082928364,9860443,B
2109612914,10299683,C
1998957746,10287876,C
2138979179,7005505,B
1548159321,5246850,B
1573665190,7669109,A
2023882395,8796295,B
2023882395,8598345,B
2023882395,9085562,C
2023882395,9085562,C
2066623606,8890271,A
2086832937,8822192,B
2345742406,10006196,B
2619739977,10355192,A
2527975140,9632187,B
2044377477,5525260,C
2024949695,8010694,B
2024949695,7916657,B
1582204098,8260133,B
2152916182,11020551,B
1983497801,10012648,B
2155641826,5069894,C
1969435090,8076848,B
1905692693,9561292,B
2058398069,10633695,B
1918748922,5594262,B
1918748922,5411902,B
2082118079,5840313,B
2082118079,5589175,B
2335362572,4843011,C
2123474966,9012239,B
2020874615,7723126,A
2592411512,6597010,B
2060500403,8405393,A
2806975594,10906909,A
2002811567,7569573,A
2002811567,7888375,C
2178112030,7250421,B
2301455988,10405740,B
2301455988,9687145,B
2299477979,10405740,B
2299477979,9687145,C
2518721023,10405740,C
2518721023,9687145,C
2295499357,10405740,C
2295499357,9687145,C
2940916467,10405740,B
2054207668,9687145,C
1966849374,9687145,B
2318519245,10405740,C
2318519245,9687145,C
2253518147,9687145,C
2582673347,10405740,C
2582673347,9687145,C
1986276087,9687145,B
1970722867,9687145,B
2569072846,10405740,B
2569072846,9687145,B
2589570126,10405740,C
2589570126,9687145,C
2057788411,9687145,B
2055978517,9687145,B
2315222220,9687145,C
1788815930,9687145,B
2315222220,10405740,C
2024681044,6971187,B
1969047208,9687145,C
1998101528,7230717,B
2010586906,8204564,B
2088030102,8204564,B
2078508504,9231677,B
2078508504,8942308,B
2018305240,7747041,A
2019876129,8977650,A
2019876129,8984019,A
2906954249,10023630,B
1939123433,10706736,B
2084601069,9325140,B
2084601069,9325140,B
2044323973,9325140,C
2044323973,9325140,C
2030406162,5511571,B
1529894768,8414933,B
2024445922,5001107,B
215609077,6946248,B
2113105169,6946248,B
2016066725,6946248,B
2142900146,6946248,B
2167541008,6946248,B
2533647324,9477312,A
2020209786,9477312,C
2036610453,9477312,C
2121404628,9477312,B
2001074344,9073060,A
300695941,7394842,B
2054415483,6586141,A
2101076964,7609743,B
2891370189,10719779,A
2024339049,7712901,B
2162989529,7314614,B
2017934088,4613784,A
2003041907,4613784,C
2963623854,10161797,C
2463027054,10161797,A
1968902663,9989677,B
1968902663,9989677,B
1968902663,10042091,B
2761524141,9989677,C
2761524141,9989677,C
994408706,6330800,C
2048882492,9652830,B
2020442680,8324703,B
1485485237,5693530,B
2038479214,8309936,B
1967103609,5128326,A
2540907298,8234538,C
2058217663,8782479,B
2158277795,8782479,C
2226306033,8782479,B
1969202466,8782479,C
2169331336,8775108,B
2169331336,8782479,A
2150843895,5871912,C
2108281809,5713932,C
2081609850,7826893,C
2081609850,7242978,C
1973605515,10075104,B
2588705262,10542889,B
2024818008,8982340,A
2000065960,5980886,B
2032564106,5980886,B
1901002830,7045344,C
1986940374,8962331,A
2055752205,5980886,C
1988154137,5980886,B
2064312591,9468203,B
56832407,9591988,C
2591897235,10910674,C
2591897235,11482701,C
2591897235,11152615,B
2611028165,11482701,C
2611028165,10910674,C
2734212312,10910674,C
2734212312,11482701,C
2070382160,5320824,B
2070382160,5560901,B
2728417873,11482701,C
1975253652,8889848,A
2170540001,7173007,B
2591789372,10329209,C
2591789372,10787611,C
1960949488,10383317,B
1995107329,10383317,B
2010363127,6077519,C
2023381165,5989565,C
2078176299,6077519,C
2007610332,6077519,B
18801721,6077519,C
1991912657,4387717,B
2076023807,7518780,A
2312947674,7665844,B
2001978080,7665844,C
2056096048,7791734,B
2004613970,7518780,A
2028522297,7791734,B
2062006702,7665844,B
2062006702,7791734,C
2060903718,7665844,B
2060903718,7791734,C
1997652627,7518780,B
1967043039,7665844,C
2065877038,7665844,A
2095204965,7665844,C
2572069416,7791734,B
2041618411,7791734,A
2035026785,7791734,B
2053338253,7518780,A
2065226876,7942527,A
2065226876,7665844,C
2104674704,7791734,A
1180869037,9211419,B
2885211886,10266503,B
2016278077,5705623,B
2058359882,8396270,B
1982936858,9084888,B
2108729483,8379794,B
2030313405,8396270,B
2017009270,5182210,C
2017009270,5310671,B
1986219564,5182210,C
2143816607,5032520,B
131864293,5032520,B
132487814,5032520,C
1994193749,5032520,C
1667518891,5607844,B
1667518891,5480797,B
1667518891,5811397,B
2072945994,4480089,B
2065357470,5569755,B
2122349107,4631956,A
2756053574,10614299,B
2085496778,7225173,B
2748335219,6994831,A
266014019,6994831,A
2098739821,6994831,A
2025191776,6994831,B
2128754899,8476348,A
2077156823,8476348,A
2168376645,8017938,B
2119612981,5161857,B
2155667934,5161857,A
2517159558,10163369,B
2156329825,5198339,A
2049348938,4145295,C
2164596224,5288639,B
2966912116,10472670,A
2038201895,10922140,A
1549694495,8738968,C
104553559,8738968,A
2096253463,8738968,C
2520154860,10466998,A
2520154860,10698801,C
2028575807,10258242,B
2059458343,7459452,A
2036910488,8738968,B
3015736758,11290353,A
2153818431,8738968,C
2079365006,8738968,C
2514990186,6048437,A
2737883141,11551832,A
2883703681,11551832,A
2527727312,6048437,C
2805860930,11551832,B
2883961266,11551832,B
2103505454,9470693,A
2103505454,9470693,B
2064988813,5432018,B
1981099253,9422318,B
2161019286,9127027,C
2123968988,8865606,C
2021813425,4698318,C
2069493091,9371249,B
2016408996,7070941,B
1984563873,8040604,B
2739323796,10712406,C
2108554275,7121474,B
2045259680,5835890,A
1966737826,5835890,B
2116066255,5835890,B
2165548796,7424426,A
2165548796,7552049,A
1913527635,5835890,B
2014359883,4833242,B
1992417353,7311776,B
1594663393,7311776,B
2153634806,7311776,B
2054516412,7785415,A
2025324321,5635615,A
2025324321,5654151,B
2432000892,10577370,B
1971043787,9284362,A
2402289038,5533299,B
1973858890,9896730,B
2341174028,9674406,B
2952829798,6077955,B
2952829798,5814508,B
2952829798,5922589,B
2952829798,6066490,B
2952829798,5908954,A
2952829798,5936114,B
2904936785,10653771,B
2024864836,7224827,A
2774380635,10767005,B
2144713597,8129887,A
2017181737,7657073,B
2017181737,7657073,B
2535940136,5485085,C
2150559385,7224827,A
5763056,8744208,B
2087592493,7659073,C
1928838333,6482599,C
1965008530,6482599,C
1976432749,6482599,C
2036312361,8471352,B
2025529640,8829638,B
2178799638,6482599,C
1985784441,6482599,C
1985057538,6482599,C
2068496885,7763243,B
2100075779,6878743,B
2017020973,5910629,B
2120287871,6798815,C
2167357835,5167004,A
2098263420,6124819,B
2098263420,5793322,B
2098263420,5929800,B
2105692560,7630604,A
2086960845,8355606,C
2060295996,8355606,B
1779569714,6534798,B
1981284841,8829638,A
1981284841,8471352,A
1991027347,6466709,B
1976940287,8829638,B
1976940287,8471352,A
2085574058,6466709,B
2048757078,8829638,B
1976338772,8829638,A
1965618425,8471352,B
2160478109,8829638,B
2160478109,8471352,A
151261799,8471352,B
151261799,8829638,B
2137546986,6466709,B
2061780972,8829638,B
2087204954,7206488,B
2074571745,8355606,B
2491473489,6466709,B
1979307575,8355606,B
21295182,8753810,A
2035234686,7700282,A
1578210252,4324671,C
1578210252,4324673,C
2024783975,9135242,A
2162677917,8361889,C
2101102204,8300062,A
2524164190,10752953,B
2605314119,10260067,C
2061297221,7270976,C
2125811643,6960434,C
2007419447,5523229,B
2136629470,10752953,B
2027974804,6960434,B
2152560113,7031308,A
2059136630,5283417,C
2075230775,5230346,B
2075230775,5309923,B
2015729477,5714376,A
1983775458,8986576,B
2163370539,5670320,B
2038038558,5670320,C
2056390136,6522407,B
2111015674,6185678,A
3015379790,11291649,B
2048320258,9595666,B
2011853081,6027587,A
2037489639,9737247,C
2056120239,8159235,B
2320798727,10717672,A
2027009248,6013858,B
2122643342,6775447,B
2165691101,8111386,A
2165691101,8111386,A
2165691101,7817258,A
2024031264,8111386,B
2024031264,8111386,A
2024031264,7817258,A
2037638747,5778102,A
2037638747,5727092,B
2097294492,6021196,B
2134450273,8846321,C
2049660531,5374664,B
17771533,6428695,B
1488897968,7527972,B
2011247517,8255732,B
2026888831,4431708,B
2739904892,10802022,B
2083787054,5144019,B
297249988,5144019,B
2050992506,6069007,A
2884197119,9991958,B
1590255603,8362699,B
2076301224,8362699,B
2099011877,5228351,A
2057524131,8651678,A
2032615714,9405124,C
2015952227,5743936,B
2089986751,9405124,B
2089986751,8651678,A
2017241944,9380221,A
1974451021,8848006,B
1974451021,8651678,A
2017254771,8651678,B
2549943622,10591643,B
2741852927,11524063,A
2010232831,6996493,C
2213123672,10975205,C
2874336409,10975205,B
1735687393,9438245,A
1735687393,9438245,A
1735687393,9729152,A
1735687393,9729152,A
2049405745,10028723,B
2025205481,5792631,B
2025205481,5900370,C
1981102544,6304050,B
2035783114,6194860,A
2079178639,9042003,B
2182966584,7176770,B
2172298267,7511870,B
2067783756,7847656,A
2117977707,7511870,B
2147287527,7176770,A
2140954816,7511870,B
2126934971,7176770,B
2188647963,9347775,B
2134677387,10393525,B
2099402246,7421305,B
2157704344,9455763,B
2071267290,4026949,A
2071267290,4095038,A
2071267290,4072715,A
2071267290,3988205,B
2016715895,8329636,C
2147372635,6903184,B
2111340930,7176770,A
2126213414,7511870,B
2004064461,7206709,B
1537912628,5866775,B
1968210905,5310667,B
2081183093,8107150,B
2064754442,4992371,B
1973678089,5683699,B
2040253986,5225331,B
2104059846,9150613,B
2104059846,9150613,A
2104059846,8598118,B
2060187831,5854388,C
2064748554,4742172,A
1973460344,6991939,B
2080812259,8264955,A
2049070736,4053602,B
2049070736,4079069,B
2021169594,8119208,A
2018909813,8545383,B
2018909813,9192778,B
2018909813,8600089,B
2031753903,8600089,B
2031753903,9192778,B
2072160962,6628991,C
2472186780,10367564,C
2472186780,11038574,C
2188506769,10396875,C
2188506769,11038574,B
88303457,6419923,C
2418264611,6498954,C
2418264611,6628991,C
2149585984,7326360,B
1997519631,11547867,B
2084597217,5018177,B
1998750020,9148125,A
2902229937,11339503,B
2101355601,5546797,A
2525906295,10180401,A
2110689742,8533152,C
2110689742,8533152,B
2126801470,7365533,B
2037541656,9168023,A
1863451475,4751081,B
2006447566,7664302,C
2032396198,6442750,C
2140828740,9061077,B
1975870688,10692603,C
2203036217,10692603,C
2342533802,10692603,C
2070202086,4709390,A
1501390385,10166202,B
2086029334,6162796,B
2073260120,9862697,B
2071522804,8409374,A
2055452179,8901519,A
2000694067,8592758,C
2068011446,7611895,B
2001904774,6329503,B
2001904774,7037667,C
2068861682,8975387,B
2154320911,7214372,A
2550991175,10439433,C
1996902159,9234958,C
2088466966,9166147,B
2085052690,9166147,C
2062307111,9685214,A
2331291155,5591440,B
2331291155,5593825,B
2331291155,5925512,B
1994214575,9685214,B
1604906898,10218072,B
1980400383,6124525,B
2789853803,11492329,A
2072076646,9844504,B
2072076646,9844504,B
1999629174,8168208,B
2136475029,8168208,A
2095620717,5811302,B
2095620717,5648301,B
2095620717,5643789,B
1984359683,9715214,A
2068643428,8917282,B
2068643428,8917283,B
2000609779,10019823,A
2000609779,9330334,C
2082335776,9245347,B
2082335776,9245347,B
2082335776,10019823,B
2082335776,9251594,B
2025566296,9170367,B
2091874548,9170367,B
2779483295,10489688,A
2779483295,10515443,C
2779483295,10002415,C
2417288846,10515443,B
1981963427,10299695,C
1995453713,11160456,B
2045219636,5840023,B
1997322903,5840023,B
2143072141,9222791,B
2153374077,8738559,A
1996087881,9222791,B
2263919949,8494771,C
2046656276,10062188,B
2085128104,5840023,A
2018075713,5840023,A
2053050029,5840023,B
2005260825,5840023,B
2755946900,11551103,A
255347894,9790266,B
2803030241,10285420,B
1558800866,5413931,A
2057000815,6994782,B
2006049715,6994782,A
1967912622,5413931,C
2107214933,9404136,C
2107214933,9404136,C
2008032909,7322972,B
2085836649,7322972,B
2040140789,5979454,B
2006907674,6944551,C
2061729052,6171301,B
2061729052,5997530,B
2000391788,5979454,B
2042290230,7016048,B
2042290230,7072045,C
1976617713,7322972,B
2059107848,7400754,C
1995726603,7072045,C
2053181478,7072045,A
2032617225,7322972,B
2005269986,7016048,B
2169096850,7400754,B
1976125532,6944551,C
1979375392,7072045,C
2055689741,6682859,B
1998653575,5552054,B
2014810857,7072045,C
1974139656,7322972,B
2145408412,6549801,B
2145408412,6944551,B
2128292169,7322972,B
2020580212,7072045,C
2020580212,6944551,A
1968411849,6944551,A
2043682202,5997530,B
2115615164,6147503,B
2129712730,6147503,A
2051670790,5039947,B
2046246932,8629681,B
2104653607,6147503,B
2010353517,6147503,B
1987264996,6147503,A
1815923351,6147503,B
2121198823,5979454,B
2151781127,6171301,B
2151781127,5997530,B
2073249634,7072045,A
2057173115,7016048,B
2007695082,8629681,B
1976832970,5039947,B
2038524289,5039947,B
2058032220,6691563,A
2164250278,6147503,A
2051033051,6086890,C
7834821,5820868,B
1993364978,6086890,C
1993364978,5820868,C
2114194280,10207299,B
2081124340,8440008,C
2081124340,8440008,C
1967090672,9854644,C
1631578086,9854644,C
2471025818,9967952,C
1599352408,9301374,B
2161810987,9301374,B
2055737735,9967952,C
2097152146,9854644,C
2285908190,9229757,C
2044691894,4632776,B
2044691894,4675415,B
1987020363,5204770,B
2032467055,8715748,B
2058705332,4297276,B
1490628456,4297276,B
148537710,4297276,B
2003990888,9814747,B
1995039490,9355303,B
2090685914,9355303,C
1981564320,6012926,B
2322207584,8718416,B
2011639224,4559823,B
2011639224,4461167,A
2032476306,7056431,B
2041916625,7056431,B
2146525895,7791734,B
2065706682,7791734,A
2013667741,7791734,B
1973696093,4282407,B
2083092557,5253192,B
2088970445,9246945,A
2088970445,9288232,A
2146893495,9447243,B
2146893495,9447243,B
352670848,10835710,A
2069400216,7354771,B
2092440191,7354771,A
1502813371,6528795,B
114216128,9238825,B
1542261097,8241856,B
2167588257,6929918,B
2052622082,8241856,B
1604419961,8241856,B
2006428715,5628994,B
2115527947,6776911,B
2163533551,5126494,B
2163533551,5227543,B
2039555536,8219138,A
2039555536,8411784,B
2971095342,10644804,C
2170943742,9153353,A
2170943742,9077039,B
2090728785,9653734,C
2090728785,9653734,C
1987062107,8852461,C
1987062107,9077039,C
2063657437,9653734,B
2063657437,9653734,B
2917607092,10911151,C
2917607092,10951323,C
2917607092,10644804,C
2613758998,10312992,C
2026796929,8411784,B
2026796929,8219138,B
2885406875,10951323,A
2885406875,10644804,A
2540002170,9622086,B
2530147235,9887747,C
2530147235,9887747,C
2134581530,8411784,B
2089356602,8962834,B
2053290097,7919673,A
2474259138,9542763,C
2111051930,9234184,C
1971266122,9234184,C
1966772190,5485016,C
1989819619,5485016,B
1484465374,9234184,A
2420279990,7645235,B
2105550963,6607727,C
2009048114,6809820,B
1965347807,6856937,B
2098965712,5351006,B
2007238980,5351006,B
2164758522,5351006,B
2025608876,5351006,A
1970533651,4768881,C
1977133104,4770718,B
2143010016,5684146,C
2054583440,9605053,C
2054583440,9605053,C
2205853722,10762980,A
2045943176,9480618,B
2074560929,9480618,B
2089502955,5739287,B
2085315843,5616159,B
2074936650,5473705,B
2103688146,7112322,B
2121860740,6984647,C
2087337188,4840655,B
2087337188,4832724,B
2907141832,11235054,B
1982168019,6687847,B
1550339918,6687847,A
1490418367,10814012,B
2045330687,4104306,B
2039546333,7618905,A
1527409487,8683564,B
2158753426,6699697,B
2031441481,8071164,B
2058183763,4681450,B
2058183763,4725145,B
2171144878,5337146,B
1990786173,7037464,A
1972187055,10004602,B
2011675646,8968417,A
1157331682,9586981,A
2027629341,5342909,B
2017482376,9586981,B
2008184645,9586981,B
1980501669,6806325,B
2085231062,5342909,B
2953251521,9580451,D
2953251521,9580451,D
2953251521,8968789,D
2152155223,9586981,B
2018031775,9586981,A
1968984252,5206236,B
2046000758,4708818,B
2024012268,5572625,A
1966453714,5572625,A
2567182893,10436895,A
2721208987,10732309,C
3001300118,11566242,B
2791520226,11459560,B
184418046,7044602,A
1942262366,11603540,C
2314465763,5035960,A
2964229072,9779359,B
2001907328,7371738,B
2156874234,10287457,C
2504054336,5651953,B
2072389978,6465228,B
1984677002,5795494,B
1981135564,9120869,B
2025364146,8784832,A
2089941610,9120869,B
2089941610,8784832,B
2076600594,8784832,B
2137184265,11208628,A
2158587599,7831090,B
2288615270,10046036,C
2745403509,10046036,B
2971079940,11077175,B
2767490762,10046036,C
2049070736,4173631,B
2049070736,4091094,C
2607254529,10624959,B
2607254529,9675678,B
2393107478,10046036,B
2393107478,9675678,A
2393107478,10265387,A
2607254529,10265387,B
2607254529,10046036,B
2607254529,10653755,B
2070272180,9047429,B
2046549786,9047429,B
2142654748,9047429,B
2106986126,9047429,B
1996997245,8354291,C
1972577644,8354291,B
2140032828,8354291,C
2151435949,6484172,C
2322013855,9173617,C
2322013855,9173617,C
2304192167,10732309,B
2516922013,10732309,C
2308711108,10732309,C
2167651487,9173617,B
2167651487,9173617,B
2318562828,9173617,C
2318562828,9173617,B
2123667473,10732309,C
1986507781,8903037,B
1986507781,9173617,B
1986507781,9173617,B
2016280902,5344623,B
2024808412,RE29842,B
2919869554,10801093,C
2919869554,11371108,C
2782809417,10664233,B
2793414276,10206875,B
2793414276,11497713,B
2316705591,9297118,A
2171579962,8790594,A
1944164924,9716308,B
1944164924,9716308,B
2017435063,7482123,A
2045279481,10074996,B
2158622713,9078843,B
43749636,5434344,B
2089599621,6072106,B
2578660199,11100415,B
2577639611,10474690,A
2212967118,11412975,C
2033228536,11412975,B
2043239895,6911325,B
2043239895,6528280,B
2050058829,9603243,C
2050058829,9603243,C
2009783154,9603243,C
2009783154,9603243,C
2035460064,5171704,B
1986803026,6914273,C
2006880339,4197643,A
2092301085,4197643,C
2009279008,9853997,B
1972004006,9853997,C
2253799390,10314483,B
2111868723,9586981,B
2902699996,11069921,B
2109194132,8076451,B
2530267922,11229710,C
2530267922,9814781,C
1978424893,6890487,B
1978424893,6878556,B
2085015399,5134065,A
2025964097,7677441,A
2019687919,4352563,C
2572870077,10444136,B
1972811199,8889342,A
1972811199,8889342,B
1972811199,8679730,B
2001151561,4572206,B
2128969037,6916832,B
1860598299,9586981,B
1860598299,9676676,B
2082123042,5177994,B
2074061331,4639208,B
2037072948,5177994,B
1834381922,5177994,B
2001552365,5177994,B
2510826524,10257526,B
2047249376,6696371,B
2024199259,6027709,A
2077333708,4145185,B
2008909198,9014857,C
2089240611,5347139,A
324005658,10288588,A
2611945087,10316295,C
2611945087,11339375,C
2020481873,8703473,A
2041578265,9624282,B
2090766266,8236557,B
2781678589,11049238,B
2066643439,7892824,C
1537304053,10059624,B
956244984,4518547,B
2010263705,6210966,A
2163319543,8027977,B
1998570400,9545196,B
1974445091,6466687,A
2037698869,6701050,A
2176488545,9110501,B
2129349997,8363853,C
2162620522,6716809,C
1863316699,10634790,A
2017068597,4344980,B
2616395902,10479980,B
1880265639,6482639,A
2072608504,8750502,B
1977038582,8750502,B
2058337779,4707358,C
1968781465,4707358,C
2067854214,5284855,C
2067854214,5468742,C
1968531550,7284758,B
2899724900,10106861,C
2154708714,6131181,C
2012144715,5057547,C
2012144715,4960804,B
2111937449,6798380,B
2141662035,6798380,A
2141662035,6894642,B
1622825395,6798380,A
2005602327,6798380,A
1490288977,6894642,B
1490288977,6798380,A
2537151882,6798380,C
2286910904,5846265,B
2587563563,9835361,A
2319627916,9176252,B
2011975734,7312058,A
2080583892,7430474,A
2081415274,7430474,A
2152123259,7103669,B
2081482364,7883872,B
2080378988,9627199,B
2028234842,4351787,C
2028234842,4354990,B
2014025668,4354990,B
2127854269,4239690,A
1985234575,5284806,B
2481245312,9360543,B
2481245312,9360543,B
2045410787,8350240,B
2089815501,6007998,B
2089254401,5527703,A
2057264061,5527703,A
2081965953,5319087,B
1744304324,9105793,C
2074230371,6567795,B
2162137515,7998692,C
2162137515,8012701,C
2162137515,8168403,C
1966297508,8709737,B
1985101496,7829299,C
2607163305,10914722,A
2025934452,8328726,B
2123371426,7601122,B
2040450944,7166075,B
2105942319,7601122,B
2105942319,7331926,A
1581793126,7601122,B
1581793126,7331926,A
2110905914,7601122,B
1991287269,9763891,B
1991287269,9763891,B
2546019691,10575331,B
2546019691,11343278,B
2910508450,10754959,B
2910508450,10650150,B
1511314781,8709737,C
2114531054,8012701,C
2114531054,8158442,C
2132540940,7829299,C
2132540940,7413867,C
2064034213,7413867,C
2147917005,9938324,B
2137311570,8158442,C
2137311570,7998692,C
2137311570,8012701,B
2137311570,8168403,C
2137311570,8709737,B
2137311570,7955808,B
1480928884,8012701,C
1480928884,8709737,C
1967177519,8709737,C
2016278325,8012701,C
2016278325,7998692,C
2146566732,9007570,C
2146566732,9201146,C
2081780412,9007570,B
2081780412,9201146,B
2626764478,11040324,B
2790507404,10611851,B
1790188734,9453068,B
1488243412,9453068,B
2108565584,10226527,B
2096043529,5794113,B
1994235264,9297595,B
2058629484,5455126,B
2058629484,5338625,B
2058629484,6218049,B
2134447692,5455126,B
2134447692,6218049,B
2376539925,10117923,B
2017668225,6136452,A
2045698275,6476012,B
2067156060,9315539,A
2067156060,7015211,C
2100607392,5844991,A
1988721670,7824657,B
1968118467,7824657,B
1542797124,7824657,B
2144674245,7824657,B
1987952603,9493419,B
2574158894,9560826,C
2135707921,8279329,B
2135707921,8279329,B
2149155465,9741100,A
2149155465,8761534,B
2149155465,9307146,B
2149155465,9471728,C
2149155465,9288389,B
2149155465,9288389,B
2149155465,9137441,B
2153959202,8279329,B
2153959202,8279329,B
2328620658,8279329,B
2328620658,8279329,B
1968068767,8279329,B
1968068767,8279329,B
2075900110,8279329,B
2075900110,8279329,B
2751042822,10914933,A
1986939344,10233457,A
2466226140,11147823,B
2104085540,8651168,A
2548664743,10254652,B
1539580686,5516694,A
1539580686,5840550,A
2064380275,7361444,B
2162739621,9012240,B
2023013783,7392884,C
2127863091,8785414,B
1984653140,9534256,B
2123118403,9534256,C
2148783825,9534256,B
1972039304,9534256,C
2155230284,6677345,C
2159491934,9534256,C
2142059780,9534256,C
2179106931,7052559,B
2790423941,11246928,B
2017843489,8802401,B
1980958122,10144971,C
2011894210,6432640,B
2085843470,5591826,C
2085843470,5693470,B
2085843470,5837443,B
2081681778,9637796,C
2081681778,9637796,C
2062696188,10144971,C
1981112371,5837443,C
1981112371,7326778,C
1981112371,5693470,C
1981112371,5591826,C
2067028787,7326778,C
2146167376,5851775,B
2044433401,8709723,B
2139964075,5837443,B
2139964075,5693470,B
2139964075,5591826,A
2169895148,10144971,C
2037011709,8039210,B
2054640781,6746845,B
2067405757,9982304,C
2067405757,9982304,C
2171026968,8685660,C
2146542392,10144971,C
2002218976,10144971,C
2064080159,6731387,B
2038968199,5134161,B
1970174108,5212290,B
2082325851,9976184,B
2533175001,8164359,A
2903728255,11356100,A
2043581159,9637796,C
2043581159,9637796,C
2026216262,8907106,C
2606443622,10593039,A
2041096329,9903804,B
2007211334,9903804,A
2594073663,10593039,B
2547648878,10593039,A
2559891771,10648939,B
2134803208,9879068,B
2168949591,9879068,C
2314705009,9879068,B
2096336250,8575095,B
1974543288,7556808,B
2074059421,6137123,B
1992241018,5173262,B
2102582779,4740472,A
1980647762,6320589,B
1980647762,6256044,B
1980647762,6226009,B
2092677917,6821504,B
1984726331,5480971,B
2014073110,7344710,B
2064298625,8200466,A
2085483616,8026053,B
2035008060,8026053,C
2560784325,10144971,A
2623016743,10022713,B
2115107339,5824643,B
2115107339,5965530,B
2115107339,5814605,B
1991384730,7591779,B
1992464644,10022713,B
116974876,7028015,B
2087872380,10145818,A
2614524324,11499248,B
2110078571,5347541,A
2894663482,5347541,B
2121014953,5347541,B
2656413852,5347541,B
1970799750,7238777,A
1976075798,8901089,A
2806904819,10048074,C
2029815694,7979222,B
1996358960,6335010,B
2023302566,6335010,C
2124149576,6335010,B
1990250600,6335010,B
2155056314,6335010,C
1973032213,6335010,B
2397168475,6335010,B
2010546098,6335010,B
2138852525,6335010,B
1595621710,10053750,B
2048088283,9701727,B
2015711605,5977364,A
1653876269,8232077,A
2008375984,5442778,B
1995419071,5654168,B
2114200144,7359477,B
2065519715,5859310,A
2065519715,5654168,B
2033560619,9777332,A
2033560619,9777332,A
2040804024,6081766,A
2038480252,9678217,C
1995121935,8183534,C
2012348801,8183534,B
2042237572,9029760,B
2021449071,8183534,C
2086740674,8183534,B
2082872225,9678217,C
2007685895,9678217,A
2003732317,8183534,B
1988625847,9678217,C
2090249540,9678217,A
2090518831,8183534,B
2090518831,9678217,C
2085495836,7727539,A
2070776280,8334404,C
2041734765,8334404,C
2043601652,8334404,B
2111202268,9292888,B
2029900219,8280643,C
2153880375,6017709,B
1974419905,6083695,B
1992740058,4178381,C
2104232525,9611502,B
2104232525,9611502,B
2033784408,4931351,A
1763785729,6475793,C
2475301961,6475793,C
2056835202,8610379,A
2135613975,5882926,C
2135613975,5989825,C
2567146965,10882886,A
97692514,6342390,C
2039562587,5673020,A
1995552970,10039846,B
2031450682,8861539,B
2002704422,8924137,A
2002704422,8560148,A
1970088609,8560148,B
1970088609,8924137,B
2087045665,8066985,B
2087045665,8709443,B
2090599158,6344195,B
2090599158,6110461,B
2090599158,6261555,B
2568313852,10444160,B
2557692333,10444160,C
2551296940,10444160,B
65923947,5098827,C
2027609803,8071087,B
2080273948,8071087,B
2158946816,7804767,B
2158946816,7804767,B
2092520953,6527833,A
2018118481,5059421,A
2015915232,6287591,B
2128183109,7273620,C
2164345661,8085659,C
2892042861,10454987,A
2603269169,10614910,B
2917322718,10812118,A
2968725089,10812118,B
2885036615,10812118,A
2913285031,10812118,B
2118697335,9507890,B
2118697335,9542510,B
2416855600,10252092,B
2052896268,9393058,A
2052896268,9393058,A
2031975829,5286800,B
1967003246,4452090,B
2129964089,8999293,B
2418224670,11015141,B
2070479314,6836114,A
2060767532,7659447,B
2019369842,8601607,B
2094966479,10123697,B
2004801161,10226173,B
1973825090,8999419,B
2906215518,11422051,A
1988460145,5439060,A
1988460145,5588781,B
1988460145,5480266,A
2317973078,7510141,C
2334963894,7510141,B
2007901089,7510141,B
1982877307,7370325,B
1982877307,6499023,A
2434094369,10005801,C
2049124450,5821219,B
2163369507,9526438,B
2063417122,9526438,A
2104743692,8192854,B
2620855387,11149245,B
1984180403,8399441,C
2167078616,5578601,B
2167078616,5510380,B
2082884385,5498414,A
92952641,8846323,B
2273106458,10814020,B
2317688530,10422023,B
2569153002,10885442,B
2104128956,6846740,A
2006495578,5184460,A
2138339267,6846740,B
2009721027,6784210,B
2023654825,9619006,B
2528867285,10734649,B
1993549938,6037448,B
2026373241,9270198,B
2559817462,10734649,C
1964708960,8675346,B
2612994737,10896146,B
2122710825,7811577,C
1586301514,4956449,B
2011419642,7316926,A
1990001444,8603734,B
2113961940,8497655,A
1989121649,5041538,B
1497588152,5041538,C
1997998703,5041538,C
2078557739,5041538,A
2011775394,5041538,B
2031399745,5041538,B
2029719386,4280953,C
2029719386,4316891,B
2137477403,8761966,B
2789421415,10442860,B
2789421415,11274156,B
2789421415,9850306,B
2027687053,5794050,B
2294701818,11045557,C
2101785219,5955597,B
1973661895,5606049,B
2111315409,8318562,B
2026050857,8597557,B
2049374761,6815323,B
1971971905,6747291,B
1971971905,6815323,B
2076800811,6815323,B
2031283934,6815323,B
2160440046,9817698,A
2089644494,9053210,B
2014733661,9065991,C
2014733661,9065991,C
3013510958,11007273,B
2064791500,7030759,B
2064791500,6853194,B
2183377951,10281473,B
2147099224,9567581,C
2904248907,9902635,B
2063635144,5155097,C
2063635144,5206263,C
2063635144,5147858,C
2063635144,5965445,C
2063635144,5298524,C
2063635144,5158937,C
2063635144,5891727,C
1989591303,5534438,C
1978798596,5534438,C
2059676565,5534438,B
1997686154,5534438,C
2041469949,5534438,C
2035070579,5534438,C
2136540376,5524076,B
2319854329,8906908,C
2106841996,6524821,B
2033522992,4983519,B
2595002955,11041858,C
2112242883,7298801,C
2117923632,5530396,B
2132083994,5329439,B
2114491375,5432695,C
1994364515,9175153,B
1994364515,8871016,B
2555700224,10040805,C
2555700224,10130630,B
2555700224,10214546,B
2792857121,10992108,B
2899288697,10992108,B
2899288697,11431150,B
2941738405,10511145,B
2941738405,11611194,B
2154790577,10422004,C
1967184838,4059704,C
1998891570,10422004,C
2086839262,6918698,A
2011885612,9911974,C
2054782168,9911974,B
2770360373,10564243,B
2091334465,5173399,C
1677137119,5922533,A
1969700232,4515910,B
2108966702,6278040,B
2080674356,8305257,B
1992395280,8305257,B
2056479340,8305257,B
2167368453,8305257,A
2043738808,7384757,A
2268766927,11584936,C
2951405142,10662437,B
2176976665,11584936,C
2176976665,10662437,A
2765211543,10662437,C
2398597893,10662437,B
1835708631,11584936,B
2138734944,11584936,B
2138734944,10662437,C
2952589059,10662437,C
2158538170,9637714,A
2086561084,8229558,C
2086561084,8244354,C
2086561084,8244354,C
2086561084,8265750,C
1967008118,7565196,A
2167810779,8229558,C
2167810779,8265750,C
2167810779,9265951,C
2167810779,8244354,C
2167810779,8244354,C
1967008118,7869872,B
1967008118,7783350,B
2114923527,6223316,A
2081336281,8795647,B
2885116167,10556867,A
1657638615,8265554,C
1657638615,8224244,B
1984503686,10541926,A
2084191680,7319689,B
2399739,6806464,A
2056981636,4304602,B
2056981636,4222760,B
2056981636,4186021,B
2065809365,6187165,B
2148766155,6187165,B
2145320547,6187165,A
2063182772,6187165,A
2982333592,10966679,B
1804133702,9594143,C
1804133702,9459335,A
1990334747,7437188,A
1990334747,7346383,C
2043463284,4496985,C
1929346749,5301167,B
2113249605,5301167,A
2126699986,5301167,B
2166397853,5301167,A
1992590764,5301167,A
2548842644,11245014,B
2149342552,7200172,B
1639882444,7200172,B
1998994528,4797360,B
2314097475,4968608,A
2113054579,7268224,A
2113054579,6649341,A
2396508369,8618269,C
1843978571,7045322,B
2328472708,9969823,C
2075045960,9969823,C
2509707979,10300438,A
2151278366,7592323,C
1985360090,8173615,C
2018639932,9155723,B
2108395592,7428683,B
2145847909,6108806,B
2145847909,6003150,B
2145847909,6202182,B
2132340534,6003150,B
2157009629,6003150,A
2120957288,7428683,B
2136629399,6256758,B
2141359329,7973213,B
1984435398,7973213,A
2018152719,6304515,A
2930205604,11571446,B
2335425914,8916199,B
2141619342,9585935,B
2124601253,6999988,A
2483236535,10214782,A
217781362,7253871,A
2032561507,10026958,B
1983207409,7348438,B
1983207409,7795446,B
1983207409,7566733,B
1983207409,7932399,B
2047248443,7932399,B
2047248443,7348438,B
2047248443,7795446,B
2047248443,7566733,B
2260091999,6615063,B
1999877787,9958416,B
2041460684,7301625,B
2051406620,7561274,C
2051406620,7505130,B
2048652162,7505130,B
2164835376,9325956,B
2806887055,10704075,B
2000534502,8126017,B
2095897790,6404878,B
2076577069,8951571,B
2547871544,8642972,C
1996227324,8405034,B
2022828191,8405034,B
2025973298,8405034,A
2140638918,8405034,B
1975252034,8405034,B
1965832307,8405034,B
2541094119,8642972,C
2547141274,8642972,C
109784665,8906908,B
2078089149,7476679,B
2078089149,7399762,C
2049848447,7476679,C
1986827816,9859678,C
1904486632,9701722,C
1904486632,9328145,C
2411236657,9328149,A
2158553828,9523101,B
2116834406,9365867,C
2116834406,9523101,C
2019487673,9523101,B
2001519180,6222936,B
1967841964,5985497,B
1967841964,6171737,B
2022431145,5317673,B
2003484529,6055498,A
2169189000,5317673,B
1977588918,10720578,C
2040220324,8735245,C
1968957841,9422337,B
1994252720,7940485,B
1994252720,8947170,C
2890947017,11513533,A
2737443454,11513533,C
2041172493,7865313,C
2293945808,10101315,C
2007120638,9121843,C
2175864728,7259701,B
2175864728,7865313,C
2050665485,6870178,B
1966773187,6870178,B
2129638008,6870178,B
2110960349,6870178,B
2899271144,10101315,C
2899271144,11002724,C
2025583382,9121843,C
1985993967,10101315,B
2752232656,10570444,B
45455084,9121843,C
2171372763,9903820,C
2171372763,9903820,C
1990902107,9121843,C
1974576419,7377167,B
1974576419,7421898,A
2101995939,7100446,A
2101995939,7284430,C
2101995939,7377167,B
2101995939,7421898,B
1517103671,7421898,B
1517103671,7100446,A
1517103671,7377167,B
1995355817,7377167,B
2148521405,7421898,B
2148521405,7284430,A
1606844280,7421898,B
1606844280,7284430,A
1606844280,7377167,B
2153506666,7284430,B
2153506666,7377167,A
2153506666,7421898,B
2153506666,6845669,B
2140955241,7377167,B
2140955241,7421898,A
2140955241,7284430,C
2140955241,7100446,C
2103688706,7421898,B
2103688706,7284430,B
2143022142,7100446,A
1971274432,5869266,B
2163019065,4806271,B
2522242411,10126163,B
2293015169,10126163,B
1802442082,10126163,A
1802442082,11175193,B
2016668337,10126163,B
2592256298,10126163,B
2041576230,5403913,C
1968881028,4422319,A
2130235328,8951639,A
2054927044,9108364,B
2619971935,10487446,C
2087032545,7431931,C
1988463994,4927628,B
2084064087,6749831,B
2088271809,9208820,B
2889418642,10347760,B
184009671,4751080,B
184009671,4927628,C
1988939670,7150984,C
1901376311,7932074,B
1901376311,7431931,C
2029346650,7150984,C
2031473868,9609318,B
2031473868,9667963,B
2103505760,9958416,C
2039026859,6615063,A
2086853864,8506969,C
2162240080,8506969,C
2162240080,9388389,B
2131143399,8945584,C
2131143399,8563706,B
2057485995,4166013,A
2115917312,8506969,B
2115917312,8663653,B
2115917312,9388389,B
2317154379,10106783,C
2001467294,8563706,C
1987263725,8772022,C
1987263725,8506969,C
1987263725,8663653,C
1583287101,8945584,B
2106118844,9388389,C
2106118844,8506969,C
2106118844,8569472,C
2106118844,8563706,C
2106118844,8663653,C
1993245198,8618275,C
1993245198,8454974,C
1993245198,8506969,C
1993245198,8569472,C
1993245198,8563706,C
1993245198,8945584,C
2166549128,9388389,B
2166549128,8506969,B
1967785127,9388389,C
2053536599,8846891,B
2113710797,8563706,B
2113710797,9388389,C
2042109667,8600123,B
2042109667,8406487,B
2044993717,4888282,C
2055754429,7943781,D
2506604011,4888282,C
2494698754,4888282,C
165335365,4888282,B
2135796222,5962767,C
1997006189,6577422,C
1553823938,6830916,C
2165831076,7779006,B
2165831076,8543595,B
2020102918,7558789,A
1587160425,7779006,C
2057171258,7779006,B
2057171258,7558789,B
2102590217,8543595,C
2025664838,8685938,B
2147850752,9243057,B
2172144596,9960310,C
2900722464,10266761,C
2790507404,10618972,B
2117758187,9243057,A
2145123557,7582736,B
2145123557,8865873,C
1971877901,9000384,B
2117165383,10024982,B
1649931963,5280492,B
1969842965,9274237,B
1969842965,10266761,B
2003180899,9309456,C
2003180899,9309456,C
1565027030,9274237,C
1971161886,8258482,C
1916348453,6549653,B
1916348453,6466334,B
2007333388,9242994,B
2078069481,9519500,C
2078069481,9244615,B
2078069481,9244615,A
2022106347,5723324,B
2060198446,9856165,B
2145208111,8352385,B
2043434769,8363316,C
2008341548,7477362,A
2101038205,8363316,B
2054790066,7477362,B
2784722689,10845187,A
2084777089,10488368,C
2020728543,8575559,C
2081924229,5350840,B
2148069086,5350840,A
2183262987,6054273,B
2089451276,4959323,B
2019897886,4018726,C
2019897886,4010125,C
2314905331,4908334,A
2604245573,11312676,B
2624710712,10265315,B
2062699965,9855321,B
2062699965,9855321,B
2136451880,8676001,B
2087025627,5851783,B
2318431194,6472373,B
2341829866,6172046,B
2341829866,6299872,B
2341829866,6472373,B
2318431194,6824768,B
1993974155,6299872,B
1993974155,6472373,B
1993974155,6824768,B
2165715544,6299872,B
2165715544,6472373,B
1972296017,6472373,B
2317554121,6299872,B
2317554121,6172046,B
2767157920,10892525,C
2025559841,6630346,B
2748621422,10542927,B
2132781058,7939007,C
2521707726,6602354,B
1978331534,4897445,B
1978331534,5059653,B
2560756134,10451580,B
2255491979,10275184,B
2949236800,11519021,A
2023197404,4226018,A
1964615244,8372986,B
2077039514,8372986,A
2009369670,9577173,C
947012702,9577173,B
2067221370,9577173,C
1589167601,9577173,B
2066693083,9577173,C
2088846561,10172831,B
2124445678,6241986,C
1983259672,6241986,B
2253967852,10184140,A
2021803481,6461865,B
1604053972,6241986,C
2157821646,9611146,B
2157821646,9840414,B
2157821646,9840414,B
2157821646,10233087,C
2257143226,10106418,C
2333035097,10106418,B
2333035097,10233087,A
2083204074,9120750,A
2083204074,9242957,B
2083204074,8735606,B
2051505601,8158658,B
2067870537,8557552,B
2038815142,8735606,A
2038815142,9242957,A
2038815142,9416106,A
2038815142,8557552,A
1998344725,8158658,B
2332919027,9242957,C
2026723585,7579439,B
2151099239,8735606,C
2151099239,9242957,C
2151099239,9416106,C
2151099239,9682950,C
2151099239,9120750,C
2149739625,8158658,B
2115222520,8557552,A
2115222520,9120750,C
2093517656,7470790,B
2159674209,8741557,A
2069084013,6480333,A
2114264270,5393634,B
2751474071,10167457,B
2314451786,9732037,A
2314451786,9682950,C
2314451786,9951014,B
2063951795,8158658,B
2063951795,8299100,B
2063951795,8278084,C
2062755602,9242957,B
2062755602,8557552,B
2062755602,8735606,C
2064818472,8158658,C
2260310806,9242957,C
2260310806,9682950,C
2058232693,7601471,B
2150291816,7732107,B
2088106012,8642282,B
2036009968,8158658,B
2140419547,9090589,A
2067928902,8158658,B
2491008760,10351603,B
2491008760,9630994,C
2132184418,8969521,B
2146685401,10474102,B
2294225356,10474102,A
2285585267,10474102,A
2468376319,10474102,A
2523833011,10474102,C
1516367946,6184344,B
70976166,9424395,B
1652472705,11087884,B
2010059997,7408026,B
2097864049,8859533,B
2097864049,8859533,B
2097864049,9051345,B
2612696859,11325956,C
2032504018,4313925,B
2009102768,3996343,B
2009102768,4005184,A
2085359390,6977079,C
2030907151,9391444,A
2030907151,9391444,A
2159067605,9115376,C
646355753,9805168,B
2054194980,6939637,A
1966899242,9044157,C
1966899242,9131868,B
2742709149,10881574,B
2742709149,10717185,B
2742709149,10945909,B
2742709149,10792213,B
2108612150,9131868,B
2108612150,9044157,C
1991860612,8892550,A
1535300931,11251386,B
2094247905,RE42561,B
2094247905,7579773,B
2025305661,7294849,B
2025305661,6863997,B
2025305661,6645645,B
2025305661,6645645,A
2025305661,6869695,B
2025305661,7009338,B
2025305661,6515298,A
2025305661,6894307,B
2025305661,7674531,B
1984157033,6037448,B
1992414240,6037448,B
1965548361,5886157,B
2020667340,5886157,B
1974132328,5886157,C
2029810822,5886157,C
2077370068,5886157,B
2144059872,5886157,B
2053829702,8729232,B
2053829702,8729232,B
2095195575,7840086,B
2150769745,6731434,B
2154908310,8057800,B
2732517415,9964444,C
2739840191,9964444,C
2161250924,5844363,B
253282606,6274980,B
253282606,5757139,B
2014616043,5757139,B
2014616043,6602540,C
2014616043,5844363,C
2014616043,6232714,B
2014616043,5932895,B
2014616043,5917280,B
2014616043,5986401,C
2014616043,6274980,C
2071058089,6274980,B
2071058089,6232714,B
2161313920,5986401,C
2161313920,5757026,A
2161313920,5757139,B
2161313920,6602540,C
2161313920,6232714,B
2161313920,5721160,A
2161313920,6030700,A
2161313920,5917280,B
2161313920,5932895,A
2067747335,9017826,C
2059374331,6232714,A
2059374331,5932895,A
1999469488,6232714,C
2078876871,6274980,C
2078876871,5834893,C
2008028033,4876209,B
1585131618,6274980,C
1585131618,5844363,B
1585131618,6602540,B
1585131618,6645645,B
1585131618,6645645,B
1585131618,5757139,B
1585131618,5932895,B
1585131618,5917280,B
1585131618,6232714,B
2043482736,5986401,B
2043482736,6274980,C
2043482736,6030700,A
2043482736,5757139,B
2043482736,5932895,B
2043482736,5917280,B
2043482736,6232714,A
1655013635,7476876,B
1655013635,7435977,B
2035655668,4419446,B
2083137559,6030495,A
2102547442,8841453,B
2102572112,6376459,B
2049635596,8075914,B
2026437684,6015942,B
1989167187,6015942,B
1441271042,10107807,B
2751179137,10019438,C
2146892682,9999756,C
2064748554,4912113,B
2022413033,10218289,B
2022413033,9762145,B
2746949125,10333485,B
2120812841,9374020,B
2120812841,10205400,B
2120812841,10218289,B
2120812841,9762145,B
2518046204,10333485,B
2798350348,10333485,B
2588096724,10333485,A
2964452690,11171511,C
2045348406,8299448,B
2045348406,8217373,C
2019971487,5157044,B
2069784383,6376459,B
2068488477,6376459,B
2010165904,6376459,B
2084072841,6472510,B
2042935620,5557972,B
1988060134,7429456,B
2993046500,8637235,C
2617922043,10507233,A
2736517046,10815522,C
2041568306,9968672,B
2313856464,10653769,A
2104207407,9685676,C
2062861897,5347128,B
1601527766,4597832,B
1563012803,6010873,A
2464229851,6218520,C
2054037031,10359526,B
2158804606,8545791,B
2466835386,10208321,B
2135800711,5675081,B
2127642947,5675081,B
2222194772,6067852,B
2222194772,5675081,B
1981254092,6067852,C
1981254092,5675081,C
2001865341,6067852,C
2001865341,5675081,B
2112702014,5675081,C
2126010318,5675081,B
2574934001,10280465,B
2031576498,9269127,B
2055614052,8026053,B
2066430857,8993242,B
2143488385,10258246,C
2747939174,10563266,C
1542117945,8026053,B
1963826416,4873235,D
1963826416,4415496,D
2046740299,7839271,A
1988604272,9086955,B
1988604272,9230652,B
1988604272,9230652,B
1967488982,9946475,B
1890027272,9916197,B
1890027272,9666280,B
1890027272,9666280,B
1890027272,9983808,B
1890027272,9983808,B
2599381897,9901282,A
2599381897,10806366,A
2599381897,10512415,B
2768555117,9901282,C
2087364029,10194826,B
2346022505,10194826,B
1992006701,7745708,B
1992006701,7838491,C
2140898147,7838491,B
2163668642,8748569,A
2163668642,8748569,A
2321968249,5591965,A
2146937927,5646401,B
2146937927,5869835,B
2146937927,5591965,A
2063712534,5591965,A
2196334948,9595656,C
1990114549,5869835,B
2033924515,5869835,C
2033924515,5591965,C
2033924515,5646401,C
2035118625,5869835,B
2011056014,5869835,C
1988681880,5591965,C
1988681880,5869835,B
1988681880,5646401,B
2042279906,5591965,C
2055553725,6221676,A
2010046397,6221676,B
2026617639,9954227,C
2026617639,9954227,C
2148611627,6514689,B
2010294023,8366974,A
2010294023,8366974,A
2092688838,7056904,B
2092688838,7071179,C
2092688838,7094776,B
2012898558,7094774,C
2012898558,7232810,B
2086645580,7468361,B
2086645580,7300925,C
2074511263,9024229,C
1968041104,6587701,A
2334393461,9513171,B
941996588,9513171,B
2141848463,7956339,B
1607575701,7956339,B
2060709701,7956339,B
1989324835,7956339,A
2045846171,7956339,B
2121199316,7956339,B
2150952251,8197827,A
2525616756,10208130,B
1980248376,8530995,B
2026081987,4446230,B
2023555430,6518706,B
2043236422,5385804,A
2030971935,7364354,B
1853688072,10369526,B
1853688072,10272391,A
2016135927,9158503,C
2138119799,8611598,C
2748356951,10547076,B
2159917619,10547076,B
2058501819,8691716,B
2345931717,10326359,A
1866548650,8149961,A
1866548650,7489665,A
2017293345,8105632,C
2009980056,9221765,C
2148480473,8991247,C
2129744422,8991247,C
2081987122,10036652,B
2129744422,9274136,C
1998611629,9274136,B
1974824728,9139417,B
1998611629,8991247,A
1998196622,8443667,B
1998196622,8656776,B
1998196622,8549915,A
1998196622,8549915,A
2124630667,8443667,A
2135858006,8991247,B
2151216085,8549915,B
2151216085,8549915,A
2151216085,8443667,B
2163815124,8549915,A
2163815124,8549915,A
2163815124,8443667,B
2144846919,8443667,B
2135858006,9274136,C
2290810996,9139417,A
2171711124,8443667,A
2171711124,8549915,B
2171711124,8549915,B
2099702731,8991247,C
2116281658,8549915,B
2116281658,8549915,B
2116281658,8443667,A
2116281658,8322213,C
2097772002,8443667,B
1986014278,9139417,A
2103635503,9139417,B
2166486841,9274136,B
2127654967,8549915,B
2127654967,8549915,A
2127654967,8443667,A
2057625431,8991247,B
2057625431,9274136,B
1989787862,8991247,A
1989787862,9274136,B
2151177621,8991247,A
2149664022,9274136,C
2149664022,8991247,B
2015317083,8443667,C
2292508185,9337251,B
2292508185,9337251,B
1571996843,7177808,B
2030122933,9025287,B
2097688058,8093582,B
2020036204,5067098,A
2020036204,5283858,B
2097496529,8449875,B
1939582202,6444445,C
2098172494,6759189,C
2319385339,9555137,B
1988675578,9555137,C
1988675578,9328114,C
2253630327,9555137,B
2029431941,9555137,B
2887711160,10454969,B
2788221926,10689282,B
2557300128,10689282,C
2726806239,10689282,B
2793205864,10689282,C
2274540032,10689282,C
2086740469,5391487,A
2028818556,8586963,B
2465704452,9924279,B
2465704452,9924279,B
2465704452,10057693,A
2465704452,10225669,B
2465704452,10176821,B
2465704452,10154353,C
2810434345,10057693,B
2810434345,10176821,C
2810434345,10154353,C
2528926462,10176821,B
2528926462,9924279,B
2528926462,9924279,B
2528926462,10225669,B
2013836522,5208877,B
2809510488,10741243,A
2086461119,8679766,B
2057781102,6296852,B
2124675518,6221586,B
2124675518,6461820,A
1584375187,6902632,B
1584375187,6702904,C
1584375187,7252724,B
1584375187,6899771,B
1584375187,6692584,B
2015121156,5223499,C
2499231612,10190173,B
1964771198,10041123,B
1866026688,6266704,B
1970707312,7078194,B
1967710065,9355474,B
1967710065,9355474,B
2112313699,8194799,B
1966477630,6020534,B
2042349538,7078194,B
1978596062,7078194,B
2041866052,8362760,B
1856472616,9340819,B
2053517157,5527864,B
2085092970,8610511,B
1602107319,6930175,A
1664447505,5316921,C
1664447505,5328837,C
1988496527,5494899,B
1988496527,5554595,B
1536956249,5316921,B
1919282702,5879910,B
2043946843,6197719,B
2048811478,5667968,B
2048811478,6780837,B
2277679508,5667968,B
2080282983,7317113,B
2091527193,8618273,B
2799557107,9808520,C
2799557107,11007263,C
2039277389,8063195,C
2998747854,11007263,C
2532108477,9528094,C
2532108477,9528094,C
2998449584,11007263,C
2067351227,9528094,B
2067351227,9528094,B
2500095250,9808520,C
2500095250,9528094,C
2500095250,9528094,C
2500095250,9463234,C
2500095250,9463234,C
2191767739,9528094,B
2191767739,9528094,B
2989887198,11007263,A
2325782595,11179050,A
2164799763,10251566,A
2169179600,10251566,B
2989854092,10398324,C
2096457699,10251566,C
2157697000,10251566,B
2068289773,7951770,C
1899491748,9018444,A
2345611966,10367229,C
2006091918,5804409,B
2168965793,5804409,C
2168965793,5641671,C
2127053034,5804409,B
2554112494,10493168,C
2147209470,9655967,B
2150072764,9655967,C
2166690473,11174460,B
1505871735,8343061,A
2109189197,10251566,C
2790680409,11179047,A
2146090515,10251566,A
2337801345,10314883,B
2049107169,8791239,B
1972794829,8562809,A
2163569132,8219874,B
2551158420,10294416,A
1984883699,6150034,B
2152281923,6156376,B
2317490201,5846912,B
1998162306,6468591,B
2149894784,5859233,A
2086217992,5824793,A
2149894784,5824793,A
2105483724,6156376,B
2155764552,6159610,B
2155764552,6156376,B
2147097244,6159610,B
2147097244,6150034,B
2147097244,6156376,B
1972915895,6156376,C
1994716886,6156376,B
1994716886,6150034,B
1994716886,6159610,B
2008348097,6159610,C
2008348097,6150034,C
2008348097,6156376,C
2072220618,5877207,C
2072220618,5952345,C
2260749553,5882887,B
2069824457,5331962,C
2069824457,5293871,B
2000852099,6833150,B
1542608577,6207411,B
2033478342,6591691,A
2076195478,8661450,C
2468376319,11067952,C
2582274207,11318304,B
2949352886,5670684,A
2949352886,5470978,A
2949352886,5576435,A
2060803789,5800598,B
2049898064,9655967,C
1967848156,8957243,B
2063801913,7308415,A
2063801913,7085837,A
2103830280,9616054,B
2103830280,9603843,B
1987853162,5234834,B
2042814227,10017784,A
1964862338,4667080,B
2310150837,9437183,B
2166307661,8280214,B
2031449121,4845729,B
2070040055,6451108,B
1998629846,7324888,B
1998629846,7054738,A
2122564521,7324888,A
2102424521,7324888,A
2102424521,7054738,B
2123905626,7324888,A
2123905626,7054738,B
2046263739,6548746,B
2003114000,4474761,B
1976962486,4474761,B
2086905167,10104378,D
1528952590,9516342,B
1528952590,10491907,B
1528952590,10104378,C
2328293998,8211914,B
1997221832,8940394,A
2075317251,8731738,B
1970296857,8304247,B
2080704114,9400412,B
1968786098,9060052,C
2057185205,7828735,C
1977010021,7668797,A
2007866244,7668797,B
1994567672,7668797,A
1974238223,7668797,B
2046753319,7668797,A
2022743534,7668797,A
2019412765,7668797,A
2041186229,7668797,B
2125182310,5204358,C
1988563476,9844336,C
1983923137,9844336,B
2018080214,8916160,B
2052920848,4323859,A
2052920848,4329189,A
2802480734,9698561,A
2026541639,8208142,B
3011251096,10541506,B
1984926298,5149788,B
1984926298,5162503,C
2061281159,5149788,B
1946736193,5844709,C
2098847566,6927057,A
2766110350,9985460,B
2766110350,9985460,B
2040859853,9985460,B
2040859853,9985460,B
2095052609,4094878,B
2597078857,11179373,B
2092654990,9985460,B
2092654990,9985460,B
2037321574,7762362,B
2138321183,7762362,A
2103701180,7762362,B
2072405984,5084115,C
2157936767,7762362,A
2125095347,7762362,B
1590267309,4572896,C
1980964404,6087364,A
185798706,9043159,A
185798706,9037417,B
185798706,9037417,A
2415275954,5840499,B
2970032913,11576967,C
83617424,7563875,A
1614100358,5674714,B
2162393059,5323262,B
2162393059,5221310,B
2004598573,6136525,B
2004598573,5795711,B
1902695973,6391935,B
2095304415,7998668,B
2415539193,6271034,C
2586952804,10055843,B
2005364789,4850693,B
2055327839,9824874,A
2047546501,8227754,B
2033722266,5143827,B
2009588423,5049499,B
2460308839,5340577,C
2460308839,5478557,B
2460308839,5308615,B
2058441411,5620890,B
2947576255,11574680,C
3016834779,11574680,A
2094737302,9624203,D
2094737302,9624203,D
2094737302,9309230,D
1536522980,9962075,C
2148228307,9090933,B
1578046493,8003042,B
2017929214,8003042,B
2134449013,5002911,B
2140927003,5508570,B
2140927003,5283483,A
2140927003,5559470,B
2057738228,9687145,C
2769708121,10405740,B
1665068963,9687145,C
1982082776,9687145,B
2521837190,10405740,C
2521837190,9687145,C
2538862067,10405740,C
2538862067,9687145,B
2328571174,10405740,B
2328571174,9687145,B
2058421743,9687145,C
2329702817,10405740,B
2329702817,9687145,B
2897406144,11348384,B
2897406144,11295044,B
2334513203,10405740,B
2334513203,9687145,B
2792612077,11369261,B
2792612077,10405740,C
2463850935,10405740,C
2463850935,9687145,B
1984606233,9687145,B
2791804746,11369261,B
2791804746,10405740,B
2519106087,10405740,B
2519106087,9687145,B
2027816485,9687145,B
2548378639,10405740,B
2548378639,9687145,B
1993354980,9687145,B
2078455284,9687145,B
2793080222,11369261,B
2793080222,10405740,B
2111575415,7676254,B
2133290650,8392961,B
2017188300,6180083,B
173181518,4143123,B
173181518,4228034,B
2210198236,9962075,B
2210198236,9619903,B
2128102771,9619903,C
2075113601,8798813,B
2075113601,9135828,B
2563890101,11348384,B
2075209136,5648336,B
2143829202,8822171,C
1532604790,5445029,B
2136466267,8369563,B
2148963040,4481531,B
2178544365,10449363,C
2968820112,11185698,B
2968820112,11097106,C
2968820112,11129992,C
2396196390,10195437,C
2000374639,5922697,B
1993217174,9643011,B
1993217174,9737716,C
1993217174,9409024,B
1993217174,9409024,A
2042510070,8699852,B
2042510070,8867891,A
2077010306,8913835,B
2077010306,9076043,B
2077010306,8989503,B
2077010306,8989503,B
2009616550,8699852,B
2044692461,7011837,A
1991462801,7641913,A
1991462801,7011837,A
2037724711,7641913,B
1528519186,7794833,A
1528519186,7390452,A
2471781373,10389526,B
2124003413,6915011,A
2108985830,5726053,B
2108985830,5712133,B
2024424485,5712133,B
2024424485,5726053,B
2024424485,5514583,A
2578491284,10770690,B
1995567169,6232714,B
1995567169,5844363,B
1995567169,6602540,B
1995567169,5932895,B
1995567169,5757139,B
1995567169,6274980,C
1995567169,5917280,B
1995567169,5986401,B
1963956383,9978968,B
1963956383,9978968,B
2026751017,6264805,C
2026751017,6602540,A
2026751017,5844363,A
2033299121,5757026,A
2033299121,5917280,A
2050052287,5932895,C
2050052287,6046543,C
2033299121,5721160,B
2033299121,6030700,B
2007857241,6863997,C
1668566020,6312836,C
1936050285,7674531,B
2534193434,7674531,B
2534193434,6645645,B
2534193434,6645645,B
2056872605,6274980,B
2056872605,6232714,B
1553260668,11251386,C
1977580335,6111902,B
1977580335,6396860,B
2031180271,6330262,B
2031180271,6365270,B
2031180271,6030700,B
1523457625,5917280,C
1523457625,5986401,C
1523457625,5932895,C
1523457625,5757139,C
2045904365,6312836,C
1570310958,6789544,C
2302948427,9434699,B
1972255717,6316649,B
2007525970,7072101,B
2129447528,8207402,B
1996194071,4935424,C
1980964404,6177422,A
2589801865,9863935,B
1958647255,5763159,B
2142917139,8082137,B
2142917139,7401304,B
2017658574,5840577,B
2017658574,5972678,B
2032421431,5866781,B
2032421431,5866787,A
2032421431,5861300,B
2061429712,5866787,A
1519427152,5840577,B
84412087,5840577,B
2075162085,9709697,C
2020647032,8389018,B
2088263466,9701566,C
1593789477,8389018,A
2045562270,5874565,B
2078887917,6943246,C
2100426799,10712277,B
2903291786,11598866,B
2902360674,11598866,B
2023155307,10335524,C
2014762199,7462138,A
2108067715,6103481,B
1964940884,8889743,B
2002987440,7368232,A
2002987440,7807346,B
2753735661,10993634,A
2031624611,9498293,B
2031624611,9498293,B
2031624611,9668804,B
1977423086,5071759,B
2896499413,5247155,B
2097137218,8050473,A
2025216458,7149670,B
3015680168,11028078,B
2113622874,5812691,B
2024441915,8050473,A
2333768478,11232319,C
2070384695,11232319,B
2143528913,7628732,A
2052199407,6160921,A
2295769636,9798546,B
2295769636,9804849,C
1828476246,9702300,B
2056649018,6617595,C
2162536178,8175827,B
1983200223,8175827,B
2320346843,10128958,C
2165760173,6642354,B
2165760173,7534444,B
2044342990,6642354,C
2031981085,6936261,C
2031981085,6642354,B
1548612417,7504254,C
2735598933,10988842,B
2505474855,9727034,B
2505474855,9727034,B
2016761942,6144679,A
2092193553,5930202,B
2110053117,5341228,B
2110053117,5111310,B
2068845888,9738046,C
2102493018,5111310,A
2789396128,10202495,B
2151904325,4373094,A
2151904325,4316011,A
2118777157,4316011,B
2621877040,11402367,A
2050304265,6422092,C
1594235354,7067815,C
1992334527,5374318,A
2015774941,5374318,A
2015774941,4822466,A
2070865929,5374318,B
1581075759,5871909,C
1581075759,5654137,C
1966585199,6942870,B
2077292033,7147863,C
130327661,6919072,C
2059411182,6942870,C
2070514471,5871909,B
1998575976,5266307,C
1998575976,5750570,C
154116931,6683069,B
2140532364,7250609,B
2140532364,7479637,B
2140532364,7233006,B
2313226498,5837224,B
2313226498,6130254,B
2313226498,6683069,B
2049747186,6683069,B
1977065719,6130254,B
1977065719,6683069,B
1580003303,6365630,C
2025244294,6683069,B
1580003303,6683069,B
1580003303,6130254,B
1979400692,6942870,C
1979400692,6365630,B
1979400692,7147863,B
2061422048,7147863,C
2036517702,5266307,B
2079082603,5871909,C
2002986094,8374828,B
2034293258,8716002,B
2087250632,6962688,B
1993730942,6962688,B
2169283243,6962688,B
2100075779,7601725,D
2333483717,6962688,B
2601140832,10961581,B
1988955772,9146345,B
2168574443,5889989,C
2042502170,9146345,B
2086732688,9146345,A
2063122127,9146345,B
2047132089,9146345,B
2083473127,9146345,A
2067404879,9146345,A
2111322822,6579833,B
2047439994,5638201,A
2047439994,5825448,A
2805465841,11159090,A
1990067917,9452107,B
2136717663,9452107,B
2022952983,8652817,B
2001638088,5550662,B
2095352503,4767710,A
1754574012,9037860,C
2117328536,9037860,B
2009433555,9431565,B
2056339653,6218192,B
2056339653,5914129,C
2011382921,6218192,B
195492179,6218192,B
195492179,5914129,C
2767714539,7632918,B
2085551855,7767232,B
2043654430,6207786,A
1976617455,6207786,A
2086252318,7610793,B
2040842969,9316734,B
1559802847,9482626,B
2240241231,9908942,B
2240241231,9593166,B
2117464520,8419659,A
1973194122,8187208,B
1973194122,8419659,B
2007936506,5892228,C
2156857388,8570507,B
2808598687,11124977,A
1966913265,4690935,B
2573063970,10761098,B
2893649550,10322950,B
2051625564,7238775,C
2026129188,4864019,C
2060889469,4864019,C
68430918,5015729,B
68430918,4864019,B
2133023415,4569927,B
2133023415,4489061,B
2133023415,4565804,B
1807295484,4864019,A
2006017696,5506207,B
2329063793,9372151,B
2329063793,9372151,B
1861983309,7710174,B
1861983309,7710209,A
2155927311,7652604,B
2058242300,5071651,A
2003354022,9023220,C
2340017335,6403653,B
2340017335,6472437,A
2029889010,7927883,A
2802579009,10598612,B
2030300295,11020006,B
2594422085,10598612,A
2326936121,10598612,C
1992885879,10653321,C
2158080383,11020006,C
2023305175,11020006,B
2028088865,11020006,C
2789549270,10952604,B
2085542022,8263411,B
2165012115,7738086,B
2017889235,8273578,B
1915109677,7738086,A
2076355020,8273578,A
2122443418,7738086,C
1971509121,7133865,C
1876804189,9357911,C
2061591189,10653321,C
2762792859,11020006,C
2791444411,10598612,A
2329527007,11020006,B
1964033975,10653321,C
615011497,10913973,B
2107956630,6706481,B
3023653143,6706481,B
2040116105,4146409,B
1585693189,4214902,B
2026841292,7264715,B
1484022853,9835870,B
2588673535,9835870,B
2180084811,9835870,B
2964240434,9835870,B
2753333765,9835870,B
2793739628,9835870,B
1561391237,9835870,A
2159318275,5262530,B
2090709581,6815668,B
2322196123,4654173,B
2263450925,9905371,B
1590196409,7031533,B
1987648924,9053571,B
1987648924,8711206,B
1987648924,8401242,A
2783522289,10254482,B
2172156083,8213680,B
2127444105,9468670,D
2127444105,9468670,D
2158758811,5613240,B
1968356453,9443662,C
2951532829,10874361,B
2951532829,10987071,B
2889757162,10874361,C
2889757162,10987071,C
2755872592,10874361,C
2755872592,10987071,C
2939332267,10874361,B
2939332267,10987071,B
2933351990,10874361,A
2933351990,10987071,B
2055224057,6518413,C
2083630952,5972609,A
2003922674,6518413,B
2019563312,6518413,C
1990802363,6518413,B
2054810155,9903870,B
2094656796,8101923,B
1994075423,7026156,C
2762221430,11340323,B
2094278873,4264449,A
2789351528,10297016,B
2789351528,10395374,C
2156461736,7192934,B
184917641,9901279,B
2328999529,9041183,A
2074956847,7435734,B
2074956847,7217713,A
2149159056,7522769,A
1980510416,9828593,A
1980510416,9828593,A
2765715169,11035737,B
1997975520,8309584,B
2007868012,8309584,C
2033420938,8309584,C
2091667373,7721335,C
1558791089,6826751,C
2301248207,9991443,B
1901250443,10147553,C
1901250443,9991443,B
2543295350,10056554,C
2125221511,5567944,A
2107332259,5567944,B
1986928605,7252851,B
1988342676,8166911,B
1988342676,7252851,B
2020763557,10799363,B
2143146380,9738893,B
2037032898,7060811,B
2100491474,8976136,A
2100491474,8976135,A
2100491474,8976135,B
2073603737,7686763,B
2023550353,8197409,B
2616582439,6432067,B
1969577460,6008899,B
1875869342,6008899,C
2063625410,7417219,B
2109379431,5502451,A
2085774494,6480735,B
2149452638,6480735,B
2066593193,6480735,C
2057541964,6480735,C
2119803022,6480735,A
2063376788,6480735,B
1972224452,6480735,C
1504775902,5464937,B
1820106848,6664370,B
2002740968,7285541,B
2034710772,7550580,A
2034710772,7723312,A
2084500609,9957569,C
2084500609,9957569,B
2084500609,8211645,B
1970059914,8969527,C
1970059914,8580509,C
1970059914,8211645,C
1970059914,9284609,C
2030669250,8211645,A
126580014,8211645,B
2093889847,10041123,C
2048274452,8211645,A
2136810701,9284609,C
2136810701,8969527,C
2136810701,8580509,C
2136810701,8211645,C
1983319967,10041123,A
2400299255,10547280,B
2000238605,9856544,B
2000238605,9972837,C
2586093407,10587012,B
2123975893,8263002,B
2085655370,8263002,C
2023145884,10451402,C
2131226168,9486404,B
1990961898,6185344,B
2066591221,9670255,B
2105438002,7001755,B
2077458890,5552315,B
621809071,4150567,B
2077127968,7531575,C
1804192902,9958238,A
2148507902,8799840,B
2148507902,8245167,B
1979850580,7741520,A
2051583571,6586246,B
2159753288,8273955,C
2032877108,8969543,B
2153038484,8969543,B
2003006200,8969543,B
2129297913,6586246,C
2170284562,10670771,C
2170284562,10761242,C
2001865181,6325762,B
1999737567,8158363,B
2048675891,8158363,B
2031335004,4565695,B
2031335004,4474991,B
2086462709,10342814,C
1967990903,6346233,B
1967990903,6090407,B
1972821772,8784313,B
2026048122,6102109,B
1974220953,8580130,B
2083519153,9107954,B
2525939086,9107954,B
2160447150,9138171,B
2513153968,10358771,C
2513153968,10309059,B
2742285825,10309059,B
2742285825,10358771,B
2151726393,10041123,C
2151726393,8211645,C
2027424913,8211645,B
2325051207,8211645,B
2333683524,6306581,C
2766810342,10692996,B
1975599966,8530886,B
1998278117,9399145,C
2162718622,9002286,A
1014315850,9012367,B
1014315850,9012367,B
2127084638,9252458,A
2094866388,6165716,B
1994354884,4843121,D
1994354884,4839420,D
1994354884,4535193,D
2401156097,11406122,B
2790723620,11149104,C
2125544658,8056420,B
2793421993,11274161,A
2140034255,9189732,C
2084734690,4347378,A
2033813488,5827738,A
2033813488,5833980,A
2022589709,5827738,B
1994223747,5670367,C
2157760138,6103244,B
2157760138,6265183,B
2127808017,6077691,A
2127808017,6004561,A
2076564577,5670367,C
2083500317,6771604,A
2095707335,6771604,B
2095707335,6654361,A
2594243410,9987370,A
2594243410,9987370,B
2035324798,8961983,B
2064925743,5753183,B
2605676002,10697977,C
1985349888,7846694,B
2067205539,5397802,B
2884383361,10691095,B
2000928070,7388093,B
2092908962,6262250,C
2617879891,9956214,B
2617879891,9956214,B
2531726867,9956214,B
2531726867,9956214,B
2106176044,9765037,C
2093324113,9518026,B
2101717830,9492524,C
2033594166,8363960,C
2033594166,8363960,C
2782154285,10738370,B
2742563688,10226363,A
2077097444,5196328,A
1997952289,9040073,B
1989218872,5964096,B
2151431792,5571672,A
2903693901,11477981,C
2058893136,4918747,B
2146794482,6890542,B
2001507478,7573268,B
1959319902,9950462,B
1959319902,9950462,B
2026430812,7557470,A
1982229901,4587127,B
1984956011,7097819,B
2019834474,7097819,B
2011034691,10307760,C
2075441412,7422667,B
2050425782,5702608,A
2465138693,10734545,A
2465138693,10312082,C
2095245233,8669544,B
2265856181,10312082,B
2170515491,6026390,B
2044124335,6525062,B
2080462670,10351963,B
2322133673,5643789,B
2039438496,8278060,C
2064708311,8654328,B
1996125392,5447862,B
2166664455,7658340,B
2047566827,5769084,B
2070198359,7718130,B
1985640523,8455516,B
1986066132,8377873,B
1986066132,8138164,B
1986066132,8828930,B
1986066132,7973040,B
1986066132,8216999,B
1986066132,8461107,B
1986066132,8080654,B
2170298838,9993522,B
2140231399,8828930,B
2140231399,8461107,B
2000341388,8727129,A
2000341388,8991614,A
2592770041,11478214,A
2122812469,8801953,B
2168526859,8801953,B
2318095770,9250344,B
2327499399,8995223,B
2077583463,7974762,B
2102903920,6465780,C
1985562895,6465780,B
1987314408,6465780,B
2166992855,9574134,C
2166992855,8536776,C
2087836797,8607168,A
2148458583,9831360,A
2092906509,9831360,B
2316349865,9831360,B
2019317624,9831360,C
2885938148,10033335,B
2071579248,9831360,B
2089240829,3963433,B
1976367310,4046953,B
1976367310,4029533,B
2136246759,8244354,C
2136246759,8244354,C
2136246759,8229558,C
2136246759,8265750,C
2157745386,8972201,C
2015602170,6555654,B
2751656947,9868116,A
2320878158,8669243,B
2093277640,10231991,B
2613268982,10906169,B
2587341100,10906169,B
2300507085,10156560,B
2115785076,6037172,C
2029583250,7060868,B
325958225,7060868,B
325958225,7550562,B
2115624858,7667088,C
2004092240,7550562,C
1969435259,7550562,B
1602264889,7550562,A
1989027197,6530917,C
2591616118,10909684,B
2605052142,10909684,B
2140977143,6067333,B
2491147894,11215675,C
2110393739,9493089,A
2536935267,11108789,C
2125232749,7545516,B
2147546673,7545516,C
1973493899,7545516,B
1988162024,7545516,B
2092186669,7545516,C
1973635912,6542249,A
2092858752,7545516,B
1983702200,5914248,A
2656506499,11305010,B
1985533655,5821224,A
2059070566,10682442,B
1953554494,5422344,B
2018119308,9398313,C
2018119308,9398313,C
2066229611,8883776,C
2061713549,5311422,B
1902913545,6409918,B
2001434014,7767666,C
2001434014,7417054,C
1999639971,8026242,C
1999639971,8883776,C
2164869719,5825919,B
2164869719,5745600,B
2035636904,5765176,C
2035636904,5848191,A
1976482843,5765176,A
1976482843,5761686,B
2132813956,5745600,B
2132813956,5825919,B
2132813956,5438630,B
2044092664,5745600,A
2044092664,5825919,B
2113237005,10725054,B
2555451564,10725054,B
2345576468,10725054,B
1529405382,4391609,A
2048020976,7335739,B
2011370990,5765176,B
2011370990,5761686,A
1978715997,5745600,B
1978715997,5825919,B
2553772214,11305010,C
2747066870,11305010,C
2287629567,11305010,A
2055873243,5559000,A
2789414375,11305010,B
2890148145,11305010,C
2621173434,11305010,C
2773454833,11305010,B
2071900958,10399710,B
2031776618,8745471,A
2031776618,8423876,C
1990620027,11020020,A
2031078683,10266951,B
2027685030,7179872,B
2027685030,6855840,B
2027685030,7186786,B
2056253334,7402690,C
2046242656,8148601,C
2003058565,8148601,C
2167414044,6069631,A
1517755681,6563039,B
2108700227,6069312,B
2048020469,7754436,B
2115535768,6036023,B
2129504844,9918679,A
2020706520,7771602,C
2020706520,7983004,C
2020706520,7625645,B
1975535652,5541060,B
2078738990,4696915,C
1982179347,4659694,C
2078738990,4659694,B
2078738990,4716148,B
2078071241,4696915,B
2076929587,4696915,C
2076929587,4716148,B
2049386427,4696915,A
2507080694,4659694,C
2985343337,11004006,B
2089129408,4078904,B
2807888515,10662225,A
2110256947,9324505,B
1983378631,8399939,B
2014616043,6046543,C
2014616043,5703436,B
2014616043,5834893,C
2014616043,6264805,B
1565182978,6111902,B
2033299121,5703436,A
2033299121,6264805,B
1995567169,6046543,C
1995567169,5703436,B
1995567169,5834893,C
1995567169,6264805,B
2078628662,6111902,B
2025229871,6210814,A
2025229871,6312836,A
2025229871,6287712,A
2161313920,5834893,C
2161313920,6046543,C
2161313920,5998803,C
2113497778,6111902,B
2009839017,6111902,B
2161250924,5834893,C
2161250924,6046543,A
1980328503,6312836,C
1523457625,6046543,C
1523457625,5998803,C
2001511838,7214598,A
2001511838,7179727,B
2106656720,9574134,C
2031180271,6111902,B
2125682145,9574134,C
2125682145,8536776,B
2026028268,6111902,B
1969953979,7714965,B
577444276,6808679,B
2037216952,7113275,B
2197060396,11374133,B
1975442059,9236061,A
2591506164,10553232,C
2057788336,6002476,C
1966135972,6950184,C
2031410227,5377003,B
2031410227,5528368,B
1964657985,6002476,B
2775187878,11002545,C
2018291292,9360509,B
2128893198,7619749,B
1967921381,7619749,B
1991329470,7619749,A
2231082711,7619749,B
2042937097,7619749,B
2052790161,7374752,B
2146050626,7374752,B
2146050626,6811775,B
2146050626,7163678,B
1992647136,7619749,B
1970848393,8709443,C
2582365721,11279878,B
1969052830,6974801,C
2021944660,8527442,B
2127918035,9993642,B
2586297567,11400284,C
1514102573,10751533,C
1514102573,9993642,B
2135376873,9993642,B
2464172222,10751533,B
1983978583,6590198,C
2055754429,7355077,D
2050924231,6051237,A
2734339988,10620415,B
2734339988,10139608,A
2139794819,9546365,B
2139794819,9546365,B
2139794819,8987224,B
2050582966,4997673,B
1985819890,5789540,D
1985819890,5495000,D
2248013394,8729286,C
2048570636,6720111,B
1973859507,7008540,B
2028874151,5740815,B
2028874151,5514124,B
151874272,5975084,B
2058089771,5975084,A
2058089771,6086579,B
2058089771,5740815,A
1991217043,5975084,B
2148186492,5975084,C
2069433019,5975084,B
2147873829,6403808,B
2147873829,6489488,B
2147873829,6518297,B
2000363440,7439492,B
1768434277,7608684,A
2080108303,8124722,B
2097709008,11432734,C
1990473479,7172875,C
2057335029,8733843,B
2057335029,8424967,C
2141532435,8340302,B
2112179338,7788090,A
2112179338,7921007,B
1967422521,10440446,C
2011792234,10109056,C
2032781073,9821236,B
1964926733,10440446,C
2018149606,5889882,A
1995609515,9938326,A
2114806150,7913541,B
2031531238,8232381,B
2031531238,8258282,B
2765475405,11137677,A
2107730556,5837852,C
2032270870,9233368,C
2032270870,9233368,C
1981963587,7212197,A
2519850405,9610349,A
2604123083,10071145,C
1990291720,5866694,C
2120100228,8829443,C
2559143441,11162949,B
2066205113,6403612,A
2066205113,6544982,B
2066205113,6515023,A
2014784379,6544982,A
1970292971,5512281,A
2595946440,10074006,B
2503638473,10286058,B
2903227817,10722572,B
103847125,5837457,B
1842898077,6367071,A
2073123044,10522737,B
1506553551,8524247,C
2008682154,8524247,C
2061742905,8685360,A
2036038658,8685360,B
2090460482,9561526,B
2090460482,10486195,B
2090460482,10745641,B
2041516541,9561526,B
1798922910,9561526,B
1798922910,10486195,B
1718301446,7287415,B
2137541525,9561526,B
2792523789,10745641,B
2065584318,9890345,B
2065584318,9561526,B
2792523789,10486195,B
2168601931,9561526,B
2012028936,9561526,B
2095890245,9548394,A
2911445528,11441097,C
2092387568,8093812,B
1975642319,8093812,B
2067364556,6653112,B
2328716610,4169886,A
2324601059,4169886,B
2120737429,5317082,B
2074876885,5449742,B
2074876885,5317082,B
2306994132,10792377,C
2011418155,9764016,B
2011418155,9764016,B
2148970933,6433480,B
1486508505,6433480,A
1539419189,6433480,C
2114127064,6433480,B
2147170331,6157755,C
2132960252,7033759,C
2074367844,9594837,A
2074367844,9594837,A
2771311617,11547753,B
2113084893,6433480,B
2079146236,4831248,B
2079146236,4825061,B
2018820111,4916303,A
2057497763,4916303,B
2133020307,4916303,C
2108792942,4916303,B
2264702568,10048266,A
2185116549,6433480,B
2043015657,6433480,A
1984252386,5624489,B
11543293,5861486,A
2065738838,4980466,B
2065738838,4920218,B
2982461716,10756412,C
2982461716,10910691,B
2982461716,10658741,B
2017802689,9080214,A
2047554421,7824871,C
2088676276,7824871,C
1558228229,7824871,B
1982347274,7824871,C
1995527685,7892799,B
2091446337,5368771,A
2091446337,5443755,A
2091446337,5595684,B
2041633141,6901084,B
2015462679,11101021,C
2088184387,6312654,A
2157211709,7911386,B
2157211709,7952526,B
2145130602,6524589,B
2116371433,5689053,A
236260502,5919919,A
236260502,5689053,C
2089665419,10548608,C
1978645744,10781294,C
2514846441,10463044,B
2343759157,10463044,B
1968817294,7735010,A
2038578182,5753787,A
1940136371,6389333,B
2101960230,6389333,B
2141198125,4347514,C
2096032316,8551730,B
2111660308,8551730,B
2067946587,9295980,B
1967357080,5590651,C
1982049139,5590651,C
2333378961,9060466,A
2579605036,10493432,C
2016582990,7803260,B
2167903105,7794929,B
2135570342,8071290,B
2055619135,7448269,A
2319589097,10581062,B
2010539647,8846078,C
2120212481,7448269,B
2120212481,7798001,A
1570384887,6108645,B
1570384887,6169989,A
2010394923,5882914,C
2140575551,6222018,C
2177184392,6562799,C
2177184392,6222018,B
2177184392,6020462,B
2060254175,6562799,B
2077688090,6222018,B
1993608966,5882914,C
1993608966,6020462,C
2046440184,6020462,B
2073292880,6222018,B
2073292880,6020462,B
2046440184,5882914,A
2114032717,6222018,C
1994087300,5882914,C
2050442786,5882914,B
2050442786,6222018,B
2004427637,5882914,C
2004427637,6020462,B
1996968660,6992300,A
2574797063,10614354,C
151307746,6995016,A
2624003845,11085048,C
2126164353,10415052,B
1830589611,5691133,B
2126638332,5595866,A
2126638332,5691133,B
1997303085,5595866,C
2164175233,5691133,B
2164175233,5700632,B
1997325984,9955238,A
2112763683,6904372,A
2099076403,6832167,B
2099076403,6904372,B
1983627503,7291764,C
2079716171,10124052,A
2755905470,11476634,C
2017998892,7018519,C
1978117316,3984361,B
2073305885,10359277,B
2049724333,5107839,B
2398116906,9375426,A
2083279140,5080810,B
2025900605,4973554,B
2012486211,4973554,B
1980937016,4973554,A
2106284497,4973554,B
2012496435,5357041,C
1976337336,6589334,B
2574468280,6589334,B
2076579403,6589334,B
2053853101,6589334,A
1012632406,5681731,C
1012632406,5780280,C
1012632406,5691176,C
1012632406,5589377,C
2126087831,6671821,B
2330677996,4107293,C
2332565142,4107293,C
2319555417,4107293,C
2319555417,4147771,A
1601683444,10440806,B
2416417357,10440806,A
2018496622,5414782,A
1982836585,6069302,B
2149252451,8572746,B
1992592015,6165675,A
1992592015,5750632,A
2041914510,7955821,A
2056834420,7899263,B
2017918432,11484224,C
168674780,5032520,C
1996228624,5374558,A
1986219564,5374558,C
2144429336,5032520,B
2017009270,5374558,C
2018404794,6838428,B
2963345932,10956324,A
2146148582,10163510,A
2737258911,11049562,B
2737258911,10956324,A
2809242192,10956324,A
2316501305,10163510,B
2623410014,10956324,B
1538236049,5179699,B
2290122798,10163510,B
1482660318,9255924,B
1994149286,7310428,C
2034118943,4393517,A
2034118943,4361911,C
2057971302,4393517,A
2057971302,4380391,B
2015286424,9517445,A
2135248979,10034934,C
2047007192,5233865,A
2047007192,5241866,B
2138349124,8921419,D
2138349124,9539287,D
2138349124,9539287,D
2005917679,4450097,A
2285682242,7719988,B
2014309691,6746860,B
2098352380,9096853,A
1570991788,9291828,B
2099635700,6050109,B
1512910131,5766844,C
1512910131,5876732,C
2072269548,5116740,A
1985428419,6660379,B
1504269120,8612579,B
1963832966,6381018,B
2070422175,4535078,A
2070422175,4446124,C
2070422175,4599226,C
2545435222,5917033,C
2019961364,4929984,B
2159332488,10193959,B
2023434440,10193959,B
2320830845,6537793,B
2171155237,8644358,B
2016638506,9698286,B
2133508771,8644358,B
2033796082,9054497,B
2068278044,9698286,C
2005209664,9698286,C
2025105808,9698286,C
29466659,5359031,B
29466659,5221612,B
2155846581,6401058,B
2084221269,9227166,B
2080734737,5908503,A
2295440598,9563457,B
2497495718,7037893,B
87761155,4608991,A
1971292925,9951431,B
1971292925,11566332,B
2293855639,9575983,C
2067782376,8226922,B
2332316178,6030595,B
2332316178,5908503,B
2043512239,6845190,A
2542178825,7639348,B
1608061829,5217945,C
2313108925,7639348,C
2143963681,8755249,B
2143963681,8755249,B
2143963681,8339897,B
2011823066,8862491,B
2089940361,9796985,B
2089940361,9796985,B
2081359141,4916320,B
2335671546,5684714,A
2335671546,5819004,B
2080155129,6221338,C
1656158010,5252544,C
2025617450,5252544,C
2043060223,8658608,B
2008064834,4695536,B
2134662732,6315807,B
2005701422,5190875,B
2005701422,5369016,B
2059807765,8884228,B
2059807765,8884228,B
2118667248,5510261,B
2013370859,4455662,B
2013370859,4494228,B
2047441263,8558188,B
2012261136,9490318,B
2080557170,6387932,A
2113273971,8381962,A
2949765875,5252746,D
2949765875,5041556,D
2949765875,5122615,D
2949765875,5101042,D
2949765875,5116998,D
2087289743,9308714,C
2739365155,11133190,C
2083687033,10952415,C
2116455112,9453836,B
2025127622,10952415,C
2974680274,10768194,B
2026995057,6211151,A
2036445978,8795731,A
2496323416,10169867,B
2053527457,9465024,B
2053527457,9465024,C
2030477845,6693192,A
2570659185,10358208,B
2411672332,9465024,B
2411672332,9465024,B
2490941301,10287631,B
2048714785,6602695,B
2792407191,10760127,B
2792407191,11566285,B
2792407191,10752951,B
2024705089,7211201,C
2135871768,8229130,A
2057643975,6405159,A
2099076672,6792073,B
2128045702,7333619,A
2470264331,10206637,A
2079249139,9406488,A
2024480302,7764854,B
2626822961,10178161,B
1993755553,8442863,A
1964327891,6397095,B
745097217,8344945,A
967487999,10281399,A
2091439004,10266544,B
2084651661,6702442,B
2084651661,6522474,B
2084651661,6752498,B
2084651661,6416181,B
2084651661,6768585,B
2084651661,6511182,B
2084651661,6779892,B
1974253581,6285345,B
2240220158,6285345,B
2085361512,6359586,A
1962873144,9588245,B
2097479380,5010471,B
2920529076,11201058,B
2116617724,8557095,A
1966135048,9909953,A
1574587683,6324496,C
1505355949,6324496,C
2107206615,8030291,B
2107206615,8030292,B
2107206615,8168604,B
2149669194,8030291,C
2149669194,8030292,C
2061320681,6713284,A
2114331456,7494982,B
1999063315,8883493,A
2248426972,9082976,B
2048085160,4434107,B
53013100,6723456,B
53013100,6432377,C
53013100,6350505,C
53013100,6287668,B
53013100,6432508,B
53013100,6458453,B
53013100,6803104,B
53013100,6299973,C
1680328618,9082976,B
2547248761,10175547,B
2612882773,11061286,A
2057223388,6482607,B
2538203437,9862762,B
2029803619,7677794,A
2123059413,7745171,A
2019850722,5698433,C
2130416896,9165051,B
2319740609,6383794,A
2025044015,8242155,B
1989838377,4729889,B
2774891072,10709758,C
2011134179,7158891,A
2076089194,5325092,C
2058681672,5362606,A
2169639364,4656601,C
2169639364,4661923,C
303575978,5288502,B
1971924494,4546383,A
2030978106,7319046,B
2062677161,6255080,B
2804953429,10780388,B
2804953429,10953385,B
2903129536,10953385,C
2903129536,10780388,C
2903129536,11458431,B
2754120640,10780388,B
2754120640,10953385,B
2903543447,10780388,B
2903543447,10953385,B
2998388354,11612876,C
2998388354,11014067,B
2998388354,10953385,C
2998388354,11458431,B
2964586639,10780388,B
3014734582,10780388,B
3014734582,10953385,C
2065765062,5656423,C
2073893626,7392250,B
2008659044,5382304,B
2111411042,10149749,C
2034828580,6028309,B
2950417394,6770223,B
2140976075,7988685,C
2756603496,10758633,D
123965214,7745171,B
2085664728,6795599,A
2014735730,5858702,B
2098582452,7367024,B
171233943,9919059,A
1836322115,10109760,B
2002144356,5843697,B
263094263,5861491,C
2052497686,6465780,B
2161741847,6074852,B
2161741847,5942234,B
2161741847,6074846,B
2155970919,5620896,B
1968267566,9631171,B
2885695268,9902778,B
2885695268,10844133,B
2885695268,11395852,C
2056665147,8435773,B
2070457039,3989454,B
2158585918,6658287,B
2158363422,6658287,C
2144635878,6658287,B
2144635878,7333851,C
2144635878,6678548,C
1734084943,6658287,B
2728974037,6658287,B
2031038564,7333851,B
2120002593,6658287,C
2143776609,6658287,C
2159025673,7333851,B
2159025673,6678548,B
2147356047,5235069,B
2147356047,5112993,B
1980430656,5657256,B
2113891867,5841655,B
2151369391,9111530,A
2151369391,9378745,A
2151369391,9159326,A
2151369391,9159326,A
2043178928,8877082,B
2024095178,5614601,A
2024095178,5563192,B
2024095178,5621056,B
2591506164,10347261,C
2012095022,6022712,B
2023741829,9499864,C
2063746113,9499864,A
2324035162,9499864,C
2150587253,9499864,C
2010174992,9499864,C
2125313496,5568371,B
2000322871,6032518,C
2073472741,4754085,B
2044022133,7824877,B
2044022133,8236514,B
2080841773,7833533,B
2013840343,5866404,A
2094818766,8920441,A
2129536938,9267781,B
2129536938,9915552,C
2129536938,9915552,C
1973993234,10287304,B
2153349796,5933525,B
2068570588,9141832,A
2068570588,9141832,B
2002205989,4756775,A
2002205989,4802931,B
1580325223,6258300,B
1846624269,6096540,B
2553188030,11241478,C
2115540262,9915552,C
2115540262,9915552,C
2101906821,9141832,A
2101906821,9141832,B
1527298331,5330708,A
1527298331,5380377,A
1970261064,5968828,C
2399953365,11098303,B
2081970320,7888154,A
2020947840,4201709,B
2155927311,7525471,B
2056243190,7759921,B
2158294157,7710209,B
2025672441,5929430,A
1988132575,7184624,C
1988132575,7515786,C
2127165844,7116115,A
1988966836,7073938,B
2048992003,7073938,B
1652267953,7073938,B
2101392323,8212552,B
1630780141,7073938,B
2996274474,11480573,B
2055124976,8238550,B
2055124976,8625777,A
2072543881,5120776,B
2025445811,5120776,B
2079270991,5120776,B
2160493285,5120776,B
2094261857,5120776,C
2167827425,5120776,B
2090824708,5120776,B
1985840248,5120776,B
2069102966,5120776,B
2087490172,8808712,A
1886085192,11376224,C
1948257669,11376224,B
2897045381,11376224,C
2137159737,8577677,B
2982499278,11614434,B
1976655078,9108190,B
1976655078,9108190,B
2017220736,9108190,C
2017220736,9108190,C
2046889458,5591977,C
138129845,9678189,C
138129845,9678189,C
1837447580,9678189,C
1837447580,9678189,C
2790556484,11534490,B
2124896438,8548106,B
1923466709,11193127,C
1986718765,9404098,B
2155847561,5047700,A
58925838,5520812,B
152196245,8799190,A
2029502905,9120952,B
2144684621,8923474,C
1965795893,4988545,A
2005571213,4375579,A
2004591859,9068881,B
2004591859,8285515,C
1963505312,8605952,B
2080783650,8363913,B
2080783650,8605952,B
1995595536,8363913,A
2039706487,8363913,B
2049552648,8363913,B
2049552648,8605952,B
1981353923,8363913,B
1988949819,8605952,B
2109257383,8363913,A
2082602940,8363913,B
2119913339,8363913,A
2047575342,6184994,B
2103468930,5949311,C
2221390476,8795822,C
2221390476,8642972,C
2221390476,9068114,C
2547504217,9068114,C
2547504217,8933408,B
2547504217,8809797,C
2547504217,8795822,C
2537561491,9068114,C
2111401192,7441110,B
2111401192,6560693,B
2165973136,7665047,B
2147958267,5708732,A
2031841233,9213788,C
2331610984,7510141,B
2057168889,5432543,B
2121776721,9213788,C
2173464458,6043216,B
2883051445,10162756,C
2052387773,6291236,A
2323385184,7786736,B
1840703524,4970499,C
1840703524,4967392,A
1965884936,7609611,B
1855155540,6336741,A
2002016418,9604890,B
2048752791,9604890,B
1967971403,6028213,B
1967971403,6210956,A
2081753817,5596132,B
106773467,5596132,B
2078105096,6153103,B
2015764510,6218049,B
2015764510,5455126,B
2058629484,5512147,B
2058629484,5567210,A
2749391874,10294525,B
2749391874,11169139,B
2037169834,7361386,A
2033993336,5374539,C
1965710554,7361386,B
2110250780,5503984,A
2062694430,10162264,B
1966580955,5098961,A
2103375079,7853432,B
2040467985,7853432,B
2142011304,7853432,B
2270454144,10634685,C
2097401080,9778266,C
2055311027,5193185,B
2127117141,8553792,C
2077491872,8472550,B
2018231572,9783838,C
2018231572,9783838,C
2463514561,9102967,C
2463514561,9783838,B
2463514561,9783838,B
2791152747,9806739,B
2150671181,6021213,B
2771855600,11141061,A
3004024324,11523761,B
2071812783,6524573,B
2066094648,7534587,B
2095212412,4864524,B
2139638950,4864524,A
2429298957,10410155,A
2043885422,6363371,A
1929129593,7281013,B
2062766933,5153311,B
2068085867,5248768,B
2156937459,5126130,C
2068085867,5153311,B
2026328576,5153311,C
1526716679,5126130,B
1544164164,5126130,C
2800995352,10968468,A
1965342374,9456794,B
1980742041,9456794,B
2119311526,9456794,C
1977157340,9456794,B
2163131994,9456794,B
2079822346,9456794,A
2052449260,9456794,B
2053068969,9456794,C
2035456956,5229113,B
2246684855,9900147,C
2246684855,9900147,C
2246684855,10075289,C
1987448662,5617280,B
2022575629,5164913,A
2604110808,10300011,C
2019233995,8628934,A
2541094119,8809797,C
2011980226,9068114,C
2540812503,8642972,B
2544769332,8809797,C
2544769332,8795822,C
2544769332,8642972,C
2544769332,9068114,C
2164937158,9068114,C
2070127673,9068114,C
1627336230,9068114,C
2093867315,8795822,C
2093867315,8642972,C
2093867315,9068114,C
2090361430,8795822,C
2081283660,9068114,C
2546913159,9068114,C
2136315495,8795822,C
1987654375,9068114,C
1987654375,9920243,C
2058804545,5618913,A
2071676710,4071907,B
2147741008,4071907,A
2035468889,5953693,B
2074936650,5481454,B
2074936650,5659764,C
1997709548,5473705,B
2171135463,6407312,A
2149076201,5384079,A
2131962927,8901892,B
2975301058,10866510,C
2138368127,7077992,C
1992571807,6451499,C
2884589938,10658472,C
2090034824,8961987,A
2004028476,5936128,B
2145826504,9298264,B
2157997512,5831971,A
2094174005,7904586,A
2735919367,10176265,A
2118693642,6345076,C
2165669550,9675713,B
2165669550,9849198,B
1980670922,8551694,C
2020089365,8101715,C
2020089365,7655395,C
1663400467,4318137,B
2014358738,9849198,C
2102964402,9849198,C
2083555559,9601198,B
2077532750,6274360,B
2045027413,3956275,A
2045027413,3993544,A
2039354005,9002436,B
2039354005,8666477,B
2039354005,8892186,A
1998186585,6023720,A
2079905657,5982797,A
2079905657,5796762,A
2920894650,10927856,B
2001348757,5618734,B
2001348757,5623063,B
2003391895,5623063,B
2003391895,5618734,B
2003391895,5633356,B
2163435437,8126244,B
2163435437,8184888,A
2149107824,7035465,A
2149107824,7027643,B
1981023808,8666477,B
1981023808,9014423,B
1981023808,9220467,A
1981023808,9002436,B
1995153863,8340385,B
1995153863,8406496,A
2043356567,9002078,B
2034739793,9524550,B
2034739793,9524550,B
2034739793,8345944,A
2034739793,8094903,A
2006401661,6829391,B
1496308191,9524550,A
1496308191,9524550,A
1496308191,8345944,B
2158003831,7555151,C
2306791795,10321892,C
2047994421,8892186,B
2047994421,8666477,A
2120023383,7783095,B
2047994421,9002436,B
2157686712,7058271,B
1972104220,8385503,B
2327050991,9222901,A
2327050991,9222901,A
1993321047,8385503,B
2072930576,6702934,B
1965902026,9405994,A
2087009847,6017773,B
2152702953,7105717,B
2016501888,6515539,A
2022744472,8597930,C
1991056479,8889662,C
2003288015,9757047,B
2048928173,9757047,B
2048928173,9501620,B
1993786561,9501620,C
1984032776,9757047,B
2159069775,9757047,B
2159069775,9501620,A
2091140839,10354746,B
2083829813,9029413,B
2156420207,9144382,B
1920117982,9144382,B
2042338383,7085301,C
2110889946,7085301,B
2149770091,5903590,C
2170491029,5316968,C
2170491029,5212702,C
2069999655,7329862,A
2069999655,7675033,C
2002164446,7085301,B
2107998453,7085301,B
2073856239,7085301,A
2169698386,7085301,A
2024330883,4869875,B
2065417095,8302460,A
1933088939,6096534,B
2804010684,11523097,A
2804010684,11430144,B
2890647931,11430144,A
2890647931,11523097,A
3014874788,11523097,B
1811830539,4975278,B
2070885754,6349237,B
2086662659,4808704,B
147564659,4770995,B
2070498830,8576394,B
2112571151,9145555,A
2161663948,6399306,B
2130224420,10464361,C
2128551913,4309357,B
2897551190,11013956,B
2119851678,6465485,C
2015281152,4126047,B
2167662839,9558183,C
2165403987,8682669,B
2165403987,8543401,C
2169661988,8543401,C
2169661988,8520808,A
2021688604,9477441,B
2021688604,9213523,B
2171110632,7560257,B
2139241849,9243039,C
2139241849,9243039,B
2139241849,9605028,B
2139241849,9221880,B
2139241849,9221880,B
2086276808,7455955,B
2411635736,9526762,B
1969949307,9526762,C
2344345384,9526762,B
2044377279,9526762,C
2132432056,6160818,A
2086121521,6023681,A
1510431464,5719854,B
2139912191,7342528,B
2324749488,5892190,A
2538036312,5239141,B
2043330327,4210552,B
2043330327,RE30283,B
1575557365,5908122,B
2010145291,6406904,C
2010145291,6395535,B
2404343820,5592247,C
2500206459,10300294,C
2948070565,11615555,B
2963304750,10984558,C
1605945034,5082826,C
2137678186,4610255,B
2066883565,6214576,B
1985561866,5615689,B
2092696225,6117385,B
2566574191,10792145,C
2399181837,9808336,B
2526414636,10106776,B
1576039527,9808336,B
2070043165,5523217,B
2070043165,5691136,B
1619984737,5691136,B
1619984737,5523217,B
2039345262,9045415,A
2039345262,8232310,A
1997663255,4749650,B
2103802376,6864916,A
2121689659,7440634,C
2121689659,7619656,A
2268450570,10180479,B
2022012719,7745607,B
1991749495,7710451,A
2107979301,7619656,B
2125579377,7245761,A
1965572510,7660517,B
2000936267,4876455,B
2104039528,7710451,B
2044143765,RE37543,A
1841051088,4945041,C
1841051088,5026636,A
2032344298,9756142,B
1890536157,5158870,C
1773442824,4945041,C
2075240542,4945041,C
2099797163,6022729,B
2028700403,8163870,B
2028700403,7829661,B
2158673433,8747989,B
2093572951,9447462,B
2918874639,11382967,B
2954522251,11421277,C
1985244876,4902669,A
1985244876,5137865,C
1985244876,4985399,A
1985244876,5118657,B
1993432107,5606455,B
1993432107,5311220,A
1993432107,5349379,A
1993432107,5457574,B
2742722178,11373672,A
2154885683,7678544,B
2105340669,9067069,B
2087041114,6221894,A
2324079202,10636974,B
2945044693,10386171,A
1597166356,5162270,B
2071089285,5221834,B
2042090842,5126550,B
2419125907,10837079,B
1627336230,8933408,B
620310764,5623240,B
1976123995,5623240,B
2079391528,5623240,B
2314062570,5623240,B
2999869834,11368716,B
1990763400,10524686,C
2517452755,9452226,A
1990083721,7130691,B
1518898045,8094903,B
1567335130,7783095,B
2104118954,8340385,B
2104118954,8406496,B
131217765,7358306,B
2052686859,5246588,C
2052686859,5262057,C
2123159049,7769798,B
2155425567,7769798,C
1987983940,7769798,B
1767951414,9002078,B
1767951414,9715637,B
2148553386,10321892,C
2126551580,8340385,A
2126551580,8406496,B
2167825066,7764817,B
2165388753,6011004,B
2607301057,10636974,C
2293992258,10118031,B
2323329513,10118031,B
2323329513,9486624,C
2323329513,9486624,C
2323329513,9675799,B
2323329513,9987485,B
1977907497,10054816,C
1523817674,10054816,C
1576339364,11278721,B
2891082727,10086205,B
2891082727,11458318,B
2740722706,11351378,B
2078006742,5431327,B
2014424924,5431327,A
2158055241,7173021,B
2946818423,11076994,B
2159017520,7811710,B
2159017520,7615317,C
2314830693,8589078,B
2157234376,9720130,B
2010219948,6143165,B
2557828266,10229492,C
1968209994,7129337,C
1968209994,6180768,C
2022521735,7129337,C
2155431764,6180768,C
1616137300,7129337,C
1616137300,6180768,C
2063907600,6180768,B
2291540598,11534500,B
1523444669,8792757,B
1964891712,8218970,B
2145753345,8218970,B
2150780699,9089708,A
2179945290,6660500,B
2005959909,7129337,C
2115465805,7129337,C
2115465805,6180768,C
2782145279,9950053,B
2604329646,11475536,B
2963268050,11475536,A
2963268050,11468318,C
2095469938,8986946,A
1964203061,9318591,A
2293882857,10836810,B
2885311140,11254732,B
2885311140,10836810,A
2885311140,11242378,A
2138085759,6130783,C
2744144420,10573688,B
2945882545,10723631,B
2945882545,10927059,C
1970299724,8044980,C
2058958895,4665159,C
2964313340,10950017,C
2319289611,10227566,A
2054451831,9314549,B
2123593521,6680275,B
1522561976,7003413,A
1516731984,7390884,B
1516731984,8546538,B
2172259953,5043806,A
2118735428,8084264,C
1979404984,9845469,B
2123890497,5291560,A
1990199440,7465560,B
2170039806,7465560,B
2014879712,9285540,C
1522850665,9410962,C
2273679025,10047313,A
2219289975,10047313,C
2560351981,10738251,A
2560351981,10047313,B
2230338729,10047313,B
345690263,10047313,B
1990573224,9181507,B
1990573224,10047313,B
1990573224,10604712,B
2133604482,10888378,A
2766661482,11179249,B
2080658901,6846875,B
2080658901,7297726,B
2162883570,9150925,C
2075910899,9150925,C
2146914218,9150925,C
2313904069,9150925,C
2944685867,4612282,B
19690988,7118738,B
2127093978,5602895,A
2127093978,5533088,B
2903550245,11054423,C
2921163751,11054423,C
2036756165,10240208,B
2769042349,11004198,B
2901903036,10176575,B
2588836132,10022423,B
1970287657,7396554,B
1995717908,7970476,B
1989086502,8431345,B
2114585426,8431345,B
2520406357,10491301,C
2339019390,10491301,B
2399724898,10491301,C
2093915358,4751304,D
2093915358,4804756,D
2062353246,4619941,B
2066451579,4619941,C
1999816998,4791117,C
107919769,5849283,B
1836605190,5849283,A
2085841570,5972902,B
2085841570,5849283,B
291298043,5914106,B
291298043,5849283,B
2075092480,5849283,B
2412273027,5849283,B
2412273027,5914106,B
2412273027,5972902,A
2057945312,5849283,B
2057945312,5914106,B
1995391435,6995265,B
1995391435,7361768,B
1995391435,7304160,C
1995391435,7671209,C
1995391435,7132545,B
1997744268,4378497,B
2951259064,7112678,C
2951259064,7671209,C
2949147327,7361768,B
2949147327,7132545,B
2949147327,6995265,B
2010126361,6753419,C
2037578687,7304160,C
2064859339,8716220,B
1999015648,10982287,B
2563039219,10982287,C
2761415264,10982287,B
2019703931,8705833,B
2161284221,8705833,B
2090809193,8705833,A
2029239375,8705833,C
2417584849,9650374,C
2417584849,9650374,C
2107032660,6587725,B
2901078122,11062216,B
2073750962,9120774,A
1965548151,5027818,C
2092756340,10273214,B
2145097544,11024429,C
2417954668,11024429,B
2120866570,10925536,B
2177333643,7025425,A
2128949459,11355238,C
2128949459,9317657,C
2128949459,9317657,C
1602071881,11355238,C
2923692296,9864143,B
2169245827,4452533,A
2109471934,10420489,B
1577914469,7874985,B
1976787359,7815569,B
2046355703,11024429,C
2012730363,8869164,B
2012730363,8869164,B
2479707303,9129422,A
2002428927,8000930,A
2079561431,9012222,C
2015430676,8016757,A
2033446907,8016757,A
1975825278,8016757,A
2054328474,5066324,B
2060544374,8234022,B
147724191,9623179,C
2162319228,8624081,C
2145130602,6653127,B
2162430420,7664547,A
2281922428,7664547,B
1834725496,9249229,B
2185930229,4262233,B
2151852626,7340695,B
2130657589,7340695,B
1984068968,5868952,B
1984068968,6015976,B
2084524194,5989779,C
2084524194,5868952,B
2084524194,6007969,C
2033639139,8445243,B
2040209882,8445243,B
2059946234,4668056,B
2001837044,8414882,B
2001837044,8906358,B
2949496285,10000733,B
2949496285,10913927,B
2064705261,8906358,C
2087405580,5378727,B
2078471688,7145018,C
2078471688,6958401,C
1966487507,7342124,B
2078471688,6906188,C
2171410364,6389581,B
2015707971,9717170,B
2015707971,9717170,B
1902965424,9858040,A
1902965424,9953044,C
1902965424,9824111,A
1902965424,9824111,A
1902965424,9823896,A
1902965424,9928261,C
1902965424,9892149,A
2161772544,6963291,B
2885253937,11174418,B
2105554248,7533988,C
2124402963,9605318,C
2124402963,8868352,C
1970779297,10499808,B
2295971088,10499808,C
2295971088,10417782,C
15010830,10499808,B
2745067063,11033615,C
1964942873,5393670,C
2032447576,6376509,B
1482910955,10813581,B
2170499366,6622117,A
1551834956,6622117,A
2177131744,6611823,A
1975839623,5730958,C
2027192530,9314933,B
2000573734,9314933,A
2027454283,9314933,B
2060827890,9314933,B
1990953452,9314933,B
1992020923,9314933,B
2116143174,7405531,A
2105206335,8872826,B
2105206335,9262860,B
1999683631,6597717,C
2039062619,10906981,B
2087702126,5268173,A
92856347,5693512,A
2039040205,5776745,B
2144805644,6392121,C
2154283891,4134863,B
2154283891,4045387,B
2739917153,9970027,C
2739917153,9745600,C
2739917153,9745600,C
2985815540,11111506,C
2739917153,9580727,C
2739917153,11111506,C
2739917153,9970026,C
2132867338,6290360,C
2802798151,10534076,B
2061825062,10534076,C
2057035378,10534076,C
2056289315,10639125,B
2394637014,4846782,B
1172544659,10087454,B
2048404236,9198365,B
2054478538,7951537,C
2131763976,8515885,C
2077586448,8682822,A
2077586448,8812415,C
2077586448,8812415,C
2042578850,6104691,B
2042578850,5712842,B
2907539731,10251578,B
2907539731,10285622,A
2099356871,6320884,B
2581749833,8337851,C
2588007513,8333970,B
2588007513,8337851,B
2561311369,8926979,B
2138913040,10019667,B
1968825913,10357169,B
2056710036,9999664,B
1983627503,5945577,B
1983627503,5994619,C
1981776025,6015716,B
2042037379,8781754,B
2102164985,7134080,B
2128497094,8090674,B
2113598179,8090674,B
2165280873,8090674,A
2017878550,5977442,B
2002109416,5977442,C
2060981259,8142826,B
2400043946,8293292,B
2034368095,8293292,D
2313345265,9005460,C
2157605618,5736524,A
2084185525,9981237,C
2084185525,9981237,C
2013485257,6638763,B
2133671141,6429009,B
2037841321,5499134,B
1965446579,5696782,B
2061339066,8906384,A
2168597289,8143022,C
2167513686,8460912,C
2054823225,8604179,C
2029265942,8604179,C
2062263136,8460912,C
1965565703,8805051,B
1970696455,8805051,B
2098126184,9084779,B
2251316727,10942930,A
2005853957,6723131,A
2892350999,10298969,B
2159212713,8114318,C
2606467862,11594694,C
2614604132,11594694,C
2623822309,11594694,C
2809457188,10282687,C
2042282944,7560855,B
2121494280,7264941,B
1139091670,7264941,A
2545631043,10298969,B
2545631043,10397621,B
1989448993,5400350,B
2119309397,8920877,B
2056410614,8920877,C
2140548850,9028919,C
1963676140,4876507,B
1963676140,4857844,B
2330700640,6316508,B
2551146579,4732722,A
1995695210,10674922,A
2007568988,8784657,A
2171170705,8013560,B
2095564877,7452986,C
76717915,6472586,B
76717915,6624296,B
2333207331,8552144,B
2327682201,9324985,B
2314778518,8703310,C
2906948838,10463747,C
2560839368,10463747,C
2788723192,10463747,C
2559918261,10463747,B
2495444083,10463747,B
2495444083,9770513,B
2006207916,9770513,B
2301698642,10193578,B
2273218125,10193578,B
2074157441,10193578,B
2186877820,10193578,B
2410744016,10193578,B
2588809982,10193578,C
2331032150,4357422,A
2003204237,10193578,B
2591847922,10193578,B
2887149863,10463747,C
2329609461,10463747,B
2010785510,8988754,B
1992591223,8988754,B
2053697825,8988754,B
2078008208,10357226,B
2078008208,9237878,C
1996653601,10357226,A
1971857997,9612222,A
2059287584,4688568,B
1990675080,6037374,A
2056236001,5302389,C
2036318587,5302389,B
2028358534,5486951,A
2028358534,5629800,A
2081270805,8808347,B
1989722511,6270591,B
2042269180,6270591,B
2164423932,6270591,C
2024152025,4949236,A
2024278252,9395354,C
2024278252,9395354,C
2012334746,11083755,C
2085221906,8450089,B
2971155710,10662070,B
2807307477,10662070,C
2808610643,10662070,C
2327725744,9617306,C
2327725744,9617306,C
1983609985,10173903,B
2043100806,10173903,B
2940208533,10662070,B
2152163546,7763450,B
1970529879,7276520,B
2041732676,7329509,B
2014080776,7631058,A
2512435841,10832738,B
2005494774,5980604,B
2161480099,5181040,B
1979512858,8014521,C
1558307710,8014521,C
1492895426,7957527,C
1854015783,8014521,C
1492895426,8014521,A
1532365113,8014521,C
2408795572,11123384,B
2395419150,10132880,B
2030789514,6446979,A
1964521696,4604996,A
2741459988,11008609,B
2091021662,9852835,C
2091021662,9852835,C
1986507176,9852835,C
1986507176,9852835,C
2024043112,7039452,B
2095699352,7039452,B
2036227925,7039452,B
2047789022,7039452,B
2085738800,5873831,A
2105472922,7039452,B
1967467800,7039452,A
2169933537,5873831,A
2083322858,5593892,A
2040009388,6323031,C
1840712853,6323031,C
2040376460,6323031,C
2040376460,6544779,B
2036615632,6323031,C
2082139926,6323031,C
2002040574,6323031,B
2002040574,7727522,C
2615175534,11284140,B
2891315419,10798387,C
2891315419,10887602,B
2073444097,10124044,B
2575838842,11535597,C
2017367759,9080575,B
2073210892,3963837,B
2416342980,7608434,B
2753701004,10660566,B
2565480575,10660566,C
2054722402,8895764,B
2054722402,8895764,B
2074069585,9433924,B
2029636589,9433924,C
1975313214,8895764,C
1975313214,8895764,C
1975313214,8163946,C
1975313214,9162212,B
2089309813,4124609,B
2106893973,5528367,A
2060002496,5528367,A
1980387987,5528367,A
2007362783,7629308,B
2044676253,7897135,B
2044676253,7897135,B
1983443637,5368685,B
2095726486,10900083,C
2074956847,7459452,B
2083055183,9339412,B
1994816149,9249128,C
1994816149,9249128,C
2127624416,8772318,B
1970474750,6020020,C
2007545269,4521887,B
2019182984,6916948,B
86291929,8445232,B
2040491968,8445232,C
2007705114,6501102,B
2152016908,8354960,A
2024308463,8473079,C
2074486629,4917676,A
2074486629,4911707,B
1986335138,7979480,C
2025565028,8228348,A
2033135037,9297022,B
2556803760,9828245,B
2760795552,9828245,C
2592652610,9828245,B
2806395798,9828245,C
168421226,9208449,B
168421226,9355371,B
1982775761,5126155,B
2021949423,7573978,A
2055381832,7573978,C
2058299039,6494834,C
2774645052,11020617,B
2041602764,5875092,B
2062350598,6743947,A
2894436469,10625247,A
2894436469,10272420,A
2894436469,10611645,A
2115252557,4931674,B
1487670568,6448909,B
2060757645,8722399,C
2060757645,8647616,C
2060757645,8669104,C
2138510714,9242222,B
1971720021,6610837,B
2395653509,10087549,A
2395365928,11142478,B
2000666477,6787771,A
1574458891,7972434,C
2025975943,7906531,B
2090936783,7488827,B
2090936783,7906531,A
2090936783,8183257,B
2090936783,7563803,A
1993916639,8183257,C
1993733046,7767691,C
1993733046,7767691,C
1993916639,7906531,B
2177400621,7906531,C
2084340499,5028422,B
2099431207,5028422,B
2122977043,7428383,B
2122977043,7848649,B
2122977043,7298973,B
2122977043,7310480,C
2009869537,4572616,A
2035946700,5022913,B
2069802943,5529859,A
1607444484,7899764,C
2042499810,8841437,B
164705149,8883488,A
2599134340,10835159,B
2738449271,11532073,C
1982853071,11439309,C
1981452435,5127264,B
2126922333,7583364,B
2062092460,5569828,C
2132584414,7656526,C
2132584414,7580127,B
2945882819,11114706,B
2020381354,3970662,B
2953903780,11554107,A
2791180411,5099910,A
1968594494,6248788,B
2037544551,8241475,B
2037544551,8241475,B
2803348852,10665330,B
2523420272,11211525,C
1473164,5893830,A
2472843454,10393752,B
2803977514,11603352,A
2321938158,9222943,B
1997672481,9578226,B
1997672481,9578226,B
2075783147,9578226,B
2075783147,9578226,B
2066910605,6412198,B
2100979210,7131260,C
2125710959,6546551,A
2118516835,6480326,C
2153350094,7666598,B
1494652590,4942119,A
1968244024,9048015,B
170806990,5888473,A
170806990,6274116,A
2138938782,RE31097,C
2085675022,7640218,B
2109324249,7639839,B
1755238140,7820823,D
1755238140,8158797,D
1755238140,7223776,D
2068037790,7042215,B
2029100728,7042215,C
1973875179,7042215,A
2022610317,7042215,C
2110690814,9296693,C
2876820033,10674435,A
2586177144,9443513,B
2586177144,9443513,B
1968927923,4935411,B
1968927923,4935412,B
2102622813,5432091,C
2112175087,8058442,B
2072860074,8058442,B
2134301833,6984667,B
2134301833,7799766,B
1998301462,5596547,B
2070949580,8685955,A
2027313353,8058442,B
1965147820,8685955,B
1986940374,9395354,C
1986940374,9395354,C
2028926487,9637766,B
2028926487,9637766,B
2047732345,5831094,B
196483624,4584194,C
196483624,4711778,B
196483624,4726946,B
2049429487,4711778,C
2049429487,4726946,C
2049429487,4584194,C
2100443219,10019817,A
2106170642,6990196,B
2155667915,7034533,C
2071090580,5493008,B
2885754973,10096487,B
1535371760,9770222,B
2081661672,8217019,B
2081518147,8217019,B
2093957321,4332900,C
2038655785,5610142,A
1993587642,6031088,B
2083145638,6031088,C
2036848201,6031088,B
2080853555,6228591,C
2080853555,6031088,C
2009339223,7083915,B
2006000054,6228591,B
2006000054,6031088,B
2607901192,10689453,B
2607901192,9683046,C
2114021911,5132988,B
2114021911,5430661,B
2116058070,10074784,B
1518338854,9752119,B
2029342874,5272711,B
2066315782,9064774,B
2066315782,9064774,B
2057309765,5272711,A
2167187792,5272711,A
2009022186,5272711,B
2138845787,5272711,B
2144493573,8416479,B
1570991788,7643189,B
2078213600,5593879,B
2582908162,10876167,A
2051987363,5063570,B
2036449187,4801575,A
2036449187,4902505,A
1964514572,6246693,B
2149558615,7670843,C
2802106953,10217060,B
2053987865,8409768,B
2081599119,10408753,B
2081327173,8591865,B
2081327173,9814788,B
2083971833,5107830,B
2111290651,5609153,C
2111290651,5626137,C
2111290651,5479925,C
2004589276,7524795,B
2035855448,7524795,B
1995497226,8053477,B
1967407728,7820167,B
2585296195,7820167,B
2581267085,7820167,B
2122520550,5913821,C
2036677047,10002228,B
2583484847,7820167,B
2507875578,10002998,B
2737381275,10476017,C
2887793887,10476017,C
2793596347,10476017,C
2022441229,8778214,B
2809124761,10476017,C
2888540120,10476017,B
2569816880,10066073,C
2569816880,9434832,C
2569816880,9434832,C
2569816880,10358539,C
2569816880,10787569,B
2586720853,10358539,C
2586720853,10800883,C
2915670578,10800883,C
2738912652,10358539,C
2738912652,10907025,B
2738912652,10800883,C
1976358642,5464870,B
2030014527,6835824,C
2283461642,10066073,B
2283461642,10358539,B
2283461642,9434832,C
2283461642,9434832,B
2283461642,9650487,B
2283461642,10800883,C
2045480572,9309369,B
2045480572,9434832,B
2045480572,9434832,A
2045480572,9650487,C
2045480572,10066073,A
1550458165,6975976,B
2289901465,8712051,B
2206645497,9461348,B
2020076974,9088716,B
2040631144,9088716,C
2094295862,9088716,B
2135718405,9088716,B
2024392024,9088716,A
2475286612,10238619,B
2042383372,6596999,C
2042383372,6069684,A
2148757471,6413216,B
2160943114,6309355,B
2162181134,8057408,B
2030576706,8057408,B
2030576706,9642634,B
2118727435,8057408,B
2150660378,8057408,B
2077710552,8057408,B
2119791583,8057408,B
2016650417,9901753,C
1979476934,7799352,B
2094106805,6421174,B
2013216778,6780973,C
2105186371,5348015,B
2996033363,11369628,B
2150566941,5825892,A
2150566941,6577744,A
2150566941,6571021,C
2091247306,5825892,C
1983960145,7130442,C
1983960145,7062067,A
1987585829,7130442,B
2091247306,6577744,C
2065821842,6571021,A
2136430465,6577744,B
2136430465,5825892,B
2057548947,6577744,C
2057548947,6571021,B
2118322704,5825892,B
2164846652,6577744,C
2143368133,5825892,C
2143368133,5530759,B
2168886965,6549995,B
2136391064,6847721,A
2133649449,6847721,B
1668543165,5617120,B
2769630762,10752515,B
2872816447,11152844,C
1496351212,5021076,A
2306434811,10000513,B
2306434811,10472373,B
1548036250,4343933,A
2000186933,6608306,A
2024923641,7501286,A
2029108949,8598122,A
2127665973,5132401,A
2053170482,5995738,A
2053170482,6002859,B
2495474175,5639659,B
2028764778,6943010,C
1998607033,8175280,A
1985943656,10338243,C
2129754926,8080531,B
2003381961,6020194,B
2142015331,8231284,C
2157521472,8231284,A
2179945290,6852846,B
1490230647,6852846,B
2077893865,5965794,C
18602428,6462255,B
2086252318,7587950,B
2415454633,10287547,C
2063078660,8431538,A
2593233895,9700206,C
2890622996,11035953,B
2114546997,9486521,B
2036161807,6670618,C
2036161807,6736831,C
2036161807,6799068,C
2417089175,6736831,C
2016256026,6670618,C
2016256026,6736831,C
2016256026,6799068,B
1983037824,4865706,B
2065092858,4898658,B
2065044048,5433211,C
2176695111,9824932,B
1964590716,6277592,B
2061770654,3950103,B
1676297310,6478741,B
2113376797,6048315,B
2113376797,5851187,A
2061886395,6451304,C
2115468276,6231512,B
2115468276,6063033,A
1597117184,5955348,B
1597117184,5756087,B
2082492337,5728383,B
2071052434,5149798,C
2213017741,10001761,B
2092367106,8509959,A
2092367106,9952103,B
2018190171,9727064,A
2138700404,5661477,A
2119586457,6677884,B
2032344057,6210910,B
1970716966,5252494,A
1966372453,4408606,C
2119567283,9002678,B
2288158703,7906468,B
2030116974,7229785,C
2082533411,7229785,B
236937274,5811074,C
2135951658,5811074,B
2252754852,5811074,B
2606418580,10617768,C
2441587791,11179682,C
1999695055,7746267,A
2035754066,5939254,C
2594978444,9262827,C
2141805605,8452542,B
2141805605,8467971,A
2042656459,5625575,B
2131233532,7672490,C
2119877328,6561695,C
2741194025,10835193,C
2741194025,11026643,C
1872850262,10017832,B
2936680427,10424782,B
2957153749,10424782,C
2327529538,9187985,C
2317530109,9707442,A
2317530109,9707442,A
1968642773,9757610,A
1968642773,9757610,A
2588542783,10814473,B
1906851189,9707442,A
1906851189,9707442,A
2309189735,9707442,B
2309189735,9707442,B
2054301944,7349078,B
2972158856,11578414,B
1565923811,6106824,B
2762180534,10723671,D
2139611209,8758653,A
2607179711,10799113,B
2902639400,10209132,B
2789408468,10209132,B
1972224393,5220163,B
2396205122,10982287,B
2594875406,10982287,A
2059259610,5356538,B
1989948351,8088382,B
2007410119,8501195,A
2061480041,4970195,C
2032394149,6071544,B
2164380696,6749863,B
2007711469,9453970,B
2026663344,9453970,A
2042341414,8634119,A
2065747405,9453970,B
2165992983,8634119,A
2082292899,9453970,A
2089044560,9453970,B
1990200961,9453970,B
2063118130,9453970,A
2166246700,8634119,B
2060084964,8634119,B
2470012427,8634119,B
2113017963,5776700,B
2798841271,10885216,A
2798841271,10769295,C
2952698068,10769295,A
2121109447,5761692,C
2125567136,5761692,A
2125567136,5721956,B
1924387659,10076228,B
1924387659,9788705,C
1924387659,9402530,C
1924387659,9743823,C
1984678233,8748466,C
2019840165,5196420,C
2019840165,5300495,C
2055313070,10555911,B
2470652570,10195274,B
2062744141,5270548,A
2082028479,6390821,B
2103092185,7110650,C
2115590885,6040571,B
2076802419,7110650,C
2073736694,7110650,B
2050472254,4885256,A
2950346354,10806715,C
2318067809,8436283,B
2063863941,8436283,B
2794669118,11352336,C
1988711403,7110650,C
1984327089,8883188,B
2054074136,5690933,B
2081731625,7110650,C
2309217304,10568986,B
1980261239,7266263,B
1980261239,7305157,B
1986611070,7266263,B
1986611070,7305157,B
2021760088,7266263,B
2021760088,7305157,B
2546235284,7305157,B
2546235284,7266263,B
2002280017,7071171,B
2002280017,7129039,B
1502045079,3992522,B
2097016023,3992522,B
1745667506,5773295,C
2010386264,6027940,A
2017007474,6027940,B
2017007474,5773295,A
2045131364,7799587,C
2102062280,6713978,A
1966972068,6713978,A
2156857273,6590362,A
2102055852,4800078,B
2036845212,6284254,B
2048304841,3992522,A
1494725738,3992522,B
1480064460,3992522,B
2005214605,6431747,A
1987674011,3992522,B
1967022879,9889011,C
2015832338,5279176,B
2015832338,5301566,B
2034105172,7838571,C
2004810184,4486179,C
2061132771,7838571,C
2119359994,8836223,C
2085221919,5995074,A
1971227840,9046650,B
1973069935,5512452,B
2535749128,7474250,A
2156000710,7760741,A
2606722458,10915318,C
2039780165,4320225,B
2072152713,4877805,B
2072152713,4888342,B
2169678919,6008254,C
2132819900,10329353,A
1994986804,10329353,A
2034686361,8885899,B
1964675598,8885899,B
2062218937,9696492,A
2062218937,10025123,B
2062218937,9268092,B
2086113242,9793036,B
2086113242,9793036,B
2315869883,8795969,B
2785433315,10923815,B
2109292690,8993879,C
2624950702,11065598,A
1978905373,5112881,A
1978905373,5484821,B
1978905373,5223356,B
1978905373,6294593,B
1978905373,5290824,A
2050633380,5223356,B
2050633380,5112881,B
2017146419,5223356,B
2017146419,5112881,B
2017146419,5290824,B
1510864561,5484821,B
1510864561,5223356,B
1510864561,5112881,B
1510864561,6294593,B
1510864561,5290824,B
2059240845,5532320,B
1967242905,6294593,B
1967242905,5290824,B
1967242905,5484821,B
1967242905,5223356,B
2031071329,5223356,B
2031071329,5112881,B
2031071329,5290824,B
2091196168,5112881,A
2091196168,5290824,A
2091196168,5223356,A
2049400520,5223356,B
2049400520,5112881,B
2049400520,5290824,B
1973435351,5484821,C
1973435351,5223356,C
1973435351,5290824,C
2462931724,5223356,A
2462931724,5112881,B
2016665231,5290824,B
274038226,5223356,A
274038226,5112881,B
274038226,5290824,B
274038226,5484821,A
175590073,5484821,B
175590073,5223356,B
175590073,5112881,A
175590073,5290824,B
2092908019,5223356,B
2092908019,5112881,B
2092908019,5290824,B
2092904648,5112881,B
2092904648,5290824,B
2092904648,5223356,B
1999855862,5290824,B
1999855862,5112881,B
1999855862,5223356,B
2163687967,5223356,B
2163687967,5112881,B
2163687967,5290824,B
2061709058,9211690,B
2497251856,8034781,B
2094214100,5354845,C
1981404996,5354845,A
1981404996,5698448,C
1981404996,5525523,A
1981404996,5780307,C
2316532677,6410340,B
2507702176,11060173,B
2610574203,11060173,C
2492073436,11060173,B
2492073436,11578396,B
2909897840,11060173,C
2007486319,9347123,B
2007486319,9347123,B
1596067110,8728254,B
1596067110,9347123,B
1596067110,9347123,B
2009237941,5955375,A
2811249431,11060173,C
1992681307,9347123,C
1992681307,9347123,C
2794261037,11060173,B
2158224474,9347123,B
2158224474,9347123,B
2783050574,11060173,B
2545015395,10180397,A
3016741655,11304958,A
2625603252,10947121,A
2929680053,10556798,B
1997159386,8110350,B
2106395530,8110350,B
2113709863,8778890,B
1981631308,4483817,C
2006133392,8470772,B
2078448292,8286895,C
2062376582,5691185,B
2062376582,5866385,B
2071234525,7310065,B
2141031218,7423593,C
2799157347,11176381,A
2303651143,9430715,B
1971921242,9079913,B
2048392782,8877796,B
2162837738,6214566,B
2161808755,8385637,C
100893953,6778724,B
2477132950,7235550,D
2477132950,6919362,C
2021396597,4884243,B
2035107772,7014742,C
2066929752,9952383,B
2066929752,9952383,B
2008714005,8098430,B
1980548459,4798807,A
2401386293,8298995,B
2147862471,6620587,B
2153404309,4941256,A
2003226577,6907075,C
1590196409,6907075,C
1525067835,4265596,C
2211204076,10242488,A
1879051259,9522833,B
1879051259,9522833,B
2278236305,9522833,B
2278236305,9522833,B
1993308326,6309352,B
2056387259,6309352,B
2885873748,10646650,B
2747302659,10646650,A
1569398710,5002603,B
2023319495,5627666,B
2023319495,6141069,B
2044365613,5463039,C
2044365613,5356884,B
2044365613,5523218,B
2600128259,11236009,C
2003403297,7575882,B
2039095924,6572933,B
2086807851,7967757,B
2045083752,8305913,C
2988616598,7729275,B
1966950276,7729275,A
363341774,5180503,A
2108340952,5180503,A
2108340952,5389267,A
2074916723,5021600,A
2053587628,4056519,A
2898092141,11614398,C
2948573422,11614398,B
1996409190,5856095,A
2158505321,6950753,B
2107146767,7094405,C
2050278758,7495994,B
1986517916,4641032,A
2164193937,9370072,B
2032292746,8771029,B
1990912031,4816413,B
2066352181,4478045,B
2066052956,4241045,C
2066052956,4029756,B
2124668973,4241045,A
2124668973,4186182,B
2895978508,11221205,B
1215646,9206237,B
2138751540,5050182,B
2040499010,10264609,B
1981183371,9534248,C
1981183371,9534248,C
2014595456,4886782,C
1991556375,4886782,B
1550848168,7094405,C
1560653090,5980899,C
2025273516,9534248,A
2025273516,9534248,A
2037241605,7033744,B
2411431824,7521234,B
2051622183,6023656,B
2129997187,9416428,C
2129997187,9416427,C
2129997187,9416427,C
2301361001,9416428,A
2301361001,9416427,A
2301361001,9416427,A
2325558546,9394177,D
2052366312,8021891,A
2149963461,10073340,B
2025049717,10000036,B
2042783513,6157448,C
2163481226,8594407,A
2163144146,8213476,C
2000882955,8213476,B
1965360003,8274058,B
1981841574,8274058,B
2090636802,5815465,B
1973440079,7043487,B
2147722789,5619692,B
2537124197,8467306,A
2045625443,8996624,C
2109464129,6934712,C
2164688050,6934712,B
1916576906,6947945,B
2142079260,8124092,B
2054425846,9286135,B
2043915483,5910428,B
2127173322,7790490,B
2158813845,7790490,B
121220119,7790490,C
1976491324,7800189,B
1976491324,7790490,C
2091025227,7790490,B
2107663556,9354236,B
2107663556,9354236,B
2283377699,8778550,B
2046680616,5710021,B
2046680616,5674707,B
2597475778,10530068,A
1906263998,7224358,B
1906263998,6850233,B
1906263998,7573474,B
1906263998,7262769,B
2811441473,10248085,B
2772658607,11033615,B
1562526448,6190859,C
1562526448,6254873,C
1541385703,8324595,B
2028534787,7823428,B
3020823115,9193950,B
3020823115,9650607,B
3020823115,9650607,B
3020823115,9181524,B
3020823115,9080150,B
3020823115,9040038,B
3020823115,9040039,B
3020823115,9562217,B
3020823115,9562217,B
3020823115,9045732,B
2041842566,7758773,B
158716203,6288832,B
2001994966,8970815,C
2324755867,10593035,B
2063434029,9192303,B
2063434029,9192303,B
2125367046,7638137,B
2125367046,8273366,B
1993763188,7638137,B
2051429762,6743872,A
2035818134,9934336,B
1980396705,6633302,B
2082017122,5328990,B
1974937627,6879012,B
2107592315,5272252,B
1990345894,5886156,B
1990345894,5683982,B
1990345894,5623052,B
1994554109,8999635,B
1994554109,8338386,B
1994554109,8338386,B
2111298477,5663377,A
2097189012,5762390,B
2914064369,11373310,C
2622102395,11215170,A
2606486957,10478474,A
2667611342,5224336,C
2312866747,4078056,D
1999382405,4011390,C
1999382405,4049498,C
2094940311,4011390,C
2094940311,4049498,C
2108405506,4011390,C
1585773415,6291820,B
2027169351,11311608,B
2110545993,7537009,A
2893835003,10374385,B
1945000294,7087647,C
2074309774,9327027,C
2026836766,8595923,B
2121507623,5987005,C
2121507623,6169723,A
2144504319,7844436,A
2138766817,5793801,A
1992771597,5793801,A
1496582607,9341615,B
1496582607,9322821,C
1496582607,9201064,B
2090000200,5763205,B
2106246776,8580513,A
2163066658,8580513,C
2018062841,7193079,B
1507445272,5298423,B
2065386815,9675684,B
2777378861,11034768,B
2061752734,7817919,B
2159125366,9408899,C
1967894964,6604474,C
1967894964,6471506,B
2005144197,9407836,B
2005144197,9407836,B
2038222142,6772073,C
2029628983,5979454,B
2130139283,5997530,B
2031691595,5979454,A
2404098859,9538126,B
2591222332,9644241,C
2140236265,9644241,C
2024283265,5096810,C
2483406920,5096810,C
2319524978,5096810,B
2148695834,6902907,C
2079435780,6124663,B
1994372254,4118498,B
1994372254,4141992,B
2150371565,9840634,C
2150371565,9840634,C
2169536696,8562905,A
2952517700,8288534,B
2963410424,10944047,C
2912867334,11492720,B
2317963058,9034213,B
2317963058,9034213,B
2613379777,11492720,B
2043448559,8110125,B
2749175664,10479905,C
2341503403,10343909,A
2341503403,10374385,C
2066285904,8510242,A
2904968041,10566623,B
1989007604,9651252,C
2047158563,8757072,A
2087310823,9242248,B
2087310823,9841367,B
2095756332,8554031,B
1573267348,9213910,A
2116769701,9242248,B
2116769701,9841367,B
2030487726,6660270,B
1951588750,10816554,C
2059887478,5337472,A
2724929617,11155897,C
1920574108,3961898,B
1977997384,7776780,C
1990417936,6423539,B
2152627678,6423539,B
1995721620,9219491,B
2466668424,10029118,B
2466668424,11013935,B
2944514603,11537026,B
2944704875,11537026,B
2013546806,6944384,C
2411142650,6149609,C
2072566600,5447867,B
2802695161,11537026,B
2009439863,6150404,C
2110658308,9284336,A
2110658308,9284336,B
2937819564,11117907,C
2084818121,9284336,C
2084818121,9284336,C
2083391339,9531736,A
2083391339,9531736,A
2809560730,10676517,B
2089811961,5858673,A
2075337790,6056032,C
2075337790,5903349,B
2090518846,4098753,B
2090518846,4098748,B
1550215163,8710301,B
1972759878,6861053,B
1972759878,6805852,B
2734368675,11012900,B
2734368675,11044645,A
2793893733,11566292,C
2115053671,8320269,A
2115053671,8320269,A
2208946414,11612518,C
2125549924,4529426,B
2071163045,9099271,B
1995707361,9538976,A
2066313736,7981660,B
2044954066,8513386,A
2034969165,7629163,B
2070632947,5686518,B
2075423229,5700886,C
1992181316,5225440,B
85993287,8461949,B
2073524083,8340247,B
2073524083,8340247,B
2040710670,9227085,A
2095187502,9184729,B
2423764960,10408880,C
2271518265,10408880,B
1737255696,7107620,B
2787598410,9995693,B
2787598410,9748112,B
2014016624,6242483,C
2138000816,6242483,C
1985259691,5955497,C
2321178138,7380756,B
2319123287,7380756,A
2039158919,6242483,A
2086304962,5955497,A
1984773744,6345114,B
2057464839,6345114,B
2014458555,6689855,B
2014458555,6953653,B
2014458555,6696534,B
2014458555,6696534,A
1838246889,5869065,C
1838246889,6218141,C
1838246889,5928651,C
2157240977,5977336,C
2157240977,5869065,C
2157240977,6218141,B
2157240977,5876733,C
2157240977,5928651,C
2028143786,8026100,B
2080931673,7792513,A
2080931673,8112056,B
2130150399,8252899,C
1800139625,10330760,C
1523626056,9968446,B
1523626056,9968446,B
2313649589,9875581,B
2313649589,9875581,B
2013534088,5668717,B
2111226710,7911614,B
2060769144,6057294,B
2332940896,4272510,A
2008403913,7879940,C
2315147934,8992881,C
2082752959,8992881,C
2050944260,9096437,A
2761480616,11437620,B
2016993888,8992881,C
1990615714,10505193,C
2327221250,9356151,A
1968035045,7932726,B
2322699606,10236135,C
1998400775,9096437,B
2612157177,10439737,B
2612157177,9784622,B
2612157177,9664566,B
2612157177,9664566,B
2052501637,4061634,B
2052501637,4092319,B
2044250426,4062841,B
2044250426,4092319,B
2044250426,4144256,B
1999989015,3959267,B
1878582608,7609612,B
2134361320,6480559,A
2538301344,7313190,B
2538301344,7609612,B
1994717032,4025522,D
1994717032,4122082,D
1994717032,4082754,D
2037032553,9464823,B
1998271402,10066572,A
2623332973,10078661,B
2623332973,10956409,B
2955714136,10740338,B
989964922,6492131,B
2157302107,8578325,A
3000056651,11376005,A
2125547343,8392107,B
161350848,8886489,A
2499188609,10472608,B
2747483822,10406509,B
2963235000,10411732,C
2963235000,10606840,B
2383940294,9619658,B
148723012,9619658,A
2499943803,10168113,A
1943397167,10266544,B
2006458534,5997863,B
2004410324,10208399,A
1753059432,9391262,C
1506854048,9460768,B
1506854048,9281467,B
2405354265,6221676,C
1970879280,5289407,B
2022926207,6166385,B
2186948489,5932588,A
2186948489,5985888,A
2006744863,6166385,B
2059935109,8731359,A
2136553882,7071204,C
2136553882,7067666,B
2181175134,7071204,C
2181175134,7067666,B
2069255239,5834464,A
1979435862,4611054,B
1979435862,4486415,B
2092437809,5218114,C
2070405487,4735941,C
2070405487,4847248,B
2070480693,4594191,D
2070480693,4663321,D
2080526433,4847248,B
2080526433,5004741,B
2080526433,4735941,B
1965499242,5218088,B
1996510935,5218088,B
2003675210,7127710,B
2087867836,6630343,A
2057030481,8292812,B
2093176617,8292812,B
2019505602,8292812,B
2145115810,8432436,C
2142668494,8264490,C
2314728271,9735921,C
2423984162,9735921,B
2153883013,8006163,A
2060338215,8385439,A
2060338215,8140934,B
2060338215,8184993,B
2155142826,8381065,B
2155142826,8181091,C
2060584835,8719656,B
2319447072,9735921,B
2163569132,8181091,C
2144270149,7454242,A
1927458159,7454242,B
1985940535,7454242,B
2145333765,7454242,B
2110936361,7454242,B
2163353896,7454242,A
2318881617,9735921,C
1995342387,8385439,B
2054537483,8181091,C
2162840714,8385439,C
2333718197,9735921,A
2107530365,8006163,A
2167138527,8140934,B
2055139743,8588623,B
2055139743,8381065,B
2062103563,8699625,B
2062103563,8761608,A
2162669326,9166728,B
2162669326,8719656,B
2062103563,8768175,B
2077063972,8719656,B
2898959999,10291318,A
2892978381,11441195,B
2054667356,5164484,C
2914493448,11441195,B
2935744167,11441195,B
2911331376,11441195,A
2771835881,10234633,C
2771835881,10291318,A
2079030112,8719656,B
2147662818,8181091,C
2119636921,8140934,B
2119636921,8385439,B
2540907298,8006163,A
2540907298,7992070,C
2106434933,8719656,B
2168471591,8719656,A
2168471591,8181091,C
2031969125,8699625,B
2031969125,8768175,B
2888722196,10291318,A
2168836063,8006163,B
2055814513,8185796,A
2055814513,8181091,C
2141687954,8181091,B
2167138527,8385439,B
2079030112,9094125,C
2079030112,8588623,C
2079030112,8181091,C
2056872100,8743984,A
2901127995,10291318,A
2014727547,8181091,A
2014727547,8234538,C
2070755752,8145457,B
31715198,6218556,B
1968106970,5225581,B
2000314850,4112119,B
2000314850,4339600,A
1968205810,8450059,B
2335029454,5146097,B
2067386239,10022366,C
2029017454,10022366,C
2050111842,10022366,B
2125199590,5459475,B
2428804356,10573605,A
2738836551,10573605,C
2563852045,11270002,B
2903029143,10181065,A
2043045133,7466727,B
2040012725,7280866,C
2322237012,9915654,A
2027121221,9915654,A
1964108301,9139417,A
2134179759,6514207,B
2738087337,10413596,A
2494251319,10444391,C
2085956822,6183996,B
1835213643,9804281,B
2092216303,4028162,B
2029142144,4146301,B
2248213273,9577173,B
2045263364,8067230,B
2318913758,8529917,A
2318913758,8383136,A
1873510872,9212351,C
2125773524,8115087,B
2125773524,8188336,B
2125773524,8829315,B
2125773524,7919132,B
1596808644,7001771,B
2047160335,7919132,C
1985797636,8172998,B
2322808920,8172998,B
2512743725,10662254,A
2026227253,9899616,C
2100216835,5189205,A
1995877460,10173145,B
632503886,8651873,C
2102123561,8212269,C
2548956814,9613432,B
2012539733,6982303,C
1520666812,5262520,C
2038685803,8470611,D
2055423605,4918011,B
2087533253,4778885,B
2168844962,8470611,D
2001954321,10278927,D
2317810164,8609159,B
2054022678,9082554,D
2045259443,10278927,D
2054022678,9070932,D
2054022678,9070932,D
2054022678,8470611,D
2054022678,10278927,D
2155856421,10278927,D
2023612515,10278927,D
2147879181,9070932,D
2147879181,9070932,D
2171450077,9070932,D
2171450077,9070932,D
2057834388,9070932,D
2057834388,9070932,D
2057834388,10278927,D
2024977139,9082554,D
2024977139,9070932,D
2024977139,9070932,D
2024977139,8470611,D
2024977139,10278927,D
2079808955,8470611,D
2039245227,5171796,B
2039245227,4804724,C
2039245227,4713426,C
2039245227,5110880,A
2039245227,5011894,C
1902460967,7285574,B
2947088816,10294483,B
2581352660,10367674,A
2518858279,10367674,A
2001878542,5788958,B
1999866198,8373133,B
2024684311,7940817,C
2028601515,7940817,C
2015092919,7940817,B
1512332288,7940817,A
2144746676,7940817,C
1889906814,7940817,B
1989418154,6903790,B
2792297362,11110403,C
2792297362,10994246,C
2139124612,7633940,A
1994221056,5612468,B
1665018515,6313908,A
1993660590,5936077,B
2089278139,4077857,B
2089278139,4075073,B
2883105305,11170543,B
2094770120,5283526,C
2288363643,9548721,B
2288363643,9837985,B
2288363643,9837986,A
2288363643,9837987,B
2288363643,9837987,B
2248936988,9837985,B
2248936988,9837986,B
2248936988,9837987,B
2248936988,9837987,B
2248936988,9548721,B
2600962143,9837985,B
2600962143,9837986,B
2600962143,9837987,B
2600962143,9837987,B
2600962143,9548721,B
2027519819,5786306,B
2060805035,8192591,B
2013149127,7774044,B
2077870900,7774044,A
2081363072,7774044,A
2050031436,9209861,B
2023603093,9107587,B
2023541914,9147822,C
2102437645,8889028,C
1976142163,8912425,B
2023554492,8889028,C
2023554492,8912425,B
2023541914,8889028,C
2152609241,8889028,B
2018411175,9147822,C
2018411175,8889028,B
2123554644,8889028,C
2017461972,8889028,B
2017461972,9147822,B
1994312980,8912425,B
2058771191,9147822,B
2058771191,8889028,B
1994312980,9147822,C
1994312980,8889028,B
2130164120,8889028,B
1821638546,8889028,B
2160689836,9147822,C
2160689836,8889028,C
2055386557,8912425,C
2057968108,9147822,A
2045589877,8912425,A
2045589877,9059364,C
2057054708,8889028,C
2078338131,9147822,C
2078338131,8889028,C
2078338131,9059364,A
2053775109,8435918,C
2053937417,7391877,B
2088794926,7391877,B
2806930066,10533196,B
2037367313,9170049,C
2483751664,8940536,B
1977676106,7211397,B
2039389485,6482599,C
2126915543,8453155,B
2550068839,10745781,B
2550068839,10174408,C
1995449864,9207145,B
1995449864,9207145,A
2087041114,6586452,B
2087041114,6399786,B
2065695081,7697579,B
2026090673,8717657,B
2005959383,6690686,B
2066107078,7697579,A
2104477269,7697579,A
2113181986,7697579,B
2067734887,7095772,B
2067734887,7558302,B
2116148359,7697579,A
2034609348,8717657,B
1992760869,5197466,C
2083712337,5005574,B
2046232550,5005574,B
223052128,5750109,C
2151383353,8041464,A
2065309095,9865934,B
2065309095,9865934,A
1996817544,4944013,C
2033179725,10140262,B
2033179725,10055659,A
1485264912,5476929,B
1485264912,5871943,B
1485264912,5965400,B
1485264912,5856170,B
1485264912,5728387,B
1485264912,5753463,B
1981221397,9769189,B
1981221397,9769189,B
2094443642,6080402,B
2079678560,8778649,B
2410513652,7271258,B
2034223990,6097188,B
2884644614,11212496,C
2906310569,11363253,C
2946112867,11363253,C
2610598263,10939096,C
1996331351,9900593,C
1996331351,9900593,C
1996331351,10277909,C
2196152108,9877043,C
2196152108,11363253,C
2196152108,11134259,C
2196152108,10469847,C
2196152108,10404988,C
2793685587,11546628,C
2793685587,11317085,C
2016341221,10321130,C
2016341221,9877043,C
2016341221,10897629,C
2016341221,10404988,C
2016341221,10104374,C
2112079144,8853362,A
2050997416,5464762,B
2946112867,11317085,C
2613728638,10887621,A
2613728638,11212496,C
2946112867,11546628,C
2978108514,11006130,C
2117411572,8988422,B
325856401,6004932,B
2904833368,10294303,B
1964130324,8947441,B
2585158706,11344498,B
2765810791,11344498,B
2114628570,9625333,B
2110919718,8320650,A
2094386818,8320650,B
2022964510,9264584,B
2076797656,9835630,B
2014953020,9835630,C
2044100339,9835630,B
2137842144,10000809,B
2094280005,9835630,B
2137842144,9835630,C
1971768921,9835630,B
2047425454,10736992,A
2079748904,9835630,C
1984413961,9835630,C
1967055204,9835630,B
1967055204,10000809,B
645501615,9835630,C
1544406841,10000809,B
2105300366,9835630,B
2105300366,10000809,C
2062915418,5720894,B
2022199807,5720894,B
1998762073,5824316,C
2116623104,7553644,C
2121760993,9670543,C
2047578399,8530161,B
2132115473,8530161,C
2035098243,7553644,C
3022021884,9670543,C
2332826042,4136169,A
1988757684,8481336,B
2054950805,8568878,A
2078981257,4617169,B
2330945744,9861287,B
2330945744,9861287,B
2001466512,5914497,B
2074997088,5914497,A
2021597637,7303997,A
2032098166,6469027,C
115258494,8222940,B
2168872075,9395362,B
1976952612,10052610,B
1988902329,10231712,B
2027323033,8718796,C
2039787998,8200726,C
2067807629,9263803,A
2067807629,9263803,A
2007496299,8019044,B
2005248683,8019044,B
2134290598,8229134,A
2100522485,8229134,C
2102767076,8229134,B
1965770146,9051543,C
2029387249,8229134,A
2098308656,8229134,A
2108083798,8229134,B
2040407801,8338570,B
1564869011,7731972,B
2100501420,5026928,B
2100501420,5068470,A
2100501420,5124420,B
2147288010,6057559,B
2147288010,5291507,B
2047125224,6057559,B
2002285979,6057559,B
2057279554,8590010,B
1970537598,7379612,B
2119302101,7379612,B
2119302101,7940282,A
2119302101,7412107,A
2052648190,7379612,A
1963980062,7477802,B
1963980062,7379612,B
2015826918,6700468,B
2131321883,7348780,A
1987096136,6700468,B
1987096136,RE39460,A
2052740870,RE39460,C
2052740870,6700468,C
2045691712,6377148,B
2032902375,RE39460,B
2032902375,6140900,A
1968317971,5129600,A
2022290095,6911638,A
2064168721,6635805,C
1584697315,4427653,B
2026251237,9580482,B
2026251237,9580482,B
2569182374,9845469,C
2000362657,5198219,B
2334933178,4764366,C
2156873168,8012590,B
2012212397,8824631,B
2012212397,8824631,B
2570481908,10957843,B
2570933354,10957843,B
2122778137,6040935,C
2001183043,8344042,C
1585426623,8012590,A
2071891811,9545447,C
2031456170,9545447,C
2057561223,9545447,B
2064105823,9545447,B
2138454407,6947134,B
2035322010,6947134,A
2903628461,11097003,C
1574606672,4883065,C
1991492436,7393691,A
2094586258,7047055,A
2096000931,6576463,B
2757497802,11338390,C
2471319615,9717222,B
2471319615,9717222,B
2140857824,6569623,B
1565959959,6867420,B
2334587892,9193611,B
1982090203,5906723,A
2076931998,5436130,B
1982090203,6045676,A
2128744015,4885499,A
2193291380,11535824,B
2075823250,5518970,B
1580265403,5763162,B
2478766641,10947587,A
2100223977,9050200,B
1993958494,9050200,B
2116532829,9050200,B
2128619496,9050200,A
2066120874,7582437,B
2116273337,7856135,C
2160047008,8492428,B
2014688619,8404728,B
1994159986,7865864,B
1974161874,6483584,C
2046499158,9927364,C
2042235274,8213005,B
2346113460,4585004,A
2010164047,5557033,C
1495731411,5670623,B
1495731411,5837814,B
2022605733,9601337,B
2038206433,10149620,B
2026950664,5608458,B
2026950664,5594504,B
2473651195,5795880,B
2025613329,10406698,C
2120556101,9506455,C
1984187759,10639801,B
2137620995,9045657,A
1987680888,9506455,C
1987680888,10406698,C
2955514018,10239945,B
1984663504,6963824,B
2076195337,9541553,B
2549712224,9982241,B
2995870603,11266732,B
2284841043,9982241,B
2796336695,10731131,B
2538477228,10709424,B
2920955188,11207274,B
1561449122,7203638,B
3016340505,10800704,B
2016825610,9581570,C
2505627917,10800704,A
2764184564,11497410,B
2017049966,6013802,B
2403426099,5219729,B
1197847651,5219729,A
2118640963,7985583,C
2087625786,8847965,A
2076886359,8847965,A
1991787474,8995675,A
1991787474,8995675,A
1991787474,8847965,C
2116506338,8995675,B
2116506338,8995675,B
2116506338,8847965,C
2042049770,8847965,C
2070017561,8558837,A
2525254816,9612257,B
2051775752,7241803,C
1825894918,5371853,A
2165349070,8942430,A
2165349070,8942438,B
2165349070,8942438,B
2019701649,3949386,C
2018570775,5710367,A
2074829147,4325733,B
2017144450,4505550,B
2001826617,5859195,C
2646762927,11294052,A
1988317026,9143086,B
2003245093,9143086,B
2768129936,11294052,B
2249825303,4982339,B
2141899893,9143086,A
2154913690,8739100,A
1978148660,7885261,A
2734251950,10190058,C
1983788209,6069843,B
2165057113,8637573,B
2073981580,6407187,C
2076174949,6624263,B
1992258152,6162882,B
1992258152,6124411,B
1995443865,5763548,B
2157217126,6407187,B
2157217126,6538091,C
2057193624,6407187,B
1986872695,6624263,B
2005837397,5807937,B
2005837397,6407187,A
2005837397,6111022,A
2005837397,6538091,B
1980337066,6407187,B
1997365582,6407187,C
1975536222,6407187,C
2018895286,6624263,B
3023242395,5763548,C
1968057806,6624263,A
1968057806,6887962,B
1968057806,7572874,B
3021604564,7678869,B
3021604564,8445610,C
2090583316,6624263,C
1979635298,6790919,B
1968649170,8445610,B
2139798882,6407187,B
1964473464,6624263,C
1984314937,6624263,B
2032267541,6887962,B
2032267541,7572874,B
28807863,5312871,B
2120025977,6624263,C
2045055557,6624263,B
2045055557,6887962,B
1979575631,6624263,B
2002064117,6407187,B
617009719,6624263,C
2592476765,11174325,C
2111135758,7572874,B
2168635377,8445610,B
1967920992,6624263,B
2083593984,6407187,B
1936834796,6407187,B
1936834796,6538091,B
2083593984,5763548,B
2028762551,6624263,A
2028762551,7572874,B
2028762551,6887962,B
2037968202,6624263,B
2013749421,6407187,B
1985020555,6407187,B
1985020555,6538091,C
2009059046,6407187,C
2099075199,6407187,B
2056467304,6407187,B
1984019287,6624263,B
2074496179,6407187,B
2075164508,6407187,C
1993078020,6624263,B
1968356727,6624263,B
2014172913,6887962,C
2063056576,6407187,B
2056201335,6407187,B
2080121118,6162882,B
2080121118,6624263,C
2080121118,6124411,B
2119452194,7572874,B
2028111913,6407187,B
1998678501,6538091,C
1998678501,6407187,C
1982107262,6407187,B
2032344183,6887962,C
2123434267,5652339,B
2234581157,8138289,B
2087955617,6687375,B
2022995669,6052469,C
2022995669,5815573,B
2022995669,5796830,C
2065354390,4918728,B
2514718641,10469367,B
2514718641,10652144,B
2153988503,8908787,B
2088530598,9924522,B
2088530598,9924522,B
2088530598,8942659,B
2152423588,6485762,B
2000991347,6485762,B
2534787141,7868665,B
2766898877,10812112,B
2766898877,10790855,B
2766898877,10230403,B
2766898877,10320421,B
1971366230,7173002,A
2015314604,7173002,B
2588584019,11325900,C
2090183768,5092876,B
2886875721,11134627,B
1970307455,5814465,A
1833520300,7501126,C
2289114060,9346694,B
2289114060,10005683,B
2283132972,10330610,B
2035779570,5804413,C
1738338042,5658724,C
1529333438,4857518,C
1208024610,4785079,B
2914064369,10755455,C
2028098580,6013511,B
1989904237,5892019,B
2903953879,11581124,B
2533275298,8581442,B
2150195680,8581442,C
601929666,10814032,B
2052272608,4785079,B
2111544730,4785079,B
3012688744,11032984,B
2736531145,10023648,C
1984480298,7741365,C
2015285475,8202893,C
2017993803,8202893,B
2017993803,7741365,B
1974495287,7741365,C
2061601726,7276613,C
95140143,7276613,B
2116322199,8293211,B
2028497968,8202893,C
2015649886,7393842,B
24381337,7741365,C
24381337,7241799,C
2008907688,7741365,B
2005171334,5892019,C
2010381297,7741365,C
2007323738,8293211,B
1986386657,7741365,C
2090772580,8293211,B
2067016223,8202893,B
1988365630,8202893,C
2419392857,11117914,C
2156052800,7285683,B
2156052800,7741365,C
2949617083,8202893,B
2949617083,7741365,C
2061035616,6166066,C
2170775670,7741365,C
2170775670,7335688,C
2009495434,9102622,C
2009495434,8293211,B
71405571,8293211,C
2095069903,7741365,C
2313826337,7741365,C
2313826337,8202893,B
1977390424,7241799,C
2083616159,5440052,A
1966899919,8293211,B
2039666288,7276613,B
2076822122,7741365,C
2068860883,5171556,B
2173907415,11523886,A
2033545352,6623927,C
2766849114,10829571,C
2154533825,10983121,C
2052165947,5417832,B
2045520532,4491577,B
2024722674,5876683,B
2058619318,7390473,B
1975301168,5047320,C
1975301168,5075213,C
2058178493,5047320,C
2058178493,5075213,C
1580710730,8890618,B
2032746029,9337540,C
1982320385,5075213,C
2057393804,5047320,C
2057393804,5075213,C
2005087543,5075213,B
2005087543,5047320,B
2022769374,5075213,B
2144989792,5047320,C
2144989792,5075213,C
2102162003,5047320,C
2102162003,5075213,C
1942093810,4920184,A
2081137344,4912202,A
2228983471,10153155,B
2047453732,5464798,B
2083405098,5464798,B
2036558556,7362442,A
2029403148,7326307,B
2081126423,5951789,B
2765987519,10501528,B
2765987519,11248039,B
2021836285,6170981,A
1974302740,5898062,B
1986652850,5698664,B
2336210333,4387208,B
2056066892,5914388,B
2346952241,10850060,A
1980711489,6184211,A
141129747,5200427,B
2100830825,9110706,B
2075438468,7848559,B
2108388807,7417231,C
2810721110,10442785,B
2070602514,4849343,B
1986559590,4661235,B
2141129690,8570003,B
2145203884,8676302,B
2124578685,8676302,B
2020113925,8676302,B
2766857986,10722201,C
2316201034,10643354,C
1980077648,8676302,C
2388636593,11423591,C
2388636593,10643354,C
1987250415,8676302,C
2039879564,8676302,B
1986958815,8676302,B
2082119123,8676302,C
2078829736,8395123,B
2005961616,10128952,B
2560704528,10277324,C
2148463789,6215081,B
2738864224,11281208,A
2042375900,10425634,C
2766822417,9554512,C
2054447459,9839654,C
2015237406,5886157,B
2962908527,11101616,B
2051675700,8383377,C
2122842653,6236772,A
2005973091,7282576,B
1544389519,7282576,B
2145005189,8458556,C
2048660711,9937235,A
2041065548,7075209,A
2027397254,7697145,C
2070740058,8693745,B
1949868039,7697145,C
1967920120,7697145,B
1964863796,7742174,B
1964863796,7719692,C
1964863796,7719692,C
2580802821,11000625,B
1991180616,6114598,A
1991180616,6162963,A
2975836787,11425496,B
2115708670,9494023,A
2080282983,7078432,A
1981784651,6452170,A
1998261194,5656467,B
1997345929,6156546,C
2059900381,6156546,C
1744198372,6156546,B
2000972528,5283172,B
2115082345,8731877,A
2140703558,8731877,A
2130364102,8731877,A
2143817030,8051352,B
2095119075,9252731,B
2068344796,10690740,A
2006516169,10004107,C
2141747184,6532105,B
2141747184,6429965,B
2141747184,6687048,B
2038656525,6483628,B
2116219937,8592205,C
2144451257,7160548,C
2137083637,5968815,B
2103794321,10604585,C
2148559690,6859666,C
1978265030,9090907,B
1482048712,4508827,B
1482048712,4376164,A
1986412047,9238044,B
2166622051,9238044,B
2111319448,9238044,B
2084393085,9238044,B
2023102142,9238044,B
2020406782,9238044,B
1550340570,5545305,B
2147163646,6294858,B
2642983793,11541251,B
2088271375,5166057,C
2061043648,8394770,C
2604112991,10895620,B
1965924724,5785953,B
1971361148,6025135,B
2057224629,6025135,B
2080224680,5047510,A
2051038912,8980218,B
2955825492,10172862,B
2048058874,9327412,B
2048058874,8991885,A
2073645893,9780872,B
2157964928,9768909,B
2095916107,9086609,A
2060404184,9780872,B
2054546896,9768909,A
2521888215,9780872,C
2247679051,9780872,B
2163967724,9780872,B
1997288370,9780872,C
2088718823,5081002,B
2026843283,9110219,C
2103294654,7616618,C
1989724813,7616618,A
2018292540,8800375,B
2116861087,7616618,C
2553373844,9780872,B
2161196768,7616618,C
2162942010,6453093,B
2057872875,4694071,A
2074161964,4694071,B
2019307443,4694071,B
2093545109,4694071,B
2032360710,4694071,C
2017367016,4694071,C
1964738724,4694071,C
2017513716,4694071,C
2010539142,4694071,C
2808465635,11331494,C
255611753,9768909,B
255611753,9780872,C
2540741301,6400869,B
2172148445,6453093,B
2350457569,9780872,C
2216522131,9780872,C
2419589315,9780872,C
2963622648,9780872,C
2267114824,9780872,B
2477927303,9780872,C
2067758850,5858661,C
2067758850,5777093,C
2067758850,5728807,C
2067758850,6265158,C
2154212814,8779115,B
2168420463,8283460,B
1939898968,5276739,B
2046353772,9129524,B
2090616524,5518724,C
2088944980,5871744,A
2017401196,RE37225,B
2029524989,4808425,B
2009470417,6893567,B
2116826784,8268720,B
2085785406,7208094,B
2178959774,8815105,C
1984267585,9299381,B
2120420450,8815105,C
2752277886,10969642,B
2113627949,9299381,B
2044830089,7768189,B
2044830089,7906790,A
2082450742,9181954,B
1994268648,9027398,C
1994268648,9382903,C
1994268648,9587640,C
2041629553,9021876,A
2028156933,9027398,B
2513179752,10287588,A
2563201487,10287588,B
1996845136,5789381,A
2575468674,11555191,C
3008448491,11555191,C
2122837236,7894648,B
2153458342,7894648,C
2022006083,7894648,B
2152588356,7894648,C
2082973176,8095545,A
2147910941,7894648,C
2043189949,9552658,B
2163844768,8456345,A
2163844768,8487796,B
2028317369,9603243,C
2028317369,9603243,C
2000797691,8450690,C
2898446349,11469594,B
2151850946,5404424,A
2120961178,8456345,C
2120961178,8725784,B
93257264,7491849,B
1975378323,6420168,B
1997839386,9593347,C
1984105546,10188686,C
1984105546,10201575,C
2029731237,6127128,B
2119521263,5830661,B
1955923360,6207394,B
2074239537,6127128,B
2561911440,10920236,C
2559998476,9969789,B
2032912194,4548782,B
1967362771,7749469,B
2187732048,7264723,A
1998347093,10233099,B
2432920948,10176363,C
345358815,10421950,A
1968808411,6110607,B
1968808411,6309705,B
1969352504,6011646,A
1969352504,6110607,B
2984743991,11314632,C
2021616144,10025699,A
2088009928,6110607,B
2088009928,6309705,B
2083274614,6110607,C
1900238446,10414778,B
2077228269,4124690,B
2077228269,4174380,B
2155798168,6295332,B
2014645775,6845145,B
2119615300,7074187,C
2119615300,7927278,B
2119615300,6979294,B
2101658191,9363190,C
1584812882,9363190,B
2139539821,8575868,C
1980632831,6601459,B
1984460642,6601459,B
2009656721,7393855,B
2009656721,6958345,B
1965037453,7492312,A
2035743164,7843382,B
2124514294,7492312,B
2016947095,7492312,B
2124965295,8883452,C
2152898843,8883452,C
2007956642,9299922,A
2007956642,9619596,C
2007956642,9619596,B
2303909389,9299922,B
2303909389,9619596,C
2303909389,9619596,C
2594141640,9299922,B
2306512456,9299922,B
2306512456,9619596,C
2306512456,9619596,C
2128333371,7227053,B
2147898329,10408623,B
2312569573,6458775,B
2312569573,6413948,B
2152524239,6135965,A
2312849695,8853349,A
2505554112,10235049,C
2156731538,7847846,A
2143773891,3944950,B
1995891719,6465617,B
1995891719,6312947,B
1794947714,6707409,A
1906576667,6525480,B
2170478954,6791543,B
2025019055,5684633,B
2025019055,5552927,B
2588220500,10273405,B
2613290056,10273405,B
2412560977,9506928,B
2565453521,10687898,B
2565453521,10842401,B
2342217327,10842401,C
2756239816,10687898,C
2340069045,10687898,C
2340069045,10842401,A
2566887259,10687898,C
2566887259,10842401,B
2111931219,7118217,B
2111931219,7222961,B
2159703544,7218856,B
2563443726,11234640,B
2101372638,5000189,C
2071476302,5857977,A
1993806651,5000189,B
2034039425,5000189,C
2023452962,5000189,C
1934827371,5000189,B
2164841912,5000189,C
1998926286,5000189,A
2131449489,5000189,B
1671533172,5000189,B
1978585105,5000189,C
1968235459,6216036,A
2010338669,5000189,C
2120962962,5000189,A
2132015601,5000189,B
2127345603,5000189,B
2400748972,11611429,B
2036521660,9517277,B
1963689690,10398663,C
2092984513,8715963,A
2074190859,4495352,B
2074190859,4314943,A
2091654902,9432024,A
2091654902,8872360,A
1984167858,8975912,C
1573909881,9509280,C
2162390206,8473536,A
2162390206,8473536,A
1980405112,7920542,B
2145070407,7149631,B
2055826030,7135054,B
1518517377,9934579,B
2161860613,10195265,B
1971886049,7245790,A
2010057554,5783681,B
2035273381,8650016,B
2067072297,8650016,C
2019657562,8594986,B
2157090463,9840515,B
2157090463,9840515,B
2564183992,9971564,B
2564183992,9921808,B
2592642294,9921808,B
2912137769,9971564,B
2912137769,9921808,B
2912137769,10558431,C
2565063172,9971564,B
2565063172,9921808,B
2008906394,7335679,A
2008906394,7446124,B
2011615367,9644010,B
2011615367,9644010,B
2011615367,9561265,B
2011615367,9073968,C
2011615367,9687538,B
2011615367,9687538,B
2321209781,9770498,C
2404046463,9850340,B
2755573624,10213176,A
1905015000,9644010,C
1905015000,9644010,C
1905015000,9561265,C
1905015000,9770498,C
2091926133,7087741,B
2091926133,7090850,B
2091926133,7087230,B
2024367407,5399668,B
2759154820,10998178,B
2001021638,7865671,A
2001021638,8230421,A
2001021638,7870344,B
2001021638,7793053,B
2301975154,4658017,B
1905735343,5490973,B
2320273673,7640558,B
2074576118,10721845,B
2074576118,9990013,C
2051619625,10540457,B
2051619625,10721845,B
2051619625,9990013,C
2025049717,9845269,B
2076898407,4718748,B
2076898407,4741596,B
2591631744,9782136,B
2010401790,9557223,B
2129026424,8837036,B
2129026424,8842948,B
2330813457,7040180,C
2022629969,8127138,B
2513476441,9835560,B
2513476441,10852284,B
2193806968,10852284,C
2562161407,10852284,A
2794248663,10852284,B
2072845271,6551773,B
2545072869,10849503,B
2132945476,8551939,B
2021985688,10898076,A
2021985688,10271728,C
2161539132,8797221,C
2119478661,9379449,B
2119478661,8797221,C
2111911221,9379449,C
1583352699,7608682,B
1503515712,7608682,C
2007432956,5330687,B
2007432956,5211886,A
2075094250,5490952,B
2951264611,5490951,B
2070679438,5490952,B
2951654134,5581004,B
166607376,5211886,B
2152294228,6649940,A
2121341631,8089047,C
1897466197,4996841,B
2325011964,9981020,B
2598118151,11298411,B
2003639225,5071677,B
2329072306,8506921,B
2580541352,5867379,A
2031525246,6844421,B
2040773407,5754512,B
2040773407,5920537,B
2062082102,6928035,B
2064119687,9925248,B
2062082102,7508742,B
2910979981,11174325,B
2610072642,11174325,B
2156478754,7770089,B
2156478754,7461325,B
2156478754,7296208,A
2156478754,7237174,B
2156478754,7673226,B
2156478754,7483496,B
2156478754,8095854,B
2156478754,8145980,B
2156478754,7234098,B
2156478754,7334181,B
1977424151,7234098,B
1977424151,7237174,B
1977424151,7020829,B
1977424151,7398455,A
1977424151,7430396,B
1977424151,7334181,B
1544265743,7334181,C
1544265743,7234098,C
1544265743,7398455,B
1544265743,7376883,C
1544265743,7296208,A
1544265743,7770089,B
1544265743,7725802,B
1544265743,7962830,B
2134374023,9775506,C
2293855639,9747055,A
2061611217,10614196,B
1943459627,6312963,B
1943459627,6291254,B
1976408315,8620442,C
2950623350,5580984,C
2137213967,5944747,C
1968271489,7906288,A
1676925074,5144019,B
1676925074,5272262,B
2173438904,5985661,B
345890871,5985661,B
2147896158,6995258,B
300009309,4874853,B
2070841239,7083926,B
2070841239,6562570,B
1996245771,6562570,B
197662925,9787642,B
1988127794,7335469,B
2152349488,5612040,B
1856754925,6165438,C
2581721167,6165438,B
1975919787,5283192,B
2318656293,8865995,B
2174391673,7253285,A
2883488025,10872956,C
2762104310,11298533,C
2005900839,5965606,C
2005900839,6534544,B
2006948021,5717204,A
1975776318,6617587,A
1999375550,8957394,C
1976794544,8642981,C
2094591121,5776687,B
2054889904,5650279,A
2083441410,6294657,C
2083441410,5776687,C
2950117310,6090810,C
2950117310,5965606,A
2950117310,6008204,C
163854827,10390754,A
2130630796,6791542,B
2130630796,6903738,A
2130630796,6831641,B
2126733192,7319467,B
2117423779,9513716,B
2117423779,9323422,B
2117423779,9128537,B
2117423779,8884876,B
2117423779,9733792,B
2090283083,10568630,B
2163638549,9019270,B
2171849507,9513716,B
2171849507,9128537,B
2161852276,6831641,B
2161852276,6791542,A
2161852276,6903738,A
2166546927,7610211,B
1522526907,8829238,B
2097426975,6410919,B
178131868,6362001,B
1970728374,6853925,A
1975715801,6979449,C
2106907316,6576811,B
1983294478,9309537,B
1983294478,9309537,B
2077646630,7659103,A
2077646630,7790448,B
2077646630,8022197,B
2028831570,8754061,C
2028831570,9234184,C
2089615825,7723067,B
2156089065,8022197,B
2125566337,8454973,C
2003579943,8022197,B
2003579943,7659103,B
2032385590,8022197,A
2901697104,10656144,B
1578193465,9309537,B
1578193465,9309537,B
2508446499,9771587,B
2508446499,9988633,B
1979986360,5705161,C
2103652421,5705161,C
1574194921,5705161,B
2044248322,9672626,B
1976456943,10247556,C
2331489499,5089521,A
2043368734,6335428,C
2041579442,9043626,A
2041579442,9710044,A
2041579442,9003218,A
1970591037,8686358,A
2120805477,8221770,A
2001182408,5068188,B
1995980404,5512218,A
1985964614,RE37314,B
2165598073,6211848,B
152008085,5151543,B
2081797345,4522755,B
2081797345,4450268,A
2081797345,4499260,C
2061181222,4450268,C
2061181222,4499260,B
2036029030,4649189,C
2024754567,4649189,B
2024754567,4499260,C
2037154357,4634759,A
2037154357,4748263,A
2037154357,4550177,A
2035123949,4450268,C
2035123949,4499260,B
2042038508,4499260,B
2042038508,4450268,C
2092549023,5734046,A
2076584830,5397562,B
2082153439,7526361,A
1969327252,8392185,C
1969327252,8577678,C
1518483986,7526361,A
159853167,7526361,B
159853167,7016505,C
1969731221,6967455,B
1969731221,7526361,A
2122796820,7526361,B
2116546045,7526361,A
2093444517,9874459,B
1996555743,9023812,B
2037146371,7526361,B
2089594462,7526361,B
1603215226,7526361,B
2331426985,8155331,A
2331426985,8131542,C
2032094251,7526361,A
2513884922,6967455,A
2513884922,7526361,A
2462655972,10688285,B
2609279026,9898830,B
1481898781,8551287,B
2553307047,11464557,B
1480832145,11464557,B
2516354572,11464557,B
2570204107,11464557,B
2178576780,11464557,B
2535762704,11464557,B
2491889723,11464557,B
1547559193,6200567,C
2419382087,6200567,B
2412945384,RE39433,C
1560817952,RE39433,C
2169796892,7425200,C
2166977730,8552364,A
2123283357,7723045,B
2063296674,7929700,C
2003977559,9123520,B
2165525436,5033478,C
2002176862,6108457,B
1966128697,4873995,C
1966128697,4841989,B
1966128697,4860770,C
1966128697,4747416,C
2058862215,4841990,B
2058862215,4841989,B
2172153650,4741348,C
2172153650,4744372,C
2172153650,4747416,C
1890930476,4841990,B
2047184956,9797415,B
2104996134,6564194,B
1680598382,6564194,B
2167652033,6564194,B
1532998712,6564194,B
2039199263,6367935,B
2047140955,5595591,A
2047140955,5521304,B
2047140955,5420267,B
2283362794,7260300,B
2283362794,7421176,A
1981827202,4939403,A
1543191385,7421176,B
2113828748,7019875,A
2033387174,7019875,C
1989920186,6678450,A
1990400157,7019875,A
2081428368,7019875,C
2040735235,7019875,B
2143141052,7019875,C
2059621783,7019875,B
2109390871,7235750,B
1589912390,6908631,B
2061209675,7371414,B
2008227082,7371414,B
2154414741,6366759,C
2163462214,6163699,A
133316290,6236861,C
1531627696,10755726,A
2751622748,11297424,A
1989915277,8605981,C
2071303371,4567146,B
2037589121,8778676,C
1934830069,6208981,A
2069739226,6823455,C
2519773032,9597102,C
2519773032,10039562,C
2125614496,7544155,A
2065435802,6927914,C
2049359552,7582809,B
2111308131,9376665,C
1976428941,8897606,D
2084352342,5355440,B
1651162242,6721658,B
2135834698,6721658,C
2036625957,6469357,B
2500988369,6469357,B
1904422208,6404027,B
1622620000,6469357,B
2104874810,6506384,C
2107750367,10883989,B
2087035430,10883989,B
1967149800,8303532,B
2003113488,7629437,B
2082685774,4851517,B
2055202820,4851517,B
2100532542,5384122,B
2056739612,6410223,C
1551727579,7842665,A
1551727579,7622116,B
1551727579,7790676,B
2317664077,9695193,C
2188999394,9695193,B
2092709047,5171734,B
1991823894,5171734,C
1991399536,5970742,C
1991399536,5953936,B
1991399536,6106674,C
2129494966,5970742,A
2129494966,6106674,B
2049790402,5045204,A
2083503909,5472584,A
2083503909,5296115,A
2160141099,6471656,B
1967591166,8382662,B
1839452802,6931579,B
2034714147,6931579,B
2148810568,6876474,B
1497556949,9271678,B
1834024487,9186087,A
1834024487,9271678,B
151082235,9271678,B
2167442148,9271678,A
2167442148,9186087,C
2067983060,9271678,A
163854827,9186087,B
1979094114,9186087,B
1527694891,9271678,B
2094105906,6239262,A
2128169595,10775322,C
2910345290,10723776,B
2158689747,5194872,A
2118659300,9745288,B
2952647582,10351580,C
2106630675,7247432,B
2066313736,9139632,B
2154548640,8442368,C
2041783478,7402690,C
2163697736,10323125,B
1967979111,4142049,A
1987704378,4647208,A
2583039042,10020880,A
2583039042,10924183,B
2012389999,5354893,A
2324772702,9202606,B
2012389999,5470814,A
2012389999,5482909,A
2033040691,4772342,B
2089283970,7037391,A
2060953437,9978382,C
2060953437,9978382,C
2074934050,9978382,B
2074934050,9978382,C
2171421460,6670195,B
2081815037,5382527,B
2581878978,11117852,C
2780551931,11117852,C
2562656310,11117852,C
1979561841,8671634,B
2176661560,5786199,B
2754303615,10544207,C
2023494440,4963483,B
2023494440,5133961,A
2023494440,4816564,B
1976043101,5614384,A
1825117871,11279783,B
2134126529,5578473,C
2113196563,9908930,B
2161738112,9908930,C
2708523,5578473,A
2708523,5840520,B
2708523,5786199,B
1971382242,5840520,B
2099959749,9908930,B
2884476223,10544207,C
1972993849,11254954,A
2140887880,9757254,B
2140887880,9907722,A
2140887880,10016332,A
2171323125,10016332,A
2007816994,10676757,C
1545841839,5857978,B
1545841839,5743860,B
1582940512,5857978,B
1582940512,5743860,B
2003894671,5122188,B
2346700526,10573029,C
1942736038,6295371,B
2109015976,7895062,A
2109015976,7899688,A
2033062763,5620479,B
2464836103,7909928,B
2528907249,11278254,C
2768285201,11278254,B
2035057280,5641661,B
2035057280,5500483,B
2214203812,4013788,B
2163522651,4462990,B
141589594,4014992,B
141589594,4013788,B
1786998365,9938316,B
2345896629,9813917,B
2345896629,9622085,B
2345896629,9622085,B
2345896629,10117110,B
2418977801,7100606,A
2418977801,8460202,B
2152919025,7565288,B
2152919025,7626889,B
2152919025,8005237,C
1645679266,10519503,C
2066263596,11517255,B
2066263596,11547349,C
256870898,7317684,A
2066263596,11540769,A
2432817829,11151077,B
2017546842,7592335,B
2116864112,7052907,C
2136767600,7052907,B
2033160624,7928432,B
2095926185,9877136,B
2095926185,9877136,A
2124530461,7415117,B
2579826387,9018167,B
2579826387,8962563,A
2579826387,8962563,A
2579826387,9777051,A
2579826387,8466108,B
2097095684,8071548,C
1983764772,5350771,B
1983764772,5354765,B
2093610107,5350771,C
2064453398,9141474,C
2553322474,9141474,C
2108212569,9141474,C
1569044178,5914933,B
2108775803,9475777,C
1970252168,8428957,B
1970252168,8428957,B
2144343635,8428957,B
2144343635,8428957,B
2000955664,9441175,B
2106764226,5533807,A
2054929307,4870121,B
2011526440,4229424,C
2011526440,4289607,C
2079570587,4229424,C
2034650016,4289607,C
1974943944,4816551,A
1994659667,7116055,B
1994659667,7002301,B
2082291004,8515171,B
2138156462,8515171,B
2335274154,7317660,B
2128760049,8633866,B
1985672383,8513644,C
2486874707,7083928,A
2027023303,5208304,B
2061329552,5104956,A
2063801087,6266147,B
2077565827,7534767,B
2168586962,7105499,B
2168586962,6777395,B
2792643167,11572336,B
2585582089,10906809,C
2585582089,10647575,C
2585582089,10919766,C
2585582089,10919765,C
1821123847,8704042,C
1972230478,6433146,B
2346117624,10968485,C
2403260823,9834771,B
2317355900,9072468,B
2318641903,9380962,B
171364456,8236929,B
2067952185,7481890,B
2067952185,7767836,A
2067952185,7148366,B
2017185337,5066918,A
1970392038,5763183,C
1558307710,7957527,B
1532365113,7957527,C
1979512858,7957527,B
1989300180,5834272,B
2046613503,5053384,B
1993788038,5089602,B
2094484099,7485441,C
2094484099,7939327,D
2255256964,10094766,B
2975829198,11398842,A
2975829198,11108413,C
2975829198,11012100,A
2975829198,11121728,B
2783438090,11108413,C
2887116822,11108413,B
2887116822,11121728,C
1966767099,7395457,B
1988623557,8476766,B
2167892048,8625546,C
2055585070,8116295,B
1991830067,5691179,A
2112153207,8872693,A
2072142937,8350749,B
2156582388,7991236,C
1974190185,9973739,A
2129973583,8929462,A
2129973583,8929462,A
2056261612,7425333,C
2007731584,9522828,C
1975935770,5939276,B
1975935770,5763201,B
2040009388,6902929,B
2071191098,5939276,B
2023871900,5137822,C
2023871900,4766068,B
2109066329,7425333,C
2171636493,7425333,C
1600772398,6072608,B
2095881422,8774400,C
2166428396,6721454,B
2008459232,9602738,B
2008459232,9602738,B
1994001839,5936670,C
2792760071,10848519,A
2002964618,7928370,B
2795162421,10775384,A
2766053001,10641918,A
2144402917,6571183,B
2144402917,6984977,C
2040135927,9533144,C
2317506800,5466582,B
2145247229,9445529,B
2125910749,9445529,B
2483139198,10136554,C
2483139198,10244655,C
2067530768,9445529,B
2330581092,9445529,B
1775234179,9737276,B
1775234179,9737276,B
1775234179,9265473,B
2197726215,9737276,B
2197726215,9737276,B
1983047285,4996426,A
2050280736,6479731,B
1566787323,9125859,B
1972958158,6384312,B
2067631468,9170794,A
2067631468,9176717,B
2750801151,10344001,C
2750801151,10875834,B
2595744084,10143109,C
2595744084,10701832,B
2595744084,10136554,C
1977096318,5617872,B
2162846038,9974463,B
2568585981,11589766,C
2546442922,10898100,B
2546442922,11589766,C
2546442922,10973431,B
2516977201,10973431,C
2516977201,11589766,C
1830634249,9014797,C
1830634249,9014797,C
2040347570,10973431,B
2040347570,10898100,B
1983188715,9974463,C
2110203590,9974463,B
2065377233,9014797,C
2065377233,9014797,C
2334383850,10973431,C
2334383850,10898100,C
2122803772,10973431,B
2122803772,10898100,B
2324947981,10973431,B
1967981167,7984635,B
1985638602,5037576,C
1985638602,4941992,C
2923714506,10005167,B
2095052609,3965120,D
2346035477,11458213,C
2346035477,11478558,C
2346035477,10688198,C
2346035477,10232058,C
2155854213,6229599,B
2094577650,9415020,B
2094577650,9629813,B
2059119804,9415020,C
2312522132,10398742,D
2349620323,10668025,B
2349620323,9629813,C
2014547454,8989469,B
2120551767,6108700,A
2048563186,7227832,B
2048563186,6403193,C
2048563186,6605328,B
2048563186,6798733,B
2041833664,7297321,B
2031097499,6999392,C
2031097499,6798733,B
2031097499,7227832,C
2031097499,7082090,B
2031097499,7224663,B
2031097499,6605328,B
2140041342,8355109,C
2140041342,8711312,C
2140041342,8711312,C
2140041342,9645451,C
2140041342,8928846,C
2105893603,11304604,C
2411440208,11304604,B
2126578033,7981427,C
2035748978,7981427,B
2035481774,10023977,C
1975829812,10023977,B
2054828956,10023977,C
1937669064,9879068,B
2065301591,3992264,A
2128826231,8027512,B
2143115834,8941733,C
2143115834,8027512,B
2100021981,7576184,B
85848254,5171686,B
114195302,5294442,B
2166322648,6535647,B
2073772402,6535647,B
302480169,10402671,B
2095733476,6535647,B
2082091615,6535647,A
2152174874,6681180,B
2055228269,6681180,B
2500041456,9381212,B
2500041456,9381212,B
2726644775,11530447,B
2014755098,8035279,B
2065346330,8595923,B
1993837596,8810188,A
2114626886,9850922,B
2114626886,9850922,B
2095995687,9682856,B
2089045802,6776094,B
2016747857,8056054,A
2016747857,8479158,A
2121903189,7251705,B
2121903189,7360068,B
1990558163,5683881,B
2952903009,8513452,B
2135159142,7418432,C
2035088571,6904422,B
2036934771,10174312,A
2156180560,6904422,B
2000126832,6904422,C
2070438449,7052514,B
2071485034,6690383,A
2024282592,5547850,B
2039135839,5547850,B
1965027177,8163513,B
1989994409,7803570,B
2545752236,7040180,C
2545752236,7040181,A
2742829834,5747336,B
2345720476,10294483,C
2044881787,6692750,B
2044881787,6224879,B
2115919506,9931073,C
2115919506,9931073,C
2172119180,9931073,C
2172119180,9931073,C
2007098163,9545219,B
2001487636,9931073,A
2001487636,9931073,A
2088057729,9931073,C
2088057729,9931073,C
116758555,5843633,A
133253872,5843633,B
1987288934,8903805,C
2086861120,5510411,A
2078842260,5537822,B
3026746069,10828310,A
2078508804,9169466,B
1846095782,4908865,B
1994137588,6953570,B
2007259195,6953570,B
2074231412,6953570,B
2007732494,6953570,B
2164023522,6953570,C
2265767354,9931393,B
2736759086,9629885,B
2000434705,8497385,B
2070260566,5936776,C
2070260566,5963375,B
2143712715,7729975,A
2951984308,8420812,B
2155112552,9677138,C
2115274277,9677138,C
2020072489,8648893,B
2084456676,5252477,B
2040938282,5252477,B
2084229786,7414947,C
2096253463,9104466,C
2036910488,9104466,C
2033757422,9104466,C
2079365006,8549533,B
2011727948,9104466,B
2037103144,9758808,B
1984067348,6635478,B
2017663520,7483821,B
2140894987,6649371,C
2140894987,6794161,C
1598069444,5709995,B
2010372912,5709995,B
2096726566,7744898,B
2100587714,5780036,B
2100587714,5709995,C
2100587714,6235288,C
2100587714,5840303,B
2100587714,5788969,C
2101908524,8735061,C
2036436547,7943588,B
255393281,4311830,B
255393281,4311831,B
255393281,4311829,B
255393281,4395353,B
255393281,4380504,B
255393281,4311832,B
255393281,4395354,B
1824076394,10406520,B
2798516445,11379054,A
2405777275,9805514,A
2405777275,9805514,A
2405777275,10290153,A
2347124201,10290153,A
2347124201,9805514,A
2347124201,9805514,A
2346829598,9805514,A
2346829598,9805514,A
2346829598,10290153,A
2610808162,9805514,B
2610808162,9805514,B
2556694966,10290153,A
2556694966,9805514,A
2556694966,9805514,A
2334200413,7820535,A
2166525889,9944951,B
2166525889,9944951,B
2609680602,10131878,C
1978120943,8951798,B
1978120943,9453201,B
2158128644,9068167,A
2158128644,8951798,C
2516553369,9290741,A
2516553369,9290741,B
1968762056,7560258,B
2748755100,11591569,B
2748755100,10131878,A
2560450261,11591569,A
2327895892,8748112,C
3024169039,11118063,B
2294559587,10899824,C
2087070951,10011648,A
2039768883,7912422,B
2151860207,6763303,A
2166973816,9475777,B
2506966466,9485971,C
2518246018,9529147,B
2079890870,9529147,A
1901801915,10526618,C
2174397560,10526618,B
2066538785,9530642,C
2739963593,10822652,C
2217370284,10017814,C
2745302425,10753816,B
2026904629,6214797,B
2006825848,7843981,C
2008040112,5827699,B
2095052609,3978115,D
2967021288,11600822,B
2037387436,5932224,C
2037387436,5788969,C
2013397180,6639944,B
2169455131,5932224,C
2169455131,5788969,C
1977677882,5932224,C
1977677882,5788969,C
2005285136,7456020,A
1987544386,8719252,A
1972275926,8791021,A
1972993813,4169189,B
1972993813,4138530,B
2292375727,10198308,B
1984309275,9589229,B
1884356516,6025135,C
1979164620,6025135,C
2624885951,10998143,A
2031962237,4471305,B
2042134569,4698593,C
153725569,9213764,B
153725569,9547720,C
2117328536,9342707,B
153725569,9037860,C
153725569,9342707,B
153725569,10162858,C
2136909203,7729505,B
2136909203,7555137,B
2166193312,8273958,C
2166193312,8258371,C
2293077323,10535127,C
2166706755,7912321,B
2139998076,6469240,B
2079198204,6936467,B
1971931307,6791096,A
2891679756,11552115,C
2012641357,7164127,B
2150919593,7252811,B
2322565659,7182812,B
2105460551,7252811,A
2315988107,9409141,C
2152895485,11332717,B
2077475906,5841911,A
2004452810,5841911,B
2059091408,7049105,A
2054726820,6479275,A
1964255674,5841911,B
2180436051,7142701,B
2146180462,9808500,C
1998017225,5841911,B
1971122076,5841911,B
1963603244,5841911,B
2007347741,5841911,B
2018164802,5841911,A
2059828007,5841911,B
2023580699,5841911,B
2080849171,5841911,B
2750407365,5841911,A
2071057092,5841911,B
2600591282,9828285,C
2141242093,4628591,A
2103789511,6506880,C
2766980566,10272084,B
2593043086,11013740,B
174945897,9017663,B
2152664048,7482451,B
2164338126,8343503,B
2734900553,10770699,B
2437154491,10255262,A
2437154491,10691881,A
1811004009,5743095,B
2030831363,7354756,A
2492524479,4592587,B
1968280754,4910144,A
2049141776,9588330,A
2012504262,8449880,B
2372020578,7219556,C
2000623391,7804064,B
2069331213,6166379,B
2037290126,6166379,B
2020357496,6066321,C
2020357496,5512442,B
2111307336,6361992,B
2560546540,10120263,C
2560438123,10120263,B
2546757052,10120263,B
1985654691,9804026,B
1985654691,9804026,A
2020309088,9859079,A
2020309088,9859079,B
1551465958,10120263,B
2327270056,9976229,B
1780860893,10120263,B
1806048361,10120263,B
2562558308,10863895,C
2029460486,10120263,B
2143254952,10120263,B
2137709802,6337091,B
2092784744,6337091,B
2162194914,6964764,B
2014589660,8231869,B
1846063887,6355243,B
2149728808,7092951,B
2149728808,7761477,B
2151663987,6745198,C
2151663987,6732107,A
2132808937,7085769,B
2976752549,9738661,B
2080052850,5926277,B
2082405961,4806774,B
2010122303,5859537,B
2010122303,6313646,C
2010122303,6054038,B
2130091399,5291555,B
2065041370,5291555,B
2060759080,5291555,B
2128995499,5291555,A
2082963535,5852623,A
2024262353,9782607,B
2024262353,9782607,B
2740627227,4732483,A
2007100259,7223584,C
2065989673,6890532,C
2065989673,7071319,B
2064588452,6890532,C
2006243214,5852304,A
2021888488,10222335,B
2088785592,10222335,B
2034078517,10222335,A
2111487387,10222335,B
2062016534,10222335,B
2068860883,5385717,C
2068860883,5192520,C
2068860883,5370858,C
2106831210,6081323,B
207921984,8614189,B
1989923627,8936914,B
2110380269,8778608,C
2110380269,8778608,C
2164969570,6969601,B
2164969570,7083786,A
2074666551,6969601,C
2074666551,7083786,C
2119423436,6969601,B
2119423436,7083786,B
2157204536,8551790,C
2057217334,6969601,C
2057217334,7083786,C
2079117643,6969601,B
2079117643,7083786,B
1648429623,7083786,C
1965901007,6969601,C
1965901007,7083786,B
2110673949,7060267,B
2035570040,7083786,C
2035570040,6969601,C
2069996988,4906734,B
2963435467,10684591,B
2040454631,9566327,C
2743964517,10093703,C
2743964517,10179805,B
2743964517,10865228,B
2743964517,10562940,C
2143588126,9580475,C
81244858,8142720,B
1515717009,10179805,B
2339357145,10093703,A
2339357145,10179805,C
2014993931,6217867,B
2050009399,4443427,C
2120401448,4443427,C
2078880656,8846902,B
2134090908,4443427,C
2106719152,4443427,C
1982398031,8388643,B
2775636951,10918274,C
2043041429,8820931,C
2109827152,8244185,A
2168899879,9198142,A
2168899879,8315645,C
2164679484,6258566,B
2114010348,8244534,A
2925266251,10196832,B
2044671358,5846705,B
1756264621,8442567,B
2142153199,8244185,A
1978045647,8583438,C
2123138964,7689408,A
2153219261,7903877,B
1964855296,9949654,B
2160329506,8835479,B
2160329506,9040573,C
2768417815,9753219,B
2765943831,9753219,B
2735697971,9753219,B
2773277154,10825182,B
2170691032,6955886,B
2153446387,4547368,C
2035533756,4547367,C
1983420763,4547367,C
1485375541,4547367,A
1976976477,5433942,A
2018182947,4849346,A
2133245981,7307905,B
2034147147,8488231,B
2034147147,8488231,B
2317425522,9040687,B
2062865871,5510241,B
2021999013,9544381,A
2141210273,6252926,B
217984561,7822467,C
1974598848,7627347,B
2151890921,7627347,B
1529215206,8536148,C
1664258207,8198300,A
2105857076,7627347,A
2324541709,9174893,B
2001210562,6121894,A
1991174240,6121894,C
2017887183,4725555,B
2399031825,11045426,C
2152744391,10478446,B
2077426106,10677541,B
2901928005,11485748,B
1855549123,5614372,C
2165495028,9636650,B
1972999841,7461045,A
2045347438,7461045,B
2087008353,7461045,A
1603194053,6304775,A
2020648150,7461045,A
2037730714,7461045,B
2141388524,8932223,B
2542185126,8932223,B
2038894415,7872977,B
1974431355,5872011,B
2104030586,PP19313,B
2062431885,9005552,A
2618970536,10700494,B
2006684413,6034069,B
2006684413,6046171,B
2086473480,9039279,B
2086473480,9683898,A
2086473480,9683898,B
2000533886,9683898,B
2000533886,9683898,B
2092885275,8124398,C
2050216826,6264940,B
2793685587,11284089,C
2754667011,11284089,C
2906310569,11284089,C
2884644614,11284089,B
2613728638,11284089,C
2006146542,8691550,B
2005349409,6765195,B
2299365561,10714779,B
1991599645,4459356,B
124913907,5642623,B
1977187582,9005886,A
2131194805,4028933,B
1969488369,5883705,B
1616932920,6401526,B
1969488369,5742377,B
2021896086,6156216,C
2595883827,10457975,B
2359690404,10457975,B
2072457111,5883705,B
2072457111,5742377,B
1981578345,7046833,B
2079135991,7693919,A
2079135991,7565386,A
2300960384,10473410,B
1997431156,7211405,A
2414066511,4473905,A
2414066511,4550427,A
2414066511,4502150,A
2414066511,4539698,B
2012503023,5937364,A
2087136636,10494619,A
2319952541,9777041,C
2901664219,10537609,A
2563701512,11390884,C
2100741869,10242856,B
2062102126,9122873,A
2062102126,9063721,A
2038340774,9198621,B
2038340774,9198621,B
2168140910,9198621,B
2168140910,9198621,B
2101037062,9198621,B
2101037062,9198621,B
1994078979,9795737,B
2701556738,9886758,C
2526842628,10176574,B
2592114653,10294582,B
2120571865,5781787,A
2295376722,9949643,B
2295376722,9949643,B
2295376722,9962087,B
2083966857,7987177,A
2158587137,9171077,A
2079224662,4884130,A
2085487721,4229414,B
2770985350,10091595,B
1981684371,6387625,B
2001976474,4230828,B
2001976474,4330642,B
2031496429,4935214,B
2017068358,9812647,B
2017068358,9773981,C
2555798662,10837079,B
1983200223,8190366,B
2005704127,4029085,B
2062165679,5466815,C
2003368163,4281086,B
1975003761,4478904,B
2099481953,7180389,B
2161471003,7180389,B
2104739784,7180389,C
2179683548,7180389,B
1952244137,6110457,B
63277029,9574223,B
2100117732,8765969,B
2009013228,7169813,B
247707788,7406184,A
2326651384,4863864,B
2022158414,5615673,B
2127992761,9744379,B
2127992761,10265543,B
2148051279,4757134,A
2163080149,8295151,A
82745407,5792936,C
82745407,5767367,C
2069291142,8847965,B
2069291142,8995675,C
2069291142,8995675,C
2990344989,11073469,B
2062353246,4753944,C
1976512525,5389513,A
2177734501,8066988,C
2022394260,7378233,B
2026340629,7378233,B
2043632581,7378233,C
1524126249,8252278,B
1527988075,7413732,B
2075548724,7826045,A
2022501014,8726062,B
2035702613,9309392,C
2506570056,10702862,C
2070879794,5541102,C
2060294049,8951402,C
2128612770,8959370,B
2460082604,10874343,A
2460082604,10045730,B
1976485497,5430066,B
2060009824,4075627,B
2003822654,6311096,A
2046733473,8747397,B
2048414576,9047950,C
2150441550,8233965,B
2324003931,4833242,B
2614123556,4833242,B
1983264776,8909043,B
1983264776,8873962,B
1967822013,8909043,B
1967822013,8873962,B
2047054415,8873962,B
2012738518,8909043,B
2012738518,8873962,B
2039813321,8873962,B
127792376,7060139,B
2530126591,10800883,C
2119063449,6884421,B
1917572660,5889857,A
1963489405,8183364,C
2046271004,6787141,B
2096126369,10170799,B
1993410233,6011626,B
2135166861,6683846,C
2135166861,6552968,C
2327361284,9330477,B
2327361284,9330477,A
2406599102,10662164,B
2316573420,9776975,C
1974390421,4018650,B
2025431541,4511460,B
2025431541,4514281,C
2072262521,5342960,C
2012327696,10515767,C
1979250687,5747654,B
2190625439,6426075,B
2145463997,7368110,B
1998735524,7368110,C
2052132819,9394352,B
2052132819,9394352,A
2035038195,7368110,C
1522129551,5217872,B
2033212569,4367184,B
1483749927,4722999,A
2013860334,10136876,A
2079407293,8499598,B
2004382396,9359664,C
2004382396,8911572,C
1969082113,8776566,B
1969082113,8776566,B
2080349993,8776566,B
2080349993,8776566,B
2104727923,7709252,B
1995837838,7368110,B
2158017786,6614036,A
2464721164,6626569,A
2015783493,5525337,B
2134988422,10919929,C
2088896265,9229081,B
1983895383,9229081,B
1992429171,5562905,B
2008055307,7990045,A
2137125339,7990045,C
2137125339,8436526,B
2137125339,8436526,B
2329187437,7990045,B
2329187437,8436526,B
2329187437,8436526,B
2523348434,10690030,B
2525286521,10690030,B
2061526783,5141609,A
2070260599,6525691,B
2129670109,9428819,C
2112266030,9525179,C
2605648440,11043696,B
1897107289,8845768,B
1974758113,8845768,B
2043809113,10683362,B
2045117614,5458878,B
2110491757,5348876,C
2001069409,4859596,B
2032833738,7970933,A
2109326138,5968326,B
2083806880,8911534,C
2164670572,9151723,A
1980776953,6034227,A
2010851273,8357836,B
2074547849,8849483,A
2079564769,8357836,B
2168610441,8911534,B
1984574859,8911534,B
1965018381,8911534,B
1955200347,5165927,B
2042322244,8911534,B
2012186009,5262056,B
2167714623,7421910,B
2136434661,5444816,A
2084891010,5876965,B
2201499633,8332085,A
1977332457,7437910,B
2127614473,6046032,C
2127614473,6586203,C
2105662588,8809057,C
2314691915,4167556,B
194232241,9629587,B
2231504192,5773225,B
2020597127,5773225,B
1557341781,5773225,C
2510262126,10446704,B
2295213035,10446704,C
1628023582,5773225,C
2130630580,6295247,B
2545287573,8076821,C
2092398267,4417175,A
2092398267,4349424,A
2890143400,11058442,B
1986491229,6184167,B
1997372043,6291641,B
2313711755,9502716,B
2783820279,10437702,B
2923768737,10745629,A
1989523631,5072452,A
2061334885,5824559,C
2086659657,5824559,B
2084365501,5313044,B
2058190876,5558998,C
2157261385,5558998,B
2052790935,6265113,C
2021389456,5041203,B
2072602259,9486142,B
2134752347,9486142,B
2112164535,9197326,C
2112164535,9197326,C
1573446155,9933501,B
2093150030,7535222,C
2153775030,8492591,B
2072376676,8492591,B
2072376676,8754132,B
1997703864,8920970,B
2038448961,6177280,B
2030924610,6562969,B
2406023750,10487002,B
2039466419,9409009,A
2039466419,9409009,A
2106110854,8938310,C
2106110854,8938310,C
2088745999,8744601,B
2587894270,10207252,C
2144843461,6072075,B
2144843461,6380358,A
2962721017,11481639,A
2962721017,11527308,B
2084241654,9472764,C
2084241654,9472764,C
2059668887,8598305,C
2774673114,10115917,C
2326260942,9276226,B
2101402150,8754188,B
2011157207,8923952,C
1530384229,4305358,A
1530384229,4210104,B
2029245079,8563934,B
2014173938,8563934,B
1965447312,8923952,B
2085677413,8563934,B
1966323036,8425878,B
2793080222,11553839,B
2593743074,11553839,A
1982031006,5315513,B
2158609480,9833570,B
2139134765,9228494,A
1581409743,11566292,B
2028201487,8355579,B
2049976944,5146780,A
1987992366,3964319,B
2948736204,10493990,A
2010648613,8671763,B
2760230810,10340007,C
2002102334,4789661,C
2088672162,4789661,C
2088672162,4954483,B
2090386996,4789661,A
2008609806,5530133,B
1978617311,7736715,C
1978617311,7510753,B
1978617311,7335459,B
1978617311,7110348,C
1978617311,7214416,B
2413027227,10022338,B
2039316561,5457055,B
2039316561,5374560,C
69397147,5374560,B
2000864446,5374560,B
2077725073,5457055,C
2077725073,5374560,C
2167908108,4940658,B
2910654625,11333798,A
2067249589,8159525,B
2015274224,8159525,A
2092973682,6287847,A
2318825263,4935292,B
2072799850,5462857,B
2072799850,5242801,B
1977042446,9515257,B
2117748324,10546659,C
2167160009,10546659,B
1990711764,5034952,B
2171613573,10546659,B
1966362654,10546659,C
2138387973,9486172,A
3008451085,10430100,C
1559819378,5579471,A
2887930156,10495601,B
2325678621,9364555,B
106528267,5656010,B
106528267,5558636,A
2056765233,4758562,B
1965348485,5088820,A
2042619886,4748609,B
2042619886,4847822,C
1966445536,4748611,B
2107873159,7002910,A
2102652627,7002910,B
2555006999,10597681,B
2056802413,5763574,C
2137195062,9880173,A
2137195062,9880173,A
2581622513,10549013,C
2163005983,8193379,B
2728417873,10199639,B
2728417873,10276860,B
2734212312,10199639,C
2734212312,10276860,C
2611028165,10199639,C
2611028165,10276860,C
1993584106,8975301,B
1924629681,9382208,A
2294521465,11242342,C
2294521465,10294222,C
828546350,10017429,B
392916691,10017429,B
2067559517,7488489,B
2107348181,7488489,C
2157282532,7785836,C
2164917957,7488489,C
2002923803,7488489,C
2001573980,7785836,B
2142781029,7488489,C
2001573980,7488489,B
2133667133,7488489,B
2140300915,7785836,C
2020825850,7488489,C
2094340197,7488489,A
1979237696,5688658,B
1981043220,5688658,C
2059571877,5688658,C
2152354234,7785836,B
2091354877,7488489,C
2136896639,7785836,C
2070692447,7785836,B
2144945871,7785836,C
1969899488,7488489,C
2020992709,7785836,C
2164128190,7488489,B
2040968936,7785836,C
2060028595,7785836,D
1990440433,7488489,B
2606703671,10049679,C
2606703671,10056088,C
2606703671,10049680,C
2119002256,8576927,C
2130983755,8502708,C
2130983755,8502708,C
2056062871,9461573,C
2134056468,9461573,B
2316858904,9461573,C
2012640731,9461573,A
1978918080,9678077,A
2615657393,10655954,C
2623680575,10655954,C
37156975,9389068,B
2066051209,4823780,A
2587087805,10655954,C
2094196647,7495438,A
2094196647,7800366,A
2001994418,9568483,C
2117599123,9568483,C
2590951631,9568483,C
1920614447,9568483,B
2602879607,9568483,B
2809776495,10763544,C
2809776495,11139504,A
2092678991,5047942,B
2046491553,5353022,B
2073300328,5047942,B
2998794764,11435358,C
2097852042,8685122,C
2090976566,8685122,B
92743925,8685122,B
2010671903,5888785,B
2010671903,6133421,B
2010671903,5811286,B
2021179083,6870038,A
2049354519,7198927,B
2049354519,7638617,B
2024654932,7402402,C
2016569614,7217533,C
2100874814,5384260,B
2060419605,9133492,D
2028592908,3931563,B
2068385066,5156918,A
1995253533,6586763,A
1995253533,5834100,B
2601515692,10935776,B
2599648202,10935776,A
2394789013,10800790,B
1976102851,6123902,B
1995454120,7534996,C
2890720382,10668280,C
2017675011,5688658,C
2113335849,5688658,B
2124861725,6261766,C
2128741716,5688658,B
2077000148,5688658,B
1847939509,6071726,B
2091759497,5688658,B
2076686856,6261766,B
2061027816,5679534,B
1905007996,5688658,C
2080081195,5688658,B
2336346625,10093910,B
2336346625,10138476,B
2611661371,9850484,A
2611661371,9850484,A
2224398381,9512446,B
2951560455,10526591,A
2951560455,9752132,C
2951560455,10767168,C
2951560455,9926545,C
2951560455,10633642,A
2951560455,10479982,C
2951560455,10093910,B
2951560455,9926546,B
2951560455,11168313,C
2951560455,9512446,B
2768035846,10767168,B
2768035846,9926545,B
2768035846,10479982,B
2768035846,9944912,B
2768035846,9944912,B
2768035846,9752132,B
2768035846,11286468,B
2768035846,10093910,B
2768035846,10526591,B
2768035846,9926546,B
2768035846,10202589,B
2768035846,9512446,A
2170710007,10093910,B
2170710007,9926546,B
2170710007,10011850,B
2170710007,9752132,C
2170710007,9926545,C
2338850193,10011850,C
2562658921,9512446,B
2562658921,10093910,A
2562658921,9926546,B
2562658921,10526591,B
2561834051,10093910,B
2561834051,9926546,B
2561834051,10202589,A
2561834051,9752132,A
2561834051,9926545,A
2726053863,10093910,A
2726053863,9926546,B
2726053863,10202589,C
2726053863,9944912,C
2726053863,9944912,C
2726053863,9512446,B
2726053863,10526591,A
2726053863,9752132,C
2726053863,10767168,C
2726053863,9926545,C
2726053863,10479982,C
2726053863,11591589,C
2726053863,10633642,A
2891818439,11098326,C
2561834051,9944912,A
2561834051,9944912,A
2561834051,10011850,C
2561834051,9512446,B
2796349068,11098326,C
2965479,8747397,C
2085493844,6217891,B
2085493844,6051612,B
2066319630,8097771,B
2982352668,10590020,B
2746909467,10172894,C
1965495205,9205142,B
2009340744,7242637,A
2099981039,8659461,B
2196289402,10364043,A
2051450164,9644238,C
2890832469,11152981,B
2069104136,9375818,B
1969847819,10450593,B
1970023472,8148141,B
2082753224,7653316,B
2123330099,6112804,B
1203560815,10987523,A
2616992614,10421722,C
2085532594,6703216,B
1986311115,5554752,A
1986311115,5457207,A
2896112292,10975185,B
2556169250,10413664,B
2562035449,10413664,B
2592342943,10295469,A
2921893914,10295469,A
2045461995,3976707,B
2045461995,3976706,B
2045461995,3976708,B
2038724265,4038333,C
2074158994,4094875,D
2074158994,4033972,D
2145278581,10918608,B
3009033563,11400055,B
2037379831,7250134,A
2006512658,5720894,B
133645306,6621040,B
1994886098,5720894,B
2052045678,5298756,B
2090502700,5298756,B
2041541359,6552964,B
2136701078,11098053,B
2164800803,8323706,B
2083734586,8323706,C
2109737489,8323706,A
2006218243,9512401,C
2142533047,9112082,B
2783380075,10253326,D
2043899393,8323706,C
2009787348,11098053,B
268739952,9717783,B
2099713674,9717783,B
1994718680,9717783,B
2169506286,5256501,C
2090989839,7191380,B
2011734977,8112700,A
2031427716,9393216,A
2565497344,10506804,C
2097406530,7810093,A
2094749169,6474259,A
2602143553,11346667,B
2757791635,11346667,B
2765312802,11346667,B
2609059653,11346667,B
2030387680,5827714,B
2069471864,6660149,B
2069471864,7578915,B
1970023965,6506574,B
1970023965,7256042,A
2035716667,8498133,B
2547436288,10294407,B
2026867737,8126240,A
2041142434,8126240,A
2539721977,11016152,C
2468353620,10338052,A
2176694215,8854457,A
2111930625,8854457,A
2557493643,10648977,B
2512508208,9921211,B
2245347022,6355147,C
1964829642,6355147,C
2147147338,6743586,B
2983033383,10328085,B
2032511827,10150953,B
2122891218,3976768,C
2122891218,4045298,A
2622654359,4048015,C
2622654359,4097428,B
2122891218,3931400,C
2060390109,4145253,B
2060390109,4209612,C
2060390109,4216308,B
2097650803,4097428,C
2097650803,4048015,C
2139553364,6689063,A
2100604989,7543010,B
1997850082,9692234,B
2912784135,11333652,A
1488373722,6424750,B
2105105414,6424750,B
2020891567,6424750,B
2004216801,6424750,B
2334085604,9162914,B
2229317410,10036812,A
2559501683,10192740,C
1637250296,5780433,C
2060902393,7390785,B
2124197001,7205011,C
2784807975,10443043,C
1986377207,5591440,B
1986377207,5593825,C
1986377207,5925512,B
2080742761,6372906,B
2058624239,6355755,C
2125866951,6372906,C
2084429138,5744605,B
2084153099,6156896,B
1917971214,5426026,A
1917971214,6017699,B
1541573786,9728052,C
2128461524,8647818,C
2128461524,8637234,B
2062524026,8236949,B
2027158412,5462952,A
2007675949,5462952,C
2018856149,4675332,C
2083879849,5240929,C
2083879849,5312821,C
2083879849,5494927,B
2083879849,5290800,B
2083879849,5215986,C
2952226295,5219745,B
2952226295,5262314,B
2952226295,5221621,B
2039168697,5693490,B
2162753646,8113054,A
1949810991,6140054,B
2537334349,10004222,C
1971039731,6156896,B
1971039731,5777121,B
1971039731,5859247,B
2612061937,10209368,A
2051895595,8657892,A
2051895595,8657892,A
2807188705,10823134,B
2911893982,10823134,B
2150702843,10014487,C
2947608550,11183815,B
2609955452,11539190,B
1971917744,8290011,C
1975406840,8290011,B
2171556383,8493654,B
2171556383,8290011,B
1965068418,8385378,B
1965068418,8290011,B
1987646878,8125706,A
1987646878,8290011,B
2066116713,8125706,A
2066116713,8290011,B
2066689965,9927512,B
2008263014,9927512,B
2889865863,10275644,B
2892089337,10296780,A
37733221,5746023,C
1998241030,5582703,A
2062642119,6132623,A
2063705922,5852205,B
2085163461,6140518,B
2168293693,7465543,B
2162410387,7556086,B
1969526489,8401057,A
2057091260,7302918,B
1516736063,7302918,B
2057118372,6197697,B
2057118372,6225193,B
2114715925,10256635,A
2015320584,9325173,A
2069545704,9464048,A
2123756560,7062049,C
1987086553,5071763,C
1997429444,5225341,B
2078785821,5296395,B
2085406867,9052414,C
1518371662,9221913,B
2478820856,10336326,B
2478820856,10124730,B
2561689956,8545850,B
2023578656,8937161,B
2126327605,8936364,B
2126327605,8936364,B
1981714393,4892819,B
2013418084,9725492,B
2013418084,9790261,B
2013418084,9790261,B
2022805663,9389344,B
2168407277,9495761,A
1973407875,6002740,B
2115960458,8923948,B
1996667243,8923948,B
2049036235,9818599,C
2049036235,9818599,C
2140412033,9017989,B
2119539430,7035836,B
598003189,6678670,B
2766835031,11020740,B
2766835031,11480567,B
2119010034,9233046,B
2782148543,11480567,B
2908331004,11020740,C
2908331004,11480567,B
2910421600,11020740,B
2910421600,11480567,B
2023243353,7358230,B
2136388877,8293875,B
2015355974,9947980,C
1979829306,10828352,C
1979829306,9987308,B
2054036902,9646127,B
2755020440,10547044,B
2019636795,5006535,B
2019636795,5082841,C
2019636795,5064833,C
2019636795,5200417,C
2019636795,5049567,C
2019636795,5051508,B
2019636795,4806550,B
2020788116,6486206,C
2020788116,6312399,B
2020788116,6526973,B
2020788116,6234985,B
2020788116,6604523,B
2020788116,6224562,B
2095158189,7210480,A
2045633793,7210480,A
1895018631,5302386,C
2505081434,6426074,B
2949147327,7304160,B
2949147327,7112678,A
2082320597,6224562,B
2078628334,8109913,B
1558491563,5241049,A
2052336255,7472992,C
2052336255,8840245,C
2052336255,8506076,C
2052336255,8805612,B
2052336255,8757800,C
1994494865,8805612,B
2150980907,5393522,A
2132836776,8032314,C
291372473,9792564,B
291372473,9792564,B
2763821602,10628750,B
1485258041,5302386,C
2061133702,6426074,C
2065309121,6477407,B
2632692298,10711184,B
2066399117,9511146,B
2027258033,9207317,B
2042404015,5521516,B
2914745254,10650150,B
2111940334,5820560,C
2039398157,6344571,A
2069254375,4614795,C
2120188366,8201421,B
1987898028,8201421,A
2061717975,8201421,B
2330940815,8003664,B
2619948126,10167234,C
48503161,4710501,C
2051091008,8445487,C
2067431615,9311564,B
2169924746,7330701,B
2169924746,7336727,B
1553296247,7330701,B
2076940285,5554648,A
2076940285,5348977,A
2157470879,8053190,C
2100586653,9102983,B
2620645336,10360519,B
2471182554,4839009,B
1981197205,4990322,B
2065726412,4839009,B
2292811126,4839009,B
2099516830,7705332,B
2090657227,7705332,A
2010470266,7705332,B
2008739391,7705332,A
1619124223,7705332,B
2061530985,7705332,A
2036479851,7705332,A
12537442,7705332,B
2167680419,7705332,A
2098612324,9234018,B
2098612324,9234018,B
10132703,8183236,C
2987948438,8183236,C
2141052778,6300109,B
2608294675,10885131,A
2010425362,5825514,B
2010425362,5896208,A
1988885212,7631839,B
2024367117,7631839,B
2066418541,7631839,B
2030225277,7631839,B
1983530301,7631839,B
1986601138,7631839,B
2408308532,10877193,B
2486768426,10877193,C
2468750847,10877193,C
2300588912,10877193,B
2065938294,9690854,A
2065938294,9690854,B
1495369518,5672584,B
2172302895,7834013,B
1966835439,9024038,A
1696952104,10202927,A
2110172414,9708991,B
2076029570,10202927,B
2072536859,9376979,B
2072536859,10202927,B
2064484277,10202927,B
2107973021,10202927,A
2121806132,9206480,B
2540213618,9592223,B
2150933237,9443056,B
2150933237,9443056,B
2982173100,11305284,B
1963599567,9452985,B
2285092339,9637592,B
2066095004,7897584,B
2039563917,8772000,C
2163297678,8772000,B
1867337902,9987369,B
2001603167,6020540,B
1996134016,5433947,C
2032003465,5360608,B
2032003465,5326561,B
1957714727,5378821,B
1937114605,8956848,B
1984561722,9850520,B
2054109341,7232806,C
3007217854,10992156,A
1993238512,9262632,B
2523522678,10242043,B
2033014701,4319022,C
2033014701,4273924,C
2033014701,4208407,C
2033014701,4340727,C
2033014701,4431799,C
2033014701,4317904,C
1985444037,6944330,C
2320829905,10031138,B
2130605317,8598345,B
2130605317,8569308,B
2319632170,8728433,B
2554182206,10501472,C
2983557725,10544406,C
2006793281,8980614,C
2006793281,8361772,C
2069018460,8361772,C
2995885885,10544406,B
2065801043,8986695,C
2065801043,9567575,B
2065801043,9567575,B
2065801043,8980614,A
2065801043,8361772,C
2065801043,9206411,C
2026016254,9868943,B
2026016254,8986695,B
2026016254,9567575,C
2026016254,9567575,C
2026016254,8980614,C
2026016254,8361772,C
2008786552,8986695,B
2130531258,9068204,B
2036847545,9567575,C
2036847545,9567575,C
2036847545,8980614,C
2036847545,8361772,C
2036847545,9206411,A
1993398361,7086507,B
2937047179,10698055,A
2913972737,11567207,C
30994065,5858706,B
2110145608,7763704,B
2110145608,7297551,B
2155560009,8182804,B
2779441749,10363299,B
1968564286,8575674,B
1494024482,8175360,C
2036794332,5544284,B
2119436405,7319034,B
1674163332,7890275,A
2006019441,7031025,A
2029802696,8619074,B
2085995311,4022716,B
1989915257,5204247,B
2034852614,8759662,B
1984180950,10598682,A
2460305479,10940332,B
2474715055,11235177,B
2901058316,11235177,B
2085864990,4667159,C
2531555673,10362788,B
2086830395,10301602,C
2092202827,9060670,B
2092202827,9060670,B
1970752246,10758209,B
2067199188,8039177,B
2185585657,10631751,B
2081684697,8507160,C
2015459901,9722113,B
2015459901,9722113,B
2080423498,5434086,B
2108665876,6601223,A
2107876318,9423405,C
2147080616,6083733,A
2027933586,5403845,B
2043736631,5670031,B
2494251319,10281606,C
1974448014,8675876,B
1974448014,8675876,C
2083108667,8675876,C
2083108667,8675876,C
2036461529,9865791,A
2045078620,9865791,B
1996134016,5173419,B
1972056222,4074160,A
2900341358,10771265,C
2883138602,11606216,C
2883138602,10771265,C
2900341358,11606216,C
2889810412,11190363,A
2889810412,10771265,A
2889810412,11184180,C
2039812546,5617434,B
2106733891,6937782,B
1972037908,5852187,B
1972037908,5644046,B
1721726741,9099376,B
2544268739,8664608,B
2059098302,7045317,C
2170325108,7045317,C
2170325108,6962788,B
1985638602,5002692,C
2076424206,9231214,C
2124672930,7618636,B
2017483222,7204802,B
2052300990,4880473,B
2973207713,10836383,B
1538676270,9319051,A
2005821165,8880207,B
2015012480,9568467,B
1978895607,10040880,C
2224082049,9546182,B
2035176092,5661033,B
1999754543,5661033,B
1532557851,10125454,B
1532557851,9777341,B
2761536373,10478113,B
2761536373,11419533,B
2083812741,8044417,B
1976933979,7704331,C
1976933979,7208393,A
1976933979,7427555,A
1976933979,7220658,C
1976933979,7220324,C
2046244387,7704331,C
2046244387,7956360,B
2046244387,7847293,A
2028986153,8435759,C
241938743,7612874,B
2016950265,10180397,B
2048914260,10180397,B
2074420913,10180397,B
2093300670,5843927,C
2117960143,9414576,C
2017760463,9414576,C
2001128436,9414576,B
1975007417,6630584,B
1978446301,8207309,B
1994844156,4948836,B
2152943995,8980185,A
2150153438,7872042,A
2491690475,10942188,C
2006852502,6004654,B
2018767194,9130119,B
2001460725,9356431,B
2143198129,6388172,C
2052062963,6258556,C
2030381973,6258556,C
1570074927,6258556,A
1585778217,6258556,C
1581994435,6258556,C
2996748260,10597359,B
2065760515,8044417,C
1972003963,9640947,B
1972003963,9640947,B
2070047651,9130119,B
1996679350,8044417,C
2039280319,9130119,B
2059785697,9130119,B
2059785697,8211723,B
2032376689,9465141,B
2032376689,9885806,B
2001198391,9465141,B
1962572428,9207357,B
2039342324,7459526,B
1999573691,9465141,B
2045649827,9128349,B
2045998783,9128349,B
2979600269,11474414,B
2980370370,11474414,A
2981469479,11474414,B
2980688350,10747086,A
2980688350,10481468,B
2980688350,11474414,A
1975478437,9128349,C
1984267293,9128349,B
2769010300,11474414,B
2769010300,10359687,B
2919927801,11474414,B
2043105636,9128349,B
2079579102,10253836,B
2131315410,7741099,C
1656961899,9950060,C
1656961899,9750801,C
1656961899,9750801,B
3010432038,11059848,A
2063733110,6951928,B
2038163461,4332157,B
2011268986,4332157,B
2932967885,11591509,C
2899271144,11408880,B
2030702612,9618513,B
2030702612,9618513,B
2100621282,10266616,B
2147919916,10266616,C
2076488922,5265030,B
2321434322,10266616,C
2317022519,10266616,C
2005163664,10266616,C
2063451613,7677731,B
2144524970,10273291,C
3021905733,10759846,B
2140070226,10273291,C
1816587284,10363301,B
2913172221,11338033,C
2913172221,11147867,C
2904702098,11147867,B
2262255609,9796774,B
2262255609,9796774,C
2616331065,9796774,A
2616331065,9796774,C
2951443816,11338033,B
2951443816,11147867,B
1994933959,9796774,C
1994933959,9796774,C
1881967296,9796774,C
1881967296,9796774,C
2106228977,10273291,C
2155922867,10273291,C
1937669064,9796774,B
1937669064,9796774,B
2234996734,9796774,C
2234996734,9796774,C
2010996470,10273291,C
2790876064,10759846,B
2029135056,10273291,B
2129330996,10273291,C
3005494427,11147867,B
2498359070,9796774,C
2498359070,9796774,C
2022221356,10273291,B
2786419642,11147867,C
2786938088,9796774,C
2786938088,9796774,C
2010959676,9796774,B
2010959676,9796774,B
2097386513,10273291,B
2515600896,9796774,C
2515600896,9796774,C
1972067032,6649894,A
2028774514,5482960,B
2028774514,5691373,A
2028774514,5658943,C
2028774514,5599811,C
2075309886,5599811,C
2075309886,5482960,B
2075309886,5691373,A
2075309886,5658943,C
2324223182,6461144,B
2048600325,4711708,B
2114864121,6461144,B
2781832718,10571462,B
2083147484,10139306,B
2963890451,10901740,B
2963890451,11403737,A
2099257422,8983011,B
2134413422,5739002,B
2124000798,5739002,B
2133198971,5739002,B
2001945066,5739002,C
1481859140,5739002,B
2112168752,5739002,C
2001523196,5685946,A
2037148237,7330250,A
2781752899,10781427,B
2147855536,10106781,A
2166180482,9750801,B
2166180482,9750801,B
1967305289,7741099,C
2115011447,9750801,C
2115011447,9750801,C
2609504358,10611801,C
2883996007,10307477,C
2083820494,5750826,B
2148965443,8709429,C
2148965443,9796781,C
2148965443,9796781,C
2098013141,9796774,C
2098013141,9796774,C
2343157439,10087257,A
2082195639,8709429,C
271471656,6756074,B
271471656,7094607,A
271471656,6544334,B
271471656,6689218,B
1982230488,5955591,B
3022614654,7468357,B
2148851596,9825229,B
2160986529,9193956,A
2160986529,8663624,B
2770314857,11236402,C
2770314857,10202657,C
2770314857,10214785,C
2770314857,11554180,C
1697173196,9587282,B
1697173196,9458517,B
1697173196,9458517,B
1697173196,9856539,B
1697173196,9856539,B
1697173196,9193956,B
2991119044,11236402,A
2790209766,10774127,C
2741932103,11446274,B
2394531238,11446274,B
2604871987,11446274,B
2101001804,8883722,B
2101001804,8815798,B
2101001804,8853155,B
2101001804,9512195,B
2027681596,6521738,A
2133271843,9512195,A
2805924857,11516976,B
2805051757,11520647,A
2047874325,6377841,B
2493885788,11541027,B
2498713656,11541027,B
2498713656,11446274,B
2092372476,6258576,B
1975297784,6258576,B
1975297784,5991653,B
2117854023,9020581,B
2014827145,5991653,B
2014827145,5842995,B
1989097666,5995143,B
2074600674,8835395,C
2073066575,6497760,B
2077697726,6497760,B
2062964776,6497760,B
2565255014,11065362,B
1987205431,8225224,B
1987205431,7536650,A
1987205431,7624354,C
1987205431,7386801,B
2147153041,10821208,B
2117831197,5665535,C
2073490368,5656423,C
2003110944,8195345,B
2966479207,11515818,B
2905378589,11349306,B
2790176663,11349306,B
2003110944,8346690,A
1991865521,8346690,B
2739002725,11349306,B
1969184911,8346690,B
2070695490,8606424,B
1991865521,8195345,A
1969184911,8195345,A
2128767773,6165486,B
2061453037,9561497,C
2329978809,9561497,C
2462312547,10041179,C
1999749406,9561497,B
2154708555,7127104,A
2748249509,10435803,C
2748249509,10041179,C
1988957628,8772704,B
2089072474,8337704,A
2089072474,8337705,B
2105207493,5584979,B
2005459939,6137033,C
2005459939,6107279,B
2036777425,8405393,C
2007925157,8014280,B
1979226744,7783060,A
1601574074,4870159,B
2053972082,6325989,A
2129542363,6806400,C
2066269968,5895656,B
2001814711,8054145,B
2180077582,6951863,B
2052205246,9467388,A
2921326493,10590343,C
1987600675,8054145,B
2301473971,9909102,B
2301473971,9909102,B
2161218770,9457046,A
2161218770,9457046,B
2058795101,9457046,B
2058795101,9457046,B
2950446764,11530432,B
2868576343,11530432,B
2268588237,10076523,B
2921633127,10231969,C
2268588237,10085992,B
2268588237,10660896,B
2135234627,8687843,B
1971089077,4568474,A
2125618259,8190109,B
2125618259,8774743,A
2114957299,8190109,A
2114957299,8774743,B
1989713033,9349954,C
2060120210,7807275,C
2060120210,9070884,B
1969564104,7151339,C
2086119954,6521624,B
2086119954,6228848,B
2038474849,5952345,B
2038474849,5877207,B
2067145690,6910284,C
2006703840,7928063,B
2549104904,11525161,C
2915065275,11433601,C
2911253589,11433601,C
1508473075,6361755,C
2001483661,7026281,A
2522012222,11407663,C
2418656322,9758392,C
2418656322,9758392,C
2219145232,9758392,C
2219145232,9758392,C
2908429384,10872734,B
2594550393,10872734,C
2565080462,10716491,B
2049348938,4177031,B
2034803205,8562804,A
2405740187,10280196,B
2914813208,10706535,A
1986164469,9260653,B
2913568910,10583188,B
2963349853,10583188,B
2795702285,10137189,C
2795702285,10583188,C
2076235356,9655959,B
1795377508,4883761,B
1987222576,10170756,C
2583727708,10601077,B
2169466313,10170756,C
2319562960,9368832,B
2060623038,10193144,C
2060623038,9553316,C
1976109452,10833321,C
2316602620,10833321,C
2316602620,9478794,C
2317661029,10193144,C
2101900253,7111209,A
2122983144,8347159,A
2806771822,9714981,C
2098730617,8977637,A
2098730617,8983992,A
2156944496,4448885,B
2098154743,5616495,C
1489551586,4448885,B
2098154743,5596071,C
1922120506,4448885,C
1922120506,4467036,C
2098154743,5824792,C
2098154743,5593881,C
2993466291,10214724,C
1897566803,6900313,B
2781764167,9714981,B
2566294401,10501816,B
2566294401,9777340,B
2566294401,9938589,B
2566294401,9938589,B
2047481856,8542898,B
2595193417,11340396,C
1970138333,5698204,B
1523768331,6049017,B
1523768331,5714662,B
2544404447,10561712,A
2063653547,5015797,B
2063653547,5175135,B
2063653547,5004841,B
2124727406,8841495,B
1955502861,9447328,B
1955502861,9447328,B
1543663517,9593282,B
1955502861,9512364,B
1955502861,9512364,B
1955502861,10392566,C
2154850680,4875165,B
2533020825,6518645,C
2081650339,9672303,B
1976709208,4414300,C
2004783782,7473796,A
2004783782,7851432,A
2004783782,8435528,A
2044071145,9487472,B
2072829525,9927336,B
2072829525,9927336,A
1966741326,9927336,B
1966741326,9927336,B
2026852181,6410098,B
1979030077,7553631,B
211810243,4414300,B
2023239745,4414300,B
2007485571,4414300,B
1969555525,4414300,B
2772241248,11532922,B
2075960784,5106728,B
2108876204,7393677,C
1993489667,7393677,C
2028795300,11572475,B
2036568774,4672619,C
2797630570,10590392,B
2800477538,10590392,B
2331679351,6281342,C
2331679351,5338728,C
2006187186,5016976,A
2006187186,5073006,A
2056117405,5016976,A
2056117405,5073006,A
2159559385,5394411,B
2163063930,6133023,B
2902936793,10821557,A
2168774060,5487394,A
1991144128,7499153,A
2059838468,7499153,B
2094068233,8660372,B
1989639353,5282255,B
2106517536,8660372,C
2146407930,7035679,B
2259538963,9370172,B
2554005440,6737652,B
2015249632,7175746,B
2963863198,10735515,B
2347201636,10872072,A
2138163913,6247164,A
2075421878,6247164,A
2075421878,6038392,B
2143600692,10227629,C
1946319015,6038392,B
1946319015,6247164,A
1593347942,6247164,B
2158365390,7922878,C
2057836267,7474919,B
2144699283,7367948,B
1973777816,9829482,B
2013357966,4652599,C
2029291655,4647773,C
1998034272,4652599,C
1967567225,4647773,C
2043015697,4647773,B
148382797,4652599,B
2411664736,4647773,C
2411664736,4652599,C
1991569036,4647773,B
86984964,4652599,C
86984964,4647773,C
2062011042,4520113,B
96679881,4647773,B
96679881,4652599,B
1968873679,4647773,B
2037411475,4652599,C
2037411475,4647773,C
1972477710,4652599,C
1972477710,4647773,C
1999970869,4652599,C
1032707712,4652599,B
1032707712,4647773,B
1999970869,4647773,C
1635492767,7474919,B
2100440546,7474919,B
2894436469,10632454,D
2894436469,10888851,C
2014395129,8748168,C
3025962523,11020617,B
2036444063,8916615,B
2162092180,8968756,A
2077769042,6852496,B
2070662831,9903350,B
2070662831,9784249,B
2524534740,10837130,C
2064020913,5460978,C
1980859452,9283299,A
2341525745,9107909,B
2341525745,11459545,C
2536889111,9107909,B
1518347557,11459545,B
1518347557,9107909,B
2012291168,9675641,B
2012291168,9675641,B
2012291168,10213460,B
2572338194,9107909,B
2589896295,9107909,C
2171485576,9675641,B
2171485576,9675641,B
2171485576,10213460,B
1558353082,6995188,C
2607166254,11107217,A
1971553859,9243347,B
2551167066,6995188,C
2551167066,7619000,C
2551167066,7405314,B
2335430488,4201221,C
2072548133,4692407,A
1488522387,9883817,A
1488522387,9883817,A
2122023472,8852936,A
2122023472,8852936,B
2584249987,11241490,B
2056710036,9738688,C
2166990713,6100386,C
2040407324,7259410,B
1993271272,8598077,B
1993271272,8598077,B
2891197955,10722947,B
2900868464,10722947,A
1967686561,8513209,B
2073950466,6482599,B
2081933256,6482599,A
1875407364,6482599,B
1838133438,9078919,C
1991090476,8513209,B
1991090476,8440636,C
2106391242,9078919,C
2106391242,9072765,C
2106391242,9072765,B
2107696376,8940712,C
2107696376,8940711,D
2107696376,8940713,D
2107696376,9078919,B
2107696376,9072765,C
2107696376,9072765,C
2148751673,9078919,C
2170638853,8940711,C
2170638853,8940713,C
2170638853,9078919,C
2096353934,8513209,C
2096353934,8440636,C
2096353934,9072765,B
2096353934,9072765,B
2170638853,8940712,C
2167650832,8513209,B
2167650832,8440636,B
2167650832,9072765,B
2167650832,9072765,B
2161205200,9078919,C
2061550402,8513209,B
2145244611,9078919,C
2145244611,8940712,C
2145244611,8940711,C
2145244611,8940713,C
2155290141,8513209,C
2155290141,8481507,C
2155290141,9072765,B
2155290141,9072765,B
2066340258,8513209,B
2072190764,9078919,C
2147817343,8940712,C
2147817343,8940711,C
2147817343,8940713,C
2147817343,9078919,B
2147817343,9072765,B
2147817343,9072765,B
2150037286,8513209,C
2163758255,8440636,C
2036917008,9078919,C
2995143136,11527891,B
2965915834,11527891,B
2991637683,11527891,B
3023157659,11527891,C
2113608313,5148235,B
318254061,9193638,A
2332818768,11369895,B
2046404921,5369369,B
2089497555,7622631,B
2335723532,5006466,A
2098176132,9245752,B
2739081837,11207422,B
1970478223,7158299,B
1970478223,7123410,B
2126684172,6641819,C
2166015457,7989630,B
1984302163,5316953,B
1992848324,5316953,B
1979915191,4309307,B
1979915191,4201692,B
2082206004,4201692,B
1538671683,7324899,A
2005019299,8766459,C
2044322577,8766459,B
2044322577,8891334,B
1987085921,9534235,B
1987085921,9534235,B
2000071172,8741386,C
2150061346,8741386,C
2592174800,11305295,C
2564470216,11305295,B
1653960336,7972599,B
2611698472,11524046,B
2566980240,10988542,C
576867606,10196608,C
576867606,10239948,C
2563620968,10196608,C
1839053269,11311575,C
1839053269,10286007,B
1839053269,11304975,B
2035920079,5457281,B
1986372384,5073676,C
1986372384,5457281,C
2887602017,10446875,A
2071273220,6507633,B
2094299358,8902423,B
1978037802,8902423,B
2068298624,8902423,B
2098092211,6507633,A
1971764829,5574799,A
2016661511,4311770,A
2149874894,7694077,B
2044169471,9861288,A
2067858714,6323006,B
2133608050,7925064,B
1551836691,7925064,B
2051124849,8938443,B
2168241534,8192938,B
1994345727,10316348,B
2127983359,10316348,B
2103802304,9650657,C
2293234196,7937175,A
2293234196,8219437,A
2040956161,6186628,C
2025842372,6000799,B
2091870229,5952034,B
2974790801,10934332,B
2981228863,10934332,C
2045103836,6512981,B
1978496948,6512981,A
3013872715,11136777,C
2047355346,10161004,C
2097404994,10457988,C
2122866775,10138520,B
2774747540,4451456,A
2774747540,4464467,C
2164121486,8129171,B
2165796736,8129171,A
2110310129,8508746,A
2039969585,6939957,C
2005298706,8945245,C
2111369506,7803234,B
2172251581,7803234,B
2128838376,7803234,B
1993433575,7803234,B
2148979402,7803234,B
2131501999,9650657,B
2025900438,9650657,B
2080741616,9206446,C
2154833471,9650657,B
156243505,9650657,B
2025162191,9650657,A
1983498508,8389481,A
1983760700,8382671,B
1983760700,8328725,B
3006717849,10358485,B
3006717849,10829547,B
2046490998,6872411,C
2125167217,6872411,B
2124505743,6872411,B
2038763480,6872411,B
2091588152,6872411,C
2093518595,7807275,C
2281742882,5840686,B
1982163464,7629285,B
2073815107,9336439,A
2626531569,10997027,A
2626531569,11449380,C
2148495041,7445776,C
2520476567,6849439,B
1972493504,6849439,B
215020978,6080579,C
2058890319,4334327,A
2097016963,6451611,B
2083485457,4388463,B
2083485457,4390699,B
1605121306,10377699,B
1633631034,9266929,C
1633631034,9249198,C
1633631034,9249198,C
2099050226,9266929,C
2099050226,8524251,C
2099050226,9249198,C
2099050226,9249198,C
2099050226,9249196,C
2076851130,7928192,B
2139532707,7928192,B
2144370704,7714121,B
2281478311,10328142,C
2145591296,9156894,A
2145591296,9468673,A
2124672930,6914131,B
2124672930,6709660,A
2127335580,6709660,C
2127335580,6914131,C
2124672930,7576176,A
1965487319,9579372,C
1965487319,9579372,C
1965487319,9249196,C
1965487319,8524251,C
1965238413,8980286,C
1991305363,7410646,B
1991305363,6713072,B
2137872312,6149919,A
2126266181,10295735,C
1503039552,6819850,C
1503039552,6591050,C
1503039552,6668120,C
1503039552,6763168,B
1594072754,9989540,B
2307170623,10485811,B
97014008,7771715,B
2281022016,8539725,A
1977075829,8539725,B
2058617530,8293204,B
2030369628,5861625,A
2076735034,6095148,B
2144473140,5818722,A
2144473140,5808898,C
2277272100,10188743,C
1955170101,10188743,C
2116102063,8810882,B
1937114605,8158382,B
2163614601,8884100,C
1581435215,7123796,A
2321983703,9180454,A
2099840087,8717663,C
2085903607,4172841,B
2085903607,4115422,B
2085903607,4199322,B
2085903607,4174418,B
2349028850,10234543,B
2349028850,10203405,B
2154758203,8717663,B
2065886934,8282897,A
2086546207,9457101,B
2127422492,9457101,C
1971475481,9820692,A
1970059941,7970521,A
2016753321,8491964,C
2015920096,8491964,C
1964743145,8491964,B
2089992728,8491964,C
2087905179,9533882,C
2087905179,9533882,C
2062764404,9533882,C
2062764404,9533882,C
2062764404,8491964,B
2212267647,9931609,C
1965666728,10954611,B
2131439816,7117029,A
2163955729,7890157,A
2091209961,7890157,B
2062752932,5150292,B
1557903361,6311293,C
1598031569,7747985,A
1598031569,7500149,B
2991647315,10600962,B
2017456381,8824534,A
2174858328,8287610,B
1988772252,6112520,A
2017372759,9077481,C
2131507130,10078080,B
2059353973,9632084,B
2254127261,10078080,C
2144453450,9632084,B
2334268359,9632084,B
1964665419,9632084,B
2087924716,9632084,C
2040426202,9632084,C
2156890290,9632084,C
1963791807,8343527,B
1965301144,9290803,B
1969150026,6214603,B
1969150026,6153415,B
1969150026,6228633,B
1969150026,6242242,B
1969150026,6287828,B
2095668560,8563235,B
1975683424,9171679,B
2016466149,7023220,C
2148945706,6794187,B
2162270041,5298392,A
2161594732,8802633,B
1975064033,8158376,B
2155638586,9512432,A
2155638586,9150870,C
2155638586,10428123,C
2791089002,10646650,B
1532673373,10646650,B
2765882468,10646650,B
2530970943,10646650,C
2593812782,10646650,C
2202491126,10646650,B
2341249150,10646650,B
2513917651,10646650,C
2479902120,10646650,B
2767020223,10646650,B
2787649434,10646650,C
2592341187,10646650,B
2736220543,10646650,B
2790115627,10646650,B
2058384557,8951720,A
2586876324,8743524,A
2157521660,8743524,B
2077184101,9422302,C
1589673699,6113912,B
1589673699,6180110,B
2004772472,6423318,B
1511115005,6180110,B
1511115005,6113912,B
2318047522,9340572,B
2013871630,9340572,B
2034558852,7482150,B
2000318090,9611273,B
2044356727,5036005,B
2044356727,4692432,B
2602317535,10329283,A
2887102096,10214536,A
2073688507,5259761,B
2166946264,5484892,B
2070817013,9441249,B
2058609620,9780256,C
2058609620,9780256,C
2979836687,9523695,B
2979836687,9523695,C
2979836687,9933434,B
2048769668,9441249,C
2339559294,4591561,B
2155793022,7297545,B
2155793022,7531364,B
1636086457,9523695,B
1636086457,9523695,B
1636086457,9217040,B
1636086457,9217040,B
316263636,9523695,B
316263636,9523695,B
316263636,9217040,B
316263636,9217040,B
2511633390,9217040,B
2511633390,9217040,C
1990270711,8114590,B
2153806783,9933434,B
2110288531,8898537,B
2110288531,8898537,A
3003407834,11574492,A
2006712104,8009986,C
2006712104,7751710,C
2177870503,10476625,C
2976948193,10745693,A
2061319625,4820416,B
2112144144,5670173,B
1989138818,9853284,C
1989138818,9853284,C
2134968882,9673452,B
2087849705,5453336,C
2126358662,5302475,A
1862027433,5380667,B
2006888543,6869802,B
2158452104,8778352,C
2158452104,8808705,C
2549269826,10466240,B
2047527961,9376472,B
2047527961,9556239,C
2999846476,10466240,B
2610400677,10086057,C
2610400677,10466240,C
2610400677,10266571,B
2023864999,8778352,C
2023864999,8808705,C
2039501176,7794727,B
2052804112,7794727,B
2102458970,7794727,B
1969461196,5643718,C
1972162034,5774593,B
2098143668,6820240,B
2098143668,6883152,B
2098143668,6779163,B
2074949958,5656610,B
2566494516,10649081,B
2987091146,10649081,B
2900765865,10649081,B
2620801307,10649081,B
2807789988,10649081,B
1985214659,5977062,B
1985214659,5840684,B
2018199151,9080148,B
2037515617,6410249,B
1576682652,8233681,B
2086842428,5910628,B
2406610115,10644832,C
2617955761,10644832,B
2617955761,10470137,B
2510004600,10644832,B
2510004600,10470137,B
2593011071,10470137,B
2741744128,10470137,B
2342644341,10088300,A
2144295484,5568086,B
2021874119,4940781,C
2891584720,10503658,A
2952133143,10793725,B
2952133143,10738199,B
2160470744,5589611,B
2761288994,10670782,C
2761288994,10488651,A
2582207716,10670782,C
2560045771,10670782,A
2624146859,10670782,A
2886728826,10488651,C
2886728826,10690809,C
2519618251,10488651,C
2519618251,9995859,C
2519618251,9995859,C
2519618251,10670782,B
2608855147,10670782,C
2964016861,10670782,C
2964016861,10488651,C
2484101203,10267957,C
2484101203,10488651,C
2484101203,10670782,C
2697735281,10670782,C
2697735281,11450970,B
2697735281,10488651,C
2316306375,9099652,C
2316306375,9099652,C
2326529942,10141531,C
2326529942,9099652,C
2326529942,9099652,C
2012486787,9847487,C
1991163797,9099652,B
1991163797,9099652,B
1991163797,9847487,C
1991163797,10297775,C
2057778899,9847487,C
2769345133,11596346,C
2901532372,11298407,B
2787618013,11107181,B
2125663341,6043664,B
2125663341,6236227,B
2108294102,9702083,C
2108294102,9702083,C
2023791612,9410996,C
2115712706,9410996,C
2110992605,5780433,B
2110992605,5929034,B
2110992605,5922679,B
2133411387,7238513,B
2079807285,7238513,B
2030309070,6855805,C
2073241503,9069766,A
2049998661,6077934,B
160751874,5870697,A
1500727155,5314808,B
2082582593,7075058,B
1520347799,8894918,B
2023935051,5764059,A
279948739,9676667,B
279948739,9676667,A
2042856903,6238859,C
1997339223,6831089,C
2224158477,4459852,B
961997723,5840028,B
2037543438,6096779,A
2169357564,5591626,B
2119743791,4459852,B
2979321236,10714688,B
2770951799,10950794,B
2945400692,10714688,B
2153890768,5840028,B
2077368217,5840028,B
2160441948,4459852,B
2043948402,5840028,C
2066554966,4459852,B
1968819105,5840028,B
2223009937,4459852,A
2059158531,4459852,B
1963599662,8811726,B
1981765087,7689035,A
1528225701,5728320,B
2149327466,7872473,B
1979198612,10509386,B
2141178877,7989170,B
2178840872,7144871,B
2178840872,7157440,B
2178840872,7163928,B
2178840872,7056924,B
1997414698,5672349,C
1997414698,5632992,C
2111631238,7157440,B
2111631238,7300923,B
2111631238,7163928,B
2059949924,8658168,B
2012865646,8323665,A
1983558705,4167640,D
1983558705,4252722,B
1595715691,7543565,B
1985389727,7543565,B
1971855831,5886808,A
2110171923,8815118,C
2140476178,9821294,C
1999116645,9821294,B
2146231237,7910308,C
2114421447,6668308,A
2057916765,8912299,C
1989015932,8273871,B
2045143407,9784840,A
2045143407,9784840,B
1992760934,7309705,B
1992760934,7514442,B
1992760934,7468372,B
1992760934,7807683,B
1992760934,7511049,B
1992760934,7470695,B
2070149263,7074413,C
2065989673,7074413,C
2065989673,7223584,C
2069485800,6826321,B
2069485800,6826321,B
1984954832,6826321,B
1984954832,6826321,B
2028978953,RE41693,C
2017883458,RE41693,C
2076048496,RE41693,C
2944126549,10297699,B
2944126549,10062794,B
1758332996,9960571,C
2351798013,9960571,B
2141873191,7067303,A
2025494727,RE41693,C
2003096681,6826321,C
2003096681,6826321,C
2087268571,6826321,B
2087268571,6826321,B
1985798511,RE41693,C
2093814787,5286474,A
2228289255,6826321,B
2228289255,6826321,B
1970192911,9350969,B
1970192911,9350969,B
1970192911,9380286,B
2074943850,9739718,A
1984078805,8798111,B
2226655776,10307493,B
2312937155,9334496,A
779694708,10307493,B
1970297928,6264939,B
1624483887,6479178,B
1566541814,5783295,B
2094723572,9916311,B
2029313970,7157440,B
2029313970,7163928,A
2029313970,6946449,B
2019408623,8142832,B
2625503181,10874751,B
1971052330,9895312,B
1971052330,9895312,B
2074955302,6320007,C
2074955302,5498679,C
2105946235,11541149,C
2557199690,11541149,C
1770534481,9493539,C
1770534481,8198401,C
2329099578,9260311,A
2329099578,9260311,B
2126997954,6048488,B
2028632396,5919861,C
2009265378,8728486,B
2005012808,8728486,B
2169700027,8728486,B
2162894580,7304359,B
2068213806,7304359,B
2085712538,7304359,B
1995789901,7304359,B
2075925058,7304359,B
2617188986,10550413,B
2172025331,5618692,B
2201693747,10918713,C
2057384526,10918713,C
2803164878,10363286,B
1969543811,8883967,B
2053551391,9439863,C
2119877328,6775346,C
2119877328,6574298,C
2101640086,6574298,A
2139445677,8130898,B
2078692126,6343108,A
2033335001,7378506,B
2033335001,6639050,B
2895604253,11103560,B
2063696976,7319324,B
2029455742,6690699,B
2328606737,6563852,C
1679277575,6137817,C
2070777408,9799435,C
2070777408,9799435,C
2023603045,9799435,A
2023603045,9799435,B
2075282890,5901168,C
2118933839,9717470,C
2118933839,9717470,C
2139824815,5901168,C
2145518692,5901168,C
2009864061,6501783,B
2050802497,5901168,A
2325270429,6836499,C
2112368741,5901168,B
2169709126,5936989,B
2169709126,6137817,B
2169709126,6301282,C
2169709126,6055257,B
2031953014,5901168,C
2020669592,5901168,B
2039273383,6218186,A
2000346707,8835136,B
1964030229,8470849,C
1964030229,8470849,C
1964030229,8546575,C
1968893064,5929450,A
1992746005,7630417,B
1992746005,7440651,C
2056489164,7801189,C
2056489164,7440651,C
2056489164,7184624,C
2056489164,7630417,B
1967611186,8331008,B
1967611186,8498539,B
1967611186,8417076,B
2543414444,6943934,C
2543414444,6987914,B
2543414444,6922497,B
2055319781,7050212,A
2024245376,7630417,C
2024245376,7440651,B
1977310858,8159736,B
1977310858,8417076,C
2026269540,7630417,C
2026269540,7184624,A
2164771366,7440651,C
2164771366,7630417,B
2164771366,6943934,B
2115867155,7630417,B
2115867155,7043117,C
2115867155,6922497,C
2115867155,7092591,C
2115867155,7050212,C
2115867155,6943934,C
1963885791,6943934,A
1963885791,7043117,B
2122174769,7440651,C
2035589767,8102597,B
2171570712,7184624,B
2155515208,7050212,B
1821868867,7630417,B
1821868867,7184624,C
1821868867,7440651,B
1821868867,7515786,C
2171524198,8452139,B
2171524198,8417076,A
2171524198,8159736,A
1982198194,8831056,C
2068361247,7024069,A
2068361247,6987914,B
1981078103,7043117,C
1981078103,6943934,C
2165965740,7801189,B
2105223453,8015364,C
2105223453,7603524,B
1972313109,8135917,A
1972313109,8015364,C
1972313109,8103836,B
1969742392,7024069,C
2045727867,6943934,B
2163795750,7092591,B
2163795750,6987914,B
2093794684,7092591,B
2065241394,7092591,B
2065241394,7050212,B
2065241394,6943934,C
2093794684,7440651,C
2000725329,7440651,C
2000725329,7050212,C
2000725329,6943934,C
2000725329,7043117,C
2000725329,7630417,C
2077338987,7440651,B
1963593455,7092591,B
1963593455,6987914,B
1963593455,7043117,B
1963593455,7050212,C
1963593455,6943934,B
2050552123,7630417,C
2050552123,6943934,C
2170465220,8102597,C
2152527517,8331008,B
2152527517,8417076,B
2315364360,8331008,C
1972190319,7043117,B
1972190319,6943934,B
1972190319,7630417,B
2315364360,7801189,C
2095608604,6987914,C
2095608604,6922497,C
2095608604,7092591,B
2315364360,8159736,C
2315364360,8094359,C
2315364360,8102597,C
2315364360,8514400,C
2095608604,7050212,B
2095608604,6943934,C
2042154039,7184624,B
2042154039,7440651,C
2042154039,7515786,B
2042154039,7630417,B
2126576901,6987914,B
2038011305,6987914,B
2038011305,7043117,B
2038011305,6922497,B
2038011305,7092591,B
2038011305,7050212,B
2038011305,6943934,C
1995244254,7184624,A
1995244254,7630417,C
2037488157,7092591,B
2026483747,8865107,A
1967457362,9201075,B
2153600047,9173897,C
2153600047,9173897,C
2944109920,11121643,C
2944109920,11159095,C
2891686632,11399773,B
2533061357,11399773,A
2064199326,4128895,A
2326822579,9770710,B
2326822579,9770710,B
2114123207,11576958,B
2066520169,11576958,B
2132661593,6317716,A
2336411633,10220520,B
1973950074,8609335,B
1555106216,6018106,B
1971662692,9581627,B
1978577946,8735844,B
2008331211,9613454,A
2176724927,5825033,B
2792268218,11240264,B
2582335358,10538762,C
2131718572,8222221,B
2561091956,10538762,B
2914503191,11512312,B
2616595309,11053520,C
2063774402,5024944,B
1554912201,6541197,B
155385898,6541197,A
2164035751,11149092,B
2164035751,9637554,B
1943920605,8513212,A
2164607765,6208415,A
1998909619,6937690,B
1487181014,6928137,B
1487181014,6859512,C
1487181014,7058156,C
1487181014,6658081,C
2057971347,6859512,A
2057971347,6658081,A
1970941322,6459756,C
2069931754,7020234,B
2069931754,7184513,B
2076121816,7184513,C
2141210273,6859512,C
2141210273,6459756,C
2141210273,6658081,A
2138959031,5352664,B
2023590615,6376683,C
1997783176,6376683,C
1987366484,6376683,C
2019634690,6376683,D
2016723478,6184436,B
2047577090,6208415,A
2051693477,6208415,A
1974678045,6208415,B
1488264746,6208415,A
2950404972,7544819,B
2155651525,7544819,B
2132185707,7544819,B
2005183684,9534024,B
2005183684,9534024,B
2282837351,9988679,B
2282837351,9988679,B
1900410603,10517564,B
2062214806,6509515,C
2062214806,5877399,C
2035656589,7732174,C
1532916803,7732174,B
3028507370,7732174,B
2055829018,8785850,A
1974174613,5728519,B
2940415435,10940190,C
1967732566,6753460,B
2097615165,10419309,A
2162956862,7620781,A
2592039021,10548516,A
2429784546,10005683,B
2768537053,10005683,B
2344131079,10005683,B
2211839632,11266713,C
2621755174,11339192,B
2035919196,9260484,B
623581423,8192762,C
2088332407,8192762,C
1990348946,8192762,C
1987343639,8192762,C
1490071199,8192762,C
2041062050,8192762,C
2193600641,9611323,B
2127447144,8192762,B
1578196192,6224841,B
2068506090,9486179,A
2139745620,6737431,A
2120542466,6737431,B
1974084948,5667968,B
2137901878,10535791,B
2006312779,10535791,A
2401806113,9804121,B
2038823110,9348194,B
2058885882,9348194,B
2321416805,9842678,B
2130551211,7993581,B
2135854427,9683014,B
2039512308,6464980,B
2048402798,7363070,C
2048402798,7400984,C
2085498075,7363070,A
2170566808,6815949,B
1991702470,8246554,B
2150403603,7400984,C
2150403603,7363070,B
2120195575,7363070,C
2120195575,7400984,C
2165621729,6230037,B
2165621729,6275719,B
2165621729,6269262,B
2165621729,6424853,B
2017515465,8137624,B
2017515465,8137624,B
2060767987,9604077,B
2089806347,5364795,B
2086536577,5364795,B
2082285763,9183743,B
2082285763,9183743,B
2403971326,7345025,B
2008114008,5798349,B
1995708251,9492432,B
2060672234,10149884,B
2907054938,11064704,B
73934641,5355415,A
58347034,5355415,B
58347034,5241602,B
2149958866,5355415,B
121960439,5355415,C
121960439,5245661,B
1004313136,5355415,B
2214558551,5245661,B
936781193,5355415,B
936781193,5245661,B
2214558551,5355415,B
1982999645,7595974,B
228585438,9802986,B
2048523260,5673332,C
2004037047,5673332,C
2042973012,5598481,C
2042973012,5740268,C
2042973012,5666434,C
2172182746,5598481,C
2172182746,5740268,C
2172182746,5666434,C
2172182746,5673332,C
2054587994,5537485,B
2054587994,5598481,B
2054587994,5740268,B
2054587994,5666434,B
2074921287,5500027,A
1531431054,8153773,B
2140020354,5370854,C
2140020354,5607297,C
2050257678,10302528,B
1966532844,7888293,A
2088583975,6814951,B
2056502213,5939535,B
2056502213,6814951,B
2554563004,8486408,B
2767047767,11185275,B
1695993780,10718766,D
1979318985,9633716,C
1979318985,9633716,C
2602959962,10189081,B
2288831938,5998995,A
164507313,10068137,B
1966433750,6463560,B
2021645550,6256759,A
2076731097,6463560,A
2132643097,5144127,A
2530274179,9963466,B
2530274179,9963466,B
2085952434,6236946,B
2071881812,5294548,A
2117082523,10034936,C
2005098849,6870043,B
2752074361,10900086,B
2014644048,6800754,A
2164152475,7113534,B
2106838138,7113534,B
2031346058,7113534,B
2133606050,7113534,A
1937945296,7113534,B
2032775687,7113534,B
2032025564,7113534,B
2055571197,8557533,C
2009785990,6110720,A
2009785990,6114158,C
2034054031,9475013,C
2000010941,9475013,C
2000010941,11389800,C
2152904553,9475013,C
2150225976,7792665,C
2291301497,9972970,B
2054396378,8668873,B
2592667291,10522169,B
2005851398,10287527,C
2055027013,5946490,B
2789905761,11048144,B
2018819181,5946490,A
2009365586,5523398,B
2007620418,5328603,B
2893829716,11344494,B
2136452109,8951720,C
2149027195,8871453,B
2889900870,10880573,A
2889900870,10284869,A
2508150480,10880573,A
2280746552,9851367,A
2762725046,10215767,B
2119514430,6970841,B
2095058273,9784730,C
2074218748,9784730,C
1963664144,9784730,C
2046223220,9784730,C
2073482144,5102825,A
2043197411,5102825,A
2043197411,5048038,A
2122551329,8687665,A
2158959588,6504859,B
2724214840,10690813,C
2724214840,10436951,A
2724214840,10663626,B
2154769541,5083102,A
2032172835,5083102,A
2951731736,4978513,B
2115523032,6448721,A
2014346624,4916109,B
1987461400,4727202,B
2071767934,4978513,C
2071767934,4916109,C
2112592916,7364735,B
2294987679,9503197,B
2159560384,5475497,A
2301833093,10462897,B
2161499793,9170267,A
121454813,3948726,C
2007577061,5208332,A
2007577061,5110725,A
2071907933,5178156,C
2085973920,5379116,C
2039816259,5488616,B
2027210853,7270413,C
146726056,7270413,C
2035033734,7270413,C
1985125372,7270413,C
1991954284,7270413,C
2076980732,8860336,B
1977195053,7270413,C
2084434126,7270413,C
2323323464,10711054,B
2699304428,10258238,B
1971345883,8201206,B
1971345883,8464303,B
2080147734,9441013,B
2043977465,7041819,B
1968327585,5591422,C
2123702593,10406167,B
2002903844,6548530,B
2033822988,6462054,B
2014765548,6060608,B
2950321002,6548530,C
2471441673,10975101,B
2912987095,10934326,C
2616460988,10975101,C
2750926532,10975101,B
2608736098,10577395,B
1971145302,8414883,B
2052117587,10227609,C
2746675113,10359272,C
2049948571,9791258,A
1964345983,8524739,B
2038964184,9493420,A
2038964184,9493420,A
2136621688,5886115,B
1991853891,5886115,B
2027651389,5886115,B
1971128731,4584356,A
2220950933,5886115,B
2795645133,10964061,B
1999213324,5247044,A
2086637807,5468390,B
2041621649,5468390,B
2034884269,5886115,B
2007878086,4609622,B
2088575436,4609622,B
2053149611,4609622,B
2325852107,9828338,A
2325852107,9908848,A
1571806676,9305271,B
1547293893,8423952,B
1547293893,9305271,B
2016052380,8290011,B
2016052380,8385378,B
1984078805,8385378,C
2086456342,8399689,B
2029615997,6787520,B
2022797440,8385378,B
2022797440,8290011,B
2018812795,8385378,C
2091665417,8385378,B
2091665417,8290011,B
2090551116,8385378,C
2029087727,8290011,B
2029087727,8385378,C
1983970327,8385378,B
2964804295,10859653,C
1810878070,6277587,C
2092191563,9528921,C
2131889188,8396256,B
2101339876,5041078,B
1992728055,5369101,B
1992728055,5587463,B
1992728055,5457195,C
1992728055,5525325,B
2949523646,11613754,A
2000958164,5258528,B
2000958164,5344940,B
2049618413,6825199,D
2109763923,8133902,B
1990201691,5273884,C
2055593331,9345249,B
2950018929,7635712,C
2175936755,7176232,B
2175936755,7635712,B
2023631764,4910781,B
2023631764,4899385,A
2096701258,5233629,A
2590705377,PP17063,C
2590705377,PP17139,C
2146535061,5734739,C
2129900172,5734739,B
1597322308,7058445,A
2170780622,10223634,C
1983603240,5786181,A
1983603240,5801032,A
2793976579,11135337,B
1990683932,7504465,A
2063409412,7420025,A
2106458666,6521799,B
2086328954,8986708,B
2086328954,7759106,C
2011374671,7759106,C
2148241054,4957725,B
2951851023,10223634,C
2770306141,10779746,A
2295153243,10463249,C
2123074775,5581468,C
2897006955,4486301,C
2415223489,9809620,A
2415223489,9809620,B
2043662171,9765445,B
2071914942,6090312,B
2102354469,10982287,A
2168291171,9717270,B
2897928030,11312770,C
2800094547,10626423,B
1797694255,9499558,B
1797694255,9499558,B
2165009865,9499558,A
2165009865,9499558,B
2177415592,9499558,B
2177415592,9499558,B
2074321491,9499558,B
2074321491,9499558,C
2116448156,9190827,A
2024345725,9190827,A
1978440870,5538883,B
1983625008,6294360,D
2022747708,5824521,B
1985579908,5759610,B
1985579908,6294360,B
1985579908,5538883,B
1985579908,5714368,C
2022076533,6204377,B
2037760587,5538883,B
2037760587,5759610,B
2037760587,5747300,B
2039648381,9012154,C
2023682375,9012154,B
2015371417,9012154,C
2092536645,9012154,C
1988351744,9012154,C
1970181106,5830860,B
1970181106,5786324,B
2126952306,5830860,B
1866526818,5830860,B
2112023046,10711272,B
2783142245,7951374,B
2137717291,6181909,B
2015351588,4721775,A
2060738084,8547177,B
2081365063,7009045,B
2914299250,10202651,B
2127011486,8889706,B
2067168610,8889706,C
2950214751,9725398,D
2791916762,10421704,C
2950956587,9725398,C
2950956587,10370314,D
2952808235,9725398,C
2740356708,10550060,C
2740356708,10589263,A
2949308872,9725398,C
2139647145,9681389,B
2784025535,10860837,B
2974483257,10889556,A
2059881383,4812983,B
2007543463,4812983,A
2007543463,4703424,A
1979407792,6567454,B
1979407792,6608846,A
1989407455,9276382,C
2114190399,6567454,A
1581137919,6567454,B
1581137919,6608846,B
2061464257,8173662,B
2061464257,8853224,B
2061464257,8383636,C
2152165550,9777300,C
2155639255,9777300,C
1970074837,6143565,B
2060099216,6913917,A
2049322739,8735398,A
2784160852,9424458,B
2784160852,9785823,B
2020422470,4873245,B
2020422470,5047532,A
1970513170,5801222,A
1970513170,5646246,C
1970513170,5519050,C
1264065055,5554725,B
2139324530,5328929,B
2083025339,4611066,B
2135369160,6620911,A
1501791493,6064332,B
2006630656,8057672,B
1893562007,6620402,C
2953278064,6620402,C
2177196715,4495636,B
2990941568,10842974,B
1553831479,5635617,B
2043863155,8563511,B
1976077780,5017558,A
2031163844,9173949,C
2084689208,9173949,B
2085647517,9173949,C
2139687881,9173949,C
1985284841,9173949,B
2042183771,10214572,C
1975912043,7935257,B
1975912043,7790031,B
1975912043,7658849,B
2014221169,9925223,B
2110575505,7779326,B
2161290246,8020082,C
2110575505,7653867,B
2148874328,7779326,B
2544722197,7653867,B
2544722197,7779326,B
2007830916,9789213,B
2567058303,10097412,B
2567058303,10708131,B
2402504795,10057119,B
2069939467,6790330,B
2058921223,6029114,C
2877404441,5426194,A
2877404441,5352804,B
2006698734,5554725,C
1490063475,4560774,B
1490063475,4833257,C
1963581441,5554725,C
2060971151,5393897,B
2060971151,5328929,B
2060971151,5436400,C
2036649951,5824206,B
1998224755,5138036,B
1998224755,4986988,C
1998224755,4879278,C
2063599779,7223747,A
2068040039,5328929,B
2068040039,5393897,B
2068040039,5352804,C
2068040039,5436400,C
2008275497,5328929,B
2008275497,5393897,B
2008275497,5430053,C
2170733441,8470578,B
2766876510,10989730,B
2925655709,10794861,B
2925655709,10408792,B
2328041811,10241079,C
2185201235,9822355,B
2795328021,11542493,C
2157908534,9765327,A
2740008766,10293878,A
2022522163,5110735,B
2045470374,8187601,C
2138675659,6074817,A
2587584464,10208069,C
2151421360,10208069,B
2024646750,10208069,B
2077929660,7543496,C
2077929660,7543496,B
2305781174,10085702,A
1552651975,8586396,B
1552651975,8586396,B
1974771871,11135222,B
2991057655,11522115,A
2019805334,8226955,B
3021073929,11522115,C
2039564783,7337700,C
2937242907,11522115,C
2170816117,8837039,C
2012700930,8197819,C
2018364769,4633881,A
2090218116,5866316,C
1967902291,5866316,B
2039158708,9546308,A
2039158708,9546308,A
2039450143,7951882,A
2039450143,7915192,B
2039450143,8053529,B
2039450143,7981992,B
2063775661,5931779,B
2126468996,7053205,B
2078325467,6421363,B
2810067024,11260116,B
2083045236,4917465,A
1966024218,5747294,C
2028894470,5747294,B
2161366931,5747294,B
2161366931,5656451,C
2066201640,8227229,A
2066201640,8748143,C
2066201640,7977078,A
2045238061,9287028,C
2178761095,10302727,B
2024559117,10302727,C
2484015479,9766889,A
2484015479,10534724,C
2161254021,8017387,B
2103761010,9308228,C
2088887123,7553668,B
2071484066,9050283,C
2147777358,9050283,A
2006329774,7700395,B
2892878319,11230626,C
1516788544,10765376,B
2070313282,5512999,C
2034652809,7928292,B
2081998222,6194153,B
1985816664,6194153,B
2150316564,5534438,C
1998466698,5534438,B
2037356334,7446240,C
2011042836,9369160,B
2977570393,11612330,A
2118343051,8089047,B
2332547445,11232319,B
2225435795,11232319,B
2140110358,11232319,B
2087835853,11232319,B
2282928421,11232319,B
2326606904,11232319,B
1965792318,11232319,B
2048749603,8270696,A
1990362386,8713125,B
2520153934,9136925,B
2090616284,9376452,B
1068061363,9376452,B
2087271346,9971063,C
2019246510,10004811,B
2039094176,10093947,C
2054871560,10004811,B
2607617232,11001945,B
2018888688,7257437,B
2888293543,10590241,A
2014927326,6468960,B
1999736110,4891152,B
1649199697,9656066,B
2031285687,6022500,B
1966626107,8988274,B
2067147929,6846578,B
1888349488,8437890,A
2024247889,5726113,B
2024247889,5834391,A
2089362723,9008272,C
2991278800,11565235,B
1985574396,8437890,B
18931858,8437890,A
1547506780,6097131,B
1547506780,6054794,B
2189352345,10128631,B
1985828212,8778167,A
2041273833,7671032,B
2612455234,10128631,C
1553850655,6162462,B
2784297700,10532130,A
2980939414,10676357,B
2156886862,6015440,B
1876763706,6111477,C
2763915181,11302855,B
2740211153,10183732,B
2116520220,10023620,B
2017140244,9139629,B
2017140244,9139629,B
2017140244,10023620,A
2292139950,10151498,A
2144142927,10183066,C
2237269330,10183066,B
2237269330,10213501,B
2044368609,10183066,B
2044368609,10131697,B
2044368609,10213501,B
2098283089,10183066,B
2098283089,10131697,B
2098283089,10213501,C
2187138231,10213501,C
2126194227,10183066,B
2126194227,10213501,C
2187138231,10183066,C
2341310898,10183066,C
2341310898,10213501,C
2562763112,10179133,D
2562763112,9795606,C
2562763112,9795606,C
2519090765,9795606,B
2519090765,9795606,B
1968731665,8509407,C
1981806301,5572487,A
2095553197,5824538,B
2811425679,11448820,B
1577637935,5985941,B
1577637935,6103216,B
1556513228,6738691,C
2005027013,5985941,B
2005027013,6103216,A
2005027013,6126946,A
2005027013,6645463,C
2756939951,11039753,B
2756939951,11039754,B
2011886676,6772415,B
2415341105,11518768,B
2338859826,4217288,C
2080566701,4719205,C
2080566701,4689180,C
2075429850,4195027,A
2075429850,4202829,B
1998332831,9476090,B
2169153968,9476090,A
2057136549,4297289,A
2874171649,11116412,B
2167185739,6969583,B
1984173788,6610471,B
2917972940,11566233,A
2971842067,11312780,B
2006899558,6586025,B
2024359623,5693490,B
2039906199,6916115,A
2552482039,10535159,C
2587438671,10806746,B
2042936254,11261210,B
2042936254,10806746,C
2495494314,10806746,B
2012324202,9675820,B
2057597647,9669203,B
1975787027,6090250,B
2040936557,9912325,B
2050330128,4305130,B
2050330128,4402053,B
2162377695,7316543,B
2162377695,7185697,B
2162377695,7131486,B
2162377695,6991024,B
2095021917,6443092,B
2036153008,7001608,B
1992409865,7001608,B
2101316199,6818748,C
2101316199,7527796,C
2101316199,7622111,A
2101316199,7309566,C
1991010699,7309566,C
2000925116,7527796,B
2000925116,7309566,A
1987659998,7309566,B
2576475417,8551485,C
2897928030,10550185,C
2897928030,10981992,C
2897928030,11584794,C
2066697990,6528797,A
2414968615,9777122,B
2414968615,9777122,B
2890552332,10915522,A
2035393482,8862450,B
2048804570,6598204,A
2048804570,6760879,A
97966309,8197825,B
2129586911,8197825,B
1988504159,8488528,B
1999892864,7968158,B
2091285985,7968158,B
2049428880,10214001,B
2469784314,9552070,C
2279347836,6855335,B
2017374942,8765692,B
2743378682,11106111,C
2088325873,8404829,B
1991331522,5366874,B
2283060191,10158153,A
2614772795,10160799,C
2764207785,10176824,C
2588085486,10176824,B
2898091943,11098106,B
2898091943,10745469,C
2909359045,11098106,B
2909359045,10745469,C
2113864883,9183396,B
2004062881,8895746,B
1979880713,8895746,B
1979880713,8586749,B
2062360007,8586749,B
2061273285,9956300,B
2041028267,9379162,B
2149812061,5843781,B
2944562498,10502742,C
2912049997,11184109,A
2029613692,5017497,A
2012478287,10376715,B
2030363892,7291690,B
2411452101,7370969,A
2752849906,10268232,A
2752849906,10768659,A
1978985423,8629398,B
2084423431,9012405,B
2103839920,7519487,B
2165987654,7519487,B
2107447022,7519487,B
2150289924,7519487,B
2153574867,6167398,B
2136787849,7349542,B
2006029230,8070679,B
2006475301,8070679,B
2115069861,8559535,B
2115069861,8364075,B
2061180806,8606831,A
2089329397,8606831,A
2064540034,8606831,B
2165093755,8606831,A
1970400554,9581080,A
1970400554,9562484,B
1970400554,9562484,B
1998894743,9765621,B
1998894743,9581080,B
1998894743,9562484,A
1998894743,9562484,A
2019161971,6178749,B
2111520457,9581080,B
2111520457,9562484,B
2111520457,9562484,B
2136349279,9581080,B
2136349279,9562484,B
2136349279,9562484,B
2136349279,9989001,B
2007852675,8260440,B
2039691825,9643846,A
2113426342,7232565,B
2070480693,4665052,C
2126626789,7587707,B
2126626789,7587707,B
2055176966,8160063,A
2055176966,9497039,A
1833290307,8936791,C
2255491979,10528580,B
2031078585,5087719,A
1805631389,9761004,B
2144984676,9994998,B
2144984676,9994998,B
2746949125,10298058,B
2791700339,10864507,B
2407504091,5061632,B
2751297798,10175255,C
2892840122,10377796,B
2892840122,11161875,B
2095308127,6517995,B
2730883307,10175255,B
2093109822,10376715,B
2127668516,10376715,B
1985192393,10376715,B
1652176319,5619256,A
2088703875,10376715,B
1652176319,5612735,B
2071925218,5612735,B
2071925218,5619256,A
2004875888,5447520,A
2966999904,10798317,B
2047780729,8226962,B
2098048183,6768554,C
2098048183,6621579,C
2098048183,6693715,A
1965832879,7132219,B
1981536193,10035871,B
2105307843,9741975,A
2060061159,9328158,A
2155534998,9895443,C
2155534998,9895443,C
2564487662,10709818,C
2564487662,10426735,C
2564487662,10729818,C
2316031239,9994615,C
2316031239,9339529,A
1980796703,9024631,B
2983388836,10761397,A
2159584298,9994615,B
2052478070,7427394,B
2159584298,9339529,B
2431286612,10463750,C
2169609116,6448071,B
2169609116,6268411,B
2169609116,7973137,B
2169609116,6015884,B
2109464990,6448071,B
2167420348,7973137,B
2167420348,6015884,A
2015630362,6734013,A
2152119053,10435668,B
2025771456,6077665,B
2042753427,5288887,B
2414934098,6448071,B
2079340368,8175814,B
2079340368,7725267,A
2607308150,11117808,C
2010014786,5209929,C
2040029619,5422428,B
2040029619,5209929,A
2043913134,7928134,B
2167169241,9025673,A
1486797900,8948266,A
1486797900,8948266,B
2156619692,5209929,C
2156619692,5422428,C
98579728,9619590,A
2128546427,8946506,C
3021356643,8142984,A
2005321012,6359174,B
2005321012,6552226,B
2225320923,10975355,C
2225320923,11332716,C
2079040414,8978535,B
2015351588,4642332,C
2015351588,4656247,C
2477451356,10613478,B
2006075376,8986469,C
2090916142,8986469,C
2025025474,8986469,B
2044121220,9757410,B
2805760082,11033887,C
2805760082,10449526,C
2066045315,9300107,B
2699304428,10401141,B
2973771845,11566261,C
3004644154,11566261,C
2895125769,10425106,B
2148051874,5973015,C
2020419538,9241920,A
2730973064,11041925,C
2730973064,10345407,C
2730973064,10788556,A
2730973064,11092659,C
2967635551,11092659,C
2041196375,5300432,A
2035045655,5338660,B
2273962363,9580508,B
2024746556,9017263,A
2344169916,10401141,B
2038653910,8616044,B
1724398537,8616044,A
2061328758,8616044,A
2115874911,8616044,B
2074084457,8616044,A
2040661649,8616044,A
1988063409,9051597,C
2049507467,7323890,B
1997709220,8170422,C
2038605225,7957653,B
2038605225,7936996,C
2038605225,7957652,C
2038605225,7991298,C
2070974852,9198914,B
1567963271,5641755,C
2078882642,4120697,B
1493172229,5965135,C
1991302498,7794998,B
1991302498,8541221,B
2029303511,5622920,C
2137854079,7944390,B
2110964282,7944390,A
2157405388,7944390,A
2125001275,7944390,C
2134763973,7786855,A
2997908919,11154619,A
1994487421,8999916,B
2318391720,6165318,A
2112357477,7439764,B
2165780274,7439764,A
2124419647,7439764,B
2046990585,5843434,A
1992669870,8735136,A
2543509410,10730803,B
2526096961,10484684,B
2567300573,10477212,C
2567300573,10659790,B
2526096961,10477212,C
2526096961,10542289,B
2613538410,10477212,C
2543584377,10730803,B
2592274363,10730803,B
2532995175,10730803,B
2495996811,10730803,B
2549866066,10730803,C
2737249608,10730803,B
2530181669,10730803,A
2571874010,10730803,B
2605882163,10730803,B
2116582554,8193485,B
1981536086,8193485,B
2077130746,5591841,B
1971615081,9939376,B
1971615081,9939376,B
2089238781,9939376,B
2089238781,9939376,B
2261688117,10501734,B
2680872476,10968163,B
2077308534,4283935,A
2515129893,10660861,B
205707593,3955564,B
2069160034,10266949,A
1964001460,6311558,B
2009705098,8641704,B
2079362881,8450084,A
2575091186,9791396,B
2346022505,9791396,C
2547343335,9791396,B
2087364029,9791396,C
2133711597,9270446,B
1974615246,5759375,B
1987671596,6630457,A
2020354541,6656470,C
2047169908,5674495,A
2061078754,9597500,B
2398235143,10844125,C
2398235143,9845358,C
2398235143,9845358,C
2398235143,10894832,C
2398235143,10851167,C
2123972874,7067020,A
2016096734,4964927,B
2091323631,7067020,A
2052179751,4964927,A
2080100235,5728534,C
2809610719,11214642,B
2083767230,6814951,B
2063275791,6814951,B
1963616437,6814951,B
2089665419,10730991,A
2097338985,10786261,B
2272445525,9720599,B
2024074584,8458556,C
1984901713,5571698,C
1984901713,5403484,C
2108388807,7848559,A
2551771496,8359345,B
2157372540,7605670,C
1985314545,8359345,B
1985314545,8110805,A
2544353712,8359345,B
2153008052,8359345,A
2153008052,8110805,B
2060736726,9968714,B
2001419512,9683891,A
1994950699,6205200,B
2124518654,6887694,B
2021512744,8277878,B
2079914633,8277878,C
2079914633,8105509,C
2151404197,8277878,B
2151404197,8105509,C
2133031219,7844162,C
2133031219,7891215,C
2133031219,7693388,C
2133031219,7693388,C
1970330735,5779757,B
2012660513,7844162,C
1968994571,9857295,A
1970002347,7693388,B
1970002347,7693388,C
2005701083,8277878,C
2089979349,7693388,C
2089979349,7693388,C
2135833661,6506169,B
2079068975,6368601,B
2079068975,6660272,C
2148748484,6391314,B
2063366649,7018823,A
2063366649,7419813,A
2552477416,11364011,C
1977434985,7952273,C
2473931607,10467791,A
2757349352,10765352,B
2757349352,10825569,B
2039033662,8885905,C
1969004141,8885905,C
2044468636,8885905,C
1998650897,8885905,A
2038279598,8885905,C
2090372575,8885905,C
2068094209,8885905,C
2004205548,8885905,C
2124143512,8885905,C
1974514841,8885905,C
2091000833,8885905,C
2088710799,5811269,A
1947596260,5593867,B
2047658079,5958700,B
2047658079,6261784,C
2047658079,6130047,C
2088710799,5561044,A
2088710799,5470723,A
1982356910,7254564,B
2013565590,7254564,B
2060974142,5659121,A
2417402543,10166210,B
1989424720,8571224,C
2598249858,10186024,B
2598249858,10635909,B
2085643669,6335149,C
2113928692,6335149,B
2132031397,6335149,B
1974183116,6335149,B
1979416105,6335149,B
2068391276,7838571,C
1996827135,7838571,C
2138270017,7838571,B
1974746687,7838571,C
1995037812,7838571,B
3007171969,10516452,B
2785589987,10511338,B
2785589987,10476705,A
2490299299,11063879,C
2278100026,11063879,B
2777250313,11063879,B
2773848324,11063879,B
2950187076,11063879,B
2077539642,7920081,A
2018995141,9173963,B
2138855042,8066988,B
2178563705,8066988,B
2071508760,8066988,B
2025174025,8808539,B
2108507050,8795679,B
2155013304,6443179,A
2598871484,10576141,B
2561761453,9708236,B
2056230987,9708236,C
2316507333,9095846,C
2156021383,6090552,B
2156021383,5866336,B
2156021383,6117635,B
1984877122,9095846,C
1979744452,6443179,A
1979744452,6548895,A
1979744452,6537437,C
2034864128,6660648,B
2747476375,10669567,A
2089035869,7288261,C
2097031247,6506384,C
2990445064,11321831,B
3013534864,11321831,B
2505905463,10272364,C
2023433612,5903536,B
2023433612,5909424,B
2023433612,5777973,C
1555946697,11000204,C
2311809965,11000204,C
2799580586,11000204,A
2037905510,5837685,C
2059584635,9562960,C
2070783916,9562960,C
93455141,9779496,C
2491730804,10235754,B
2059660223,9779496,C
2037834527,9779496,B
1987674826,9779496,B
1979975141,9129392,B
2022368711,10571606,B
2048309444,10571606,B
2064907511,10571606,B
1964636468,10571606,B
2321308875,9394609,C
2321308875,9394609,C
2983301825,11441132,B
2050893167,5629248,B
2169138757,8719623,B
2169138757,8429449,B
2011614230,6642052,A
2146581105,6816452,C
2102125877,4957602,C
2792086210,11293138,A
2883250914,11155917,B
2043635580,7713953,C
2086645580,7538098,C
2035062359,8058265,B
2035062359,7763598,B
1977447667,5089273,A
1986154960,4021390,B
2040924067,9207171,B
2119338580,7223374,B
2102592071,9026247,B
2102592071,9026247,B
583213936,10074758,C
2332481044,10074758,B
2090747736,10074758,B
2215428538,10074758,A
2202137077,10074758,A
2074055802,10074758,B
2025891245,8586588,B
2025891245,8207168,B
1989240474,8155933,B
2086900955,8155933,B
2019287320,8155933,B
2028096758,8155933,B
2018081028,8155933,B
2061086527,8155933,B
1881761744,6558937,C
2114875271,5458999,A
2005095094,4808530,B
2142238317,8219876,B
2032709659,5458999,A
2020500137,9322927,B
2070903678,9322927,C
2073726640,9322927,C
2975523559,11028249,C
2171008023,9376728,B
2125441868,9624482,B
2125441868,9624482,B
2086800637,9624482,C
2086800637,9624482,C
2086800637,9322042,B
1812516225,10208076,C
3010028517,11272843,C
2009245974,4193990,B
2064048453,4416871,C
2004738436,7718367,B
2910092699,10782311,B
1983226114,8509476,B
2092615969,9309336,B
2017601506,8614260,A
2320811157,8937104,B
2320811157,8937104,B
2320811157,8871822,A
2320811157,8614260,A
2320811157,9051197,B
2054550208,6214797,B
2106482641,6689288,B
1959939734,10745732,C
780505204,10539967,C
2115236012,8259583,B
2151077968,5241675,A
2170151985,5241675,A
2158977539,4457312,B
1935940031,10557853,B
2079637652,4988358,B
2163483148,10024856,C
2011914613,7045231,B
2066937148,5064790,C
2161235570,4801364,B
2161235570,4888167,B
2161235570,4744885,B
2161235570,5032368,B
2066937148,5071801,A
1975190552,4898660,B
1975190552,4385994,B
1975190552,4310440,A
2296365647,9275095,C
2296365647,9305046,C
2296365647,9336258,A
2898232649,10409828,A
2750225748,10409828,A
2041423790,9275095,A
2041423790,9171027,B
2041423790,9305046,B
1503551519,9297995,B
2153493777,9297995,B
2084696255,9297995,B
2025675152,9297995,C
1977011623,6130059,B
1977011623,6077706,B
2586761418,10373314,C
2089965640,9468519,B
2616496713,11202604,A
2616496713,10827973,A
2943374613,10373314,C
2769991365,10827973,B
210959721,10096110,A
2128015661,9322015,B
2065301591,4152424,A
2065301591,4070376,A
2072297858,4359259,A
2623184057,10598773,C
1973815537,9588491,B
2623586855,10598773,C
2079875164,9743909,B
2105167594,9625470,C
2038769454,9040903,B
2038769454,9040903,B
2026555049,6649907,B
2035351017,7308326,B
1665960,7238672,A
2618624793,11527764,B
1988490549,5236432,B
2139813874,4632778,B
2075792593,9758827,C
2125605357,10000810,B
2049049061,9814021,B
2049049061,9814021,B
2049049061,10104641,B
2152516507,8930691,A
2184702105,10985902,B
2184702105,8930691,B
2119599393,7752369,A
2413298629,10072060,B
2209022283,10072060,C
2108900563,10344058,B
2334202928,5434189,B
2334202928,5182305,B
2058422851,8617516,B
142026192,8617516,C
2045765967,6365723,A
1995816426,4769235,B
2139806488,9371307,B
2139806488,9371307,B
2896350050,10249821,B
2126396151,8686073,B
2064977902,8408444,B
1974711696,8532257,C
1974711696,8036336,A
2047154189,8638903,B
2047154189,8644449,B
1678422894,5605797,B
1885790674,6335634,B
1997571599,5957843,A
2400494289,9101520,B
2060285257,6258333,A
2081826473,6258333,B
2154591159,6468445,A
2102794547,9856474,A
2412237660,4761469,A
2075507006,4647455,B
2314826472,4663437,A
1981121800,4728165,B
2099345940,4852173,A
2060459350,4961195,B
1989523631,5165007,A
1989523631,5233681,C
2053176763,4827521,C
1560114291,5033087,B
1560114291,5165007,B
1929749647,PP21317,A
2086381184,7169395,C
1975883185,7399840,B
2566855339,10441813,B
2019600891,6440928,C
2045381608,9956116,A
2095039577,7651675,A
350103422,7154400,B
1973689825,10468122,A
1973689825,10460832,B
3001636669,10176296,B
2716439099,10590405,A
2104424333,10030231,B
2091574314,5556940,B
2600484594,10652896,C
1865461845,5983224,B
1994806013,6541450,B
1997910229,9068167,C
1981513215,7877214,B
2166305181,9068167,C
2128015202,8515171,B
2105693098,8515171,B
2089112861,8383360,B
2089112861,9529001,B
1968557543,8421007,B
1968557543,8421007,B
2614068890,10703770,C
2625113391,11254637,C
2464787634,10837038,A
2464787634,10907184,C
2399878788,10208076,B
2045250499,10907184,A
1999085397,10208076,C
1999085397,9765044,B
2606077164,10208076,C
2003609168,10358685,C
2603200274,11028249,C
2751091459,10208076,B
2751091459,11028249,C
2751091459,11254637,C
2751091459,10934321,B
2782072587,10934321,B
2537410661,10208076,C
2537410661,11254637,C
2052200284,7622596,A
2141118007,10358685,A
2149807615,7402419,B
2136520405,9993490,B
2130737480,10117925,B
2130737480,10111944,B
2726801919,10611860,B
2589447416,10611860,C
2767194460,10611860,C
2807632112,10611860,B
2568627523,10611860,C
2050469899,8299063,C
2617203259,10664249,B
2964173768,10699209,C
2809688596,11119773,D
2153575084,9309284,B
2143881654,8442374,B
2037924396,5756432,B
2089800528,7829724,B
1968901009,5370676,B
1995145131,7829724,B
2141967258,9309284,C
2796822032,11589776,B
1627209718,6809533,B
1989465205,5900618,B
2124721233,8846341,B
2076747235,9171650,C
2018575517,9164045,A
2018575517,9171650,B
1985473803,9171650,A
2588890118,10208000,B
2520068996,10208000,A
2925080458,11071458,B
2996693007,11071458,B
2942008197,11339313,B
2087999572,8535682,B
2088773480,9670074,B
1984970468,8884954,A
2560389671,11119466,A
2336090347,11119466,A
1994864750,4791649,C
2947979198,10318242,B
2947979198,9971564,B
2947979198,9921808,B
2947979198,10558431,C
2569842290,10318242,B
2569842290,10305484,C
2569842290,9971564,C
2569842290,9921808,C
2569842290,10171083,C
2588564085,10318242,B
2588564085,10305484,B
2588564085,9971564,B
2588564085,9921808,B
2588564085,10171083,B
2614631111,10171083,C
2743822249,10318242,B
2743822249,9971564,C
2743822249,9921808,C
2743822249,10171083,C
2743822249,10558431,B
2789874757,10318242,C
2789874757,9971564,A
2789874757,9921808,B
2789874757,10558431,C
2285846394,6281365,C
2285846394,4880790,B
2026884618,5530117,A
2026884618,5529990,A
1985304131,9180309,B
2007645041,5965771,C
1663223178,5854055,B
2028438404,8105696,A
2028438404,8105696,B
2083156539,7641984,B
2028438404,8110143,B
1979499545,7641984,B
1997928383,8105696,B
1997928383,8105696,B
1997928383,8110143,B
2002977158,8110143,B
2002977158,8105696,B
2002977158,8105696,B
1982175695,8981098,B
1982175695,8981098,B
2128266475,3965277,B
2486853698,10844032,B
2602196942,10844032,C
2278828177,9949965,C
2926677816,10954193,B
2115222520,9663468,B
1973723375,10533010,B
1973723375,10093640,B
1973723375,11596639,B
1973723375,9949965,A
1973723375,10005728,A
2041678305,7939633,C
2007531665,8394584,C
2007531665,8748091,B
2035956233,8540814,B
2035956233,8540814,B
2610780177,9833174,B
2079771781,9192660,B
2079771781,9884106,B
2076104133,9238679,B
2315766581,4966978,B
2009549855,4966978,A
2089360436,9044715,A
2291800197,9732123,B
325915808,9471635,B
325915808,9471636,B
325915808,9785673,A
325915808,9785673,B
2123337778,8193875,B
2123337778,8338992,B
2123337778,8338992,B
2045850001,10036686,B
2019538156,9507886,A
2073933366,9507886,A
2069780271,9507886,A
2037589752,9507886,A
2016291375,9507886,B
2006270782,9507886,A
1988332219,9507886,B
2164604877,4140763,C
2052015917,6998395,B
2088151948,6259763,B
2031604778,4564949,B
2945858591,10381683,A
2945858591,10361454,B
1981745117,4601903,B
2801742943,11177474,A
2066770019,8700144,B
78574986,4521334,B
78574986,4454121,B
2766961635,9884106,B
2341563409,9918790,B
2341563409,10786303,B
2057816319,10670789,C
2752771410,10603503,A
607462674,10740465,B
2313879993,9811730,B
2075655761,9082011,B
2086352877,5068224,B
2071635285,9811730,B
2805366777,10966605,C
1999125088,9082011,B
1999125088,9811730,B
2094773601,10966605,C
1975589189,10674993,A
1975589189,10231693,B
1975589189,10463341,B
2162528816,7367024,A
2045185921,8247452,B
2045185921,8247452,B
2117273007,6022685,A
2172381901,10358569,B
2763553998,10571460,B
2148424438,10610521,B
2064221775,9890137,B
2064221775,9346784,C
1983993763,9890137,A
1983993763,9303017,A
2018504033,8391963,B
2052522729,5827713,C
2156895773,5827713,B
2146249402,8148220,B
2049816715,8148220,B
1982556831,8148220,C
2005375718,8148220,C
2084082904,5635369,B
2011826075,5635369,B
73083950,5635369,B
2067644966,5635369,B
2076579091,5635369,C
2137034823,7649714,B
2131217820,8304843,B
2131217820,8072012,C
2131217820,7893476,C
1986711874,8148220,C
1971025736,7893476,B
1971025736,8072012,B
2030768861,8148220,B
2141929697,8072012,B
2141929697,7893476,B
2087922496,8304843,B
2087922496,8148220,C
2571101969,10308689,C
2531376405,10308689,B
2494098029,10308689,B
2141264905,10308689,B
2087726838,8148220,C
2414840542,11046763,B
2035112719,8148398,A
188742975,4522940,B
2952401956,10370314,D
2952401956,10975009,D
2606209109,10421704,B
2163533551,5516929,A
1994531150,9706631,B
2050767004,8934608,B
2028854652,6316217,B
2000441147,5858962,B
2000441147,5760026,B
2906492762,10964899,C
2915681568,10964899,C
2075413761,7187169,B
1985944222,9821050,B
1985944222,9821050,B
2584249987,10898566,B
2019177772,9405982,A
2090500757,10313692,B
2039630080,9609361,C
2053665797,10101811,B
2099142312,8795504,B
2086026187,10111597,C
1976408315,8527056,B
2023116072,8524903,B
2799849128,10958183,B
2761320299,10364333,B
2007233608,10190940,B
2007233608,10330594,C
2097303541,5871912,B
2153724130,9046522,A
2083884258,5770432,B
2043013707,10001481,C
2138241560,10001481,C
1980598489,10001481,B
2163970440,10001481,C
2116392468,10001481,B
2613928862,10367726,B
2062863670,8273955,B
2100416856,8273955,C
2399702920,9640715,C
2399702920,10109764,C
2589345301,10396238,B
2022157365,8983601,B
1979948386,4751080,B
2048588567,4751080,B
2048588567,4927628,B
1519117375,7323166,B
2979925734,10942376,B
2076917731,7892772,B
2102279421,7435539,B
2008491616,7435539,A
2125411106,7435539,C
2130794350,7435539,C
2335682086,7435539,B
1716293468,4704275,C
1716293468,4751080,C
1716293468,4927628,B
2007799003,4751080,C
2007799003,4927628,C
1739124023,4751080,C
1881279620,4571385,A
2109127763,7435539,C
2522903433,11121278,B
2117933901,7653093,A
2121427134,7939965,B
2121427134,8766598,B
2121427134,8766598,B
2329535579,4802951,A
2074841868,6756043,B
2083668184,6207820,A
2083668184,6274716,A
1988767217,5324591,A
1988767217,5510628,A
2032947438,6974323,A
1966379409,7803526,C
2067510768,8524691,C
2067510768,8524691,C
1964429893,5446143,B
1977137328,5446143,B
2081336762,5446143,C
2012422658,5446143,B
1986845239,9732321,A
1986845239,9732321,B
2145960122,9046650,B
2107608103,7110378,B
2590930662,10030271,B
2476860863,10030271,B
2999085207,10030271,A
2074121391,10030271,A
2589289286,10030271,A
2153641732,10030271,C
2043623567,8823802,B
2107267478,8823802,B
2032856797,5194913,B
1993885081,8823802,C
2162847064,8066641,C
2062024423,5265617,B
2113911486,5842997,B
2567462484,11413007,B
2041006291,8753965,C
2007057348,7838290,B
2068746861,8932919,B
2068746861,8932919,B
2068746861,8809837,B
2079874183,8809153,C
2005754988,8445320,C
2005754988,8344358,A
2079874183,8803130,C
1976198442,8614141,C
1941558189,10330760,C
1966718172,8979976,B
2062851065,9205066,B
2062851065,9205066,B
2505858496,10446852,B
2062389297,6288265,A
2135117356,8912342,B
1970502944,8716485,C
2950449667,8912342,B
1990211832,6015587,A
2173900270,6911084,B
2136795013,5668694,C
2136795013,5862034,C
1966841088,8454516,B
1966841088,6251074,B
1966841088,6440075,B
1966841088,6544182,B
1966841088,6319203,B
2114311742,7184810,B
2212504830,9352302,B
2098281669,8050446,B
2075127836,5786174,B
2252762950,9513287,C
2034892882,9513287,C
2006147026,4971908,C
1537912628,5145783,B
2021312641,9636238,B
1970461091,7371414,B
2060938572,7371414,B
1970235733,6908631,B
2114345365,7371414,B
2036084919,7371414,C
2067842247,6908631,C
2015677093,6908631,B
1592353488,6046188,B
1592353488,5827880,A
1592353488,5696109,B
2565619647,10548523,B
2784036837,10350271,B
1966911537,6077514,B
2109593573,7710881,A
2569600656,10368956,B
2464381689,10368956,C
2470807297,10368956,C
2591105087,10368956,C
2409726467,10368956,C
2300394067,10368956,C
2475148583,10368956,B
992767527,10368956,C
2085892937,7037712,B
2277509555,7037712,C
2289286810,10563417,A
2135046499,8902095,B
1997416050,8902095,C
2007734501,7858717,A
2007734501,7635781,C
2329565054,9701771,C
2765459783,11255986,C
2333536900,5788782,B
2058942256,5332677,B
2058942256,5441890,B
1966107549,5152127,A
2404319473,10094808,B
2810710271,11200691,B
2594324579,10706258,C
2594324579,11566993,B
2151386142,8316719,A
2012850981,8069216,B
2135247858,8933695,B
2135247858,8933695,B
619830376,10662164,B
2191502228,10662164,B
2151539341,10662164,A
1965897932,7791440,B
2911346469,11026969,B
2103045923,8933695,B
2103045923,8933695,B
2022032846,8933695,B
2022032846,8933695,A
1996277179,8179133,A
1996277179,8933695,A
1996277179,8933695,A
2094213149,7718804,B
1998659644,10024794,B
2167716097,9816990,A
2020892151,10024794,B
2155290351,8679855,B
2005733030,7989472,B
2005733030,7935713,A
2104374349,5985605,B
2104374349,5939303,B
1521996325,7715382,A
2169372366,5327544,A
2136462947,5959543,A
2136462947,5970122,A
2125265571,5918158,A
2134383196,5918158,A
2134383196,5959543,B
2134383196,5974300,A
1982672625,6190669,C
2017715011,8921042,B
1975797060,9274128,C
1975797060,9274128,C
1975797060,8603994,C
1975797060,8921042,C
2801472480,11251320,C
2002883921,5797843,B
2012817107,7796243,B
2012817107,7796243,B
2083964507,7796243,B
2083964507,7796243,B
2118822995,7796243,B
2118822995,7796243,B
2036234858,7796243,B
2036234858,7796243,B
2575472321,7796243,B
2575472321,7796243,B
2296712944,7796243,B
2296712944,7796243,B
2126468389,7796243,B
2126468389,7796243,B
1972176798,8603522,B
2762362735,10639285,C
2530358804,11572544,B
2029033315,5994099,B
2891436869,10582154,B
2328244895,8241600,C
1975092415,8241600,B
2038543554,8133463,C
2020275452,9662174,B
2165974714,9873094,A
2025566718,6130964,B
1977254208,9082909,C
2160009417,7738167,A
2149589775,7592171,C
2016373116,8326026,B
2809323712,9936229,C
1480809079,5469568,A
1480809079,5542073,A
2145297822,4896361,B
2068947149,7853987,B
2068947149,8166532,B
2979670769,11572544,B
2783628373,11261430,B
2783628373,11572544,B
2564136768,11572544,C
2552299751,10429343,B
1595516097,9134707,B
2077842158,8487084,B
2002589841,8487084,B
1996433796,5972672,B
1974191021,10494645,B
2092059730,5645831,C
2039975091,4839288,B
2047531344,8705826,B
2085172215,8705826,C
2062690674,5981213,B
2127998202,5599693,B
2127998202,5981213,B
2127998202,5759813,B
2127998202,5993826,B
1972468891,5599693,C
1972468891,5981213,B
1972468891,5759813,B
1972468891,5993826,B
2250880318,9588959,B
2250880318,9582492,B
2250880318,9582492,B
1918833422,5103522,B
2073165597,4961752,B
2073165597,5103522,B
2073165597,5017194,C
2073165597,5084066,B
2073165597,5264001,B
1972122841,4961752,B
1972122841,5017194,B
1972122841,5084066,B
2070825671,9121917,B
2070825671,9121917,B
2071266108,9121917,C
2071266108,9121917,C
2467351656,4939161,B
2467351656,4994471,B
2085009766,7379168,B
2135095428,7541007,B
2093703229,7844352,B
2533264018,11324818,C
2789618179,11324818,C
2789618179,10881727,C
2789618179,10300131,C
2019570062,8986814,B
1545590633,9638521,B
2092993934,5869739,B
2092993934,5763662,B
54511433,8334428,A
54511433,8334428,A
1985918192,8481477,B
2019758633,9395368,B
2019758633,9395368,B
2508689006,11377639,C
2148083596,9388394,C
2064172296,9388394,B
2149889600,5344457,C
2019961293,6570061,B
2006098333,6570061,C
2016336844,8689935,B
2004580543,8689935,B
1991784588,8689935,A
1967678093,8689935,B
1980866502,8689935,B
2027754818,8689935,B
2067582741,9410403,B
2067582741,9410403,B
2067582741,9488026,B
2067582741,9607601,B
2067582741,9343059,A
2009635999,8689935,B
2029948684,8689935,B
1979732066,8689935,B
2001771796,8689935,B
2030625143,8689935,A
2065930482,8689935,B
2016105050,6034079,B
2020736970,6034079,B
1976638015,9402870,B
2091722184,6034079,C
2163314030,9044431,A
2110608886,6861238,B
2011057760,5994062,B
2057598795,9325240,B
2057598795,9325240,B
2057598795,9490698,B
2746828387,10548608,C
890929107,9926354,A
2089757911,4302746,A
1568472755,4302746,B
2314386111,6278906,A
1603381450,6278906,A
2170709214,6278906,B
2800522546,11149261,C
2797651999,11083744,B
2057431271,9952216,C
2057431271,9952216,C
2102400897,6699241,B
2140838094,6699241,A
2136821200,6699241,B
2141940512,5140337,A
2972305583,11442159,B
1980259415,5424840,A
2761851488,11384137,B
1208446312,10274496,B
2396812832,10274496,B
2398411097,10274496,B
2327887405,10274496,B
1500199492,10274496,B
2103999643,9223710,A
2103999643,9223710,A
2163234350,8868836,C
1981460344,6355246,B
2172073182,6207374,C
2469896610,10651343,C
2622485323,10445020,A
2622485323,10229070,B
1482004817,6258038,B
1482004817,6217524,B
1482004817,6241681,A
1965143864,5654425,B
2038328356,8972191,B
2970177351,11166920,B
2158335411,8404440,B
2006458772,5098438,B
2008994519,5891859,B
2008994519,5929305,B
2083722533,5891859,B
2083722533,5929305,B
2083722533,5965705,B
1995795684,8972191,C
1967939756,9916655,B
1967939756,9916655,B
2033371334,9700275,B
2014761989,9439615,A
2014761989,9439615,A
2314504034,10433799,B
2028027151,9117296,B
2735035658,10514586,A
1996692633,9509956,A
1605948393,11318166,C
2011553051,9861601,B
2142755452,9861601,B
2933157864,11527764,B
2933157864,11611084,A
2399681786,10112974,C
2015050661,10428115,B
2134398337,9611511,B
2606911774,10533178,B
1997500560,8958600,B
2103180477,8530636,A
2063377772,9441177,B
2091375270,9152923,C
1980289135,8604944,B
2045938767,8112095,B
2103333224,8112095,B
2596562138,11307163,C
1582600090,8218838,A
2245292516,6751343,A
1993920983,8503749,C
2314560176,7425127,A
2884463460,11014871,B
2024646728,4837834,C
2963349420,11281964,A
2963349420,11409922,B
2482651586,10472663,B
2041025714,7646902,C
1965514279,7646902,C
2069658271,7646902,C
2008320688,7646902,B
2075709681,7646902,C
1990985109,7646902,B
2045563668,7646902,C
2004173771,7646902,C
1990003751,7646902,C
2097076337,7646902,C
1975722015,7646902,A
2070085920,7646902,C
2169744700,7646902,B
2165676120,RE34594,B
2952665965,9950979,B
3015933156,10281600,B
2004822184,8957379,B
2004822184,8872112,B
2004822184,9052234,B
2078644783,7687428,B
2027055038,7929132,A
2129406204,8067220,A
2129406204,8080400,B
1982688266,7687428,B
2029684809,7323561,B
2771311617,10736954,B
2029749273,5578325,B
2398643761,10302181,B
1988458314,10302181,B
2079508555,7488730,C
1987112069,7488730,C
2317188577,9260400,A
1991191854,7488730,A
2018148121,7488730,C
1662560014,9941702,A
2039149059,8470339,B
2156993450,8614090,D
2156993450,8071751,C
2328289506,9309202,A
2318765331,10335116,A
2031388139,5722428,B
2037219307,8919168,B
2068106261,8919168,B
65808161,8392133,B
2120387708,8692998,A
2135518354,9908876,C
2019626959,9396531,B
2019626959,9396531,B
2899361845,11387804,C
2019440732,8123503,A
2514283788,10162199,C
2138073236,8988770,C
2138073236,8988770,C
2619928526,11016152,B
2151342845,8648295,B
2615890629,11016152,A
2923019151,11373813,B
2122626321,7906156,B
2059749815,7906156,B
1967973854,8236763,B
1967973854,7320805,C
2414455611,9983359,C
2414455611,9983359,C
2509724465,10162199,B
2509724465,9653882,C
2509724465,9768587,C
2509724465,9923335,C
2509724465,10281746,B
2509724465,9812842,C
1967646809,10119857,D
1967646809,9091806,D
1967646809,8796811,C
1967646809,9369201,C
1967646809,9369201,C
1967646809,8768123,C
1967646809,9052447,C
1967646809,9176291,C
1967646809,9176291,C
1967646809,8885996,C
2087347720,9411177,C
2514283788,9812842,C
2514283788,9768587,C
2514283788,9647424,C
2514283788,9647424,C
2514283788,10170888,C
2514283788,9880405,C
2514283788,9780524,C
1995671094,5285438,A
1995671094,5412592,B
2296472418,9350294,B
2021467568,9091839,B
2099186079,9559714,A
2099186079,9559714,B
2808979464,11607325,B
2990072002,11573239,C
2074369076,9519163,D
2074369076,9519163,D
2074369076,9696486,C
2074369076,9310562,C
2074369076,9618709,C
2131562321,5130302,B
2096508905,8962854,B
2291872440,10236386,A
2162910338,8012486,B
2045664918,7771054,B
2045664918,7168809,B
2130157784,7771054,B
1879238970,6815173,C
2144259342,9002654,B
1965229072,8524060,B
1981344336,9228020,C
1981344336,9228020,C
1981344336,9273139,B
1981344336,8975044,B
2789447625,10379098,B
2800306439,10379098,C
2800780600,10379098,B
2604489585,10379098,C
2050105096,5729026,C
2055063967,9725452,B
2884916450,11174255,C
2884916450,11135209,B
2162963578,7603348,A
2794425121,10749665,A
2794425121,11196539,C
2794425121,10333695,B
2766393794,10608811,B
2519249189,10749665,B
2519249189,10333695,B
2139507856,9504701,A
2118596477,8041424,C
2085704104,10017831,B
2005348361,6999660,A
2076880506,8053732,B
2040293425,7399420,A
2108728103,7898493,A
2050583308,8535250,B
2100729643,8535250,B
2160919765,8535250,B
1662949648,8535250,A
2066547895,8535250,C
2038635246,8535250,B
2030368624,7621873,B
83554749,6818217,B
1565769654,5863763,D
2094427077,5863763,C
2086342284,10015175,B
1981636006,5593676,B
2509386388,10793647,B
2478933945,3937066,B
2405672160,10752730,B
2011238857,8923546,C
1984573594,7027614,C
2034659707,6763124,A
2951063268,10909438,B
2157437154,7221474,B
2063512168,8972308,C
2063512168,9529899,B
1552037816,11134242,C
2036000441,11134242,B
1977289658,11134242,C
2610757227,11134242,C
1906645663,9234176,A
2010446043,5973225,B
2101495896,7941775,C
2003933781,9529899,B
2003933781,8972308,C
2102467796,8722584,C
1612820086,6465617,B
1612820086,6312947,B
2163636387,7138510,B
2083560313,5962301,B
2066571561,6652890,B
2066571561,7192612,C
2112532900,8896605,C
2112532900,9298789,B
2112532900,8643646,A
2285670967,7941742,B
2104905450,8643646,B
2285670967,8427478,C
2285670967,7924283,B
2104905450,8896605,C
2170448686,8896605,B
2015022106,5924103,A
1964690307,9174215,A
1956341857,5989587,B
1973752140,4284552,B
1973752140,4261967,A
2001354552,4322967,B
2063880708,10288613,C
2044735366,8409657,B
2132734406,8752438,B
2006298635,9678032,B
2006298635,9678032,B
2052117587,9803219,A
2052117587,9803219,A
2052117587,9234183,C
2542113557,10845325,C
1529453182,5654174,B
2166413214,5814486,B
1605353978,5654174,B
1605353978,5814486,A
1492231753,5814486,B
2109956845,5814486,C
2276530505,5814486,B
2131243228,5814486,B
2804650540,11033183,B
2151446704,6914123,A
2151446704,7229777,A
2073108323,5882785,B
2067727736,5882785,C
2318023927,8623237,B
2042718399,9296618,B
2317855715,8623237,B
2317855715,9296618,B
2317855715,9758386,C
2136027352,8316861,A
2018940505,8780439,C
2153231426,8309929,A
2107766403,5809239,B
1491699876,7935349,B
1911605197,6922696,A
78498093,5744692,B
1972665395,7595331,B
1972665395,6995268,B
2068384283,8519159,A
1980301303,8211916,B
2088805357,7613309,B
2088805357,6978159,A
1992479991,7076072,B
2024942458,9755826,C
2024942458,9755826,C
2024942458,9503257,C
2024942458,9350542,C
2741843138,9755826,C
2741843138,9755826,C
2013936170,7346493,A
2892602486,11412953,B
2026542164,8323915,B
2328646909,11065348,A
2048961513,9074001,A
2082177863,8889142,B
2625798606,RE46583,C
2000615636,7838013,C
2148140865,7838013,B
2145176302,7838013,B
2067537589,10251870,B
2900286268,11315685,B
2587862424,RE46583,B
2123743096,7838013,C
2137899149,6316190,B
2095068844,7041288,A
2053994995,7452544,A
2053994995,7776337,B
2053994995,7740889,A
2146220349,7740889,B
2146220349,7321024,B
2949156834,5026893,B
1991686557,9751533,B
1991686557,9751533,C
2093604883,8983749,B
1991686557,8983749,B
2115807546,6010695,B
2108673718,7999074,A
2108673718,8029809,A
2108673718,8252291,B
2898356778,10505859,C
2072812898,9401442,C
2017873711,8916606,B
2514655323,10505859,A
2563108372,10505859,B
2344397615,9595616,B
2344397615,9917149,C
2288765723,9368677,B
2925933687,11591670,B
2413124439,9595616,C
2413124439,9917149,B
2754165364,11062450,B
2074745154,5543025,B
2034702215,5377025,B
2034702215,5420705,A
1979825473,7011950,B
2051943484,10752954,C
2020308091,8798414,A
2124521982,10406248,C
2963240019,11107463,C
2962824709,11107463,B
2963747784,11107463,A
2033015501,9682056,B
2019064430,5496953,C
2137819234,5380848,B
2137819234,5496953,B
1974081542,5380848,B
2160874664,5380848,B
1978395499,5078513,B
1978395499,5101458,B
2113385388,5101458,B
2158570052,5371570,A
2169646584,5013133,B
2101429257,11077130,C
2069541571,7540004,B
2137449934,8830580,B
2001251685,9960734,A
2027311460,6458083,B
2131315410,8012467,C
2045064769,8092721,C
2170522677,6867888,B
1529038205,8418547,B
35806048,5023180,B
283520294,5023180,B
2019140834,5023180,C
2028798199,5023180,B
2010562498,5023180,C
2000204742,9352968,C
2021912917,9352968,B
2590518587,10021135,A
3015758551,10336617,B
3015758551,10336616,A
3015758551,10343913,B
3015758551,10329151,B
3015758551,10343915,B
3015758551,10343911,B
3015758551,10315920,B
3015758551,10343912,B
2810710420,11079387,B
2810710420,11167247,B
2105347706,8765141,A
2105347706,9180179,A
2087562483,8765141,C
2087562483,9180179,C
2034137439,6551467,B
1985691887,4560548,C
2010330240,6780397,B
3006861220,11419892,A
2060167709,8248515,B
2020151915,4266048,B
2069493091,9101439,B
2085991955,9695082,B
2085991955,9403714,C
2085991955,9101439,B
2085991955,9402699,B
2047132538,8263508,B
2048420620,4169011,C
2048420620,4266048,B
1504668311,4266048,B
2174610711,7495100,B
2004754797,7495100,C
2079076987,7495100,B
2024646376,7495100,B
1919262317,7495100,B
1998588132,7495100,B
2208063221,10243733,B
2582313469,10080749,B
2049675690,7002002,B
2049675690,6818223,B
2142044028,9243256,C
2077975622,6187533,C
2004007088,8977019,C
2075723934,8977019,B
2090132199,8977019,B
1992331050,8977019,B
1988772577,8977019,C
2091670956,8977019,C
1999133245,8977019,C
2073016108,6187533,B
1997937118,8675268,B
2020725502,9761877,A
2550054916,10593996,B
1996170014,9601801,B
1556431353,9733305,A
1556431353,9638750,B
1556431353,9673941,B
2522286938,9733305,B
2522286938,9638750,A
1556431353,9686053,B
1556431353,9686053,B
2522286938,9686053,B
2522286938,9686053,B
2087862447,5697401,B
2116972785,8435787,A
2101353940,7910332,A
2018760769,9683032,A
1999086913,5185260,B
2051545700,7807866,B
2050641444,7585672,B
2055557739,9944992,C
2057469030,8543564,B
2153386680,9885834,C
638552680,8314255,A
638552680,8338474,B
2113673671,9885834,B
2024251958,6769911,B
2173506920,8090540,B
1956799735,9709554,B
2063796006,5756236,B
2024810434,4523971,C
2509519136,10024756,B
2135893137,7214483,B
2115612309,7709190,A
2115612309,8455621,A
2024586100,6664501,B
2153613056,9281268,C
2153613056,9281268,C
2153613056,8742576,B
2081313987,9783594,B
2081313987,9783594,B
1992566288,8673307,B
1992566288,8673307,C
2032140209,8673307,C
2032140209,8673307,C
2023379391,8673307,C
2023379391,8673307,C
2018123062,8673307,B
2018123062,8673307,B
2308602445,10889633,C
1967646809,8600201,C
2203605755,10444217,C
2015631175,8673307,C
2015631175,8673307,C
1981981290,8673307,C
1981981290,8673307,C
2118274231,8673307,B
2118274231,8673307,C
2044696489,10662540,A
1980659760,5881083,B
2045594906,5881083,B
2070954992,5881083,A
2019221279,5881083,A
1972856030,5881083,A
2066548189,5881083,A
2083939046,7356364,B
2031650869,5945323,B
2031650869,6194640,B
2006838262,RE41745,A
2497316197,10248675,B
2049678315,6011143,B
2060500655,9514513,C
2060500655,9514513,C
2134005775,9514513,C
2134005775,9514513,C
2591685014,9844315,B
2591685014,9844315,B
1978566974,7992999,C
1978566974,9514513,A
1978566974,9514513,B
2048278407,9514513,C
2048278407,9514513,C
2034689108,7992999,C
2013675754,8831304,C
2088154271,9514513,C
2088154271,9514513,C
1880064308,8712505,B
2937960671,11515986,B
2937960671,11296852,C
2041493459,9155634,C
2123917016,9155634,C
2138967075,9155634,C
2029384099,9155634,C
2033002670,4058486,C
2042085383,7993868,B
2042085383,7749716,B
2946681489,11467240,B
2980023663,11467240,B
2030131978,7700126,B
1982906355,8808365,B
1547918687,7700126,B
1547918687,8808365,B
2292801590,10065870,B
2292801590,10076741,B
2292801590,9988286,B
2589148730,11287627,B
2589280481,11287627,C
2013820875,5041371,B
2476003573,10758174,A
2897671490,11276190,B
2573896303,11130910,A
2510358777,11130910,C
2734801507,10615345,B
2570787060,10335498,B
2795745655,10800780,B
2085898113,9345776,C
2974925008,10544406,C
2097121594,9115198,A
2077086523,8268026,B
2761659214,11130910,B
1978707379,6001647,B
1975293492,6703017,A
1703814589,5786192,A
2006700188,9827299,B
2063890022,6190370,B
2326638284,8801957,B
2483883017,5929199,C
2483883017,5958592,B
2990159985,11420083,C
1976865185,8454520,C
2128809004,6213950,B
2025848612,8454520,C
2137411561,6213950,B
2116169298,5939429,B
2072120993,7691182,C
1975430855,7332146,B
1967150715,9868786,B
2952886054,11105932,B
1990855266,8395106,B
1990855266,8373155,B
2951918190,6822092,B
1601195309,5670309,B
2077317502,5670309,B
2617518465,9954250,C
2617518465,9991560,C
2617518465,9991560,C
1986508105,5200508,B
2026291654,5200508,A
2113289407,9144605,C
1964836346,9144605,B
2033734752,8481051,C
2033734752,8481051,C
2345721876,10919801,C
2625942238,11186387,A
2051349034,9243916,A
2274359774,10371529,C
1558782883,5914492,B
2609826259,9914971,C
2139068064,6492343,C
2139068064,6492343,C
2139068064,6458586,C
1534450576,6492343,C
1534450576,6492343,C
2093416579,6319716,B
2159813345,9362094,B
2052483035,7569217,B
2035363442,7335353,C
2057760750,7569217,C
1968064690,7335353,C
2061426414,7569217,C
2192492566,7569217,C
2148685136,8260440,B
2133438931,8260440,B
2897551763,10203209,A
2739307044,9709404,A
2739307044,9709404,A
2040344728,10012504,C
2097468005,8260440,B
2024506007,8260440,B
2005765132,8260440,B
2000167983,10251627,C
1970819214,6134043,C
1977059864,9365013,A
1977059864,9365013,A
2165326713,8400020,C
2165326713,8400024,C
2165326713,8772972,C
2165326713,8076800,B
2165326713,8791599,C
2165326713,8791599,C
2165326713,8766485,C
2165326713,8395282,B
2165326713,8400019,C
2165326713,8400023,C
2165326713,8362651,A
2165326713,8395283,B
2165326713,8076801,B
2165326713,8400021,B
2165326713,8760008,C
2165326713,8760007,C
2165326713,8772971,C
2165326713,8400018,B
2165326713,8084889,B
2165326713,8097983,B
2162051224,8535315,C
2148901489,8535315,D
2566061360,10792508,B
2566061360,11547867,C
2865734900,10792508,C
2771943064,10792508,B
2771943064,11547867,C
2623691005,10792508,A
2623691005,11547867,C
2899089606,10792508,B
2899089606,11547867,C
2067160690,5518767,C
2330996531,8986848,B
2094913174,5518767,A
2094913174,5536573,A
2058428306,5536573,B
1987115901,8701927,B
2020400417,5518767,A
2020400417,5536573,B
2890878447,11060147,B
2945283099,11010511,A
2945283099,10740517,B
1982119449,5527836,B
2128894039,8927254,B
1567116460,5190870,B
2080391896,5192672,C
2043912051,5869318,B
2011331271,8614707,B
2136886714,9309217,A
2136886714,9309217,A
2316842395,5536573,B
2069172065,8323637,B
2951773681,9624190,B
2951773681,9309217,B
2951773681,9309217,B
2951773681,9527812,C
2951773681,10323039,C
2240300416,5005582,B
2240300416,RE34938,B
2136060754,9640069,B
2015967586,5705150,B
2886461253,11399042,A
2016457846,9640069,B
2153100532,10379189,C
2979702629,11503339,C
2053309174,7794734,A
1993857583,4782049,B
2173290761,10373374,B
2106590117,9359650,C
1980539765,9359650,C
1834378885,8853638,A
2031883678,9359650,C
2098810921,5145520,B
2114420738,7250502,B
2068109582,4882279,C
2164174709,7255493,C
1998403286,9885016,B
2086160565,7557228,B
2164761866,7557228,B
1964143654,7557228,B
2154598371,7822458,B
2135317644,9060990,C
2039781927,9060990,B
2097037442,9060990,C
2075111371,9060990,B
1987947355,7824690,C
2050351056,9060990,B
2095449692,9060990,B
2047509761,9060990,C
2039460582,7463800,B
2139076091,5932558,B
2139076091,6020321,B
2342348940,9192628,B
2304099552,10458991,C
2284822,5116746,B
2157328708,4003902,B
2087759821,9133230,C
2647051402,10435803,C
2737205868,9926372,B
2168203251,9389203,A
1991909687,6876711,B
1991909687,7582880,B
1576669605,6162189,A
2068468469,7515765,B
2001930603,7897782,B
2001930603,7795456,B
2001930603,8912222,B
2001930603,8669278,B
2001930603,7829719,B
2001930603,7935826,B
2001930603,8193364,B
2001930603,8269016,B
2001930603,8013164,B
2001930603,8178565,B
2001930603,8598214,B
2001930603,8288422,B
2001930603,7834188,B
4911492,11243213,B
2582998997,11243213,C
2029273918,11243213,C
2163054703,9038026,B
2080535870,7141382,B
2921653430,10531825,C
2557828266,10531825,B
2489460084,10004455,B
2012384647,10004455,B
2049073758,10004455,B
2151925958,7639720,B
1967404119,8284814,C
1802574002,10900022,A
2009231756,6681035,B
2057075704,7705138,B
2057075704,8501450,B
1989630897,6512866,B
1988890619,9365013,B
1988890619,9365013,B
2026261199,6645168,B
1986309114,8049024,A
1976344560,9575077,A
1976344560,9575076,B
2018522777,8665040,B
2100099895,8665040,B
2104709131,9166271,B
2558750038,11169078,A
2322827213,6425974,B
2163757347,8415640,B
350076550,4233263,B
2394947823,9783858,B
2394947823,9783858,B
2394947823,10316368,B
2887734685,11169311,B
2887734685,11604364,B
2043903458,9044596,B
2142163745,4233263,A
53414634,6376747,A
2148833849,8536403,B
2034219522,5824872,C
2046590823,6989598,B
2019984899,6989598,B
2019669807,6989598,B
2132797488,6989598,B
2737973877,11345786,B
2568520201,11329304,A
2531750858,11329304,C
2508018593,10727488,B
2508018593,11329304,C
1975468541,6845671,A
237920089,7062386,B
237920089,6848311,A
316391038,6848311,B
2267964200,9865660,B
2122953404,9865660,B
2055118525,5177183,A
2396958679,11329304,B
2803277797,11329304,B
2607879443,11329304,C
2783081857,11329304,B
2083354377,5889008,B
2083354377,5981529,A
2169994508,5977116,B
2169994508,5994374,B
2169994508,5998416,B
2169994508,6127388,B
2169994508,6054469,C
2052431005,10706592,B
1480859326,10706592,B
2170592848,10706592,B
1568735319,10706592,B
1523554838,10706592,B
1906555452,10706592,C
1979899459,9307932,B
2098949123,9307932,B
2072265118,5141870,B
2072265118,5013659,B
1974119179,8551735,B
1581703897,5312902,B
1965910861,5023241,B
2133670328,8498193,A
1992795540,4672079,C
2118861813,9267175,B
2341809390,10261068,B
1551750178,10261068,C
2514264936,10261068,A
2206234118,10261068,B
2167607745,5879952,B
2167607745,5543304,B
2169483537,9248169,B
2018238707,9248169,B
2142193917,9248169,B
2062548832,9248169,B
2065586264,9248169,B
1965061173,9248169,B
102187926,7202034,C
2095899901,9044447,C
2130156388,7186880,B
2789452630,10829819,B
2304621831,10596237,C
2806228185,10248529,A
3004068230,11524061,C
2790998706,11494900,B
2118322242,7466848,B
2885500833,11494900,B
2793746840,10049770,B
2596686700,10346975,C
2596686700,10492723,C
2889820151,10902256,C
2889820151,11455718,A
2537530963,11555877,B
3006347021,11350901,A
2983529249,10441225,C
2953693252,10441225,B
2953693252,11350901,B
1987354976,8981140,B
1998801756,10280398,B
2600774896,11271123,B
1993599696,6153593,B
1922273395,6737340,A
1976060172,4719466,B
2800038717,10346975,C
2800038717,10441225,C
2891800461,10902256,B
2761290139,10956795,C
2891800461,10956795,A
2094854249,7270815,C
2023968757,9233152,C
2319048814,10377645,B
2807907860,10501466,B
2807907860,10160763,B
2091911641,6787053,C
2142038655,7635577,B
2092671515,9120744,B
2108565584,9278998,C
2608961189,9982029,A
2608961189,10519211,C
3010505543,11238975,B
2020226378,5182358,B
2956396994,11103577,C
2020226378,5243016,B
2891985903,11011978,B
2160225874,9110022,C
2767236735,10697080,C
2023517171,5202004,A
2006015409,8206908,A
2113165221,8808530,B
2080976466,5667967,B
2541854641,7736842,C
2129368130,5760255,B
23864763,6395775,B
2108804621,6395775,B
1967533008,6915242,C
1984995420,8060250,A
2122578592,5528604,B
1976695734,5627025,B
2079212984,7771905,B
2791883019,10975136,A
2017681121,8545559,A
2023737162,8545559,C
2080338808,4879241,B
2080338808,4889809,B
2092171940,10682330,B
2065506723,4879241,C
2065506723,4889809,C
2602773980,9840702,C
1977465012,7154088,A
2160002071,8768663,A
2160002071,8768663,B
65205945,8112455,B
2162903689,9490605,A
2162134485,4837016,B
2088626565,7078043,B
2150116877,4780409,B
2905487031,10521600,A
2057016865,8417005,B
2793341067,10072292,C
2041723703,10072292,C
59083819,9611308,C
2082188082,9611308,C
2142568927,7879565,C
2142568927,7625714,C
2142568927,7691592,C
2142568927,7838288,C
2142568927,8298781,C
2017130610,7879565,B
2017130610,7425445,B
2017130610,7838288,B
2965071067,11476432,B
2943958878,11476432,B
2923911946,11476432,C
2946353353,11476432,C
1549694495,8752003,C
2513217656,10251562,A
2053716291,10058514,B
1980352405,10058514,B
2073626571,5997883,A
2073626571,6031374,C
2090145739,5879883,C
1982567482,5879883,B
1612641085,5827951,B
1980300350,5827951,A
2312459439,8790649,B
2042053929,4186183,B
2102440762,6447752,B
2102440762,6436443,B
2102440762,6447753,B
2070359486,11135228,B
2552303506,11135228,B
2100937282,5659505,B
2049424212,9902681,B
1988697119,7803557,B
2049424212,11135228,C
2951969442,7659406,D
1999259671,7659406,C
2055754429,7659406,D
2006811165,7659406,D
1965104099,7659406,C
757369056,9299176,A
2112363800,8743122,A
2141731264,8254242,B
2761649749,9856481,B
2911825271,11021773,B
1997606443,6870605,B
2160730846,5179564,B
2077405049,5863435,C
2077405049,6183642,B
2767487300,10739356,A
2146051079,7974325,A
2091870872,7974325,B
1985876645,7974325,B
1995576700,7974325,B
2089518818,7974325,B
2058547024,9281000,B
2058547024,8329773,B
2040119796,8771903,B
2059458343,7435734,B
2056312737,7217713,A
2059458343,7820660,B
2059458343,7217713,B
1521296808,8716172,A
2116475233,7974325,B
2126100926,6740735,B
2803848691,10670783,C
2883883173,10365416,B
2883883173,11550084,B
2151820053,8484153,B
2143111728,5134076,C
2021455850,9329169,B
1981190303,9249443,B
1981190303,8367370,B
1981190303,8367370,B
2065075903,8367370,B
2065075903,8367370,B
2092480242,8728291,B
2092480242,9448223,B
2092480242,9448223,A
2065075903,9249443,B
2332642151,9476811,B
2332642151,10232374,B
2557895048,10661261,B
2069251282,7384741,B
2133633828,6372430,C
1894521228,5635353,B
1894521228,5631132,B
1894521228,5426027,B
1894521228,5688644,B
1894521228,5645992,B
2126569368,7384741,B
2095172141,6005162,B
2120712152,8680140,B
2135044451,8552057,B
2073507052,8680140,C
1995290689,10034485,C
1998346343,9855225,B
2032909496,8637472,A
2032909496,8541377,B
2327273386,6264919,C
2327273386,6190641,C
2003518596,9649313,B
2167031456,9390496,B
2325655448,6456417,A
2152310029,8642308,B
2004725540,10915152,B
2019143753,6180334,B
2055204109,10029023,B
2030889647,10029023,B
2094358432,6200183,B
2094358432,6370165,B
2338592888,9662028,C
2338592888,9662028,B
2171395807,9713447,B
2171395807,9713447,B
118434755,9713447,B
118434755,9713447,B
2066654393,7709221,B
2897390518,10849991,B
2897390518,11400167,C
2899289292,11163207,A
2313396742,6852509,C
2048961513,8557258,B
2073311979,8703151,B
2075524871,8557258,C
2055001205,8557258,C
2123896403,8063018,B
2123896403,7456152,A
2020967640,4629652,A
2054537875,6284847,B
2059727098,5086033,C
2005744881,6780604,C
2005744881,6043055,C
1986678922,6222017,B
1986678922,6437097,B
1986678922,6043055,B
1986678922,6376247,B
2030710039,6043055,A
2030710039,6222017,A
2030710039,6437097,A
2030710039,6376247,A
2029566860,6043055,C
1974498643,6043055,C
2130318649,5840494,B
2145673451,6043055,C
1551919060,9487776,B
2165700182,5246844,B
2078567058,5246844,C
2021199206,6300101,C
2117985645,5571718,B
1515551373,5462868,C
1968086152,8000512,B
641630426,6617441,B
1938211295,6300101,C
2171604030,7858768,C
2786529229,10713317,B
2338368417,5753203,C
2338368417,5677430,B
2138064541,10227617,B
2320103409,9707550,C
2320103409,9707550,C
2085078678,4011229,C
2085078678,4011225,B
2006606740,4085108,B
2006606740,4011229,B
2734702925,9814548,B
2748512799,9814548,B
2070154394,9689760,A
2070154394,9689760,B
2126969698,7326554,B
1989097181,7755036,B
2160417756,9297027,A
2066713014,7069124,B
1979921554,4598153,A
1979921554,4762846,B
1507069049,7807821,B
171511943,9616141,B
1506430346,9616141,B
1604434114,4215036,A
2075957064,4647571,B
2075957064,4438124,B
2075957064,4434158,A
2518197907,11015120,C
2112171220,10383922,B
2112171220,11118185,C
2299459600,10174332,A
2164640990,7341747,B
1996878520,5066585,D
2063500915,9963712,D
2616840836,10531662,B
2085375471,5993881,B
2085375471,5985636,B
2085375471,6150408,C
2952553542,7132403,B
2166128892,9608780,B
2166128892,9608780,A
2166128892,8817588,C
2951357429,10572485,A
2060880346,6859808,A
2060880346,6826563,A
2026635761,8338566,C
2130835768,8338566,C
2129160812,8338566,C
2122459945,8338566,B
2124212824,9840634,B
2124212824,9840634,B
1877236600,9840634,C
1877236600,9840634,C
2613379777,10479905,C
2143909212,9840634,B
2143909212,9840634,B
2002610747,9168260,B
1986977065,9040488,B
1983577890,4695538,B
2331785337,9371534,B
2170731906,9278998,C
2026481732,6020538,B
2037424719,6235860,B
1968909151,9607429,B
1833132948,9607429,A
1833132948,9418473,B
1979990686,4666845,B
2324009747,10241173,C
2325780067,4962030,B
2041975837,5045464,C
2156552795,8203386,B
1994273836,8085044,A
1603551125,9417298,B
1603551125,9417298,B
2155608922,9910115,A
2537092901,4696536,B
2535510318,10241176,C
2535510318,10241173,A
2400930405,10241176,C
2606182999,10241176,C
2103350699,8076939,C
2890796524,10871534,A
2890796524,10901061,A
2088079961,8542579,B
2049247207,6921812,C
2060726511,4916398,A
2949442911,11373092,C
2949442911,11042715,B
2794669146,11354451,B
2794669146,10121011,B
2794669146,11354452,B
2811512169,10121011,B
2581256548,11354451,B
2581256548,11354452,B
2592757330,11200667,B
2685513656,11200667,B
2593431520,11200667,C
2748151168,11200667,B
2316200131,11200667,C
2951505611,11200667,B
2077565827,7125855,A
2077064549,7125855,B
2790790238,11414657,B
2069150111,9499633,B
2069150111,9499633,B
2743362255,11181599,A
1846596397,9240550,B
1846596397,9240550,B
1997651116,5874221,A
2060117785,7960171,C
2057938083,9293790,B
2057938083,9752245,B
1018705696,6683071,B
2301968449,10130961,B
2077605558,9642925,C
2019528313,4845552,B
1985369682,4845552,B
1593537155,6001628,C
1980791076,6617495,C
1517273206,6336051,A
2084134441,3956336,C
3013655254,10999216,C
3013655254,11025711,C
2988958963,10999216,B
2154740185,7960109,B
2146294552,7960109,C
2160343006,7600207,C
2160343006,7484198,C
2160343006,7767515,C
2038478020,7045195,B
2003516221,7247349,B
1892070681,6300082,B
1892070681,6251688,B
2610349426,10546244,C
2163521873,8366755,B
2023782505,5881170,A
2332451862,6190862,C
2072535601,6190862,B
2056237093,6190862,C
2338583691,10592690,A
2318072278,6190862,B
2059367464,6190862,C
2116861659,6190862,B
2048547433,5650008,B
2060117785,7655455,B
2060117785,7704733,B
2060117785,7704733,B
2924486308,11099191,B
1965649191,5831047,B
1965649191,5738999,C
2118254629,9862778,B
2786807833,9761669,A
1993601122,5804392,B
2105305240,5807272,B
2545739273,5807272,B
1763260612,5807272,B
1573253288,5807272,B
2012829543,5693492,B
2100349760,5807272,B
2041799010,9796714,B
2041799010,9796714,B
2093567891,7239717,B
2154903392,7006656,C
2123218196,7006656,A
2085640111,7006656,A
2800997629,10966622,A
2006028575,7787030,B
2006028575,8160293,B
1629637464,10966622,A
2075652908,7006656,C
2075652908,6831991,A
2075652908,6831991,A
2060772492,6080572,A
1994934131,9464322,B
2001906198,4632829,A
2142580481,7610153,A
2586143923,6014104,C
2512631279,6014104,C
2122802088,6218600,B
2486853698,10533010,B
2926677816,11208415,B
2278828177,10533010,B
2278828177,11596639,A
2320537872,9637498,B
1997749701,5223262,A
2125409872,7343552,B
2069147501,4963497,C
2007742611,9321920,A
2091092355,6323019,B
1965721038,6323019,B
2606068379,10988407,C
411996200,9981459,C
2064389088,8741563,B
2611643103,11150254,C
2899009493,11354339,B
2161872766,5751836,B
2780382027,10222324,A
2084661160,5986779,B
1965036518,5572596,A
2564691629,10244245,B
2564691629,10200701,A
2564691629,10321162,C
2564691629,10397585,B
1985028362,9197890,B
2897872264,11503324,B
2897872264,11418793,B
2556261813,9654806,B
2556261813,9900617,B
2556261813,9900617,B
2117958809,6920175,A
2971187037,11006114,C
2971187037,11405616,C
2890366048,10425648,B
2064674198,9445088,B
2064674198,9357235,C
2042137203,9124874,C
2145738871,9319657,B
2145738871,9445076,A
2897872264,10757417,B
1982329564,8483285,C
1982329564,8483285,B
2168786576,6133948,B
1967639540,5527666,B
2172677361,10093958,B
2055528707,7578939,B
2056020011,6200811,B
2007369592,9463235,B
2107751391,9463235,A
2112013900,9215986,B
2112013900,8602997,C
2112013900,9161700,B
2112013900,8808188,C
2112013900,8740802,B
2112013900,9668656,C
2073953596,9463235,B
2101121269,9463235,B
2041263144,9463235,C
2010899585,9463235,B
2076972579,9463235,B
1981348191,9463235,B
1508678358,9463235,B
2166599012,5871158,B
2318279343,7910739,A
2561617245,5876582,B
2561617245,5871158,B
2003945084,9076768,A
2022289285,9203030,B
2025278905,8541234,B
1887067292,11419680,B
1964442188,9145477,B
2141393334,8896833,A
2141393334,8665436,A
2104190448,6721734,A
1968876320,5234810,B
1969023498,5540078,A
1969023498,5497649,A
1969023498,5457984,B
2883589492,11274324,A
2028599797,9604973,B
2516282811,10675267,B
1905502445,4590072,B
2105296277,8831101,B
2147842455,9069192,B
2147842455,9069192,B
2168571473,9069192,B
2168571473,9069192,B
2016415524,9069192,A
2016415524,9069192,A
1968962727,9069192,B
1968962727,9069192,B
2033400019,9069192,B
2033400019,9069192,B
2027100465,9069192,B
2027100465,9069192,B
2180555938,10329378,B
1542137668,6274350,B
1999990246,7015001,B
1999990246,6521406,B
2029911489,5374523,B
2018964006,5338676,B
2001027098,7919215,B
2913952052,11416592,A
2789994485,11045582,B
2791063683,10520315,A
1618243288,4460556,A
1933369446,4377558,A
2093280986,5908176,A
2885323935,11099892,A
2885323935,10572306,B
2038552054,9173949,B
2064844509,9173949,B
2046411724,9173949,C
1981102368,9173949,B
2329607943,10108266,B
2324562428,9790605,C
2088586790,9411915,C
1964458192,9411915,B
2149940155,5591430,A
2149940155,5554506,B
2149940155,5585461,A
2149940155,6019987,A
2149940155,5851523,A
2153284406,5965535,B
2044420264,5686068,A
2948290164,11021721,B
2600013737,10903411,B
2219390340,10177297,C
2030114457,5438126,C
2016815486,4265308,A
2016815486,4258789,B
2908052785,11410746,B
2585480788,10393739,B
2398822086,9391644,B
2162620522,6369211,C
2162620522,6353089,C
2085143164,6426217,C
2162620522,7049413,C
2162620522,7252825,C
2162620522,6426217,C
1995810198,6511510,B
2039485707,9183870,B
1972772100,6952519,B
2168611997,10288610,C
157283203,7198954,A
157283203,7399636,B
1969656041,8916087,B
2606780729,10221208,B
2138021254,7827018,B
1905445387,10072041,B
1586544108,9045422,D
1586544108,9867371,D
2042081712,7618504,B
2028323416,7618504,B
2028323416,6669791,B
2140100637,5182377,B
275706453,4071408,C
2147751537,9556217,C
2147751537,9206221,B
2045625443,8799377,B
2011512447,6986819,B
2130179503,9880179,C
2130179503,9880179,C
2088713963,6986818,B
2012808239,4929950,B
2012808239,4963877,B
2331285314,8158548,B
2126423833,10238408,B
2022741501,5556655,A
2095135841,9724538,B
2095135841,8698795,B
2095135841,8554573,C
2095135841,8787648,C
2048076171,8554573,C
2048076171,8787648,C
2057072790,8604275,A
1990155352,4044154,C
2615746750,9951117,B
2615746750,9951117,B
2615746750,10752666,B
2242601390,9890503,B
2242601390,9238891,B
2176472661,7906283,B
2176472661,7795033,C
2588757561,10672933,C
2588757561,10084102,B
2558828242,10084102,C
1923873710,10084102,B
2212651059,10672933,C
2559869082,10672933,B
2559869082,10084102,C
2581227878,10672933,B
2581227878,10084102,B
2327706856,10084102,B
2517169113,10672933,C
2517169113,10084102,B
1714441262,8428102,C
2545603433,10652237,B
2001371194,7167489,C
1528348173,10448029,B
1528348173,10104385,B
1528348173,9948916,A
1528348173,9756337,B
2028939596,9319657,C
2028939596,9445076,B
2028939596,9900576,C
2020061493,6872981,B
2020061493,7009219,B
2072435611,9278522,C
2072435611,8562095,C
2135529495,8562095,C
2135529495,9278522,C
1993245877,4381394,D
1993245877,4393208,D
1993245877,4225526,D
1993245877,4221730,D
1993245877,4336199,D
2088982761,9206616,B
1991588386,9553223,B
1991588386,9553223,B
2141237492,8709213,A
2105343483,8440794,C
2038855142,6235497,B
2132672916,4857324,B
1955983346,9163067,B
2061659653,6664368,B
1978008432,9163067,C
2018304152,5780589,C
2083405688,7863937,B
2045093773,4665027,A
2150175161,4665027,A
2007513744,8392312,A
2007513744,8392312,B
2518172581,10462481,C
2518172581,10009626,C
2991413467,10462481,B
1986178557,7097991,B
1986178557,6790629,C
1487533979,6697186,B
1977656873,6697186,B
2117954486,6697186,B
2090574900,6697186,B
2055043763,6697186,C
7115645,6697186,B
2122700738,6697186,B
1997945404,6697186,B
2168604452,7471848,A
2045628006,6345119,C
3003949999,10588561,B
2053604203,10034738,B
2032707537,7547547,B
2045522175,10189934,B
2153374355,7109169,B
2296696768,9868894,B
2058954608,9522114,A
2032989272,7741310,B
1563150425,6771852,A
1563150425,6414765,C
2047224020,9688994,C
2324307413,5604127,C
2478217686,5478557,C
2478217686,5604127,C
1989688169,5604127,B
2007462681,5478557,A
2007462681,5604127,A
2167727526,5478557,B
2167727526,5604127,B
2093245072,5604127,B
2497463659,5604127,B
2139423616,7230700,C
2068616910,5887586,A
2070813582,4533654,B
2112168752,6197536,C
1985861913,6197536,B
1968561119,7895142,A
2333861812,5340577,C
2333861812,5478557,B
2333861812,5604127,B
2486692828,5604127,B
2159794654,9310768,B
2486692828,5478557,B
2486692828,5340577,B
2468609552,5604127,B
2334186328,5340577,C
2334186328,5604127,B
2022047887,5478557,B
2460534672,5604127,C
2136132343,5478557,B
2136132343,5604127,B
2117318246,5340577,B
2117318246,5604127,B
2124897222,5340577,A
2124897222,5604127,B
2314452026,5340577,B
2518978215,5308615,B
2024799321,5478557,A
2024799321,5604127,A
2518978215,5340577,A
2518978215,5604127,B
2981579469,11427843,A
2992973259,11427843,B
2018393176,8089314,A
2017463348,6623707,B
2148577665,7478277,A
2148577665,7047441,A
1975487475,8167804,A
2033646322,7569380,B
2033646322,7935511,C
2033646322,7244610,C
2105007526,7935511,B
2105007526,7244610,B
1975611796,5860929,B
2124059670,7318804,B
2078605996,6239865,B
2606915822,11174515,A
2606915822,11021740,A
1570637132,7908143,B
35629618,6013912,C
2764251502,10011854,C
2076920204,9441253,B
2076920204,9441253,B
2131690075,7935511,C
2089407963,8236525,A
1998120222,8709753,C
1987330488,9388434,C
2044864672,8962272,C
2044864672,8795991,B
2069527467,7244610,C
2165683741,8962272,B
2165683741,8795991,B
2093532461,9459984,A
2801023970,10064933,B
2035846676,9084757,B
2786938191,5949071,A
2009612264,6160866,A
2130776221,5218963,B
2163394623,5714577,A
2163394623,5945507,A
2025500877,4681761,B
2156077795,5945507,B
2080477461,4681761,B
2619953608,10436927,A
1975130070,9353006,B
2109451840,8883498,A
1987888718,5773569,A
1987888718,5830851,A
2322802297,4857329,C
2123440387,8585880,B
2418906824,10539508,B
2138567239,8060880,B
2156350502,6245602,A
2109863363,8397221,B
2109863363,8266598,B
1982995344,8816050,B
2078821998,8816050,C
1493566099,8495250,B
1493566099,8473582,B
2012401665,9330090,A
2000693577,8513624,A
2466222338,9663364,B
1971997586,5646029,B
2160417756,9873896,A
2160417756,9873896,B
1557207159,7825090,C
2011317531,7825090,C
2077282175,7825090,C
143424848,7825090,C
2004960625,7825090,C
1965768279,7825090,C
1989130418,7825090,B
2162102234,7825090,B
2092709199,7825090,C
2127596209,7825090,C
2084028745,9799842,B
2041004573,9799842,B
2132598458,8131475,B
1996841126,9799842,A
2043145023,9799842,B
2034962877,9799842,C
2019217572,8841549,B
2085086714,9799842,A
2892392661,11574704,B
2138908323,10532040,D
2885695268,11279757,C
2061155333,8103076,B
2168149815,5885768,B
2038280458,9539445,C
2044953551,6605232,A
26214791,7286760,C
2560811465,10851129,B
2560811465,11440931,B
2142075421,6183642,C
2089739946,6183642,C
2089739946,5863435,C
2054972635,5863435,C
2046322525,5863435,C
1966316470,10160680,B
2142075421,5863435,C
1993075174,5727010,B
1993075174,5509025,B
2124670857,5570386,A
2124670857,5727010,B
2124670857,5745516,B
2124670857,5936989,A
1967038866,6091753,C
1986303055,6091753,C
2320878158,8759367,C
1999329507,8759367,B
2130571980,6137817,C
2068199113,6563852,A
2547441914,6137817,B
2542001263,6137817,B
2140294755,5936989,B
2120646427,5509025,B
2120646427,5570386,A
2005941852,6563852,B
2158888181,6091753,A
2055714899,5936989,B
2145518692,5727010,C
2139824815,5936989,C
2139824815,6301282,C
2145518692,5745516,B
2115859580,6091753,B
2042528470,6091753,B
2042528470,5936989,B
1965482822,5502787,C
2004944259,5727010,C
43558867,6091753,C
1873699227,5509025,A
1873699227,5457709,B
2026605129,6091753,A
1977184565,6563852,C
2799297936,10803124,A
2118316826,9718760,B
1993811918,6020127,C
2123472185,9044433,B
2086831729,6429011,B
2049871931,5792647,B
2010243643,8030829,B
2793925292,10429243,B
2152116918,7892752,B
2004376799,5587304,A
2884672821,11140221,A
2624848022,10149070,A
2072568645,7564980,B
2802746041,11054423,A
2783129997,10479825,B
2516491391,10059601,C
2053133275,5478339,B
2264515047,5478339,B
2587137298,11154193,B
2793605195,11484198,B
2793605195,11154193,B
2082719504,6800476,B
2123826560,6800476,B
1971690942,8889845,C
2017513664,6836356,A
1987516720,8568756,B
1987516720,8247443,A
2020717402,7405050,C
1964466122,9415040,B
1964466122,9045476,B
1964466122,9751851,B
2144640625,7323340,B
2144640625,7326542,B
2001429874,4935363,B
2001429874,5378603,B
1947206877,4028389,A
2074699778,8535896,B
2078208642,8535896,B
321310444,5545815,C
2331679351,5410029,C
1967403572,9193792,A
2032243038,4591641,C
2032243038,4661590,C
1977973178,7615169,B
1976278094,6136324,B
2100321852,9714265,B
2100321852,9714265,B
2120910135,6282307,C
1973962259,6335980,C
1973962259,6898303,A
1973962259,6483934,C
2020180671,6240201,C
1983260859,5638458,C
2015841606,6724925,C
2015841606,6813375,B
2015841606,8265728,C
2015841606,6577752,B
2054648089,6898303,B
1970089523,6335980,C
2023649045,6724925,C
2023649045,6335980,C
2023649045,6898303,A
2023649045,6483934,D
2248886010,6240201,C
2053492382,6335980,C
2053492382,6282307,C
2048862521,6483934,C
2048862521,6577752,C
2048862521,6335980,C
2046794550,6335980,C
2046794550,6240201,C
2046794550,6282307,C
2046794550,6898303,C
2059432689,6282307,B
2059432689,6335980,A
2059080562,6335980,C
2059080562,6282307,B
2083432437,6724925,C
2083432437,6335980,C
2083432437,6898303,B
2083432437,6483934,C
2071692678,6335980,C
2071692678,6282307,C
2071692678,6483934,C
1993742540,5638458,C
2067387527,6335980,B
2067387527,6282307,B
2089760623,6240201,C
1999150174,8936774,B
2791573217,10939864,A
1990755598,7238724,B
2080660820,10939864,B
2602834027,10939864,B
2328645356,10939864,A
2112841085,7371400,B
2037682428,9176211,B
1964503338,10278583,B
1986750368,7153841,B
1968808411,6134049,B
2088009928,6134049,B
2090327941,6134049,C
2908063670,10505954,A
2060748551,8815604,C
2060748551,8815604,C
1995627334,6110892,B
2515386093,10777724,B
2050766622,7524815,B
2053388728,9155634,C
2078403864,9719144,B
1965815220,9862733,A
1965815220,9862733,A
2096885367,8338601,A
2161745121,7163682,B
45699704,4250262,B
2157926356,4150116,B
1959882852,4250262,B
2113263506,9296870,C
2138221681,8158135,B
2106365421,5691193,C
2033709930,9483595,B
2090077764,8053069,B
2090077764,8163060,B
2063090111,8088713,B
2784236716,11560421,C
2064266995,5147795,A
2046170803,5484537,B
3005910897,11590137,B
1967080751,7919673,A
2145141721,8030548,A
2051265923,8030548,C
2084139972,10213110,B
2115988963,6150459,B
2142449420,5623932,B
2142449420,5991653,C
1991492580,5991653,C
1991492580,5623932,B
1991492580,6258576,B
2056880228,5623932,A
2056880228,5421339,A
2001262880,6748349,B
2022278368,9768333,B
2022278368,9768333,B
2164961370,5623932,B
2164961370,5421339,B
2128741,4984597,B
2128741,4911761,B
2020517307,10016290,C
2016856119,10016290,C
2316835524,10016290,B
2078457597,10016290,B
2950292638,11360010,C
3011791788,11542530,B
2598706883,11483842,C
2598706883,11088751,C
2002141301,9572063,C
2062784766,6326176,B
2086518019,6326176,B
1994289015,6326176,B
2071011237,6326176,C
1972502496,6326176,C
1972502496,6589766,C
2895823716,10286713,C
2001044653,9097799,B
2009750207,8748591,C
2132288654,8343506,B
2006363902,8748591,A
2006363902,8343506,C
2116532529,8748591,C
2078100710,8748591,B
2045795313,8614082,B
2088993246,8792757,B
2074521664,5895756,A
2566838276,10718064,B
2128738760,8808933,B
2124801981,8808933,B
2044929993,8721584,C
2109137012,8721584,A
2040400599,9790274,C
2011897958,7371923,C
2074882631,4255519,B
2074882631,4202941,B
2074882631,4266023,B
2329095398,10437627,C
1579299304,7925711,B
1979564154,9372726,A
1979564154,9372726,A
2004312336,9823842,C
2004312336,9823842,C
2004312336,9372726,C
2004312336,9372726,C
2007812199,7132163,B
2084506568,7338590,B
2026244486,8568508,B
2002573455,8829183,B
2026244486,8075664,C
2057316004,8389715,A
1969460122,8540796,B
2040682615,8829183,B
2324832330,9255853,A
2088863741,8686218,B
2113143253,7859066,A
2113143253,7910979,B
2081481613,8895312,B
2145017303,8895312,B
1988623557,8293601,B
1988623557,8766351,C
2048353153,8274108,B
2048353153,8138489,C
2048353153,8659070,B
2113219851,6643439,B
2147581882,6643439,B
2017122932,6643439,B
2037766396,6643439,B
2014703678,7999161,B
2007700621,9614063,A
2190525190,9698254,A
2190525190,9698254,A
2190525190,9614063,A
2267171630,9614063,B
2258642168,9614063,C
2258642168,9698254,C
2258642168,9698254,C
2285912341,9698254,A
2285912341,9698254,A
2285912341,10128357,A
2285912341,9614063,A
2300656800,9698254,B
2300656800,9698254,B
2300656800,9614063,B
1762283362,6391639,A
2505437245,10526414,A
2161284534,10526414,A
2161284534,9828435,A
2161284534,9243068,A
2301400940,9243068,B
2301400940,10526414,B
2301400940,9828435,A
2902689957,10526414,B
2040132829,10188705,C
2026132179,8801934,C
1991555259,8240234,B
1995748035,9630007,A
2415369201,10493061,B
2808525170,10887198,B
2017129200,6139847,B
2104125466,8895015,B
2157653130,6762295,A
2329815048,10260052,B
1978381553,9808768,A
2071551134,9943809,C
2140719380,9250233,B
2056272548,9603670,C
2473728129,10502845,C
2473728129,10884139,A
2471380683,10502845,C
2471380683,10884139,B
2612702858,10502845,C
2005790673,9073175,C
2083235043,6893546,A
2953532078,11465784,C
2036827000,10172938,B
2089044236,9012127,B
2090193152,9926382,A
2061426737,5656206,B
1487175372,7241730,B
1969540480,7258790,B
1496787899,5736340,A
1997624709,4254340,B
2083356485,9611153,B
2149501736,10047128,C
2329970353,9546230,C
1968611493,9005923,C
1968611493,9005923,C
1973044023,9005923,C
1973044023,9005923,C
2979702629,11297338,C
2979702629,11363268,C
2515040016,9883682,A
2041883327,8829002,B
2041883327,8829002,B
2022673008,8618114,B
2076703549,7223474,B
2090477938,7688938,C
2089634477,7979255,A
2768154292,10403810,C
2562334709,5801657,B
2094755710,7061524,B
2122730216,10513540,A
2234983964,10525161,A
1989052682,7923398,B
2476003573,11241188,B
2163351539,5350580,B
2063285680,9737593,B
1939254345,4480042,A
2065081984,4458081,B
2065081984,4454326,B
2065081984,4347187,B
2102490765,8401626,B
1495579528,7324845,A
198820787,8403848,B
2131171853,8401626,B
1731203504,6436908,B
1604379466,4472502,A
2597685695,10682397,A
2965902314,11171511,B
2965902314,11502542,B
2991443021,11502542,C
2769071364,11502542,B
2947817355,11171511,B
2947817355,11502542,C
2947817355,11418165,B
2905205253,11171511,B
2905205253,11502542,C
2892222240,11171511,B
2892222240,11502542,C
2892222240,11418165,B
2769071364,11171511,B
2781562580,11502542,B
2746949125,11171511,B
2746949125,11502542,B
2798306988,11502542,A
2560775681,11502542,B
2889381389,11502542,C
2057823757,5648951,C
2057823757,5748599,B
2057823757,5757754,B
2057823757,5687153,B
2177828877,9095886,A
2065081984,4347186,B
2308906688,10202482,B
1599984390,5143839,B
2008648606,8258303,C
2040747894,5727013,A
2001065199,6947624,B
2001065199,7242825,B
2092277656,6968100,B
2001065199,7298954,B
2001065199,6968100,B
2092277656,6947624,B
2146566781,5238841,B
1983655161,5153130,A
2564914611,10351150,B
97051736,5496830,B
1544264739,4178226,B
1544264739,4221654,B
2049822183,8883799,B
2049822183,9546182,B
2937845643,7544617,A
2603914993,10719617,C
2603914993,10127393,A
1964015573,5798217,B
2333714803,7725210,B
1969850450,9717440,C
1969850450,9717440,C
1968705427,4683826,B
2036445164,9526240,B
2149025209,8173179,B
2044971018,9011891,A
2096939563,6274534,A
2905175929,11521074,B
2889669634,11029213,B
1573285225,5316939,B
1973970150,4710274,B
2127000806,10295543,B
2030074856,10144869,C
2132540229,6967957,B
2952301772,11370886,B
2312662638,5998699,C
2312662638,5349128,B
2312662638,5623066,C
2038885894,5349128,C
2037843486,5998699,B
2053630291,6015795,B
1919992048,5349128,B
2065782925,4569726,B
2091119032,5068425,B
2742157191,11566173,B
1566564853,7146695,B
2475801470,11327967,B
2167560473,7757433,A
2345981581,10201597,B
2088785518,9044486,B
2011499790,4656033,A
2054688126,5849919,C
2170030081,8177688,C
2151330110,8177688,C
2151330110,8007405,C
1508346553,6265376,A
2010336292,5266317,B
1981187570,4368194,A
1981187570,4312989,A
2092400318,10780298,B
2075418131,5512435,B
2624307986,10598773,B
2114677264,10780298,C
2114677264,10293187,B
2625808986,10598773,C
2073125136,10251657,B
2167688632,10598773,C
2553788531,10667831,B
2087313417,10780298,A
2118213324,10780298,A
2028549018,10780298,B
2810918590,10598773,C
1971385195,9636133,C
2074534138,10043922,B
2055121314,6242231,B
2397212000,9562156,A
2006979253,4981968,B
2594152146,10624991,B
2598409577,10942188,B
2142066525,10942188,C
2172592858,10942188,B
2061577148,10208085,C
2523338669,10821284,B
2523338669,11406826,C
2532884289,10821284,C
2532884289,11406826,B
2593755918,10821284,C
2593755918,11406826,C
2592266840,11406826,C
2096135252,9589361,C
2891206313,10546388,C
2891206313,11406826,C
2012292827,10821284,B
2012292827,9572981,B
2012292827,10546388,B
2604991654,11406826,B
2592929537,11406826,C
2901288575,11406826,C
1986981929,9589361,C
2169842741,9572981,C
2592495072,10821284,B
2885281984,10821284,C
2885281984,11406826,C
2885281984,10546388,C
1570869269,9589361,C
1570869269,9572981,C
1541166828,10821284,C
2893533932,10821284,C
2893533932,11406826,C
2893533932,10546388,B
2792505358,10821284,C
2792505358,11406826,C
2774467051,10546388,B
2774467051,11406826,C
2319705576,10102441,C
2077474857,9572981,C
2077474857,10102441,C
2755342957,10815458,B
2071697240,4871838,B
1991090874,8476482,A
1991090874,8476482,B
1988996628,9234081,C
1979735999,9085678,C
1979735999,8173255,B
1979735999,8173255,B
2032185915,9234081,B
2032185915,8691135,B
2042872773,9745427,A
2102306723,5998154,B
2755367247,11498203,B
2138459147,5324403,B
2134319935,9343067,C
2134319935,9343067,C
2124873014,8088374,B
1998568794,6086898,B
2155703113,7214380,C
2025257535,5991324,A
2166422604,9373088,B
2027166675,9373088,B
2063743146,9373088,C
2160414975,8792976,C
2170780622,9471870,C
2170780622,9373088,C
2171431653,8792976,B
2951851023,9471870,C
2153733683,8632989,B
2146718430,5091580,C
2146718430,5041674,B
2101393803,5041674,C
2082515180,7118512,B
2017503853,8007105,B
2317194961,10780291,C
1971410863,10780291,C
2041055936,10780291,C
1968575659,8507220,A
2741059496,11513122,B
1995008233,8357279,B
2110477558,10780291,C
2043543344,9448296,A
1981264122,7976877,B
2125524835,6852751,C
2018248686,6852751,C
2123784204,8433802,A
2123784204,8301746,B
2059423113,9921809,B
2059423113,9916135,B
2059423113,9916135,B
2775018622,11459554,B
2077948966,8239052,B
2117155528,8795996,B
2117155528,9506088,B
2162296466,7412897,B
2982207092,11029250,B
2771264045,10641974,B
2158424052,6072433,B
1984670499,9658087,B
1984670499,9658087,A
2039160619,9598338,A
2172016740,9052895,A
2060835359,5858399,A
1996986868,6197139,C
1248555441,5844056,B
1983684377,5792073,A
2897381263,9901903,B
2065163637,9127076,B
2065163637,8486887,C
2070217908,9745521,B
2070217908,9932430,C
2156255649,5272005,B
2156255649,5387383,B
2126050353,5387383,B
2126050353,5272005,B
2080326455,7547767,B
2015133493,9441255,A
2994996952,10977794,B
2015376184,8653500,B
2743013258,11124644,B
2898537646,11124644,C
2134168315,9509028,B
2079904605,8748152,C
2002695959,5474700,B
2055775822,9322043,B
2140766788,6656575,C
1999319877,6610684,A
2046940704,7260483,B
1577889515,5857258,A
2068515585,5532156,A
2068515585,5866420,B
2154080148,5532156,B
2154080148,5866420,B
2001505285,10134423,B
2088654033,9931434,C
1979795847,9931434,C
2140972828,8722338,C
2735646368,10562404,B
2041194762,4832464,A
2008438047,4810046,A
2258248618,9846348,C
2104986587,8455652,C
2104986587,8476043,C
2095079436,9034903,C
2140226240,9296693,C
2075418127,9029401,C
2025399924,8455652,B
2025399924,8476043,B
2132608896,9296693,C
2132608896,8455652,C
2132608896,8476043,C
2147590388,9296693,B
2147590388,9034903,B
2119391523,8455652,B
2119391523,8476043,B
2119391523,8188289,B
2103332290,8476043,C
2080431611,9120799,B
1965697927,8188289,C
1965697927,7662910,C
2101363502,10322118,B
2015296161,7662910,B
2015296161,8188289,A
2164701731,8188289,C
2164701731,8455652,C
2164701731,8476043,C
2269497977,9675607,B
2269497977,9675607,B
2071170753,8921058,B
1978525961,6372214,C
1978525961,6858397,C
1978525961,6537548,C
1978525961,7094553,B
1978525961,6767712,C
2138768135,5750361,C
1978525961,6562341,C
2018675827,5750361,B
2258822090,5750361,B
151143661,5565186,B
1551269584,7730000,B
2129160848,7870082,B
2129160848,7730000,B
2083276585,9372111,B
2560910767,10894956,B
1645365656,6670195,B
2041190259,6753157,C
1984736492,8512755,B
2604123083,10898583,B
2323439908,10183080,B
2344803639,10243485,B
2344803639,9899937,B
2334034497,9304124,B
2292053926,10243485,B
2292053926,9899937,B
2904360862,11012003,C
1959517347,10243485,B
1959517347,9899937,A
2158207799,8330403,A
1866327060,10300074,B
2334933178,4761280,A
2033416638,8242003,A
2752209448,6372241,B
2040153473,7513619,B
2317436025,10222522,B
2766557264,11564993,B
2798848703,10228409,C
2681824506,11200667,C
2016443424,5100646,A
2626682118,11200667,B
2896183565,7107118,A
2790296028,11200667,C
2904412814,11200667,B
2345311358,9463234,C
2345311358,9463234,C
2345311358,9808520,C
2609962620,9808520,C
2027560652,9808520,C
2027560652,9352032,B
2027560652,9463234,D
2027560652,9463234,C
2055429537,9463234,C
2055429537,9463234,C
2191767739,9352032,D
2067351227,9352032,D
2067351227,9463234,C
2067351227,9463234,C
2067351227,9808520,C
2107423735,9352032,D
2107423735,9463234,A
2107423735,9463234,A
2107423735,9808520,B
2191767739,9463234,C
2191767739,9463234,C
2191767739,9808520,B
2387491599,9463234,C
2387491599,9463234,B
2387491599,9808520,C
2540080277,9808520,A
2035948945,8961996,B
2616979783,9808520,D
2035948945,8114852,A
2035948945,8133495,C
2146795482,8426575,C
2146795482,8961996,C
2055429537,9352032,C
2508320949,9808520,C
2794720805,9808520,C
2039277389,8133495,C
2039277389,8114852,C
2055429537,9808520,B
2039277389,7332170,B
2039277389,8846055,C
2039277389,8846055,C
2083406763,8133495,C
2083406763,7332170,B
2083406763,8846055,C
2083406763,8846055,C
2089086021,9334645,A
2089086021,9334645,A
2089086021,9410312,B
2159724596,5750361,C
2765241621,5565186,C
1834826994,5565186,B
2091999218,5565186,B
2168941300,11173168,B
2167185634,10765755,A
2985159299,11365420,B
2946334382,10772843,B
1984980297,8961996,B
2094664049,8133495,A
2086837310,8961996,C
2094664049,8961996,C
2002206225,7332170,B
2010133928,7332170,B
2010133928,8846055,A
2010133928,8846055,A
2046887653,8133495,C
2046887653,8846055,C
2046887653,8846055,C
2126066596,5565186,B
2282292093,5565186,C
2061150431,5750361,B
951074575,5565186,B
23615671,5565186,B
2147838596,5565186,B
154664776,5565186,B
1966382960,5750361,C
2482757776,6858397,C
2482757776,7094553,C
1965241205,6586174,B
2023441277,7682618,C
2081890571,7682618,B
2060433393,7428199,C
2047716187,7194750,B
2047716187,7428199,C
2032154790,7682618,C
2053394078,7682618,B
2108394482,7682618,C
2056603312,7682618,C
1502187993,8115061,B
2020773196,9611173,B
2020773196,9611173,B
1502187993,7803988,B
2163175336,9393271,B
116828261,6517804,A
2105809986,8557148,C
2073711819,9328310,C
2026858958,9328310,C
1986752435,9328310,C
2047722735,9328310,C
2073269722,9328310,A
2946311110,11219653,B
1629361723,10402503,A
2081035812,4959284,C
2393854800,10494424,D
2393854800,11447568,D
59071580,8389568,C
59071580,7705022,C
2316219117,6214937,B
1981798284,4342849,B
2062383024,6214937,C
2062383024,5804664,B
2039853075,6214937,A
1994778725,6214937,B
2173387723,9695286,B
2064581376,5844056,B
2064581376,5840814,B
2064581376,5804664,B
2397944436,10301421,B
2026958899,5395885,A
2179660972,6214937,C
2027090236,8277661,A
2118598547,8277661,A
2058071436,4870026,B
2740114626,10064653,B
2163481018,7626010,A
2766521085,11222304,B
2057480797,9430817,B
1967838681,6462171,B
38537726,6670195,B
2137344167,6670195,B
2091002909,7737189,B
2099495321,6670195,C
2122093493,6670195,B
2082602549,6489541,B
2082602549,5919998,B
1991287897,8729088,B
1972685970,6388800,B
1972685970,6466712,B
2060357748,8363923,B
2619242215,11349117,B
2528514727,10763491,C
2472629541,10763491,B
1438301868,10763491,B
2005799934,10566632,C
2005799934,10763491,C
2408701635,11201325,B
2290254232,10763491,D
2260891385,10763491,C
1980517930,10763491,C
1980517930,10566632,C
2605804924,10701102,A
2075098791,4894338,B
2048414576,9129691,B
2048414576,9450020,C
2318529932,9343658,A
2089024114,9129691,B
1969683207,8244341,B
2590458491,10346738,C
2027718334,8175859,A
1992656071,7842775,B
1992656071,7754843,B
1992656071,7842733,B
2612688942,11514325,A
2122508875,6300065,B
1965632111,4873190,B
1969669223,4874845,C
1969669223,4873190,C
2153021768,8883171,A
2462548304,10391098,B
2462548304,11142764,B
2547094284,11134886,B
2069099760,7401041,A
1975190552,4440871,C
2254214813,10805259,C
2912035137,10805259,B
2155984290,8224681,B
2404215012,11384133,B
2099580557,6699658,B
2099580557,6696251,B
2099580557,6331391,B
2099580557,6423538,B
2016945436,4874845,B
2055710318,8372831,C
2996987780,11523995,B
2033480003,6927208,A
2033480003,RE40987,B
2092520354,7892584,B
2121447880,7892584,B
2008835803,7892584,C
2025762202,7892584,C
2031892739,7892584,B
2040531236,7892584,B
2099303476,7892584,B
2056480785,7892584,B
2097199099,7892584,A
2412334679,10017388,B
2083975190,8986757,B
1984779579,9168272,B
2536330748,10913736,B
2123474966,7767407,B
2033692931,8603384,B
1997946896,8960005,B
1981569870,8960005,A
1971400126,8960005,A
1987490683,7838560,B
2121033530,8078974,B
2121033530,9069872,B
2113347069,8930357,B
2133002765,7107254,B
2116681368,10266806,B
2055710366,9522378,A
2605339529,10967364,B
2064380275,6187505,B
2091243484,4913891,B
2510402218,10232023,B
2510402218,10857201,B
2054140923,9050279,B
2054140923,9050279,C
2054140923,9243051,B
2002556051,8685404,B
2094700446,8491913,C
2011807045,7428434,A
2065966553,7248909,C
2041366103,5424843,B
2036808326,9776977,B
2277107147,10736974,B
2002675832,9044468,C
1973269553,9044468,B
2473278896,9694091,C
2473278896,9694091,B
2088297981,5101003,C
2788480230,11574741,C
2788480230,11197618,A
2332263393,10134590,C
2587069721,10134590,C
2519865891,10134590,C
2145536472,8642046,B
2521042647,10134590,C
2198426544,5660825,B
1967187351,9694091,B
1967187351,9694091,A
2089744727,10369192,B
2052043365,9354329,B
2017146017,9386308,C
2017146017,9386308,C
2017146017,9794601,C
2017146017,9794601,C
1516984646,9272071,B
2118314386,5717921,B
2161215542,5331568,A
2312656909,9863985,B
2130362498,7769115,A
1998677418,7864880,A
2122168430,7280604,B
2162244186,7190734,A
1519911649,7864880,B
2115267361,7430243,B
2006315535,10139800,B
1856732131,7738545,C
1899885128,7190734,B
2138634465,7342972,A
2137359459,6912241,A
2541821910,7340009,C
2541821910,7496128,B
2478189222,7280604,B
2541821910,7561613,A
1525814078,7342972,A
2962729054,9863985,B
2103783548,7224744,B
2106176110,7864880,A
2798571323,10796715,C
2028066831,3981890,D
2028066831,4101553,D
2028066831,3978057,D
2080545910,8153020,B
1992451410,7943324,B
2091343073,7190734,B
2013087772,9403543,B
388158451,8964989,C
2208667403,8964989,C
1777405998,5007936,B
2168225704,7496128,C
2168225704,7561613,B
2156847581,7864880,B
2054539315,7561613,B
2054539315,7340009,C
2054539315,7496128,B
2540978687,7738545,A
2166743934,7430243,B
1976387847,8308665,B
1539287553,7280604,B
2536242122,7561613,B
2536242122,7496128,C
2166787984,7430243,A
2139919946,7342972,B
2089880789,7190734,C
2096141945,8266563,A
2590841683,11038263,B
2047728584,8846883,B
2047728584,10344047,B
1974518329,8846883,A
1974518329,10344047,B
2017870693,9915919,B
2017870693,9915919,B
2026190929,6790449,C
336954882,7201907,B
1595049216,6689367,C
2748047823,11273214,C
2748047823,10808012,C
1974546818,6790449,C
2099040694,6923971,B
1977529952,5532149,A
1977529952,5532161,A
2009666341,5850479,A
1993892461,5953452,B
2116588733,8637268,B
2075426829,9594267,B
2075426829,9594267,A
1508806467,6038538,A
1508806467,6278977,A
2074615149,10316361,B
2020669859,7858317,B
2012488194,7858317,C
2092129342,7858317,B
1980737426,6835541,B
1992094476,6770696,C
1997090313,9301509,B
1978070251,7192593,B
2168558662,7704509,C
2117847105,7314631,B
2117847105,7201907,C
2117847105,7250171,B
2117847105,6410023,C
2117847105,7192593,B
2108178211,6713066,C
2108178211,7846455,C
2112760847,6699476,B
2112760847,6713066,C
2112760847,7846455,C
2106450636,7846455,C
1989279533,7201907,B
1989279533,7192593,B
1971752503,9937196,C
1607942782,6699476,C
1607942782,6713066,B
1607942782,6689367,B
1607942782,5993824,A
2131271168,7485440,C
2104386794,7704491,B
1971781162,6689367,C
1971781162,6713066,B
2018838110,9937196,C
1998406588,6410023,C
1998406588,7250171,B
1998406588,7314631,B
1998406588,7192593,B
2069293148,7803566,B
2079532922,7803566,D
1804356366,8067535,C
2104236554,6790449,B
2567490580,10808012,A
2567490580,10655109,C
3004006053,11332721,B
2979663204,11332721,C
2063887176,7622123,C
2979663204,11390651,C
2063887176,7919301,C
2063887176,8367074,C
2171917679,7704491,B
2100325674,7704509,C
2003233817,6790449,C
2158442131,7250171,C
2158442131,7201907,C
2158442131,7314631,B
2158442131,6790449,C
2158442131,6410023,C
2944647874,11332721,B
2944647874,11390651,C
175214203,6790449,B
1980436917,6410023,C
1980436917,7192593,B
1980436917,6790449,C
1980436917,7250171,C
1980436917,6713066,C
2069568088,7820181,C
2069568088,7704509,C
2027638537,6410023,C
2027638537,7192593,B
1975542979,7820181,B
2411325963,6790449,C
2166982260,7704491,B
2066245419,7704491,C
2106953210,6790449,D
2106953210,7201907,B
2106953210,7250171,B
1588021844,6713066,C
2129370603,7485440,C
2948088817,11332721,C
2131536306,7250171,C
2948088817,11390651,B
1965893133,6713066,C
2042310757,9937196,B
1966820106,8367074,C
1966820106,7919301,C
2039869553,6410023,C
2039869553,6713066,C
3007664578,11517900,B
2101061719,8889908,B
2116651374,9453057,C
2016149769,6908617,C
2564709121,9975848,B
2010521915,6908617,C
1837383530,7048929,C
2157585612,6908617,C
2157585612,7048929,C
2157585612,6716429,B
2131550599,6716429,C
1628484047,6908617,C
1628484047,6716429,C
1997989849,6908617,C
2098781795,6908617,C
2150881768,6716429,C
2564058179,9975848,C
2140457265,6716429,B
172638136,9346694,B
172638136,10005683,B
2419527672,9352990,B
2419527672,9346694,B
2419527672,10005683,B
2097102260,9352990,B
2097102260,10005683,B
2071925145,9346694,C
1930242741,10005683,B
2603093875,9959407,B
2007856745,7482296,B
1142618116,10792268,B
2298706845,10646462,B
2298706845,9138420,B
2298706845,10792268,B
2171282403,9048079,C
2730152726,11152700,C
79275981,6051427,A
79275981,5858740,A
2026901855,7250299,B
2043635580,8399439,C
2043635580,8193170,C
230897955,5302262,B
2096814394,6815090,B
2096814394,6534199,C
2071908553,7790892,C
2071908553,6803121,C
2003914387,5216331,B
2040821151,6687082,B
2040821151,6466416,B
2073623044,5965718,B
2093222011,10169498,A
2119457472,7474257,B
2133065638,7474257,C
1947046237,7474257,B
2142109443,7474257,B
2142109443,7602331,C
2792978659,7535412,B
2792978659,7474257,B
2054226916,4393052,C
2054226916,4366149,C
2160882893,7474257,B
2891606775,7474257,A
2138581710,7474257,A
2143536854,7474257,B
1967912056,4868204,B
2136666303,7474257,A
2003422665,9403763,B
2007243487,6716429,C
2101758190,9262005,A
2101758190,9600090,B
2101758190,9612743,A
2101758190,8988366,A
2167606261,5393351,A
1634028699,9611318,A
2146976683,10079616,B
2607107281,10693521,B
2168298345,9141253,C
2168298345,9141253,C
2168298345,9465503,C
2168298345,9465503,C
2032047060,5997762,A
2899708792,11230737,B
2291851895,6530917,B
2182901508,6530917,B
1976391982,6530917,C
2001365776,6530917,C
2185243663,6530917,C
142203701,6530917,B
155514913,6530917,B
2040907170,6530917,B
2115922642,6530917,B
1565799105,6359197,B
2951776941,10875896,B
2008599579,7166691,B
2109826867,7166691,B
2414940347,9995735,C
2972000892,11479732,C
2164755290,7752233,A
2963789641,8458556,B
2155585954,8458556,B
1996465640,8458556,B
1976611505,8458556,B
2085273837,8458556,B
2011305240,8458556,B
1973338115,8458556,B
2163135112,8961978,B
2613202451,10058505,A
2525969270,9593159,C
2907837283,11237085,B
2000306281,7282576,C
2025219271,9142787,B
3013779282,11457854,B
2117748371,9241454,A
2907558063,10213503,B
2939239998,10213503,C
2086427909,9971048,B
2086427909,9671508,C
2323571783,4939255,C
2014348613,4495103,B
2155380502,8318425,B
2012851833,9062305,B
2012851833,9062305,B
2597860361,10150953,B
2137936258,10401792,A
2026895070,10401792,A
1980676767,10401792,A
2296195235,9614676,B
2296195235,9614676,C
2296195235,9467451,C
2296195235,9558359,B
2013902432,6638846,C
2013902432,6531408,B
2088767688,9450173,C
2088767688,8487515,B
2164905646,8401264,A
2164905646,8401264,B
1966250844,6094199,C
1966250844,6133921,A
2013749858,6638846,C
2604115512,10791931,B
1592496685,10353007,B
1592496685,10386418,A
1980390632,7298086,B
1980390632,7336027,A
2010147889,8350061,B
2080986526,5795857,B
2076435646,5795857,B
2141813412,6664371,B
1986292883,5185850,B
2150637666,10219895,B
2052755892,7277521,B
2052755892,7529332,B
2052755892,7483509,B
2052755892,7474725,B
2035529315,4607255,B
1994284515,6210946,B
1994284515,6815200,C
1967991835,3969182,A
1564173292,6955808,C
1991882807,6955808,C
2023635870,5064811,B
2023635870,5135857,B
1530653975,6689605,A
2167259192,6955808,B
1963555577,6555368,B
2019160742,6955808,B
1988132973,6955808,B
2025799772,6955808,B
2060802984,6955808,B
2033113023,7733008,B
2012875805,7031893,A
2029448492,7820590,B
2040717113,6692717,B
2334306498,9662351,C
2334306498,9662351,C
2334306498,9744189,C
820504587,6487866,B
820504587,6742926,B
2043263549,6300523,B
2018631598,7784732,B
2319432563,10191009,C
2009579719,8968542,A
2009579719,8968542,A
2989614000,11382681,B
2083338736,8968542,A
2083338736,8968542,A
2036940407,6165787,B
2036940407,6011018,B
2036940407,5869337,B
2036940407,5830462,B
182452328,7045313,C
1530064612,7298839,B
1530064612,7440569,B
1530064612,7769167,B
1926294983,7045313,C
2002428123,7045313,C
2078685026,7045313,B
2011152880,7045313,C
1599551995,10238689,B
1599551995,9801909,B
1599551995,9801909,B
2069433087,6265715,B
2474933210,9671447,C
2000203078,7045313,B
2132138777,6171596,C
1970523342,5935832,B
2090748090,5935832,C
2065705930,8956835,B
2004767176,7033595,B
2084563357,9551047,C
2079087970,8956835,B
404431618,7045313,B
2123158636,9879231,C
2123158636,9879231,C
1759660421,7045313,C
2129478007,6171596,C
1497966281,5506099,B
2787438791,10330637,B
2309234657,9852927,B
2611020845,9852927,B
2135228181,10940332,B
2476346479,10940332,B
2021458195,9676895,A
2061319887,7089927,C
3008982691,11251430,C
2089745781,5428001,B
2085559743,5773269,A
1985100035,8420382,C
2120138780,5856133,C
2120138780,5859201,C
2120138780,5856132,C
2120138780,6017763,C
2120138780,5869271,C
2120138780,5874273,C
1964867222,5393776,C
1564048311,7811819,A
1984018431,8962867,B
1984018431,8399688,B
2041142590,8148553,B
1968324682,8962867,C
1968324682,8399688,C
1980539765,9725776,B
2031703259,8962867,B
2031703259,9376411,B
2057594088,8217480,B
2018081414,8217480,A
2520642722,9831372,C
2520642722,9799785,C
2520642722,9799785,B
2065005869,8217480,B
2029997981,8217480,B
2034014014,8217480,B
2078945907,9647164,B
2078945907,8217480,B
1687885898,9799785,B
1687885898,9799785,C
1687885898,9831372,B
2156385811,8217480,B
653424888,9647164,C
653424888,10872987,C
653424888,9831372,C
653424888,9799785,C
653424888,9799785,C
1997875969,7745815,C
2066947588,8217480,A
2258371812,9799785,C
2258371812,9799785,C
2580390312,10872987,C
2580390312,9831372,B
2580390312,9799785,B
2580390312,9799785,B
1979690208,8217480,B
2007675949,5155122,A
2007675949,5376670,B
2007675949,5256680,A
2044491523,8217480,B
1756857524,8217480,B
2088346541,6521967,C
2800108104,10618954,A
1992448392,9362955,A
1992448392,9362955,A
1992448392,9116826,A
2111098268,8279959,B
2111098268,8223897,B
2171211668,6521967,B
2581119636,9831372,C
2003344980,6521967,B
2616508280,9831372,B
2090836197,8217480,B
1985810791,8217480,B
2018285495,8217480,A
1972199294,6521967,C
2011948884,8217480,B
2040367754,6521967,C
2352761987,8217480,B
2068187027,9297048,B
2090425434,9970060,B
2090425434,9970060,B
2023904571,5652439,A
2063959484,4741999,B
2199371851,10368246,A
2304143969,10368246,B
2518942300,10368246,B
2585450647,10368246,B
2994743175,11164312,B
2052449216,9464344,B
109642580,10198454,A
2011925230,8268569,B
2011925230,8101367,B
2152358994,5652439,B
2152358994,5646760,B
2004028476,6528510,B
2532655432,10103057,C
2139840825,7906156,B
2126100180,8084422,A
2001167858,6678323,A
2017339178,7805198,B
2612570670,11318298,B
2022857227,8121700,C
2022857227,8126565,C
2022857227,8121699,C
2022857227,7983758,B
2054457381,7805198,C
2064312534,8209026,C
2064312534,8027734,C
2064312534,8209025,C
2054457381,7920925,C
2054457381,8180455,C
2014011816,8295937,C
1998762027,8027734,C
1998762027,8121699,A
2885281984,11317842,C
2885281984,11376431,C
1998162837,7729775,B
1998762027,8103354,C
1998762027,8126565,B
1998762027,7983758,B
1998762027,8121700,B
2885281984,11452866,C
2946659281,10436978,B
1544683396,6744052,C
2000869171,8772741,A
2603238124,10217607,B
1964955179,9074186,A
1964955179,9896660,A
1964955179,9896660,A
2134766739,9861832,B
2065235461,8569455,A
2515870407,PP25223,A
1980964205,10426850,A
2938371482,10039845,C
1976894255,8080394,B
2983359442,11473568,B
2471933653,9879167,B
2054348148,8980955,B
2112150865,5795974,B
2608866761,10792332,B
2316232982,9139920,C
2082001372,6269380,A
2082001372,6324551,A
2082001372,6253217,A
2082001372,6562076,A
2082001372,6240429,A
1996592127,5039223,C
2021456894,4383171,B
2030906790,9819558,A
1667978735,7331714,B
2091583950,9663364,C
2080256398,9254316,B
1837902184,9694062,A
2050608587,9645147,C
2050608587,9254316,B
2011406504,9694062,B
2159429940,8442630,A
2059992194,8010193,B
2059992194,7206633,B
2530925469,11131673,B
2015130740,4816447,B
1997322450,4782062,B
2733415199,10782287,B
2581280823,10563244,B
2087519558,6103121,B
2087519558,6139742,B
2009412596,6103121,B
2009412596,6139742,B
2069719700,9221953,B
2145162929,9145491,B
3026083210,11065262,B
2624896365,11065262,A
2082908735,9494604,B
2082908735,9494604,B
2163447687,6465185,C
1909203679,8039208,B
2117098821,7892752,B
2117098821,8039208,B
2133041565,8039208,C
2072444542,5332790,B
2072444542,5202480,B
2072444542,5300683,B
2072444542,5322904,B
2072444542,5322903,B
2022412760,8734815,A
2155882549,8734815,B
2984743991,10877749,A
2159322115,9222110,B
2175647908,7160517,A
2104880742,6891961,B
2104880742,6751364,B
1968157175,6573366,B
2053260978,5349712,A
1972804845,9023964,C
2198715944,10864261,C
2198715944,10188718,B
3022236057,10669353,C
2904357465,11191822,C
3003360215,11208651,A
2200600403,11406739,B
2060428196,7815755,C
2073875643,7416617,B
2043528452,7424218,A
2119781527,7292257,B
2119781527,7142209,B
2119781527,7286143,A
2119781527,7221366,B
2080701608,6879731,A
2080701608,7382931,A
2080701608,7142723,A
2080701608,7010174,A
2121671560,8404225,C
2063310783,7869567,A
2062554507,9171650,C
2077310269,9171650,C
2060281810,7869567,B
2041984304,7869567,C
1998500684,7869567,A
2120502561,9171650,B
2120502561,9164045,A
2015328731,9171650,B
2151903233,7664227,A
2090860705,9164045,A
2090860705,9171650,B
2058256857,9171650,C
2058256857,9164045,A
2097719245,9944965,B
2097719245,9944965,B
2766343074,11308645,B
2943913397,11185256,B
2905307151,11189432,A
1599228348,10317498,C
2154524479,10317498,B
2136670913,10317498,C
2885354246,11321117,A
2106669882,8473952,A
2106669882,9430275,B
2604785265,11200667,B
1980455781,8173579,C
2031194144,8173579,C
2162134163,8173579,B
2056477218,8173579,C
2002607805,8173579,B
2065682731,8173579,C
1972461961,8173579,B
2040597571,4948975,B
2082886608,7906968,B
1969636933,8354844,B
1997794697,7878993,A
2152784435,6915016,A
2106908340,6915016,B
2132331532,9058908,B
2593915599,10400288,B
2593915599,10358681,C
1159873583,9090702,C
2138941031,9090702,C
2069452968,10106854,B
2140220221,6068446,C
2763992416,10993430,B
2020991157,7209880,B
1704989917,5363098,A
1980690375,8758913,B
2075633855,8758913,B
2065795429,5198535,B
2003120440,5095093,B
2058466566,5198535,B
2026529517,8586086,B
2592169277,10801065,B
1983287226,7151087,C
2102953093,8209182,C
1574583510,6066623,B
2037896435,6066623,A
2087607155,4581211,C
2087607155,4581212,C
2087607155,4680170,C
2087607155,4593138,D
1987578393,7393692,B
1987578393,7393691,B
2068758102,7176286,B
1980625202,6825342,A
2053086171,6151337,B
2140200315,6151337,B
2164212607,6151337,A
2076325154,4978659,C
2076325154,4962101,C
1969035315,7957181,C
1969035315,8064245,C
1994232032,5853509,B
1994232032,5811672,B
2033759684,5907091,A
1951831558,9336846,C
2070946037,8385107,B
2070946037,8391053,B
1975825031,9165626,B
1975825031,9754653,C
1975825031,9754653,C
1975825031,9331268,C
1975825031,8885397,B
1975825031,8797793,B
2164745518,7411817,B
2151321029,6996385,B
1997394709,8861574,B
3012712291,11278226,C
2013666496,9345448,A
2087232527,9345448,B
1977766355,9345448,B
2058937752,9642600,C
2081625817,9345448,A
1996733982,9345448,A
1996802971,5667905,B
1996802971,5580663,B
2095256778,5667905,B
2095256778,5580663,B
2473860408,10377781,B
2792842335,11040021,B
2964369406,10525029,B
2071220861,5580663,B
2071220861,5667905,B
2011393786,5580663,B
2012633586,5667905,B
1970026944,5667905,B
1970026944,5580663,B
2790420215,11160715,C
2539922692,9718557,A
2895408299,10584340,A
2990242243,11570070,C
1969970105,9249100,B
1973059755,6868721,B
1971011105,7851469,C
2019303521,8797221,C
2004813038,8987207,A
2035019807,8877213,B
2011398815,6090343,A
2011398815,6214079,A
2346664395,11371736,C
2026899492,7314858,B
2026899492,6713078,B
2787961050,10717777,B
2521731765,10717777,B
2876539735,10717777,B
1886841644,7718610,C
2038593071,9704093,B
2580352042,11597903,B
2117684846,8938404,C
1410036486,4767888,B
2031510145,6057094,B
2001575094,5783412,C
2018380104,5643330,B
2130426352,7505902,B
2559126049,4834017,B
2118300874,5331222,A
1979640743,7785564,B
1981150966,8286490,B
2035845594,8286490,B
1965901513,5504076,C
2743147755,10216013,B
2555215545,10093720,B
2085914785,4722888,A
2087918963,8027304,B
2039567289,4751828,B
1593264421,5689048,B
1967039792,6310091,A
1587587543,8497249,C
1982771532,5931779,B
2028984672,5931779,B
2076037531,5075094,A
2607445637,8153765,B
1982419591,6790646,B
2023065009,5252574,A
1979888971,9512209,B
1488659741,9512209,B
2073443278,8519330,C
1854775519,8742338,C
2045735260,6019981,B
2035649815,8420072,C
2043773380,6153202,B
2077684107,6153202,B
1593691014,6019981,B
2007682045,5624823,B
1978669432,6921267,A
1994855175,4701414,C
1902188623,4762780,B
2010860603,6558942,C
1525123033,6111191,B
2071395959,4631673,B
1984550627,6706724,C
2889984933,10501493,A
2170243062,8501692,B
2107454306,8637009,B
2131985675,8501692,B
2586020251,10973903,B
2586020251,10548966,C
1737901895,5814510,B
2101929693,6724255,A
1974947470,5580769,B
1974947470,5565549,B
2028374869,5543131,C
2098034877,5538856,B
2024041349,5543131,C
2171478200,9414427,C
2171478200,10064229,B
2603516620,10722250,B
2169387969,6920398,C
2033808042,6136532,B
2033808042,6750010,B
2161028932,8323952,B
2116501809,8323952,C
2066001647,5922773,B
2092862499,9655990,B
2092862499,9655990,B
2472221373,9737566,B
2020595161,9397185,B
2106915606,6600030,C
2004060588,5998150,B
2156904056,6600030,C
1994173489,6600030,C
2077787948,6600030,C
2164953896,6600030,C
971275590,6600030,B
2062446427,5914269,B
2090330878,8486640,B
2051100798,5334525,B
2321158881,9234003,A
2090053415,5744623,B
2911278620,11231469,A
2334389004,9765169,C
2134072436,8816001,B
2134072436,9243274,B
2134072436,9243274,B
2885306721,10547455,B
2963308340,10547455,C
2891905919,10547455,C
2979620027,10547455,C
2009070339,8531457,A
2153227084,9129445,C
2143629303,7999148,C
2027844111,7758773,A
2018409725,7758773,A
2001537782,7758773,B
2064683980,5955319,B
183372980,5994116,B
2169737264,9278170,B
2160199480,6855840,B
2062856535,7186786,C
2062856535,7179872,C
2062856535,6855840,B
1987422324,6855840,B
1967549039,7186786,C
1967549039,7179872,C
1967549039,6855840,C
2040172234,7186786,B
2040172234,7179872,B
2040172234,6855840,C
2137002844,7186786,B
2137002844,7179872,B
2137002844,6855840,C
2012306607,6855840,B
2043050194,7186786,B
2043050194,7179872,B
2043050194,6855840,B
2112988707,7402690,B
2591013774,10726979,B
2061342006,9242295,B
2067836414,9704625,B
2067836414,9704625,B
2769226355,10870831,B
69451737,5955502,B
2003288107,4219644,C
2003288107,4214078,C
2248517804,10088414,B
1992790585,8034923,B
2163683345,7436046,C
2163683345,7868425,B
1968836420,7868425,B
1968836420,7436046,B
78419414,5468806,B
2000620694,7034108,A
2005463793,7034108,B
2090183999,7611465,B
2100230160,9129053,B
2100230160,8682626,B
2100230160,9245091,B
389721457,9846765,B
389721457,9846765,B
389721457,9259287,B
389721457,10748438,C
2039650052,8920322,C
175467639,10296809,B
175467639,10311978,C
175467639,9129053,C
1833383570,9931790,C
2006427357,10748438,B
175467639,9277970,C
2006427357,10402535,B
2006427357,9846765,B
2006427357,9846765,B
2975025423,10636142,B
2753461941,11449759,C
2061812433,9129053,C
177888442,9375184,A
1568976040,11087265,A
2284798855,10748438,B
2526653212,9792531,A
2526653212,10096107,A
2526653212,10643105,B
2526653212,9569736,A
164074458,8920322,B
2127240158,10311978,B
2127240158,9129053,B
289455950,10296707,B
289455950,10141077,B
289455950,9463072,B
289455950,10733910,B
289455950,10335238,B
289455950,10241968,C
289455950,10296809,C
289455950,10311978,B
1978984797,10496729,B
1978984797,10068669,C
1978984797,9463072,C
1978984797,10241968,C
1978984797,10311978,C
45004989,10733910,B
45004989,10496729,B
194144942,10748438,B
194144942,9846765,B
194144942,9846765,B
187582693,10068669,B
187582693,10311978,B
187582693,9129053,B
58223247,9277970,B
58223247,10296809,B
58223247,10311978,B
58223247,10068669,C
58223247,9463072,B
2005589123,8318248,A
2005589123,8318248,A
2750423398,10640516,B
2056126560,10537274,C
2072723567,9770439,B
2792492506,11084845,B
2792492506,10421774,B
2155764740,8551481,C
2153389047,8551481,B
2164701282,7370964,C
2164701282,7311400,B
2012243031,7186554,A
2556105990,10953236,B
2065369119,5553035,B
1971121022,8834926,B
1971121022,8834926,A
2004932525,8834926,B
2004932525,8834926,C
2167017024,8846643,C
2116874132,8846643,B
2009170502,8846643,B
2080644882,4562211,A
2015537010,7710827,C
2015537010,7746225,B
2890692927,11251719,B
1994848292,9205208,C
1826234378,10385398,B
2252526781,10385398,B
1561100165,7798000,B
1974407662,6448299,B
2074917438,5951473,B
2075973380,8809843,B
2012261078,10294326,C
2012261078,10294416,C
2080353780,10294416,C
2826171113,10371588,B
1970324842,7276374,B
1979047343,10150969,B
2155095451,7122716,B
1979959487,4851984,B
1979959487,4839807,B
2066121629,6011862,B
2248886010,6011862,C
1982183450,6067373,B
2044140763,4851984,B
2044140763,4839807,B
2089517195,4851984,B
2089517195,4839807,A
2161414890,5982915,B
2028329627,6067373,B
2028329627,5982915,B
2089760623,6067373,C
2089760623,6011862,B
2065029800,6067373,C
2065029800,5982915,C
2065029800,6011862,B
2014756430,6067373,C
2014756430,5982915,C
2014756430,6011862,B
2014756430,5790690,B
1983260859,5319549,B
2119065649,5319549,B
2203944560,7199545,B
1994834039,7199545,C
2004950059,5338671,A
2028164988,7029851,B
1999405577,8426572,A
2067821847,8703713,C
2160732797,7292661,A
2293389625,8158353,B
2010608466,8158353,C
2027890966,9721352,B
2027890966,9721352,B
2939817404,10184033,A
1975787986,9201997,B
2010081009,7989630,B
2902799315,11456698,B
2323231265,8975509,A
2809764256,10069592,B
2288571295,10069592,B
1965351958,8656957,C
2168049260,4174952,B
349464736,6901156,B
2042068407,7184582,A
2042068407,6901156,A
2078519383,5537485,B
1972518875,5537485,B
2107691243,6901156,C
2072047212,6901156,C
1973378735,5537485,C
2120910135,5974165,A
1664838722,5537485,C
2130727976,5537485,B
2001099732,5133020,A
2001099732,5537485,C
1987964545,5537485,B
2066648223,6901156,C
1968020313,5537485,B
1912964255,7565201,B
2050478106,7273616,B
2051819443,6442287,B
1650819417,5537485,B
2145060280,6192688,C
2145060280,6047550,C
1984622206,6047550,C
1984622206,6192688,C
2103456541,8684943,C
2153885591,8926888,C
2164686359,6901156,B
2164686359,7184582,B
1996440595,6317617,B
101599556,5452367,B
101599556,5537485,C
2063929783,5537485,B
2166267167,7184582,B
2166267167,6901156,B
1978379382,5452367,B
1905275640,5537485,A
2017133794,5289374,B
1982526788,5289374,B
51740437,7184582,C
1485695210,6205348,B
2061880688,9368824,C
2065691038,6656537,A
2029154699,5537485,C
2029154699,5832103,B
2112573845,9882206,B
1972829324,6549603,B
123738112,7198934,B
1987106815,6663871,B
2121297767,9802974,B
2566147423,11106685,A
2086356769,5407835,A
2084008862,5837823,C
2050525661,5639855,B
2087351950,5910416,C
1972441205,5639855,B
1972441205,5837823,C
2090275790,5910416,B
1972344838,7856357,B
2043034527,5837823,C
2121749752,8037535,A
1988939405,5336759,C
1969251113,5837823,B
1969251113,5639855,B
1969251113,5830703,B
2084201100,5639855,B
1969008824,5837823,B
1969008824,5639855,B
2006552834,5639855,B
2006552834,5837823,B
2062202414,5830751,C
2062202414,5840579,A
2164117284,8663660,B
2142043910,6584566,C
2733084528,10768291,B
2540963641,6850544,B
2077735967,9507064,B
2007167765,6850544,B
2057036238,5075800,B
2132916422,5075800,C
2890245162,10126466,B
2549943622,10126466,A
2017236727,6292297,A
2122187220,5075800,A
1967637038,5075800,B
2101430507,5781845,B
2101430507,5739788,C
2106183710,9519032,B
2106183710,9575138,B
2106183710,9612293,B
2106183710,9500717,A
2106183710,9575139,B
2106183710,9575139,B
2106183710,9612292,B
2064730890,10262090,B
2050705910,5869474,B
2799934377,9863962,B
2888955748,10788488,B
1965807362,9180209,B
2734460559,11587665,A
2914392824,11230699,C
2914392824,11129850,B
1993405737,6706451,B
1993405737,6699407,B
1993405737,6677086,B
2008918019,5942157,B
1765270771,6706451,A
1765270771,6699407,A
1765270771,6677086,A
2019132773,7416818,B
2019132773,6878494,C
2048599884,6878494,B
2048599884,7413678,B
1996061399,6878494,B
1966814309,6699407,B
1966814309,6677086,B
1966814309,6706451,B
1979804907,5942157,A
207404167,6667134,B
1968905186,6699407,B
2142063758,4444193,B
2006355805,4519973,A
2075664218,6878494,B
2068825986,6706451,A
2068825986,5942157,B
2131053533,7659062,C
2084690622,7118216,B
1977378423,6890076,B
1977378423,7118216,B
2165160947,7927795,C
2165160947,7659062,A
2071661095,8097242,B
2029108055,7927795,B
2029108055,7659062,B
2007918447,7927795,B
2007918447,7659062,C
1990082782,8080403,C
1968820462,9289750,B
2048355918,9289750,B
2312581913,11458042,B
2118641428,7541036,B
2164759949,6868533,A
2097405447,6671867,A
1994723704,7371533,B
2126408719,6915361,A
2951959803,6127533,B
2109850067,7772056,B
1999699276,10278637,B
2063279394,10081366,B
2043292156,9031100,A
2012610328,9031100,A
2040022924,9512278,A
1967319638,8535644,B
1836722181,4032711,B
1999405202,4032711,B
2035224173,4092493,B
2053476873,4032711,A
2141646521,4032711,A
2425511279,9616763,B
2069406655,5425936,A
2137691727,9056111,B
2953254802,5512560,C
2102313509,7676780,A
2102313509,7392493,A
2551444739,10393114,B
2138097731,11125227,C
2140231399,8216999,B
2083383119,9373931,B
2104826681,10433754,B
2143414138,9373931,B
2518622185,11248027,B
1988380721,9373931,B
2075351013,10433754,B
2148334308,9373931,B
2028617757,9373931,B
2133690865,9373931,B
1989952544,9373931,C
2064345581,4957620,B
121338543,9629614,B
1987838167,8198416,B
2081987747,9059265,B
2165973959,8574843,A
2091296848,8838263,A
2981063588,10910787,B
2980434733,10910787,C
3007048198,10910787,C
1970189969,5997900,A
2217798095,5997900,A
2139734758,5997900,B
2010247390,5965796,B
2157491254,6858173,B
2096017735,7077991,C
2190141802,11224577,A
2190141802,11241394,B
2083700277,8859216,C
1985678242,7250266,C
1985678242,7629744,C
2808504778,10697971,A
2327780755,7355768,C
2034643138,7687792,A
2023063327,5942433,B
2097311789,8801589,C
2126242725,9097715,C
2123712730,9295853,C
2025248397,5991663,B
1802304787,10214797,C
1579397518,10214743,A
1978674831,10214743,C
2065328880,9326507,B
2464742256,9326507,B
2784082388,10375963,B
2784082388,10980238,B
99124186,9326507,B
2069691023,9326507,C
2949438845,11407993,B
1514484249,10340599,B
2253576501,10738318,B
2038888018,8155735,B
2144754845,9987699,B
2144754845,9987699,B
2003180899,8698086,B
2098117012,7657065,B
1995254532,5682037,B
1977743117,5128246,A
2161663864,7570063,A
2046369745,7809427,B
1972823864,5128246,B
2015739302,5128246,B
272253102,10214743,C
2120808438,7870371,C
2120808438,7818551,B
1971165670,5618949,B
1971165670,5668164,B
1968829335,6718077,A
118270411,6718077,B
2500155682,11298084,B
1551299708,6772584,B
2899009493,10716501,C
2909867993,10750968,A
2776350624,10980429,C
2776350624,11298084,A
1993685207,7776359,B
2084390276,10273291,C
2108096886,10273291,B
2597018254,10968255,B
2064612669,10273291,C
1995466180,10273291,C
2094750078,10273291,C
2112194489,10273291,C
2165692875,10273291,B
1881967296,10149902,B
1881967296,10344077,B
1990152283,10273291,C
2103360085,10273291,C
2092539222,9878326,C
2082188710,9878326,C
2401840822,9658470,B
2401840822,9658470,B
2015554554,8124832,A
2089287684,9024110,B
2012359491,9024110,A
199419312,9747687,A
199419312,9747687,A
199419312,9700213,A
199419312,10055843,C
116236279,9747687,A
116236279,9747687,A
2166131576,8143451,A
2150558863,7773205,B
2165219145,7773205,B
2543921658,7773205,B
2040520630,7773205,A
2692657948,10540604,C
2716515748,10540604,C
2098819485,7776338,B
2026624543,7776338,B
2033581027,9416109,B
2027263644,10028983,B
2285968993,10052027,A
2285968993,10055843,C
2285968993,9741116,A
1586903776,10055843,B
2592628443,10861151,B
2592628443,10055843,B
2003390969,7773205,B
2569528230,9625913,B
2131117209,9982306,C
2131117209,9982306,B
2584553548,11110400,C
1968241982,9232415,C
2891513474,9695356,C
2891513474,9695356,B
1984044142,9624429,B
1984044142,11584885,C
2773789120,11230667,C
1965134548,11584885,B
2819438778,11560515,D
2819438778,10221355,C
2819438778,11230667,C
2049961703,7105298,B
2271643461,7105298,B
2035585587,7105298,B
2045321827,7914995,B
2045321827,7919253,B
1869110995,6287441,B
2050071069,6403848,B
2140157823,8148697,B
2751244677,9695356,B
2751244677,9695356,B
2914633308,11230667,C
2751244677,10221355,B
2085146059,7751607,B
2073048215,7660451,B
2073048215,8050481,C
96995336,7660451,C
2078714316,7660451,C
2011164800,7660451,B
2018293566,7660451,C
2126942299,7660451,C
2118867739,7660451,B
2168645711,7660451,B
2047011597,7751607,B
1973936967,7660451,C
2031566488,8476407,B
1985145726,10273291,C
1839652403,10149902,B
2122617162,10273291,C
1978398372,10273291,C
2137603774,10273291,A
1937669064,10344077,C
1996011751,10273291,C
1968251940,9522390,B
2002628653,8270788,B
2002628653,9904018,B
2002628653,9904018,B
2069630965,9904018,C
2069630965,9904018,C
2047225776,9904018,B
2047225776,9904018,B
2531411520,10717778,B
1995566531,10092638,C
1995566531,9011875,C
1995566531,8926995,C
1995566531,10286057,C
2132911696,8356006,B
2187511699,10792275,C
2430968505,9900215,A
2430968505,9900215,A
2767800299,11151739,B
2145097544,9827371,A
2145097544,9827371,B
2098469356,7922674,A
1993565217,8603080,B
2023879431,8603080,B
1996137482,9269144,B
2168132301,7742213,A
2169793060,6772062,B
2611197533,10135551,A
2168044729,6610723,C
2168044729,6667335,C
2168044729,6683097,C
2556171358,10568837,A
2096845323,9283546,B
2096845323,9283546,C
2010534349,9283546,B
2010534349,9283546,B
2130598131,9283546,B
2130598131,9283546,B
2025927334,9101913,A
2025927334,9101913,A
2130598131,9403696,B
2130598131,9339795,B
2025927334,9403696,B
2051907439,9585957,B
2006209963,8214999,B
1605770799,6963653,A
2787257340,11610144,B
2273529430,10954527,C
2179001568,10954527,C
2175307180,10954527,B
2903755693,10556817,B
2132787499,9861950,A
2132787499,9861950,A
1970306251,7919053,B
2122533679,7373198,B
1982949416,4879240,B
2058136222,6963653,A
1986499999,6963653,B
2006687081,8150794,A
1760036949,7545945,B
1760036949,7826629,A
1940326224,9969759,B
2065159515,9574213,B
2956068152,10063158,B
2956068152,10673343,C
2615926927,10063158,B
2006436393,7901577,B
2942387181,10472261,A
1995366225,8641704,A
2109904205,6703401,C
36311596,7202213,C
2901297479,11412952,B
1535800499,6344200,A
1535800499,6348198,A
1535800499,6211343,A
1916385177,6211343,B
1916385177,6344200,B
1916385177,6348198,B
2004801188,5994911,B
2033092088,7052616,C
2039139743,9133128,B
2039139743,9187480,C
2078811884,9187480,B
1568444861,6884584,B
2126062267,9090933,B
2313590204,4122167,B
2313590204,4145252,B
2022570052,4031203,B
2022570052,4029764,B
2580470859,11262640,C
2763500213,11262640,B
2052643656,5455240,B
2336781730,11262640,C
1988672417,4845124,B
1988672417,4879379,B
2320935044,4797485,C
2327433802,4797485,B
2327433802,4879379,C
2105141160,7923538,B
2054520103,7705596,C
2886727204,11142592,B
1994284515,7297542,B
2074496735,9387239,B
2330316039,9642910,C
2228365219,10294302,B
2014180393,7280866,A
2059144476,5792620,B
2085715721,7285091,B
2051024507,7285091,A
2080527783,7285091,B
2124506399,9526904,B
2147213449,9526904,B
2151688741,5792620,B
2128718528,5792620,C
2120781748,5792620,A
2126798549,6919355,B
2126798549,7375116,B
2126798549,7361670,B
2126798549,7378431,B
2126798549,7365083,B
2030655014,7431709,B
2893415742,11117912,C
2762507409,9974765,C
2762507409,9840528,C
2762507409,9840528,C
2762507409,10358456,C
2762507409,10172823,B
2547534379,9573967,C
2101445164,9492465,B
2194208904,9585861,A
2194208904,9481693,A
2194208904,9481693,A
2194208904,9649292,B
2194208904,8895611,C
2194208904,9487542,B
2066880279,9492465,B
2164494670,9492465,A
2164494670,9572822,A
2164494670,9573967,C
2014479588,9481693,B
2014479588,9481693,B
2205934290,9481693,B
2205934290,9481693,B
2205934290,9585861,B
2205934290,9572822,C
2547534379,10092579,B
2547534379,9572822,C
2547534379,9492465,B
2205934290,9492465,C
2740756233,9572822,C
2159517382,9835705,C
2159517382,9835705,C
1507836628,9835705,A
1507836628,9835705,A
1941558189,9835705,C
1941558189,9835705,C
1884750783,5256558,B
2096801154,6304846,A
2059893318,4980034,A
2059893318,5106461,A
1935151344,9840528,B
1935151344,9840528,B
2607094396,10144749,B
2607094396,10273257,B
2607094396,9572822,B
2607094396,9492465,B
55409883,8840888,C
2081534605,5856310,B
2329554858,9040563,B
2329554858,9040563,B
2562932271,9040563,A
2562932271,9040563,A
2025420570,10085642,B
1967721280,6288089,B
2320272230,9522268,C
2063701867,8139045,B
2063701867,9552105,B
2063701867,9552105,B
2063701867,8436832,B
2765904780,9433778,C
2765904780,10034797,C
2765904780,10213597,C
1574777676,9381040,C
1574777676,9522268,C
1574777676,9333338,C
1574777676,9433778,C
1574777676,10034797,C
2021079676,10034797,C
2021079676,9381040,C
2021079676,9522268,C
2195561925,10195313,B
2195561925,9694338,B
2775351673,9427466,B
2970677196,10969350,C
1982547422,5681737,A
2092583831,7092448,B
1982182867,6897036,A
1849162682,5187090,C
1978322849,5187090,C
2045803032,5187090,C
2557962648,10711308,B
2021327643,10711308,B
1659523398,8214068,B
2032528091,7908090,B
2075609217,6020148,B
2206082998,10059932,C
1703676865,5977339,B
2605166062,11561224,B
1551444571,6673746,B
2769541845,10357578,B
2020436206,8309097,B
2260702040,9624161,B
2044784355,6413533,A
1971822166,9744149,B
1971822166,9969683,B
1971822166,9969683,B
1971822166,9622992,B
2591505631,9624161,B
2589754766,9624161,B
2334300789,9968892,B
2334300789,9968892,B
2148292181,9968892,B
2148292181,9968892,B
2007719009,9968892,C
2007719009,9968892,C
1979993425,9968892,C
1979993425,9968892,C
2744323269,11331019,B
2074441355,9968892,C
2074441355,9968892,C
2327192178,9968892,B
2327192178,9968892,B
2150927074,9968892,B
2150927074,9968892,B
2065652744,9968892,B
2065652744,9968892,B
2055638534,8231013,B
2071563032,5273729,B
2019067990,5273729,B
2085431303,5273729,B
1980673216,9968892,B
1980673216,9968892,B
2319654048,9968892,C
2319654048,9968892,C
2514195668,11331019,B
2124966451,6514082,B
2145860001,6514082,B
1993068330,8995736,B
2062078176,5288304,A
2086537447,5288304,C
2090119071,5038302,A
2017454830,6514082,B
2117760822,6674430,C
2006060268,6331116,B
2006060268,6514082,C
2133396951,5760781,A
2133396951,5594842,A
1977841275,8187802,C
2233310226,9714261,B
2476552136,7660242,B
2168589491,6086902,C
1561945694,5879895,B
1561945694,5858989,B
1964355481,5879895,C
1964355481,5858989,C
2124556751,8572588,B
2124556751,8984498,B
2124556751,8776030,B
1992185074,8642111,C
2039421386,9469896,C
1985077254,4827187,B
2402892045,9278956,B
2329165896,5777074,B
2073995852,5352586,B
2161337587,5352586,B
2019832857,7025967,B
2051019411,5879895,C
2051019411,5858989,C
2009090497,5879895,B
1965583223,5879895,B
2010286527,7025967,B
2155642886,5879895,C
1809103515,5585264,C
2005230073,5858989,C
2005230073,5879895,C
2029335950,5124145,B
2530145994,10423126,A
2766063612,10197040,B
2618694646,10488828,B
2618694646,10197040,C
2618694646,10415537,B
2618694646,10344736,B
2562142064,10197040,B
3003494014,10823134,B
3001567646,10823134,B
2041542616,5304295,A
2028352931,6925176,A
2127186954,6381350,B
2169006217,8903641,B
1974259763,8903641,B
1974259763,8972164,A
2554195798,10519035,B
2048285726,5308808,B
1997877967,7873728,A
2020539723,6010695,B
2015647562,11090025,B
2068012172,5159066,C
2810941425,11210960,B
2095690595,8488440,A
2095690595,8488441,A
2782217902,10653351,A
2675234733,10750972,B
2096491533,6256598,B
2115334570,6256598,B
2783932968,11494662,B
230543354,6256598,B
2612864759,11521047,C
2013656370,8884006,A
2013656370,8884006,A
2053366969,4687744,A
2023421235,5529927,B
2164040421,5529927,A
2083362872,9278956,B
2083362872,8884006,B
2083362872,8884006,B
2400109217,9278956,B
2034177419,9278956,C
2465579685,9278956,A
2023700098,9359624,C
1992603413,7603239,A
2022516067,8795648,B
2118512977,8795648,B
1515660230,7547511,B
2045621800,5504005,A
2122432497,7309984,A
2122432497,7397242,A
2070192776,7132826,A
1973461833,7397242,A
1973461833,7309984,B
2024269279,8309614,B
2093519745,10383958,C
1972543077,8795648,B
1993434621,5602017,B
2069996261,5371005,A
2985431023,11230494,B
2985431023,10562806,B
2589270622,9783453,B
2559301769,10562806,C
2559301769,9682885,C
2559301769,11066323,C
2559301769,11104602,C
2083138681,8174352,B
2028271152,5273729,A
2094367852,8014494,A
2085834482,8014494,B
2323225681,9255334,B
2042050383,9255334,C
1924629681,10968227,C
2510826524,10462334,A
2763612785,10462334,B
1979963975,5100791,B
2078854619,5100791,C
2097700505,5100791,B
2770149067,11573537,B
2087648957,9513171,B
1590290798,9513171,B
2006564484,9513171,C
1989925327,9513171,B
1994110394,5874047,B
2555201301,10598614,C
2009136717,9579056,B
2318555905,9714387,B
2136985965,7011623,A
1988051059,7011623,B
2098386140,7011623,C
2021086283,7011623,B
3004514338,10479808,B
1991076371,5625097,A
1991076371,5763717,B
1987968780,4916212,A
2153565265,6081715,A
2006903994,6085086,A
2168358362,6081715,B
2127800756,5750176,B
2075218249,4686098,B
2075218249,4828987,A
2011458873,9214969,C
2107361031,9160280,B
2107361031,9214969,B
1914102069,9214969,B
2313179380,9214969,C
2062507196,9172334,B
1972476850,9214969,B
1519078259,5386870,A
2102450288,5143770,A
2046419841,6987484,A
1550371246,10793525,B
2075859592,4043998,B
294786261,4339426,A
2471258824,9495863,C
2088130762,5405762,B
2088130762,5292892,A
2590111546,10927414,C
2573534387,10919030,B
2092883205,6286000,A
1994728755,4315931,B
1994728755,4279899,C
1994728755,4333936,A
2065403613,8658083,B
2125469228,6671338,A
2125469228,7526051,B
1995969864,8105509,B
2094036217,8277878,B
1978362660,8277878,B
2014015460,8440970,B
2029094924,8203120,B
2082057748,8686359,C
1981547523,8203120,C
1981547523,8247769,C
1981547523,8686359,C
1981547523,8440970,B
2059113944,5840042,C
2062667197,9682078,B
2135938254,8521455,B
2164809687,9086475,A
2164809687,9086475,A
2023197645,8928165,B
1690780894,8928165,B
1983241387,8928165,B
1990036702,8928165,B
2056264148,7361576,B
1984422590,4409145,B
2012625944,4459231,B
2012625944,4459230,B
2012625944,4462933,A
2012625944,4409145,B
1984422590,4822914,B
1984422590,4462933,B
1984422590,4459231,B
1984422590,4469889,B
1984422590,4459230,B
2096472421,9667963,C
1964736843,9593155,B
2334954260,8909480,C
2334954260,8909480,C
2029854193,10215830,C
66462076,10215830,C
2901549517,11471529,A
2626682118,10215830,B
2088033537,5331010,B
2088033537,5258386,D
1991360875,11299476,B
2048280135,11299476,A
2012597070,5331010,D
2012597070,5258386,B
1999331154,5792775,B
2982407249,11365195,B
1995021265,7339681,B
1938351777,5215922,A
2462122125,5087563,B
1984005063,5087563,A
2085446869,10183477,B
2045626474,10452026,B
2023433612,6222812,B
2023433612,6285646,C
1645018133,5152978,B
1645018133,5292505,B
2109572547,8277677,B
1984061588,9783615,B
1973862631,5734016,B
2606023084,10245576,B
1575242806,5593727,B
2734631961,10801879,B
2063209508,5755913,B
2083875299,8673323,B
1966558769,5755913,B
2054020889,8679442,B
2406975588,5215085,A
2059071276,8987163,B
2118025948,8987163,B
2118025948,8703830,B
2003071151,9713423,A
2068099878,8947102,B
2929069647,11155551,A
1963670317,4969470,B
2534307122,4984042,A
2014285398,4969470,B
2604388535,10671939,A
1979468143,6717406,B
1482297123,9921285,A
1991732515,6717406,B
2156613313,8388618,B
2091685970,6717406,A
2093731574,6511683,C
2062979234,8036891,B
2500574009,5217937,B
2001351196,6797521,B
1976015798,6797521,B
2611078557,11478761,C
2170502369,9365500,B
2553993831,10696606,B
2031825409,7262038,A
2073311363,10316057,C
2073311363,9556217,B
2073311363,9206221,B
1854978989,10041866,C
338677501,6819984,A
1953299913,6256264,B
2148304771,8263754,A
2147751537,10316057,C
2109336177,8263754,B
2109336177,8877906,A
1975641708,10316057,B
2008731811,5023783,B
2054080232,6108275,B
2914628244,5637502,B
2128892764,10145026,B
1534031358,5650557,C
1534031358,5589618,C
2025451728,5589618,A
2025451728,5872216,A
2025451728,5650557,A
2121446443,9198957,A
2134364099,8684935,A
2107105040,8764666,B
2128320383,8764666,B
2146801743,8764666,B
2543156194,8764666,B
2056653426,8764666,B
2019261401,8764666,B
2056735960,7192693,B
2974815587,10588891,B
2974815587,11260049,B
2974815587,10590077,B
2084100857,8841257,C
1974643906,9758835,C
1974643906,9868992,C
1974643906,9868992,C
2058499171,10519506,C
2987229813,10305677,A
2621440136,10305677,A
1998390679,10519506,C
2330588422,10590488,B
2002629064,9758835,B
2002629064,10519506,C
2005154499,10519506,C
2005154499,9868992,C
2005154499,9868992,C
2175752441,10519506,C
2219573808,10190174,C
2334231142,10519506,C
2097681338,10519506,C
2043363016,10519506,C
2043257283,8451168,B
1977339513,7400754,A
2327337097,6958815,A
1976656026,7400754,B
1965880511,7400754,B
2050581915,10100022,B
1800709868,10100022,B
2513686248,11180489,C
2513686248,10100022,C
2012219039,10100022,B
2134249102,7923016,C
2606772804,10100022,B
2576778391,11548227,C
2053096589,6998117,B
345209366,6410029,B
2964158700,7977468,C
2332587578,8747397,B
2529610176,10227419,A
2077853911,9951049,C
2111762547,9951049,C
2054437710,9951049,A
2031862653,7439359,A
2209931907,10193578,C
1947269653,10193578,C
892414265,10193578,B
2123997046,7336210,B
2109451167,7336210,B
2139181920,7892567,B
2073199575,8734787,A
3008253625,10939923,B
2967838167,10939923,C
2106435392,10130375,C
2608944923,10130375,C
2608944923,10939923,B
2611750558,10130375,B
2611750558,10939923,B
2120053716,10130375,B
2078404648,7601509,B
2320971377,10130375,B
2567733535,10316137,A
2150105699,6660498,A
2055144990,6310938,B
1968405334,6611178,A
2736972507,11081977,B
2736972507,11374507,B
2923076251,10806747,B
1985506099,5396790,A
1942986816,5636106,A
2025597074,5434767,B
2151096632,5959849,B
2151096632,6594158,C
2151660848,5636106,B
2477244379,6636430,B
1523278921,5636106,A
1952073156,6819575,A
1952073156,6636430,A
1560646871,6636430,C
1936781479,6819575,B
1936781479,6636430,B
2128192396,5959849,B
1922693059,6611178,A
2087973983,6611178,A
2914553494,11081977,B
2586952804,11017526,C
2052790935,6212252,C
2137149769,6644118,B
1969440185,9843400,A
1994386829,6467350,B
2470944061,10352907,B
2123880839,9512463,C
1500603862,5958368,B
1500603862,5942208,C
2088684668,6165738,B
2040329758,5426977,B
2002686725,10352907,A
2019575461,6624929,B
2105683969,6804047,C
2130897728,6804047,C
2130623036,7835420,B
2130623036,8094547,B
2130623036,8094547,B
1559956276,4342748,B
1965880839,6044294,B
1567848197,9374887,C
1965711492,9389311,B
2323856508,4055646,D
2323856508,4057557,D
2156609429,9195121,A
2163630648,9195121,A
2131617079,9195121,B
2000665518,9195121,B
2102332590,9195121,A
2015063977,9193951,C
2051090298,8809093,C
1974640461,8809093,C
2088958019,8809093,C
2120501559,6558911,B
2342785509,11175139,A
1985468195,4909935,B
2020098066,9730902,B
2338311477,9212131,B
2001979636,8311248,B
2119767911,5096471,A
2119767911,5141532,B
2542084234,10495528,B
2525564021,10495528,B
2025117710,4909935,B
2017397893,5116613,B
2017397893,4927916,A
2087480868,5116613,B
2087480868,4927916,B
2294611734,10650501,C
2130817264,10650501,C
2295237911,10650501,A
1896522663,10650501,C
2000034029,9230063,C
2000034029,9779283,C
2752689993,11043335,C
2259839548,10586657,B
2003760854,8599388,D
2000814339,8314208,B
2000814339,7582728,B
2090704482,5336236,A
2093580872,8599388,A
1986482536,7233430,A
2036626830,4609551,B
2036626830,4608199,A
2025173637,8716475,B
2563597898,10539549,B
2588157020,9809720,B
2588157020,9809720,B
2588157020,10287446,B
2517812356,10287446,B
1978038691,7738096,C
1978038691,7583379,B
2109732621,8173131,B
119393740,5908594,C
2033642611,5621076,B
2021291038,6288238,B
2021291038,6288239,B
1483665944,4828994,A
1969638153,9238773,C
2001093111,9238773,C
2124859803,7583379,A
1993874880,4810491,B
2330058750,9975916,A
2330058750,9975916,A
2084052290,5493419,A
2084052290,5471320,B
2150153786,7440651,C
2074270372,8642578,A
2165033806,7630417,B
2165033806,7440651,C
1902195868,7491892,B
2895599460,11092550,B
2910529887,11092550,C
2766814362,11092550,B
2801392497,11092550,C
2773833802,11092550,C
1998267721,6780871,A
1974019125,8093218,C
1974019125,8093218,C
2901017670,4741999,C
2008179571,4741999,B
162831375,4741999,C
2045910920,4741999,C
2090683317,4741999,B
2012962189,4741999,C
2048063681,6209928,B
2048063681,6273478,B
154423721,7186352,C
154423721,7601286,A
154423721,6921603,C
2146000291,5434767,A
2146000291,5636106,B
2889477524,10691846,C
2109066664,6129917,B
2166769021,6129917,B
1494577831,4661676,A
1494577831,4718952,A
1991427601,9403112,B
2141073231,6184435,B
1967119064,8091427,C
2554043502,10365310,B
1976361001,5780640,B
1976361001,5688672,B
1977675250,6326946,B
2087949633,7920323,B
2011290986,7920323,B
1983578411,7920323,B
2083949371,7920323,B
2314074953,7920323,B
1966868799,7920323,B
2078032209,7920323,B
2120685840,6731922,B
2168445759,5712850,A
1634087829,6039957,B
2160035051,5655665,A
1901258766,10071350,B
2398442876,9662492,C
2346587012,9662492,C
2163531785,7226735,B
2762464374,9863946,B
2762464374,9863946,B
2474296258,11218886,B
2091928774,10473628,C
2144113806,5996594,A
2621311806,11263546,B
2069221009,10982221,B
2560347605,10982221,B
2156013861,8252182,B
2059495986,7505142,B
1978668628,9324745,B
1995900285,10806367,C
2065428565,7805181,C
2100836809,4896362,A
1507712203,10806367,C
45213529,10806367,C
1941018481,9148244,B
2055494853,5139609,B
2321267306,9382329,B
2591441623,9382329,B
2796854280,10662252,B
2796854280,9670286,B
2796854280,9670286,B
2796854280,9879088,B
2070211099,4340448,B
2065093859,7457194,B
2046896778,5236570,A
1272054352,4800016,C
2946321247,11159879,C
2146818192,6694020,B
2146818192,5828756,A
50445277,7310425,B
2142563647,6766019,C
2037075685,6766019,B
1904917570,6751314,A
2130315363,6694020,C
2110343557,6694020,B
2032328405,6694020,B
2131802095,6766019,A
150459517,6766019,B
2146504424,6694020,B
2080117093,9880259,B
117635932,6694020,B
117635932,6766019,C
2504132629,6744886,A
2504132629,6766019,C
2504132629,6611594,B
2504132629,6751314,C
2504132629,7072465,A
2108610239,6694020,B
2101228747,8187802,C
303043099,9889121,A
2111194855,7649841,A
3015537513,11298676,B
2102384125,8088587,C
2131861979,8088587,B
2143016634,8088587,C
2074151372,8088587,C
2127268888,8088587,C
2144415242,8088587,B
2021023229,8088587,C
2098575615,8088587,C
2102372977,8088587,C
1982390307,7173272,A
2087588890,8481295,C
2000311971,8197872,B
2043395470,9447895,A
2035829593,9447895,B
2055579666,6307121,B
2086376904,6472583,B
2340001130,10662463,B
2531529312,10526647,B
2531529312,10662463,C
2002739329,7169926,D
2002739329,7678909,D
2002739329,7678909,D
2741576963,10889494,A
2047911028,5072030,B
1973063189,8062249,B
2140719459,8062249,B
2160904818,7750869,B
2048001554,8062249,B
2481347105,10875669,C
2762286122,10180686,B
2762286122,10967991,B
2762286122,10875669,B
2775499476,10094598,A
2079075606,9064016,B
2196337474,5728705,B
2196337474,5968911,B
2546008942,10395888,A
1875509713,7284029,A
1875509713,7216141,C
1869247686,7107175,A
1991050184,9453226,B
1978268544,8592482,B
1978268544,8008092,B
2091628233,9570140,C
2136452881,9090899,C
175214203,6908618,B
2022460153,6263435,A
2085842759,10139468,B
2136839341,5011677,B
1977524116,10005715,B
1881973768,9018285,B
2768891837,10961570,A
2108770415,8790219,C
2087371578,8405835,B
2208039221,9915534,A
2208039221,9915534,A
2042486336,9915534,B
2042486336,9915534,B
2893247349,11371847,B
2342152888,9035843,B
1914654078,5760168,B
1914654078,5681967,B
2113918193,5599993,B
2128935566,5112923,B
2088250509,5112923,A
2078417452,5567800,B
2055544050,5599993,B
2055544050,5760168,B
2055544050,5412066,B
2055544050,5567800,B
2055544050,5681967,B
1994326738,7410039,B
2143210972,9520207,B
2143210972,9520207,B
2143210972,9748019,B
1992972492,9138396,B
1992972492,8652449,B
1992972492,8691192,B
1992972492,9138395,B
1992972492,9132074,B
2897249415,6900410,C
2021728389,9652349,B
2021728389,9766993,C
2092950422,5757295,B
2092950422,5963260,C
2037156690,5757295,A
2037156690,5963260,B
2037156690,5808570,A
2076130656,6023495,A
2076130656,6028907,A
2076130656,5946370,B
2103653601,9092987,B
2103653601,9159023,B
2043262592,10529440,B
2004629402,8746310,B
2004629402,8746310,B
1576366153,8529897,B
2088656025,10529440,C
2964180328,10547455,B
1984904467,9245089,B
1975269220,6428965,C
2134461357,9751931,B
2134461357,9751931,B
2120593680,9435043,B
2074066982,9435043,C
1983560993,9435043,C
2068587290,4557734,B
2127000776,8945756,B
1537194022,5739210,B
2074376327,4093637,B
2145783612,9657148,B
2145783612,9657148,A
2145783612,9382392,A
2145783612,9701819,A
1657177594,9382392,B
2160844892,9068232,A
1986946566,9068232,A
2010839355,10468327,B
2169257803,8919428,C
2169257803,8919428,C
2009305944,6355681,C
2112569477,5837730,C
2091178431,6355681,B
1563319551,5412086,C
2112657646,5824480,B
2022555191,4057408,B
2602200632,11045807,B
3003378907,11324820,A
2739807020,9676669,A
2964101510,10151737,B
2164864935,9951593,C
2979733503,11447395,A
2753962859,10513535,A
1966472904,7960372,B
2097794180,6066485,A
2097794180,5976853,B
1503757434,7320741,B
1503757434,7368036,B
2075508437,5296371,A
2021742064,8474207,B
2097828350,8970578,A
2321485073,6684624,A
2321485073,6880326,A
2080663180,5766950,B
2009581564,5385915,B
2171935374,8163479,C
2049862836,7939284,A
2011327377,10253089,C
2513536781,11464557,B
2574721724,11464557,B
2111144845,5292338,C
2111144845,5314430,C
2792894037,11183301,C
2750794793,11183301,C
2139864358,5261400,A
2139864358,5292338,B
2139864358,5314430,B
2018840205,5314430,C
2018840205,5292338,C
2968955566,11432792,C
2968955566,11406349,C
2888721953,11406349,B
2888721953,11432792,B
2907803478,11432792,B
2885363206,11406349,B
2885363206,11432792,B
2886994158,11432792,B
2968051032,11406349,B
2968051032,11432792,B
2899117440,11432792,C
3000104924,11432792,B
2899117440,11406349,C
2108060598,7788671,A
1985775184,6110968,B
1985775184,5850840,B
2157995763,6249534,D
1978146746,5780615,B
2011540524,8871741,B
2140830074,6182026,B
2038698865,6182026,C
2317519572,4954171,B
1988989874,9893294,B
1969931880,5314430,C
2157721113,5314430,C
2157721113,5292338,C
1981314579,5292338,C
1981314579,5314430,C
2117050145,5039792,A
2950731687,5990120,C
2950731687,5801167,B
2006592829,4751064,B
2081937540,7192595,B
1524490778,4751064,B
2137368421,6232446,B
2972700261,11015120,C
2000311811,8471999,B
1538494789,10451948,B
1538494789,9946133,B
1538494789,9946133,B
2016242309,7057559,A
2029933229,8912973,B
2062747692,8912973,B
2126729696,8641921,B
2053987790,8404800,C
2053987790,8383761,B
2053987790,8383762,C
2050217775,8383761,A
2050217775,8404800,B
2091840856,8912973,B
2134371456,7256753,B
2169450340,8912973,B
2092849346,7514086,A
1771101846,7527810,B
2112218356,7527810,B
2111290651,5365927,B
2152340809,7067624,B
1970915933,9910050,B
1970915933,9910050,B
2104003712,8005209,B
1810489654,8566269,C
1532888832,8566269,A
2151369956,7555778,A
1489574895,8918884,B
2752894589,10373313,A
2794720805,11007263,C
2955509895,11007263,C
2532108477,9808520,B
1589967672,9384546,B
2771590529,10373313,C
2787978245,10373313,B
2607477550,10456359,B
2899614579,11522115,B
3010109933,11522115,C
2083004458,8520932,C
1975467353,8520932,C
2004409604,8520932,C
2904087936,10621022,B
2904087936,10817289,A
2016530032,6268145,B
2810465590,10373313,B
2001020355,9793720,B
2001020355,9793720,B
2001020355,10114120,A
2118422058,8490035,B
2142082472,9744373,C
2076986835,7371482,C
2120002697,8425433,B
2120002697,8147428,B
2151496957,6114112,C
2158336147,6114112,C
2075004182,5202005,B
2606052322,10262764,B
2610769296,10262764,C
2525744742,10262764,B
2587156052,10165713,B
2587156052,10262764,C
2945403533,11012093,A
2162137515,8709745,C
2028049056,8709745,C
2616831184,11135280,B
2607232993,11135280,C
2921086562,11446915,B
2093594183,8050747,B
2093594183,8150496,B
2153354689,6831781,B
1976137982,7865231,C
2119311209,8039776,A
2131879937,6831781,B
2567520216,9929293,C
1964334885,8509276,A
2124022142,9947816,B
2124022142,9947816,C
2567424765,9929293,C
2070466539,9705311,B
2095555640,8987754,A
2158787090,8050747,C
2158787090,8150496,C
1976753843,9000376,B
2951552685,10029979,B
2322382517,6461144,A
2162246203,8166385,A
2806657154,10217951,C
2767470621,10217951,C
2080074037,6418194,C
2115995540,7812718,A
2148014473,6458942,C
1990817578,6403780,B
1990817578,6458942,B
2125871798,9993534,B
2125871798,9993534,B
2744331948,10806776,C
1980100970,5319087,B
1980100970,5250542,B
2738022523,10590438,C
2060889469,4973577,B
2316142887,7845216,B
2096379014,8007770,B
2096379014,8273856,C
1982968739,6884877,C
2117023925,6884877,B
2163339385,7381534,C
2163339385,6884877,C
2163339385,7538203,C
2142359405,8906681,B
2015219413,8653119,A
2158907165,8653119,B
2020295402,6884877,B
68430918,4973577,B
2043178545,8337673,B
2897508537,7129438,B
2160514120,8507215,B
1511314781,8673578,C
1967177519,8673578,B
1967177519,8524465,B
2016278325,8309314,B
2114531054,8309314,C
2132540940,8158372,C
2028049056,8673578,C
2137311570,8673578,C
2137311570,8043823,B
2137311570,8309314,C
2136045787,9243232,B
2126162679,7740848,B
2126162679,7501247,C
2126162679,7776540,C
1979678709,5290803,A
1979678709,5250701,A
1979678709,5248785,A
2062123879,6894185,A
2320188938,4806489,A
1879448185,5965702,A
2081020148,5164790,A
1902991519,6350585,A
2078543268,5766892,B
2078543268,5811093,B
2497571000,10228376,C
2062116934,7176040,B
2156027253,6700122,B
2139122403,5340316,A
2139122403,5536171,A
2897789149,11447519,B
141758313,5786432,B
141758313,5840644,A
141758313,5770753,B
2075423229,5786432,C
2075423229,5840644,C
2075423229,5770753,C
2003946745,9645108,A
2055142978,8487084,C
2018732388,9636007,B
1972438296,8194936,B
2128480412,9637758,C
2152050449,8194936,B
2085012886,8194936,B
2141525858,8795903,B
2085255100,9190698,B
1978134713,6492064,A
2081574235,8804309,C
1980267072,4763661,A
2885547130,11084829,B
2096831551,7801339,A
2809487320,11471082,B
2809487320,11344235,B
2809487320,11445951,B
2809487320,11213230,A
2139566663,6296830,B
2068163943,4997272,B
2140809274,10682249,A
2963996718,10107612,B
2963996718,10663361,A
2083796374,7090837,C
2018241246,10093939,A
2069038721,8309768,B
2326126738,9296474,A
2066320400,7163951,C
2066320400,6919343,C
2066320400,7091380,C
2139079522,7760814,B
2000242842,6991909,B
2092013309,4164939,B
2073859964,7304030,C
2572018381,11203576,B
2129901967,4912600,B
2766373162,11506919,B
38540121,7690057,B
2753618180,10296352,C
2043391712,6584216,B
2119384641,6584216,B
2154158661,6584216,B
2159037096,6584216,A
2042223356,6584216,A
2162129845,6632931,B
2000497977,9624273,C
2168752866,9624273,C
2437044700,10653771,C
1981704575,8908422,B
2314807700,4335107,B
2328474306,4335107,B
2606789728,10709787,A
2000460873,8552731,A
1995677040,8552731,B
2057429157,9283283,B
2079262069,10027631,B
2317741451,10920252,C
2132619076,8703468,C
1978585372,8703468,C
2739097133,10619208,B
2135376873,9415218,C
2127918035,10806927,B
2127918035,10137299,C
2067368569,7966077,C
2067368569,7881811,C
2114426595,6214554,B
2100022997,5985565,B
1966134557,6207366,B
1964296768,9005923,C
1964296768,9005923,C
2332754494,5180836,B
2332754494,5082943,A
2775406595,11243211,C
1964768983,8346712,B
2069394153,9649951,B
2069394153,9649951,B
1998648538,9329201,B
2519764021,10546388,C
2806285317,11020391,B
2158082821,5541102,B
1976190178,7799303,A
2079694098,8114976,C
2021893157,9649087,A
2039748413,4339513,C
2002857484,4339513,C
2792576636,11118159,B
2080054048,9507367,B
2002024041,9507367,B
2950554486,11538558,A
2761423809,11538558,B
2125240798,9507367,B
2140544828,5309523,B
1977142162,4734894,A
2085136293,6625109,C
1988780585,4211771,C
2122098407,8912973,B
2006281597,10228554,B
2139297236,7734988,B
2191767739,9474797,C
2067351227,9474797,B
2107423735,9474797,C
2055429537,9474797,C
3015372146,11569897,B
2912095155,10886999,B
2912095155,11251859,B
2095409492,6097886,B
2095409492,6289488,B
2095409492,6117180,B
2095409492,6110220,B
2095409492,6112023,B
2095409492,6086628,B
2105441386,5831864,B
2149758741,6110220,C
2149758741,6112023,B
2149758741,6086628,B
2149758741,6117180,B
2149758741,6097886,B
2164123397,6097886,B
2124359177,7939083,B
2114732989,6086628,B
2114732989,6117180,B
2114732989,6112023,A
2114732989,6110220,B
2114732989,6097886,A
2114732989,6289488,B
289716097,10722719,C
2923019151,11177403,C
303041838,5831864,B
2125937435,6117180,A
2125937435,6097886,B
2125937435,6112023,B
2125937435,6086628,B
2103351993,6112023,B
2103351993,6097886,B
2068367875,9099195,B
2068367875,9099195,B
2031970461,8990740,B
2009832946,9735783,B
2134728278,6097886,B
2134728278,6110220,C
2134728278,6112023,B
2134728278,6086628,C
2134728278,6117180,B
2106871260,6110220,C
2106871260,6112023,B
2106871260,6086628,B
2106871260,6117180,A
2106871260,6289488,B
2106871260,6097886,B
2143994348,6097886,B
2143994348,6289488,C
2143994348,6112023,B
2099116375,8986697,B
1819257022,10295815,A
2013287933,6567157,A
2071170753,9182404,A
2062012755,8560647,B
1970350678,8513290,B
1970350678,9186402,B
2601820861,9738665,C
2601820861,9738665,C
2263340416,9738665,B
2263340416,9738665,B
2217138787,9562005,B
2217138787,9562005,C
2217138787,9738665,C
2217138787,9738665,B
2586554840,9738665,C
2586554840,9738665,B
2022712387,8452574,A
2022712387,8725471,A
2038185759,6331659,B
2048549704,8637685,A
2962197931,10272279,B
2735686315,9738665,B
2735686315,9738665,B
2064308489,5892520,B
2042232798,9590176,B
1985121673,8900840,B
1985121673,8900840,B
2023958463,7736513,A
111153507,7326343,B
2124117758,5912336,C
1994779593,8820612,B
2036026918,6985918,B
2036026918,6910057,C
2117451730,6985918,B
2117451730,6910057,C
2069132648,4225402,A
2588863597,10297436,B
1982719577,9279770,B
2127195283,7803548,B
2127195283,7794937,B
2127195283,8338578,B
2127195283,7820388,B
2000291943,8338578,C
2076800348,8338578,C
2000291943,7803548,C
2091069208,7794937,B
2071959308,7251254,B
2121409037,6103483,C
2121409037,6004586,C
2734743664,11515066,B
2734743664,10851446,B
2570486753,11515066,C
2097769014,8680111,D
2097769014,9290496,C
2097769014,9260439,C
2097769014,9260439,D
2097769014,9040547,C
2097769014,9133215,D
2115550249,5019533,A
1698179919,9732122,A
1698179919,9731006,B
1698179919,9737597,B
2441268639,9079911,B
1999639971,8236792,C
1999639971,8637520,B
2091510969,8637520,C
2054062525,8937849,B
2087367170,6617121,B
2884910580,10918118,C
2153475997,9696313,B
2153475997,9696313,B
2027635224,9696313,B
2027635224,9696313,B
2013811038,9696313,B
2013811038,9696313,B
2090699693,5872213,A
2090699693,6222024,B
2110688434,6222024,C
2921574466,11397145,B
2131626178,9785364,C
2131626178,9933942,C
2131626178,9933942,B
2617470760,9933942,C
2617470760,9933942,C
2742147735,10388888,B
2951164025,6291684,B
2046055022,4902707,B
2012815255,4902707,B
1994444570,4826992,B
2949249242,5905077,B
2597533273,10435664,C
2748839791,10435664,C
1992966337,6349700,B
1607834956,7512262,B
2883307502,10942708,A
2155237527,8387018,B
2134164054,8423966,B
2134164054,8423966,B
2443953389,9537024,B
2166591710,9254116,A
2166591710,9254116,A
1593328663,6221658,B
1593328663,5976875,B
2084792794,8512665,C
2093514670,5110800,A
2018304063,9115011,B
2009727757,8383021,B
2141004242,8262950,B
1983565631,5420009,B
2165211635,7404640,C
1983302712,7896496,C
2158666186,5451673,B
2162507877,7404640,B
2121838793,9291557,B
1597214454,6747130,B
1978537574,7531626,B
1978537574,6747130,B
2506504816,6747130,B
2087763200,6747130,B
2147040405,6711200,B
2056051089,6711200,B
2111873541,6711200,B
1984756493,6711200,A
1880742441,6711200,B
2517793240,8886291,A
1980727180,6711200,B
2154510857,6711200,B
2418467078,9905938,A
2418467078,9905938,B
1495745057,5310678,B
1996394583,9731002,C
1996394583,9731002,B
2493518412,10507239,A
2493518412,10517942,B
2593966955,9646735,A
2005304850,8144966,B
2005304850,7805183,C
1969078418,9495771,B
2029393800,8920635,C
2029393800,8906227,C
2122387051,7014837,C
2107471391,10253353,C
1978119727,9695426,B
2897915046,11019534,A
2963758252,10267684,B
1992832061,9141832,B
1992832061,9141832,B
2013070804,9141832,B
2013070804,9141832,A
2037164109,9246310,B
2899119870,11534104,B
2168258005,9610131,A
2168258005,9610131,A
2002998574,9200343,C
2002998574,8992697,D
1964481491,5497440,B
2020430968,8876987,B
2005133014,8886291,B
2160531925,9655545,C
2151978460,6448788,B
2727113428,11406471,B
1992265197,9336592,B
2114629374,8977340,C
2105658668,8977340,B
2055552215,8977340,A
2048134926,6448788,B
2072732950,8977340,B
1825421178,6841652,B
2090280240,6958192,C
2090280240,6841652,B
2052188792,7109287,C
2028098841,9447480,B
2082165590,11510600,B
2032907621,8977340,B
2115374941,8391565,B
2011365507,9336592,C
2414058689,10950774,B
1993540550,8889739,B
1997743593,5192553,B
1966100365,5004681,A
2313226498,6630516,B
2767806813,10246747,B
2141432032,8884240,B
2081974839,8048638,D
2081974839,8048638,C
2081974839,8557526,B
2150088870,7361356,C
2127913563,5716620,B
2127913563,5744142,C
2127913563,5709996,B
2127913563,5871998,C
2127913563,5756284,B
2033105934,5985610,B
2033105934,5744142,A
2033105934,5709996,A
2033105934,5871998,B
2033105934,5756284,B
2033105934,5716620,B
2014353718,5855891,B
1979444700,4659590,C
2766599608,10167457,B
1974559925,7417142,B
2951557137,6951935,B
1846731397,5437951,C
2598358736,11458107,B
2012155912,5202775,A
2019578712,10849345,C
2058613467,8999925,A
2810213051,11135920,B
2126477124,6693201,B
2613045328,10882949,A
2767417486,10882949,B
2022222077,8436137,A
2124190972,7314624,B
2201227995,10596251,B
2081426187,9144606,B
2102287317,5620706,B
2066880113,6676749,B
2085355078,8748180,B
2110071114,8748180,B
2141624427,5728580,B
2011034048,5728580,B
2094242017,8892554,A
2610421189,10777410,B
2163542585,8517605,B
1995584045,4975282,B
2012116265,5700933,B
2758440584,10352576,B
3015752974,10824127,C
1992490848,5965787,C
2001225313,5965787,C
2109180598,5965787,B
2037809865,5965787,B
2606005532,11612615,B
2083084779,7141242,C
2083084779,7556815,B
2149715912,7202354,C
2064291411,4284622,C
2330677996,4042681,C
2138015594,4284622,C
2333667806,4284622,A
2327430221,4284622,D
2045954713,6005058,B
2014598564,6065488,B
2014598564,6293163,B
2014598564,5907110,B
2090437332,9128294,B
2317206147,9101968,B
2035899226,7385221,D
2127338227,7385221,D
2168707592,7385221,D
2135575364,7385221,D
2117325714,7501303,B
2131861297,7103620,A
309498622,7103620,A
2282277510,10881334,B
2282277510,10299733,B
2014292777,10299733,C
1506313567,10299733,A
2104481360,10299733,C
2104481360,9439602,B
2054083908,10299733,B
2141573420,10299733,C
2005189434,10299733,C
2087494823,10299733,C
2094755710,6927796,B
2061052822,10299733,C
2296531361,10299733,C
2296531361,11183301,C
1882410170,6927796,B
781766254,10118896,C
2065000390,9540375,C
2012828129,8059333,B
2007205553,9085190,A
2007205553,9085190,B
2321780449,10234421,B
2102276673,8170288,A
2128220579,9427728,C
2001817437,9427728,C
2033526605,10591435,B
325706,7038190,C
2162766307,7038190,C
262501033,7038190,C
2082527000,7038190,C
2125219468,9231812,C
2125219468,9130701,B
2016089257,6194393,B
2016089257,5861492,B
2016089257,5792839,B
2009938298,10106833,C
2262220648,10371705,B
2329244646,9845294,A
2030506308,10150997,C
2003281356,6208651,B
2514714814,10880330,A
2020461489,8689164,A
2149999214,9644194,B
2149999214,9574185,B
2124843402,9856283,A
2916246029,11094064,A
2061145520,7754083,B
2087191092,5792924,B
2002488344,5846625,B
2002488344,5709978,B
2090108298,5912104,B
2738260243,10782292,B
2738260243,10222372,B
2067856993,10913781,B
2009855242,5712396,C
2097384432,7218151,B
2125765139,7388399,C
2111341599,7388399,B
2085819054,6548258,B
2404127895,5773010,C
2066053517,6297272,B
2166974823,5496554,C
2412214560,5747047,C
2412214560,5496554,B
2412214560,5773010,B
2019231891,6247358,A
1984525563,6586464,B
1984525563,6297272,A
2951414230,6297272,B
2009313534,6586464,B
2079456758,6297272,B
2112244713,7486847,C
2767157920,10954201,B
2090842508,4378330,B
1596865247,4532703,B
1974585011,4378330,A
1600673482,4532703,C
2049093383,4378330,B
2046613503,4970194,A
1993831945,4378330,B
1993831945,4532703,B
2034679378,4532703,B
1965494710,5330969,A
1973965210,4378330,C
1552222944,4378330,A
1552222944,4532703,B
1980695443,4532703,B
2014998056,4532703,B
2014998056,4378330,B
2028300946,10881334,C
2103822207,10881334,B
2103822207,10299733,C
2028300946,10299733,C
2619079930,11183301,C
2109916332,11183301,C
1985379241,10299733,C
2181256817,10299733,C
2181256817,11183301,C
2418264611,6487453,C
2072160962,6487453,B
1978587779,10299733,C
2058949225,10299733,B
2101787686,10299733,C
2295780145,11183301,A
2295780145,10299733,C
2170547493,10299733,C
1996666851,10299733,C
2159028135,10299733,C
1969091936,10299733,A
2118328933,10299733,C
2409818852,10299733,C
2409818852,11183301,C
2051395821,8075552,B
2417779412,9772890,B
2417779412,9772890,C
1977370306,7456176,B
2545891611,5442543,A
2401186745,10375955,A
2135028235,8792614,B
2080457299,4520302,A
2317265184,10364477,A
2058356660,6447764,B
2090123612,6447764,B
1670230100,9231594,B
2029684809,7501508,C
2052128835,7951939,C
2054141145,7501508,B
2054141145,7582751,A
2087527309,7501508,B
2087527309,7582751,B
1992219697,7501508,C
2073766658,7951939,B
2193294940,11128658,C
2059410370,8951498,C
1966926463,7951939,C
1994718804,6849730,B
2019212972,3973042,B
2073537992,3973042,A
1968281432,7531167,B
2778611902,10650307,A
2765183075,10650307,B
2895871706,10650307,B
2509653747,10650307,B
2504678134,10650307,B
2771311350,10650307,A
2609644863,10650307,B
2730623098,11222255,C
2730623098,10650307,B
2125480112,7676081,B
2125480112,7720282,C
2125480112,7720282,C
2074362467,4879899,A
2006382274,9315554,A
2142732953,9556281,C
2106279568,9567379,B
2106279568,9567379,B
2227588638,4621523,A
2755804840,10532983,B
2755804840,10584098,B
2017878528,6613797,B
2115925993,5605154,A
2027941516,7098828,A
1970593129,7501508,B
2079184352,6194386,B
2522303900,10738088,B
2530155944,10072046,B
2530155944,10738088,B
2093659679,4738928,B
1977922799,6066452,B
1985149546,9233097,C
2116949536,7092437,A
2060835359,5612057,A
1971302739,9441178,C
2536264061,9593024,C
2090413197,9712146,B
2056906710,8099149,B
2023302297,9712146,B
2346591187,9362919,B
2120737018,7323689,B
2042814330,9072708,A
2042814330,9546379,C
2605349104,10159711,C
2605349104,10293027,C
2605349104,9808508,C
2014885180,8962546,D
2533168162,9808508,B
2144378498,9925241,D
2176575827,10159711,C
2176575827,9446097,C
2176575827,9808508,C
2783397351,10509134,B
3022349928,10456031,C
2033127151,6521041,A
2042716616,4413531,A
2070721758,5466591,C
1974389826,10214570,B
2067510768,8946144,C
2041201526,5451793,B
195788035,5626851,A
2136203715,5750109,A
2136203715,5626851,A
2000031253,4636385,A
2136203715,6113910,A
2067280168,6713445,B
2108281809,5755736,B
2050214160,9020005,C
1987810026,8785905,B
1485392248,8785905,B
2924373035,11130788,C
2148658001,5761484,A
2126617405,5761484,B
2126617405,5596742,B
2092310199,9020005,C
2157618555,8478210,C
2149023280,8501190,B
2003545867,8501190,B
2078858675,10451808,B
2127575841,8642263,C
2441853946,9370529,D
2441853946,9181291,D
2441853946,8871966,D
2159477504,6205177,A
2124542270,11070839,C
2018524748,11070839,C
2104836601,11070839,C
1600503600,6560284,C
2023681965,10694165,B
1984451638,11070839,C
2050723463,6560284,B
2045220325,6849722,B
2045220325,6270640,B
2168579634,7579188,A
2168579634,7285415,A
2176546276,7482456,B
2066566497,7163888,B
2021982465,7163888,B
2177896570,7063919,C
2137983853,7163888,B
2009635259,7163888,C
2018100725,7163888,B
2000267719,7163888,C
2053055503,7425392,B
2124415609,7163888,C
2560759083,10668082,B
2330669294,10247704,B
2406452656,10806740,B
2068053518,10162932,B
2193491470,9595089,B
2193491470,10463336,C
2070993176,7019513,B
2034914869,10872698,B
2037678283,9603556,B
1974240014,9904331,B
2049258952,8688413,C
2049258952,8972217,B
2116196992,8725307,B
2213017741,10034417,B
2022514974,9952103,C
1595430911,5665346,B
1944484547,10125153,C
2606547841,10072030,C
2736722474,10358422,C
2987739490,10358422,C
2790558670,10672487,B
2084534412,5356839,B
2127653674,9210776,B
2022022631,6631172,B
2010435021,5698586,A
2113042663,7033950,B
1987743030,6020534,B
2091023870,5983732,B
2070331442,7217242,A
2163874950,4858124,B
2317974253,5972675,B
2053139373,6004757,B
2021938232,6004757,C
2026907934,6004757,B
2026907934,5532167,B
2594332009,10308703,A
2291547165,9605031,C
2291547165,10221399,C
1942464453,5912740,B
1942464453,6094267,A
1942464453,6084682,A
2544224436,9817138,B
2296032792,8778715,C
2296032792,10107924,A
2579169078,10107924,B
2047264114,8801838,B
2047264114,9821263,B
2047264114,9821263,B
1984721330,9821263,B
1984721330,9821263,B
2072398405,7345057,C
2072398405,7553965,D
2072398405,7928121,C
2076636818,8835865,C
2014101003,8872125,B
2042383609,10266761,C
2278845798,9345749,B
2278845798,9345749,B
2030555376,9274237,C
2082361489,8608801,B
2078417452,5412066,B
2078417452,5599993,B
2045412227,8608801,C
2580674256,10294484,B
2580674256,11193130,C
2036703671,5348917,B
2056069621,9057731,B
2594196841,10238674,C
2594196841,9808475,C
2594196841,9808475,C
1427125429,9808475,C
1427125429,9808475,C
1427125429,10238674,C
2085845512,6218668,C
2166278190,4351776,C
1987260011,4410676,C
1987260011,4408035,B
1999450178,5532167,A
1978635034,6004757,C
2168259122,6004757,B
1966288309,4699889,A
1966288309,4847008,C
2059751049,4847008,A
2107027557,4847008,A
2091075368,4847008,C
2462524015,10160959,A
2625008348,10851354,C
2566966562,9580699,C
149729648,5965175,B
2496493942,8705952,C
2554538572,11389520,B
2554538572,11292808,B
2402098452,6412557,B
2049038958,5196514,B
2017040336,5196514,C
1596701703,5447914,B
2518808631,7221760,B
2069983760,5119443,A
1974355813,5119443,B
2062304225,7221760,B
2058881112,5699449,A
2024701989,4832447,B
2034147016,7221760,C
2032925685,4832447,B
2608450589,7221760,B
1560846554,7616320,A
2104911012,4832447,B
2138031197,7616320,B
2770846881,11384417,A
2529271395,10195292,B
2529271395,11591602,C
2002616364,7741529,B
179360364,7349611,C
179360364,7174078,C
179360364,6542681,C
179360364,7062140,C
1992239905,6539155,B
2108766307,5804388,C
1978394713,6414780,B
1844045653,6414780,C
1995554071,8349547,B
2318586557,8349547,B
2019891194,6542681,C
2008153471,9862608,C
2008153471,9862608,C
1590129082,9435810,B
25537,5831279,B
2049441873,6984503,B
2049441873,7332592,B
2049441873,7361351,B
2005290572,8197558,C
2067866165,8690967,B
2067866165,8197558,C
2086910782,9377786,B
2328463139,9014578,A
2050326602,9476975,B
2050326602,9476975,B
1963839785,5903358,A
1963839785,5912740,C
2146934349,6084682,B
2146934349,5912740,B
2081897807,7616320,A
2803595293,10674139,B
2084686809,8150100,A
2132731725,5119443,A
2036321799,9036879,A
2065786765,7616320,A
2411071654,10326983,B
2411071654,10469833,B
1986415608,5119443,B
2003029914,5119443,B
1664773383,5119443,B
1992233084,7221760,B
2054970006,5119443,A
2068650398,8481766,B
2006800424,8642277,B
2112484110,5891676,C
2112484110,5840541,B
2112484110,5843733,B
2112484110,5827696,C
2057149050,5186933,C
1799129430,6780630,B
2956257224,11396645,A
1582121307,6156883,B
1582121307,5559014,B
2011968152,3970853,A
2433281826,11344600,C
1924246380,6156883,B
2020042607,5559014,B
2035342726,8063181,C
2324290651,6456885,B
2028609623,7557197,A
2317245403,10593349,B
2943129030,10923442,B
1586130277,6063622,B
1586130277,6057158,B
1586130277,5994132,B
1586130277,6083750,B
2965928951,11131441,B
2047227153,8518290,B
2098030531,5939721,B
2319668766,9028796,B
2319668766,9028796,B
2036825202,9061994,B
2080752935,4093515,C
2026271940,7503328,A
2970713651,11148636,B
2970713651,11046273,B
2528096341,9975922,B
2277171521,9975922,B
2138461061,7273729,A
2138461061,7232676,A
2102363847,7273729,C
2102363847,7232676,A
2213556634,5624839,C
2155258555,6734023,B
2155258555,7148071,B
2069509721,7274622,B
2044191080,7248539,A
2060596552,6090948,B
2060596552,6066738,B
2060596552,6103723,B
1996598736,6028201,B
1996598736,5780492,B
2060596552,6028201,B
2060596552,5914341,B
1996598736,5919785,B
1996598736,5981562,B
1996598736,5968965,B
1996598736,6001835,B
2005414430,8821824,A
2106913875,7867710,B
2166046093,6060236,B
2044337210,5854417,C
2044337210,5654401,C
1981501026,7867710,B
2791607331,10876088,B
2009031512,5438017,B
2009031512,5563126,C
2077725073,5438017,C
2085328480,5438017,C
2066593313,4385799,B
2075119045,6114994,A
2173875385,10072337,C
2109572195,6484565,C
2105803196,6402703,B
2109572195,6907772,B
1993044982,11225505,C
2495037733,11225505,C
2118070771,10047126,C
2130394010,5373747,A
2796928081,10390536,B
2799496616,10390536,B
1998894049,9361463,B
2114946077,5079151,A
2087590822,5849766,B
2087590822,6114534,B
2087590822,6075147,A
2552830511,10619172,C
2731550431,10619172,C
1989148233,8629255,B
1563700476,5830737,B
2104599421,9114099,C
2104599421,8222214,C
2246659105,8222214,A
93877611,8222214,B
2039954137,9737596,C
2300404593,9370560,C
2300404593,9737596,B
2769655478,11557786,C
2012024700,6114699,A
2267187439,10053706,B
2267187439,9994844,B
2094965317,4931763,A
1699177402,8796220,A
1699177402,9114099,B
1992050446,9114099,B
2055156432,9737596,B
1516179705,9737596,B
2155240407,9737596,B
2072865009,6583191,B
2080988955,5463082,B
2035802046,10210568,B
2602265090,10607303,B
2602265090,10210568,B
2599246183,10607303,A
2599246183,10210568,A
2035802046,10607303,B
2187635750,6647297,B
2269513467,10380309,B
1776822698,10380309,A
2587513648,10380309,C
2140975144,10394988,A
2243301874,10380309,C
1607177236,10380309,A
2028352501,7501637,B
2066141983,6328972,B
1975589189,10398407,C
2336616868,6197500,B
2039267425,6197500,B
2466580318,8947826,B
2147986807,11137409,B
2147986807,9354243,B
2147986807,9354243,B
2039919306,11137409,C
2090782745,11137409,C
2151404382,8190245,B
2035959480,11137409,B
2080132578,9164053,B
2009985166,9164053,B
2147157132,9164053,B
2157299372,6660274,B
2515392363,9998106,B
2116682611,6475492,B
2178434425,11137409,C
2538203437,10775388,B
1995318677,10538818,C
2000002515,10538818,C
2132043383,10689719,B
2086671416,7705182,A
2086671416,6492554,B
2086671416,7026500,B
2086671416,6998500,B
2086671416,6995284,B
2086671416,7214693,B
2086671416,7759520,B
2086671416,6569896,A
2086671416,7803970,B
2086671416,7253210,B
2086671416,7022870,B
2086671416,6838484,B
2038310509,6492554,A
2038310509,6998500,B
2099852805,7022870,B
2159615580,6492554,A
2159615580,6998500,A
2159615580,6995284,B
2159615580,6569896,B
2159615580,7041844,C
2159615580,6838484,B
2760948449,9834507,A
2760948449,9834507,B
2261726786,7518013,C
2071315961,5024508,C
2095202878,5148316,B
2085590668,5815597,B
2073894366,5119443,B
1987713759,5024508,C
2023623179,8822513,A
2138047831,7214693,B
1991234955,8009796,C
2011843530,8009796,C
2011843530,8374309,C
2011843530,7983381,B
2108649203,7889838,B
2025100489,7889838,C
2025100489,8041004,B
2035578624,10064554,A
267809647,5767379,B
2112514175,9206509,B
2031444091,5590520,A
2147336849,5778192,B
2035170770,6611702,B
2112952684,10667791,C
2112952684,9801615,B
2560485024,10375169,A
2312573563,8607615,A
1981333202,8668647,C
2094029513,7731661,A
2128487814,7183098,A
2614056620,10118935,B
2614056620,10428082,C
2565984263,9908892,B
1951692743,9981990,B
2612716628,10118935,C
2002381691,8034333,B
1518187627,5412658,B
1518187627,5361258,B
2127529229,8390894,A
2213199292,6714848,B
2949984619,RE46218,D
2081229286,8871975,D
2081229286,8853449,D
2081229286,8853449,D
1989063556,5852346,B
2625857958,10779736,B
2042521989,5852346,B
2094854862,5412219,B
2952095144,8871975,D
2952095144,8853449,C
2952095144,8853449,D
2953155795,RE46218,C
1996981529,8853449,D
1996981529,8853449,D
1996981529,8871975,D
1972567147,RE46218,D
2951128883,8853449,D
2951128883,8853449,D
2951128883,8871975,D
2949122639,RE46218,D
1985387611,8883765,B
2000318090,9493480,C
2000318090,9493480,C
2126789240,8883765,B
2016856586,7711545,A
2062899586,5629922,B
2071454387,8163481,B
2031997839,8906385,C
2028827890,8906385,C
2000742077,8906385,B
2051013202,8906385,A
2898178377,10891438,B
2022491950,9951049,C
1910227800,9951049,C
2081030410,5804388,B
2777237560,11217435,B
2055710318,8519123,C
2742118571,11512045,B
2979778443,11459499,C
2993546063,11459499,C
2944722363,11512045,B
2032062380,8548794,C
2884844337,11459499,B
2160955870,7056913,C
2047664771,7217557,B
2094163720,7450810,C
2079106364,10007730,B
2079106364,10007719,B
2011373486,8275759,B
2137366811,7984000,A
2137366811,8185484,B
2110089207,7774339,A
2241164711,9548509,C
2953068703,9643846,C
2953068703,9199850,C
1997355029,9643846,B
1997355029,9199850,B
2018755559,8704253,B
1997648610,7615834,C
2136567760,7615834,B
2020733350,6086580,B
2013838995,6086580,B
2035468666,6086580,B
2004775564,6086580,B
64058586,6815200,B
2111028597,10132781,A
2034988615,8363225,B
2109706829,10037028,A
2549712224,10532099,C
2029219188,5071959,B
1873685150,10010308,B
2598411404,10432971,B
2030379481,4503142,B
2103504038,9975923,C
2103504038,9975923,C
2773451080,11192251,B
2093040250,8281297,B
2151678537,10030222,A
2098891876,10280525,B
1550574557,3997401,A
2065717717,8012697,B
2052238498,6767465,A
2009290842,6767465,A
2536197109,5963662,B
2790733407,11235050,A
2309688181,9815894,B
2164013942,9480737,C
2008612380,6851281,B
1953293741,4735901,B
2056603312,7507196,A
2167709639,8116399,B
2142421767,8124835,B
2085048408,10675346,B
2018067620,8004119,B
2323025596,6912412,A
2323025596,8380268,A
2886535000,11421377,C
2000575658,9546091,B
2070950445,9320283,B
1532198942,9889192,C
1989896487,9177050,B
1989896487,9177050,B
2111549955,7809695,B
2501514371,10584215,C
2037293104,8696979,C
2158105592,8771704,C
2043644911,8771704,B
2042303470,9834381,C
2331327646,9139364,A
2069766798,6388440,B
2069766798,6498483,C
2104168880,6872574,A
2116616991,6872574,B
2078452116,6872574,B
2142969340,4920011,B
2123645175,9647800,B
2124346088,6709840,B
2006275584,6066621,B
2497161326,10059599,B
2055460903,9518308,B
2055460903,9518308,B
2171456628,9518308,B
2171456628,9518308,B
2100771499,7477362,A
1493902024,7684362,C
1535210521,8270600,B
2025178683,8559297,C
2025178683,8498347,C
2025178683,8130812,C
2025178683,8325593,C
2039342899,8784536,B
2039342899,8784536,B
1968876938,8227375,B
2117204828,7862647,C
2142218409,7397839,B
2967579878,11270211,A
2100629874,5834428,C
2162418500,7049284,C
2161966085,6489295,C
1985051436,7049284,B
2138867063,6184201,C
2170048668,7049284,C
2169456209,7049284,B
2068916130,7132827,C
1979435862,4522813,B
1979435862,4612366,B
2076588925,9619281,A
2146751213,5476483,A
2146751213,5514162,B
2023841960,8487066,B
67543742,5968820,B
1965880839,5800467,C
2322255796,10436924,B
2080854425,6477419,C
2692657948,10769546,C
2886611501,11285209,C
2886611501,10736962,C
2564318420,11242509,C
2912868925,11285209,B
2912868925,10765711,C
2912868925,11253560,C
2178533001,11226342,C
2946169021,10868737,B
2079034924,7313158,B
2020589353,7313159,B
2020589353,7313158,B
2018363851,5369089,B
2043534244,9135522,A
1971051032,5059027,A
2141437133,7029685,B
2141437133,7150875,C
2096155112,7060276,C
2134958456,4242270,B
2068570668,5919761,B
1998805310,6232082,B
2082616368,5643877,C
2030576070,9653207,C
2769071364,10298058,B
1880672725,9804145,C
1965543052,6525209,B
2152591595,9931359,C
2159203930,9994905,C
2152481430,9672631,B
2318197997,10406249,A
2016478109,10203321,C
2016478109,9883799,B
2094956072,10203321,B
2101587282,9883799,C
2068066960,8845571,C
2068066960,9883799,C
2127861259,10203321,C
2119061545,10203321,C
2119061545,9883799,C
2069590669,8845571,B
2069590669,9883799,C
2045682038,5956467,A
2016520713,6281342,A
1982790488,6281342,C
2154001575,11010182,A
2896795945,10303609,A
2083331095,9883799,C
1972372359,10203321,C
2094866321,7611673,B
2067818248,10203321,C
2067818248,9883799,C
2045566059,5139755,B
2136750984,6579691,B
2330555892,8772693,B
2090908229,8772693,A
2000181604,8848199,B
2004011624,8848199,C
2087305950,8848199,B
2124677456,8772693,B
1969390284,8772693,B
2022840858,8772693,B
2155378208,9340569,B
2026503114,7725266,A
2143032726,9006726,C
2159740892,8638872,B
2011206368,8848199,B
2045398702,8848199,C
1999595918,8772693,B
2089737625,8848199,C
2146678159,8638872,B
1851732076,6892292,C
607302881,10105422,B
2561959329,7535295,B
2049287166,8715436,B
1500596294,6391639,B
2150781057,7167801,B
1986775700,7167801,B
1969229182,7945537,A
2754959811,10052412,B
2060852600,8666761,A
2014693732,6438279,A
1967532296,8404658,B
2537600303,8570386,D
2066401612,5137906,C
2081171333,6828062,B
2081171333,6667825,B
2133536941,5962786,A
2008442531,4666845,B
2106639712,6667825,B
2106639712,6828062,B
2973848991,10797537,A
2973848991,11362549,A
1959417927,9994905,B
1978506930,6427234,B
2111948219,6092175,B
2121048547,6427234,B
2155925023,6427234,A
2117394963,8583573,A
279639323,10520600,A
2407988038,10901193,A
2083916007,6464729,A
1947571809,10175236,C
1947571809,9714944,C
1947571809,9714944,C
2755539979,10617791,A
2157867691,9566372,A
2157867691,9566372,A
2600874388,10132609,C
2014872325,4218491,B
2014395129,7943377,B
2916580128,7943377,B
2132518315,6593741,C
2037702942,7219020,A
2118742663,5942409,B
1965551142,8766754,B
2006013464,6828025,B
2077905065,8521025,B
2009495780,9277497,B
1963980788,9237107,A
1963980788,9237107,B
2101516821,9246334,B
2041594696,9277497,A
2029231937,8351786,C
2114102402,9277497,B
2152456047,8351786,B
2103161812,8351786,C
1984765569,9277497,B
2048149689,7808913,A
2170421310,8521025,C
2170421310,8351786,A
2128715257,8351786,A
2036992577,9214625,B
2080386242,7622735,A
2086630307,4165371,B
2770221287,10787478,B
2114635635,6185238,C
2020785368,8385000,C
2114270610,7713201,B
2059167094,10136876,B
2014515594,9072309,B
184757378,9813235,B
184757378,9813235,B
158355813,9813235,C
158355813,9813235,C
2166781659,9813235,B
2166781659,9813235,B
26982249,9813235,C
26982249,9813235,C
19983821,9813235,C
19983821,9813235,C
2048251337,10136876,C
2011231981,9072309,B
2074170128,9072309,B
1972152123,9354362,B
1972152123,9423539,B
2900558086,10797468,C
2775980583,11105988,B
1480999188,5763228,C
2117514166,10675618,A
2008529176,9423539,A
2001434014,7754882,C
2086707882,7754882,C
2605339529,11306041,B
2334732038,9393550,B
2035406498,9585951,B
2035406498,9610344,B
2019208496,9585951,C
2144015329,9585951,B
2160058281,9585951,B
2036243941,9610344,B
2037918562,9610344,C
2107865312,9585951,B
2098850956,9585951,B
2271585663,10327052,B
2437552516,11046991,C
2096143567,9863939,B
2333800257,8980073,B
2333800257,9598281,C
1985545540,8940142,B
2052274348,8940142,A
2030502812,8980073,B
2043983697,7141370,A
1982753187,8940142,A
1549735337,4552404,B
2049254732,6690008,C
2178060022,7795274,B
2014784379,6515023,A
2013191257,8710081,B
1989075697,6048861,B
1989075697,6017926,C
2028281569,7508838,B
1981683721,6602220,B
2007854533,5756283,C
1968912221,6261551,C
2130198168,7156813,B
2024343337,9810685,B
2024343337,9810685,B
2145142621,7156813,C
1971572251,7795274,B
2021841515,4985072,B
1664158328,5280106,C
1664158328,5270447,C
2088557220,9709642,A
2080302839,5600725,B
2159364591,7078489,B
2129199530,4693561,B
2055284839,9758481,C
2055284839,9290449,A
2055284839,9714222,B
2528607052,9702946,C
2528607052,9702946,B
2151072539,8384398,A
2151072539,8384398,A
2054183208,6534303,B
2598605182,10844378,C
2104820165,9637739,B
3021321114,10844378,C
2657274940,10844378,C
2601820861,9751074,B
2022774431,7651946,B
1971870738,7651946,C
2085233841,6188600,B
2539463647,6188600,A
2269777929,6362500,B
2110457085,6387418,B
2142317953,6375993,B
2142317953,6361807,C
2158380719,7780998,B
2173387723,9603868,C
2173387723,9782433,C
2961019536,10312436,B
261118947,6072107,C
148237040,6072107,B
1980717151,5338481,B
1482011127,9963666,B
1482011127,9765291,B
1482011127,9765291,B
2073141744,9557625,B
2943851902,11515994,B
2976309203,11515994,B
2956579360,11327092,C
2010687688,8370155,B
2515130998,10465187,C
2049192961,9526712,B
2142568077,4674334,B
2057207721,7739899,B
1594653212,8660789,C
2085001447,9286793,B
2028026652,4397866,B
2028026652,4405629,B
2910789091,10751034,C
2104370132,10159469,B
2768769783,10944768,B
2172221059,9877788,C
2172221059,10159469,B
2128733072,9200064,C
2128733072,9200064,C
2128733072,9005621,C
2128733072,9593159,C
1967305289,7749493,C
2160139405,8961978,B
2160139405,9005621,B
2160139405,8834881,B
2160139405,9593159,B
2160139405,8852595,B
2160139405,9200064,B
2160139405,9200064,B
16795284,7037716,B
2131315410,7749493,B
2087160531,7445862,C
2094077193,5707684,B
2063301635,9758728,B
2027703740,9758728,C
2041991502,9758728,C
2032164369,9758728,B
2566014163,11407946,C
1931864285,9758728,C
2738161653,10913757,B
2738161653,11078222,B
2611228580,9548436,B
2611228580,9502630,B
2611228580,9761782,A
2623112137,10243660,B
1998257279,6733965,C
1680328618,9306149,B
2007103423,8483492,C
2047837282,5190869,B
2047837282,5102795,A
2100730410,7019122,B
2592092547,9620924,A
2915001257,11368049,B
123885567,8478514,B
2024849375,4049803,B
2108993730,7336734,A
2169973848,8520778,A
2077791874,8520778,B
2092072482,8520778,B
2077497271,8520778,A
2921958259,11428557,B
2007763120,6852507,B
2980704810,11243217,B
2134617995,7515273,C
2019098751,7515273,C
2020026234,7515273,C
2086173237,8424751,A
2086173237,9245043,C
2139712654,9245043,A
2139712654,8424751,B
2117395183,9245043,A
1831195368,5854123,B
1981394705,6294478,B
2159463516,6156499,A
2083988338,7282205,C
2083988338,7148323,A
2059010078,7084266,C
2059010078,7201911,C
2059010078,7201911,C
2296617011,10597310,B
2088859590,7365333,C
2088859590,8153983,C
2307835650,10216172,B
2012513160,5821084,C
2289359074,10045966,B
1966634006,7439498,A
2003858158,5122668,B
2037794798,5728529,B
2037794798,5614386,A
2037794798,5861287,B
1970470405,9439438,B
2009581564,5538983,B
2017698524,5310534,B
2108671322,6872929,A
2108671322,6921890,A
2154394441,6872929,B
2154394441,6921890,B
2167322018,6921890,B
2135350161,6872929,A
2135350161,6921890,B
2119226987,6872929,A
2119226987,6921890,B
2543092686,6872929,A
2543092686,6921890,A
2122299517,6872929,B
2122299517,6921890,B
2767646038,10877049,C
2802192298,11537026,B
1977016631,8673804,B
2001093111,9255995,C
2329431452,10876150,A
1506188136,6477407,B
1985377877,6521288,B
2443409492,10697902,C
2069450309,7262500,B
836100689,11081331,C
2067643815,5487945,B
2067643815,5298286,A
2090752969,11081331,C
2076568290,9320826,C
2076568290,9320826,C
2087570215,8383092,B
2012197287,9329257,A
2406402276,10014961,B
2208068599,4770186,B
2090002498,9848603,C
2065241932,5389543,A
2008109167,4778881,C
2151455225,9509123,C
2151455225,9509123,C
1194125295,9509123,C
1194125295,9509123,C
2024973464,5231008,C
2128800722,6303299,B
2004310924,7163812,A
2004310924,7192761,A
2004310924,7195918,A
2004310924,7105329,A
2001732361,5817629,B
2095784433,7368429,B
2001183136,5817629,B
2039373763,5545192,B
2029323550,5176133,B
2029323550,5167228,B
2029323550,5163426,B
1964604281,8623615,A
2072595316,9504658,B
2085051895,7803807,D
1993375342,9005886,B
2556392711,9779706,A
2152263074,8824567,B
2611462186,9595112,B
2516327642,9684951,C
2587310949,9779706,B
2494437503,9779706,A
1937375692,5545192,C
2055900643,4946643,B
1978992496,6699621,B
1992912775,6120940,B
2155472153,10378025,B
2029232346,6013416,B
2029232346,5824452,C
1970426132,4992268,C
1986339238,9400353,B
1969507907,9400353,B
2754100029,11105937,B
2789644668,11105937,B
1587453136,5837817,A
1587453136,5856161,B
2017973051,5837817,B
2017973051,5856161,B
2025948031,6675136,B
2417670710,9434922,B
2772378376,10280397,B
1571254330,9704482,A
1571254330,9697830,A
2123728548,5298796,A
2118205064,4704356,A
1995144380,9994625,A
2000293943,5945105,A
1527188235,10881612,B
2557154838,9797855,A
2756931820,9797855,A
1972083068,9857808,B
1977333007,6225122,A
1990985800,4171498,B
2148643788,9388469,B
1803306759,10724005,B
1803306759,9914911,C
2062957419,6027930,B
2061532329,8486699,B
2531745766,10124085,B
2772714622,11007511,C
2772714622,10995107,C
2963942161,9800946,A
2066591221,11286285,B
2397315637,6400654,B
2027807553,7657078,C
2791168879,10217241,A
2964560534,10728105,B
2964560534,11113293,A
2804080114,11343325,B
1977927114,5508183,B
1984678233,8624034,B
2070763307,6600091,B
2043363093,7787111,B
1966967181,7547508,A
992486687,6130368,B
1650184556,7527951,A
1949665529,9779189,A
1949665529,9779189,B
2104805139,9895530,B
1536501248,9895530,B
2121612191,8795628,B
2211901699,10018646,B
1479896687,9815694,B
2077840661,8058798,B
2077840661,8058798,B
2030953386,3943127,B
2030953386,3943128,B
2030953386,3968226,C
1529680440,8411615,B
2414998203,11198875,B
2089088038,8185655,A
1991805259,8185655,C
1997815999,9567652,B
2800873232,10673921,C
2883239366,10673921,C
2140016888,6255058,B
2075585730,6255058,A
2151493707,6255058,B
2084673102,6900920,B
2151214351,7038827,B
2151214351,6900920,B
2089716111,6679938,B
2062432134,6114699,B
1990611116,8304521,B
1999071663,6329149,A
2011633174,5546209,B
2748552877,10898536,B
2011863081,8178868,A
1986770736,6042835,B
2563307733,11182629,B
2042975019,6374297,A
1993058289,6463508,B
1974860482,5461415,A
2043078530,5392430,C
1974681102,5674652,A
1935423839,5784547,B
2082366713,7737412,A
2089832091,8816297,A
2063215446,6696220,B
2177896570,6696220,B
2177896570,7708542,C
2021514849,11250318,B
2028185060,11250318,A
2157375927,6696220,B
2157375927,7708542,C
2164883365,6696220,B
2060916665,6696220,C
2138368127,6696220,C
1993402801,6696220,B
1993402801,7708542,C
2055393858,7708542,C
2126664033,6696220,B
1992321104,4634789,B
2164071621,6649813,B
2440109336,10822613,A
2314929114,5571759,B
2076226725,5920067,A
2076226725,5617340,C
2730328119,5602492,B
2730328119,5617340,C
1993832416,5617340,B
2068688963,6083925,C
2150723233,6486135,B
2150723233,6017897,B
1966911537,6486135,C
1966911537,6017897,C
2157962228,5347161,A
1992139339,5069548,A
2327996069,7282514,B
2085360086,7282514,A
1981280948,9614699,A
2141857236,6389079,B
1994080942,9736425,B
1994080942,9736425,B
3003710749,11007220,B
3003710749,10183043,B
3003710749,10603340,B
3003710749,11040067,B
3003710749,10555971,B
3003710749,10076542,B
3003710749,11020428,B
3003710749,10159694,B
3003710749,10258648,B
3003710749,11123367,B
2048969967,9393108,B
2048969967,8623081,B
1532512592,9393108,C
1532512592,10136805,C
2969259198,10183043,B
2969259198,10076542,B
2969259198,10159694,B
2969259198,11040067,B
2969259198,10603340,B
2969259198,11123367,B
2324311462,10183043,B
2324311462,9974807,B
2324311462,9974807,B
2324311462,10076542,B
2324311462,10159694,B
2324311462,10080769,B
2972107933,9833477,B
2337791560,9561253,B
2337791560,9504717,B
2337791560,10080769,B
2337791560,9974807,B
2337791560,9974807,A
2046891915,5503978,A
2896696832,10016443,B
2896696832,10653661,B
2149749420,7410639,C
2155591311,7410639,C
2003685246,6689580,B
2099364945,7410639,C
2174848253,7410639,C
2012043490,7410639,C
2097031234,8227410,B
2111378589,9018367,B
2814165877,10736558,B
2752710538,10736558,B
2460317225,10736558,B
2083586692,9267081,C
2145059098,9267081,C
2147712918,9132997,B
2024114410,9132997,C
2083069028,6048954,C
2122253214,4681763,B
2123924457,5902815,B
2134835560,5276785,A
2134835560,5359703,B
2100836015,8623081,C
2139070964,8911084,B
2057231286,8911084,B
2057231286,8506079,A
2070599822,8911084,A
2070599822,8506079,A
2022957119,9322065,B
2112760436,6087104,B
1997873819,9702998,C
2315406449,8688381,A
2315406449,8437998,C
2315406449,8775143,B
2315406449,8775143,B
1498243568,6486392,B
2598165802,11149053,A
2811506059,10047446,B
2623232514,10047446,B
2561463699,10047446,B
2561463699,10428432,B
2561463699,9849450,A
2123978582,9165097,B
1829121460,11085891,B
1900659057,11085891,B
2017743251,4952334,B
2012526549,6358920,C
2012526549,6346512,B
2012526549,6569996,C
2086627113,6787353,B
1981203912,6787353,B
2007640014,5798226,A
2007640014,5705616,A
2047419444,9322104,B
2047419444,9322105,C
1987102677,10260486,C
2285703678,10696677,C
2953749588,10696677,A
2011650342,8237130,C
2108737159,8338795,B
1993506244,5086169,B
2127492122,9366697,B
2170059396,9366697,C
2036837267,9366697,B
2166347234,6225532,B
2166347234,6287865,B
2065075132,7129224,B
2173150102,4612282,A
2481194923,4612282,B
2006333435,4612282,A
1573948298,4612282,B
195472449,4612282,B
2101097899,4522918,B
1974855449,5920000,A
1989628785,6287865,C
2147943677,8588467,B
3026845050,10987043,B
2013529902,8940876,B
2043915483,5733790,B
2043915483,5844080,A
2022150686,4612281,C
1989241675,7341873,B
2066109006,5444160,B
2792806466,11365413,B
2044297613,7214851,B
2578366634,6603658,B
2069906118,4979819,A
2069906118,5155544,C
2069906118,5020905,C
2069906118,4969737,B
2924545529,11247991,D
2109920678,6882908,B
1995745999,6548258,C
1975290019,9650429,A
2401368754,10377810,B
2080863929,5076654,A
2126471865,9129053,B
2101058523,7601120,B
1988581900,7601120,B
1999131792,7601120,B
1981372386,4124728,A
1981372386,4042723,B
2159998023,6143756,B
1985779701,7896222,A
2033752407,5692077,B
2014686442,5982515,B
2509086927,9815733,C
2509086927,9815733,C
2025200949,9453272,B
2509086927,10745315,C
1124021406,10260486,C
2078837657,4471057,B
131217765,6936654,D
2042762904,9396024,B
2004048482,4871669,B
2026260025,4871669,B
2023933338,7102761,C
2026923615,8373133,A
61181540,4874488,B
2017521555,10119197,B
1986985335,7754423,C
2065724935,5776997,B
2065724935,5861443,B
2024525185,4825880,A
2036058384,4825880,A
2396106116,10751933,A
2090768920,4825880,A
2791837838,10769798,A
2791837838,10853950,A
1973034901,7502115,B
2765402258,9673399,B
2765402258,10074819,B
931747440,5654401,B
931747440,5854417,B
21896252,5654401,B
2079464311,5854417,C
2079464311,5654401,C
1992720184,5854417,B
2050656705,5654401,B
2050656705,5854417,B
1972859817,5854417,C
1972859817,5654401,C
611216804,4570487,B
2002078015,6855216,C
1988783381,6855216,A
1984842697,6855216,A
2023886402,6855216,B
2010061154,6855216,B
2011325814,4843112,C
2078916961,4843112,B
2611645102,10883011,B
2761284455,9869651,C
2785695275,10175187,B
2785695275,9869651,C
2047662973,8305578,B
2032735905,9400197,B
1991133805,5486499,B
1974582792,9505806,B
2030979424,10095478,A
2602747643,11564914,B
2805194168,11564914,B
2101174487,6596996,B
2101174487,6601341,B
2004675407,6601341,B
2018170267,6601341,A
1983257004,6601341,B
2042418787,6601341,B
2035945221,6601341,B
2086869445,5283179,C
1502804925,8009292,A
1863948597,10793964,B
2073546627,6282607,C
2047599644,6282607,B
2030064747,5700906,B
2003343872,5574212,B
1974854573,5670719,A
1974854573,5827942,B
1974854573,5574212,A
2140116695,5902748,A
1975332288,8387026,B
2019062959,7462488,B
2947364346,11486010,C
2099486029,5049639,B
2099486029,5128059,B
2097774957,6009013,B
2097774957,5583811,A
2097774957,5583810,A
2032705268,5841697,B
2032705268,6009013,B
2112587095,5770417,C
2112587095,5716404,B
2112587095,6309635,B
2112587095,5770193,C
2555875666,9083230,B
2069369259,8587160,A
2069369259,8350397,B
2129595206,8587160,C
2130915237,8350397,B
2147909282,8587160,C
2101483954,8587160,C
1592775089,9083230,C
2161941835,8810182,B
2029549255,9295391,A
2039583786,5736372,B
2078009245,8378044,B
2078009245,8378044,B
2004832870,8378044,C
2004832870,8378044,C
2004832870,8575285,C
2004832870,9546226,B
2331090884,8742045,B
2015991222,9516408,A
2031097360,9433920,B
2031097360,8722757,C
2087559683,9433920,C
2087559683,9044739,C
2087559683,9044739,C
1971532738,9044739,B
1971532738,9044739,B
206378346,6217891,B
2080876189,6217891,B
2111120542,8481077,A
2091451509,10124126,B
2071377399,9005126,B
2038109674,9453502,A
2038109674,9453502,B
2331736936,9453502,A
2331736936,9453502,B
2326434345,9453502,C
2326434345,9453502,C
2009474477,9453502,B
2009474477,9453502,B
1983373950,9874202,B
1983373950,9453502,B
1983373950,9453502,B
1982858380,9453502,A
1982858380,9453502,B
1981239627,9874202,B
1981239627,9453502,B
1981239627,9453502,C
2949897197,10342221,B
1978907821,7608586,B
2302076618,5472953,B
2031414131,9874202,A
2031414131,9453502,A
2031414131,9453502,A
2062709862,8143788,B
2069607575,9453502,B
2069607575,9453502,B
2083716102,9453502,B
2083716102,9453502,B
2782728189,10258640,C
2883624885,11549121,C
1973519976,8568786,B
1973519976,7927629,B
1981151256,9021409,B
1981151256,9021409,B
1675422558,5110732,A
2043541896,5097025,B
2043541896,5110732,B
2043541896,5023179,A
2113473587,5110732,B
2090620332,7393679,B
2079469845,9964680,B
2021946498,8703936,B
2021946498,8519122,B
2083932946,6017693,A
2053827324,6017693,B
2059572899,6017693,B
2203592047,7026528,B
2108755497,9488664,B
2080349993,9067258,A
2080349993,9845523,B
2080349993,9309580,A
2080349993,8961716,B
2079407293,8613814,B
2079407293,8613815,B
2079407293,8613816,B
1969082113,9309580,A
1969082113,9463498,B
1969082113,8961716,B
1969082113,8613816,B
1969082113,8613815,B
1969082113,9297058,B
1969082113,9067258,B
1969082113,8613814,A
2105511309,7723045,C
2134944393,8615476,B
2039831720,7756563,C
2422592703,10580147,B
1982599553,8796494,B
2149639865,9907475,C
2006890568,7047312,C
1980274427,7614673,A
2041523541,9804494,B
2055432244,9907475,B
1971349922,6901593,B
2008841761,7286485,C
2008841761,7336611,C
2008841761,7277391,C
2008841761,6901593,A
2008841761,7424546,C
1965570703,6901593,C
2016114679,7047312,B
2008841761,7298699,C
2032737081,7492732,C
2032737081,7656985,B
2032737081,7860205,B
1996911696,7047312,A
2001795010,6901593,B
2063203387,7047312,B
2096470551,7492732,B
1954537956,7047312,B
1995891445,7047312,C
1995891445,7298699,C
1995891445,7277391,C
1995891445,6901593,A
1995891445,7424546,C
2074717607,7336611,A
2032667132,6901593,C
2263788477,7336611,B
2125837860,7047312,B
2053584450,6901593,C
2053584450,7047312,C
2003408990,7047312,B
2073218561,7277391,C
2073218561,6901593,C
2073218561,7298699,C
2073218561,7424546,C
2042029303,5759152,A
2089899488,8514398,A
2089899488,8894934,A
2626559781,10571244,C
33867565,8224640,B
1591071783,8224640,C
2098937176,8224640,B
2098937176,9405996,B
2098937176,8682626,B
2148553386,8224640,C
1554803239,8538109,B
1554803239,8224640,C
2306791795,9405996,A
2100230160,8224640,C
2126471865,8224640,B
2613142224,11295119,B
2888082421,9530042,B
2907811000,9530042,B
2949368800,6022972,B
2096455570,7252004,A
2040943118,9747089,B
2040943118,9753708,B
2040943118,9753708,B
1509444701,6921848,B
1597377552,7638595,B
2137496357,5541912,A
2161470284,5115430,B
2031144561,5541912,C
2031144561,5521916,A
2062110360,10522737,B
2093418918,5872299,B
2093418918,5872298,B
2093418918,6022996,A
2328456159,7052905,B
1970979666,5994521,B
1970979666,5850019,A
1602895520,6903551,C
1602895520,6714010,B
2123346066,6144873,A
2039157298,9140781,A
2039157298,9140781,A
2070051365,7252004,B
2117667705,9168021,B
2117667705,10172527,B
1903055941,9152882,A
2029315852,9690977,B
2063955079,4403032,B
1951630764,4560658,B
2094237414,5494803,A
2100103011,7214245,B
1646890830,9012237,B
195033136,6468509,B
2069915739,5494803,B
2143144114,7332176,C
2143144114,8034333,C
2017644010,7919302,C
2017644010,7919302,C
2017644010,8101172,C
2017644010,8034333,C
2128686288,8183025,C
2128686288,7919302,C
2128686288,7919302,C
2128686288,8101172,B
2128686288,8034333,B
2149937928,8183025,C
2036044481,7919302,B
2036044481,7919302,B
2029508672,6696415,B
2023816875,8101172,C
2068269193,7919302,C
2068269193,7919302,B
2068269193,8101172,C
2023816875,7919302,C
2023816875,7919302,C
2107187997,7919302,C
2107187997,7919302,C
2107187997,8101172,B
1559138834,5464778,B
1983177609,6124267,B
2010080800,5464778,B
2010080800,5880091,B
2010080800,5852175,B
2122028809,5880091,B
2061153055,5464778,B
2061153055,5880091,B
2061153055,5852175,C
1641373107,5852175,B
1641373107,5880091,B
2071982971,7259566,A
2047815134,8318159,A
2944080171,10267811,B
2020410708,9750738,C
2020410708,9750738,C
1986100488,9198989,B
2060915143,8012679,B
2706066070,11021686,C
1498469513,4994380,B
2020604793,6056436,C
2318505694,6056436,B
2055618514,6056436,B
2055618514,6278810,C
2159256308,6056436,B
2076660970,6056436,B
2076660970,6278810,C
1990568254,5245180,A
2038996520,6056436,B
2159105112,5245180,A
1995916095,6056436,C
2590054435,PP27743,C
2590054435,PP27298,C
2590054435,PP27276,C
2590054435,PP27275,C
2590054435,PP27277,C
2590054435,PP27745,C
2590054435,PP27744,C
2125752728,6165427,B
2008925032,7196349,A
1010922992,10239952,A
2134799914,9540448,B
2134799914,9540448,B
2134799914,10239952,C
2213204442,10239952,A
2891994608,10815273,B
2094593,10239952,B
2070974852,10912761,C
2144242764,9074000,B
2407673319,10239952,A
2501746775,9540448,C
2501746775,9540448,C
1988837817,9540448,B
1988837817,9540448,B
1992760934,8586576,B
1992760934,7601724,B
1992760934,7605155,B
1992760934,8580782,B
2091104351,5327903,B
2335485726,9877770,B
2595193417,10897116,D
2595193417,10033148,B
2595193417,10348050,B
2096696714,9124066,B
2560301374,10897116,D
2546802842,10176824,C
2581145893,9672834,B
2546802842,10032462,B
2015364580,7920943,B
2525398846,10495703,B
2013876581,9890216,A
2121367799,9638705,B
2316754462,10690661,B
2134408945,9274025,A
2412749000,8945855,A
1514692050,7363244,A
2408704315,10329391,B
2054415800,9383187,A
1901260711,6522952,B
2334041562,6654665,B
2150599611,10635479,C
2150599611,9672354,C
2150599611,9703726,B
2150599611,9703726,B
2150599611,9507727,B
2150599611,10296470,B
1597117184,6117670,B
2263374743,9697176,B
2137948601,8649849,B
2164454938,4324728,B
2164454938,4308210,C
2164454938,4194064,C
2164454938,4196266,C
2021474229,9811613,A
2753166473,11316758,B
88432969,7884197,B
2030716187,7884197,C
2046801960,7884197,C
2081314879,4939088,B
86058331,8557767,B
1989225237,4863247,B
2333643197,6939982,A
2135612713,8563626,A
2022457764,8470565,B
2157301145,5408381,B
2738329202,10145602,C
1987986170,8775009,B
2129458619,9428762,B
2303037252,10317412,B
2919869554,10458008,C
2004382396,11377720,C
1996161052,5558869,C
1996161052,5973121,C
2017045083,5558869,C
2086289695,5558869,B
2086289695,5973121,B
2138069377,5558869,C
2087076103,6441142,C
2092564708,5973121,C
2092564708,6835824,C
2022793780,6835824,C
2022793780,6441142,C
2046886731,5558869,B
2046886731,5973121,C
2013954748,5558869,C
2065504830,6835824,C
2065504830,5973121,B
2084686814,5558869,C
2084686814,5973121,C
2137721682,7933794,A
2595847241,10006051,C
2140279068,10059927,B
1538776436,7989447,B
2313438481,8772028,B
2011509801,8099792,A
2563392830,10344082,C
2128999756,8349715,B
2128999756,9018082,B
2128999756,9082687,B
2551024176,10890589,B
2551024176,10900980,B
2172316623,10900980,B
2172316623,10900977,C
2751507925,10632140,B
1732768438,9619902,B
2124208385,9631204,C
2952054359,11053289,A
2587260132,10059927,B
2587260132,10006051,C
1730071461,10006051,A
2059109354,5677170,A
2059109354,5728551,A
2075039371,4639336,B
2075039371,4661295,A
2075039371,4632820,C
1964659113,8358169,A
1976798860,8044655,B
2724730818,9926326,B
2724730818,9926326,B
2065413506,7662741,A
2134738691,8112597,B
2035982103,5543413,B
2949878569,5543413,A
2029393800,9555396,B
2029393800,9546328,C
2029393800,10647926,B
2029393800,9005433,C
2029393800,9296960,B
2029393800,8852426,C
3025482455,11235152,A
2989413150,11406531,C
2395362243,RE39920,B
2023766068,6143559,B
2178772393,10131585,B
2137380783,4145733,B
1997023647,4130885,C
1997023647,4128882,C
2104428600,8224188,C
2082398473,8823375,B
2166360485,9539285,A
2146046550,5750825,A
2092348041,9047679,B
2769743662,10567731,A
2769743662,10432908,A
2769743662,10389996,A
2769743662,10866418,B
787890101,8805051,B
2133929154,8805051,B
2001977516,7231839,B
2001977516,7134486,B
2963227052,10474709,C
2963227052,11003704,C
2963227052,10380161,C
2963227052,10521465,C
2137281603,7349729,B
2102295630,7349729,B
2038243552,5877283,B
2038243552,5766851,C
644321259,10569082,B
2099243582,4224949,B
2074780846,4224949,A
2049969739,4224949,B
2037624745,6653651,A
2056839423,7799453,B
2135151792,7756473,B
2006932223,8865433,C
2006932223,8865433,C
2006932223,9273362,A
2005192027,9273362,B
2604871987,11234955,B
2971136537,11044400,A
2971136537,11521316,C
2995746035,11347866,B
2995746035,11409887,A
2346907883,7278295,A
2069923299,8448848,B
2046951448,9364669,C
1991540213,9364669,B
1987006267,5648212,C
2101785219,5792615,A
2418279957,6416761,A
2744215917,10889501,B
1998190209,6811612,A
2012794917,7690478,A
1996687752,6995133,C
1975346791,4293379,A
2022206243,5047132,B
2151065652,9187643,C
1997842273,9187643,C
2171012794,9187643,A
2211406265,9346718,A
2057826100,5782888,B
1973331597,10619211,C
2057740793,4191754,B
2057740793,4139526,B
2057740793,4162248,C
2472439184,8642781,B
2031929702,5252461,B
2004732735,4139526,B
2004732735,4191754,A
2004732735,4235886,B
1121017325,4310518,B
1121017325,4139526,B
2004732735,4310518,C
1121017325,4140767,B
2949322450,7759486,B
2766505871,10357049,B
2061084617,8017170,C
2053526204,9781949,B
2065308048,6392024,C
2148378265,7531626,C
2148378265,6747130,B
1865904834,6747130,B
1976283838,6392024,C
1976283838,6008016,A
1999775968,8036738,A
997973745,10005022,A
2050149598,6022477,B
2057259162,7497950,C
2090615761,5868935,B
2516700614,9452930,C
2516700614,9993436,B
2742907526,11220717,B
2795503272,11220717,B
1477085709,11279129,C
1477085709,10449763,B
2093098424,5868935,B
2322054604,6319429,B
2048247538,8658561,A
2008866261,9166793,A
2008866261,9166793,A
2069518117,6946211,B
2107306261,8705826,B
2038375429,8428322,B
2038375429,8705826,B
1978376416,8027224,C
2007149536,8638640,B
2018554445,8027224,C
2068677073,8638640,B
2009762218,8027224,C
255697225,4097333,A
2002260292,4876721,B
2076409431,9041025,B
2076409431,8642363,B
2085457971,9041025,B
2111406217,9041025,B
2052973665,9041025,B
2052973665,8642363,B
1972691449,9041025,B
1972691449,8642363,A
2259857371,8705826,B
2170945283,8687862,C
2104501205,9445716,B
2000185164,8705826,C
2051556729,8705826,B
2903817512,10370521,B
2325009083,6027138,B
2159395868,8705826,B
2018104220,6470835,A
2062823301,6473218,B
2062823301,6490039,B
2543414444,6490039,C
2970512331,11593949,A
1990013942,9828432,B
1551537597,10510038,B
1987623571,4880817,B
2315364360,7991025,C
2315364360,7965745,C
2165033806,7400796,B
2165033806,7356214,C
2165033806,7062131,C
2040142608,6852312,B
1977293716,5698328,B
1966737205,6852769,B
2058915973,9133234,B
2058915973,9133234,B
2058915973,9102703,B
1973886069,6172194,B
1986763150,6046032,C
2021015704,5723313,B
2017731106,8462426,B
2062387146,8462426,C
2011349869,7764720,B
2021354785,8462426,A
2111895529,9669055,B
2111895529,9669055,B
273807467,9669055,B
273807467,9669055,B
350222782,9669055,B
350222782,9669055,B
249402774,9669055,B
249402774,9669055,B
1918323994,9669055,B
1918323994,9669055,B
2090081674,7020518,B
2014518411,6270846,B
2216095661,11101379,C
2108043800,5597944,C
2108043800,5523509,C
2108043800,5340562,B
1965322749,6589742,B
2171241793,5928688,C
2171241793,5972673,C
2171241793,5910571,C
2171241793,5814499,B
2171241793,5925388,C
2157266312,5925388,B
2157266312,5972673,A
2158742098,5994118,A
2141589508,5972673,B
2141589508,5925388,B
2009070975,5925388,C
2009070975,5814499,C
2009070975,5972673,C
1981312103,9292489,C
2166443303,8586620,C
2111459438,6492986,B
1969214140,5597944,C
1969214140,5523509,C
1969214140,5702674,C
2115932270,8877119,B
2071393510,10576462,A
1997916805,5523509,B
1997916805,5597944,B
2162710350,7560488,A
1981760171,7226439,B
2160567385,6503231,B
2124261705,7226439,B
2538211105,7226439,C
2147323866,7226439,B
2077458334,8257324,C
1626735991,7653199,A
2034744138,7653199,B
1992112807,7653199,B
1665316997,7653199,A
2151712091,10736840,B
2013315584,8257324,C
2131145865,6503231,A
2075001207,7226439,C
2002544696,8257324,C
1866599711,10736840,C
1589270112,7125970,B
2316678056,5368688,B
2129771529,8257324,C
1968382042,8257324,C
2045724586,7618162,B
2045724586,7273299,A
2045724586,7731395,B
2023625765,5924788,B
2477225303,9868895,B
2477225303,9650561,A
2477225303,9650561,B
2010660775,10187205,B
2331900250,5194236,A
1967972208,6849261,B
1591026439,9518784,A
2166954920,5789567,B
2166954920,5965139,B
2802306807,11226534,B
2141663748,10982287,C
2005850990,8946243,B
1524309701,5384301,B
1600251186,5384301,B
2963754613,9880999,A
1990028248,5672584,B
2038579629,8865664,B
2121825214,8363913,A
2179945290,7270825,B
2179945290,7413889,B
2007003847,7884193,C
1577004095,7548565,B
2004935008,8263090,B
2017876646,8263090,C
1971150335,8628946,B
2093161037,8335332,B
1968919006,8628946,C
2088445236,7214784,B
2324777977,9449743,B
1754276576,10137187,B
2093789704,8211645,C
1978191200,10130259,B
2103079389,10130259,B
1982277657,10130259,B
2017366367,10130259,B
2317656832,10130259,B
2119349877,7305541,B
2029886881,7305541,B
2169054534,9581595,B
2140689140,7968306,B
1991232163,9359303,C
1608850522,10290531,B
2597926024,10226206,A
1505994547,8648295,C
1985712154,5458878,B
1568036284,5458878,C
1517078815,5705163,C
1973955136,5458878,B
2031702708,9885621,B
2800102978,9322121,A
2148189505,6490615,A
2083667579,5458878,A
1547302324,4892827,B
112137823,4892827,B
1561227425,5458878,B
1589088345,5458878,B
1967166067,4806494,A
1967166067,4958009,A
1501945442,5458878,C
1585310162,5512658,C
2560462358,10884189,A
1638919886,10228471,C
2015536833,8363461,C
2015536833,8149615,C
2015536833,8159872,C
1981665139,6309863,B
2017915075,6884564,B
2017915075,6790587,B
2156574707,8614347,A
2162538180,6790587,A
2166644675,6790587,B
2166644675,7217495,B
2004027129,4723990,D
2004027129,4586952,D
2022800577,8067257,C
2022800577,7851243,C
2022800577,8148716,C
2022800577,7858963,C
2022800577,8174035,C
2022800577,8284811,B
2513943968,8284811,B
2513943968,8476615,B
2022800577,8306082,B
1986507621,8483251,C
2115157620,6745336,A
1988727533,7280866,C
2127327360,8828966,B
2009399732,7280866,C
1965965738,7404913,B
2013179200,7404913,B
2013179200,7048872,A
2587349459,10370256,A
1974424447,9053832,B
1974424447,8486300,B
2050988760,8486300,C
1482003752,9914972,A
144634238,5595666,B
2079043195,7106764,B
1987357447,7106764,B
2321605768,7106764,B
2078141775,6778565,B
2026958216,7106764,C
2008393918,7106764,B
2139353945,7106764,C
1897763812,7785607,B
2089103319,5256534,C
2178876774,6535817,B
1987429110,9376476,B
1603948570,9573983,B
2128733072,9611317,B
2027322928,9574013,C
2963227052,10909157,A
1925908931,5880482,B
2018621033,5880482,C
2115633128,10018591,B
1997966200,6281377,C
1996251357,7431931,C
2120181044,7411919,A
1526487284,7764706,B
1526487284,7764706,A
1526487284,7411919,A
2176027501,6081221,B
2174814272,6081221,B
2106513137,9169287,A
960722435,5171227,B
2013091180,7504210,A
2013091180,6635422,A
2772126867,10575505,A
2026300050,10575505,B
2050396199,8609106,B
2155701029,8609106,B
2038718866,6897560,C
2108769028,7732188,C
1515209736,6291165,B
2124523693,9868768,C
2537024229,10638962,B
2094636283,10638962,C
2099522719,8442023,C
2137725613,7870086,B
1987117272,6207159,B
1987117272,6022697,B
1985526798,8283077,B
2052069470,8283077,B
2728000349,11296244,C
2161964161,5814486,C
1847479747,4745182,C
2903233719,11296244,B
2077589208,6117659,C
2077589208,6391594,A
2077589208,6503741,C
2063285789,5120729,D
2063285789,4898853,D
2063285789,4983597,C
2063285789,5144028,D
2077498495,8609100,B
2737124852,10646849,C
2894739450,10793835,C
2047100870,6187355,B
2079092697,6187355,B
2148754706,8750243,B
2329971990,4719148,B
2329971990,4594628,B
177444027,8577030,B
177444027,8913742,B
2886272158,11533176,B
1984209600,8287652,B
2199312772,10916331,B
2123937625,7526470,B
2080878445,7494768,B
2325936580,7494768,B
1999372881,6294785,A
2065504830,6486311,B
1974177350,10741863,B
2341078901,11242563,B
2062263136,8143022,C
2147298843,4915629,A
2123517259,8802375,B
2616233320,6486311,C
2003222630,6486311,C
2058458880,8802375,B
2087323922,8802375,B
1992369492,8802375,B
1979907501,6486311,C
2027424554,8802375,B
1977800771,6486311,C
1504546383,6486311,C
2779455690,11358996,B
2051682281,9726771,B
2043952256,7025979,B
1977004139,7616324,A
2329020461,7616324,A
2078822992,7616324,A
2073671668,8744046,C
2029622957,7998473,B
2029622957,9404162,C
2029622957,8809035,B
2029622957,7906112,B
2134058077,8185696,B
2133424003,8166467,C
2100799855,8185696,B
2096592448,8185696,B
1979641754,8185696,A
1600322185,8185696,A
2132729873,8185696,B
2170721779,5601987,B
2559574135,9676836,B
2559574135,9676836,B
1788106766,9676836,C
1788106766,9676836,C
1502310649,6552255,B
2100203117,9279816,B
2041380706,9279816,A
2166086363,8003008,B
2543172569,10619134,A
2077719208,9119824,C
2123481741,9097713,B
2942120164,11060120,C
1966450437,7979214,C
1604234370,7435555,B
2079985291,7368255,B
2156312669,10520389,B
2095022753,6280718,B
1204516837,9725381,B
2059258284,7319029,A
2040519443,7557228,B
2056287272,7125694,C
2072549059,8802416,A
2005127394,7319029,B
1608295003,4398021,B
2090908073,5589333,A
2328885280,4895972,C
2048951080,5218077,A
2085462712,6019926,B
2063642498,6019926,A
1992470494,6019926,B
2052753064,6019926,C
2129437303,6379897,B
1965104913,6019926,B
1998684230,10074522,B
1668832360,6807306,B
2080127388,6620303,B
2773189041,10639744,B
2665722943,10639744,B
2062370531,9121713,B
2062370531,9121713,B
2160734420,9322766,A
2397681412,7833734,B
1994404281,9116246,C
1994404281,9116246,C
1994404281,8680469,B
2334920156,10705236,B
2051458333,9412484,C
2102002349,9412484,C
2062572039,9412484,C
2052319966,9412484,B
2010642426,8023390,A
2065980160,9096437,C
2322699606,10811166,C
1987979427,9096437,C
2335561961,9096437,B
2513717809,10839520,B
2033545353,5903390,B
2063143719,5337180,A
2154230545,6532380,B
2071373876,5434690,B
2076450230,11105823,C
2791298895,10078118,C
2791298895,10175308,C
2789694521,10775451,C
2769838017,11214642,B
2081611018,4337339,B
2081611018,4314988,B
2081611018,4326060,B
2162605910,8073286,B
2784716683,11534064,B
2743884226,11534064,B
2792349270,11534064,B
2903271452,11534064,B
2007176386,9260102,B
2007176386,8706369,A
1980102031,6389106,C
2025250570,8399155,B
2015029504,9200259,C
2157864651,6160102,B
2136404196,8361796,B
2167767716,5521503,B
2130531619,9359418,B
1992431958,8633697,B
2079474135,5359034,A
1983657802,5545537,A
2885023425,11165829,A
1989728410,9554989,B
2044678933,9267112,C
2049862723,6844405,B
2088491859,8725831,C
2088491859,8725831,C
2146408743,8600674,C
2146408743,8249807,B
2048254399,8657027,B
2035919597,9586234,B
2130844904,11316447,B
2080185805,8657027,B
2126856787,8657027,B
2139272549,6963604,C
2316572738,6068985,B
2015421641,7075934,B
1975864373,9034023,B
2599156696,11035839,A
2038034756,8971602,C
1531911336,8971602,C
1971768397,9893712,B
1971768397,9294069,B
1971768397,9294069,B
2034317417,8281663,C
2034317417,9562960,C
2026677775,8971602,C
2026677775,9173589,C
1987661888,6184682,B
1987661888,6265874,A
1987661888,6307369,B
1987661888,6329819,A
1987661888,6469506,B
1987661888,6647134,B
2051965894,6307369,C
2073378290,8971602,C
2048174206,6647134,B
2048174206,6307369,B
2885695268,10745477,B
2885695268,10919974,B
2042399828,6307369,B
2042399828,6647134,B
2332278701,8952693,B
2332278701,8971602,B
2033182637,8971602,C
2000178442,6647134,B
2000178442,6307369,B
3019512383,11543481,B
1979727210,6265874,B
1995967024,6265874,B
2241934695,10338315,C
2468871289,10338315,B
2007914723,5472852,B
2017683291,7060871,B
2949993597,10947299,B
2895644211,10947299,B
2624758906,11327041,B
2803554466,11327041,C
2007520210,7524876,C
2007520210,8143069,C
2074789242,9664676,B
2061184183,9868781,A
2134567113,10081005,B
2092767733,9289510,B
2310957470,10183068,B
2122529145,8484269,B
2122529145,8391164,A
2059071276,9643164,B
2059071276,9643164,C
2130541753,9126876,C
2130541753,9126876,C
2092966634,8784832,B
2092966634,9120869,B
2014972092,9120869,B
2076421330,7410795,B
2073828660,5116471,B
2073828660,5089099,B
2016672701,6724925,C
2048442426,6282307,B
2263928505,10391089,B
2001988281,4940718,B
2001988281,4716232,B
2952568752,5011938,B
2004094301,7361412,B
2141759095,4940718,B
2141759095,5011938,B
2688444924,11384219,C
2027893107,9785498,A
2134695766,9528197,C
2134695766,9096955,A
2133457465,8695056,A
2620831433,10553204,C
2620831433,10388285,C
2620831433,10552543,B
2620831433,10796088,B
2026255633,8695056,A
1970117849,4611284,A
1680652290,5874807,A
2526177807,10251938,B
2130315890,7274623,B
2156690225,6958255,B
2078318663,7741686,B
2078318663,7745973,C
1528806418,6958255,B
2154140185,8318419,B
2008403913,7459137,B
2081878465,7405077,B
2015074260,7405077,B
2101582566,7405077,B
2367393565,9506848,A
1963996643,5976681,B
2079471398,7874407,A
1990213830,9487534,C
2077253878,9487534,C
1967765906,9487534,B
2133718879,10314917,B
2766964818,10679838,A
2909129587,11430648,B
2775147318,10679838,C
3024263558,11430648,B
2928521527,11430648,C
2943872340,11430648,B
3007691040,11430648,B
2058150733,9105458,A
2058150733,9105458,A
2058150733,10679838,A
2120172921,6516118,A
359749208,6178450,A
2066952726,9269362,B
2537189399,10354355,A
2090222044,9269362,A
2043229054,4220642,A
2060494891,6724449,A
1601763431,6682786,C
1601763431,6724449,B
2594568005,10867757,B
1989102764,8520932,C
2610230827,8520932,B
2057136561,8520932,B
2019558424,8520932,B
2160201029,8520932,C
2183492274,10995317,B
1998251412,5883076,B
2036887989,5883076,B
1964441318,6916459,C
1964441318,7056489,C
2151310326,8987549,B
2061072293,9707289,B
2102927796,7796830,B
2622360506,11191721,B
2470355596,10176624,A
2015476284,7940387,B
2165555463,9381477,B
2617736527,11123304,C
2146690406,9333163,C
2598144275,9528979,B
2978974612,4358448,C
2791757140,11597976,B
1997720968,6605280,A
2047796161,6156348,B
2073436837,7517870,A
1968086590,9392788,C
1968086590,9392788,C
2032816864,7517870,A
2104393686,9543609,B
2117887655,7279500,C
2079357599,7279500,C
2027300306,7279500,C
2169521061,7279500,C
1539504782,7279500,C
2156019215,7279500,C
2052319496,7279500,C
2002816571,5543399,B
1964879788,9261438,B
2120285902,9261438,A
1969411658,9261438,A
2088401532,9261438,C
1976710418,9261438,B
2105391195,4908439,B
1544712600,8868350,B
1544712600,8868350,B
1544712600,8845570,B
1595020987,8868350,B
1595020987,8868350,B
1595020987,8845570,B
2072096465,8845570,B
2072096465,8868350,B
2072096465,8868350,B
1844778923,8845570,B
1844778923,8868350,B
1844778923,8868350,B
2013688749,8868350,B
2013688749,8868350,B
2013688749,8845570,B
2096624187,9484747,B
2096624187,9484747,B
1988204695,10250035,B
646749919,9484747,B
646749919,9484747,B
2048180543,9484747,A
2048180543,9484747,B
2075070056,5554629,B
2765254929,10974059,B
2734641604,10974059,B
2767121701,10974059,C
1990271699,10238886,B
2083354377,5998415,B
2083354377,5925638,B
2046727523,8012091,B
2905559021,11098006,A
41229340,8565850,B
1594389181,10273309,A
2069092801,5367057,C
2101630302,8423912,B
2065923345,5905969,B
2091767130,7226768,C
1991620112,7280676,B
1991620112,8805028,C
1991620112,7266223,C
2094000177,7280676,B
2094000177,7266223,B
1977207320,5747520,B
1977207320,5606060,B
2953333383,5747520,B
2953333383,5606060,B
1994416510,8469314,B
2022864356,8577095,B
2102525621,8577095,C
2062916153,8577095,C
2171585560,8577095,C
2137853755,8260009,B
2121688890,8577095,C
2762042916,10785127,B
2081196567,9216008,B
2158318180,9216008,B
1604973310,9984324,B
2138913040,10410109,C
2138913040,10650301,B
2138913040,9852006,C
2138913040,10102474,B
2138913040,10713561,B
1604973310,10169700,B
1604973310,10410109,C
1604973310,10282658,B
2067775847,9114130,C
2048374967,7647210,A
2949906354,10113208,A
2784179262,11123380,A
1546777811,6958255,B
1771611356,7741686,B
2897886670,11273331,B
2547316322,6958255,B
1997648610,6958255,B
1964155478,5469742,B
1977958957,4683750,B
2078082557,9431027,B
2078082557,9431027,B
2042128420,5469742,B
2085548852,4683750,B
2015226654,9863929,C
2140199061,9206257,C
2526039053,10640571,C
2272665585,9416190,B
2272665585,9409992,A
2272665585,9409992,B
2046954677,4486665,C
2046954677,4447732,B
2046954677,4793961,C
1971850409,6470469,B
1971850409,6460153,B
1964691245,10172879,B
1641150516,11032179,A
2778003214,11032179,B
2754693326,10273413,B
2724684317,10273413,B
2060103937,5352829,A
2053461680,7659407,B
2053461680,7485730,B
2083653334,7659407,B
2083653334,7485730,B
2143516773,6744923,A
1491175162,6744923,A
2341476692,4011138,B
1994015772,4255519,B
1783106763,4011138,B
2139312536,7356195,B
2105471555,10680403,B
2890720382,10279167,B
2543884119,10478936,B
2543884119,8932883,B
2543884119,10401285,B
2015699295,6902896,C
1971183851,7567837,A
2031063067,8853228,B
2079087723,7567837,B
2184120264,10871352,A
2132552671,7871475,B
1569144489,6605166,B
2472032217,10176085,B
1895956747,10176085,A
2087345317,4535179,B
1998986285,6956507,B
2034960612,7506379,B
2062949048,9439973,A
2010526024,7184189,A
2010526024,7196833,B
2057654068,6216021,B
1917444417,9551692,B
2142848650,4992568,C
2037255353,4992568,C
2085991817,4948905,C
2170246838,4992568,D
2134803579,5822222,B
2046081256,5822222,B
2105055683,7533221,C
2105055683,7680986,C
2105055683,7577798,C
2108092178,9059495,B
2195715373,9958353,B
1999664306,7854174,C
2067417419,7533221,B
2067417419,7577798,B
2067417419,7680986,B
2792782933,10346196,A
2059518039,5912338,B
2059518039,5866137,C
2023661160,7008784,B
2023661160,6291157,C
1129519709,5439809,B
2023661160,6025125,C
2023661160,5889176,C
2023661160,6451322,B
2059518039,5849475,C
2111687259,5169773,C
2116596056,5169773,B
2178845291,8543985,A
2093322352,6841669,B
1982725971,9641204,C
1982725971,8817859,C
1997480931,8883445,B
1997480931,8883445,B
2598477322,9220724,B
2057117951,8598400,B
2057117951,8552242,B
2126686907,9073801,B
2126686907,9073801,B
2580674650,11332426,B
2132909529,9446394,C
2005546983,9611347,B
2569052016,11020730,C
2569052016,9850268,C
2084584909,5077214,A
2060658253,9816107,A
2149961418,9816107,C
2036306731,7550489,B
2041832200,7767648,C
2113231332,7318928,C
2143285371,8772226,B
2233735310,9333217,B
2327462989,8691507,C
2327462989,9333217,C
2327462989,9334527,C
2521990769,8895245,B
2521990769,8691507,B
2521990769,9333217,B
2521990769,9334527,B
2327462989,9949999,C
2100630390,9333217,B
2100630390,9334527,B
2100630390,8691507,B
2064494688,8691507,B
2064494688,9333217,B
2064494688,9334527,B
2064494688,9949999,B
2207845716,8691507,C
2207845716,9333217,B
2207845716,9175331,B
2207845716,9334527,B
1985506449,10092512,B
2294924067,9500185,B
2294924067,9500185,B
1972835799,5278056,A
1974790670,7794938,A
367689605,6072107,C
2894805846,11559591,B
2894805846,10485881,B
2007918831,8806995,B
2069527467,7262046,C
2033646322,7262046,C
2105007526,7262046,A
2017675490,7212851,C
2121545434,9776156,C
2766028652,10767062,B
2325781077,8685287,C
2068926699,9776156,C
2164783703,8629076,C
2090081622,9601226,B
2090081622,10106418,B
2013266535,5266313,B
2078671978,7547279,B
2158143481,7569547,A
2075551352,7291653,B
2057740793,4161521,A
1979435862,4427661,C
2045695466,9302413,B
2042529958,4427661,B
107996851,5614469,B
2112270062,10545133,A
1480178935,10545133,A
2143363296,10545133,A
1964442943,10545133,B
1996394583,10517942,C
1999824494,5889150,B
2111243257,7373638,B
2083484178,9421220,B
2344592668,10596546,B
2111037277,6656907,B
2082257915,10137011,B
2050026510,6251310,B
2088092944,10336734,A
1850053916,7875734,B
1850053916,8530677,C
2312526824,8710283,A
2505091115,11088392,C
2594753755,11088392,B
2591549032,11279780,A
2162099246,6562930,B
2162099246,7119154,B
1600928034,5962293,B
1999973609,5158960,A
1999973609,5320955,A
2169379437,8860414,C
2913208382,10906909,B
2910617149,10772742,C
2167261510,6541611,A
2167261510,7250167,B
2079579102,11480398,C
2039689661,6167156,B
2069014987,5008718,B
2089445704,6175762,A
1809755913,6175762,B
2068101602,4970653,B
2086846713,4970653,B
2188717589,9709877,A
2188717589,9709877,A
2555495562,10436793,C
1591656016,8258369,A
2003882678,8383734,A
2396857317,9163284,B
1980249738,8023052,B
2118748162,7494222,C
2080511178,7494222,C
2144305444,7798646,B
2944580967,11070141,B
2206269655,10168338,B
1897655738,10160974,B
2032292746,9370072,B
1993846314,8460647,B
2020233428,8460647,B
1922425751,8460647,C
1998630083,5583202,A
2008495999,7388071,B
1565198376,5385826,A
2129802509,8313915,B
2963490371,10284970,B
188488539,5631162,A
2179268372,5525513,B
2179268372,5690930,B
2770046552,11504414,B
1979662898,4476062,B
1979662898,4499258,B
1509362310,6557103,A
1487562866,6557103,A
2104808305,6557103,A
2155320376,6557103,A
2113165903,6557103,A
2083589362,5998910,B
1991495375,5998910,B
2087969670,5998910,B
2046713604,8501031,C
1996576667,5998910,B
2049665852,8530707,B
2587213187,10980754,B
2093127721,7335502,B
2220056224,8633354,C
2590315573,9685910,B
1999684414,5153197,A
2120822156,5354867,A
2120822156,5155118,B
1999684414,5128355,B
1999684414,5354867,A
2066401612,5128355,B
2066401612,5138069,B
2066401612,5153197,B
2066401612,4916129,C
2066401612,5155118,B
2161243596,5354867,B
2080725665,9169540,B
2002880522,9935617,D
2070917950,4531845,C
2070917950,4674894,C
2083628270,9739616,B
1964526449,4442187,B
1964526449,4321114,B
1497608667,10791931,B
1970330704,6639132,C
2044826176,6645770,B
2038722182,5804836,B
2022726821,7830085,C
2049233829,5804836,A
2998754863,7830085,B
2149497790,4204216,B
2034615884,5881083,B
1627406478,4204216,B
2154195307,7830085,C
2066966637,5232631,A
2000407343,4204216,B
2606470863,9486757,B
2143488858,8460674,C
1533742769,7582896,C
2008149206,8687916,A
2182390088,5081105,B
2171708630,4512974,A
2171708630,4542017,B
2171514816,6746855,B
2065733153,6192472,A
2022995669,5937066,A
2022995669,5907618,A
2089573388,6311271,A
2063395656,10102418,A
1964712202,10445619,A
2616753020,10836810,B
2909414856,10836810,A
2909414856,11254732,B
2909414856,11242379,A
2953256696,11242378,B
2953256696,11254732,B
2953256696,10836810,A
2909414856,11242378,A
2019130576,10503868,A
2022786966,5912138,C
1597676159,6814968,B
1923260397,10301622,B
2011292091,5454880,B
2011292091,5331183,B
1991309494,6534329,C
1988758287,5881083,B
1984906485,7830085,A
1972127446,6750216,B
1980500777,9019468,A
2035749979,4645755,C
2131950516,6849419,A
1970078779,8278083,B
2562496125,10563226,B
2016578094,4656169,C
2082149370,8786497,B
2357298441,10092632,B
2980298509,9192657,B
2091881761,7286743,A
2734877601,10547107,A
2734877601,9972911,B
2546903149,9972911,C
2766180179,9972911,B
2766180179,10547107,B
2978580438,10547107,B
3008018479,10547107,C
2768286251,10547107,B
2768286251,9972911,B
1925188099,9972911,B
2312778877,9972911,B
2132194591,9972911,B
2548565127,9972911,C
2774887182,10547107,B
2774887182,9972911,B
2804171993,9972911,B
2804171993,10547107,B
2620685459,10547107,A
2620685459,9972911,B
2547606262,9666946,C
2547606262,9972911,B
1904760651,10374309,B
1904760651,9692126,B
1904760651,9692126,B
2127562703,9082307,B
2585714330,9972911,C
2766177700,10547107,C
2766177700,9972911,B
2462093416,9972911,A
2462093416,10547107,B
2584024656,9972911,B
2584024656,10547107,B
2244736956,9972911,B
2765528393,9972911,C
2765774960,10547107,B
2765774960,9972911,B
2038020357,5623037,B
1989589799,5449608,C
1576567148,5916563,C
2592787056,10726552,A
2001712637,8979921,C
2001712637,9592325,C
2001712637,9592325,C
2306220511,10032287,A
2418187017,8979921,C
2418187017,9592325,B
2418187017,9592325,C
2418187017,8961591,C
2464066103,9592325,B
2464066103,9592325,B
2464066103,7618448,B
2052559127,6878797,B
2114265222,8841548,C
1964395868,7768194,B
2067620507,6527972,B
2070424864,9095610,C
2708881200,10641524,A
2007293753,5461185,A
1483835552,8691523,B
2273971467,8445225,B
2150295025,4707358,C
2016400574,7011947,B
2122599407,7239986,A
2122599407,7324926,B
2002123191,5250295,A
2156994528,4935412,B
2156994528,4935411,B
1938535455,RE34656,B
2116987967,7872117,B
1985688673,5541060,B
2101390214,5541060,B
2909689833,10141865,B
2513230255,10808239,B
2513230255,10330680,B
2286416783,8476419,C
2004020904,8476419,C
2135087025,8476419,B
178663247,8476419,B
2115875222,10196459,B
2123190274,8165855,C
2063669637,8165855,B
2903564878,10039814,B
1547545730,9642902,B
1691770433,9295392,B
2038769454,8530831,B
2123763815,5766916,B
2341165658,9820981,B
2034540413,9603724,B
2000462804,9603724,B
2079747366,7858770,B
1775999962,11376329,C
2989075905,11457854,C
2018715097,6541008,B
2070070300,PP25066,C
2188296514,5240839,B
2067057812,RE37393,A
2737366341,9887747,B
2737366341,9887747,B
2737366341,10312992,B
2744095050,9887747,B
2744095050,9887747,B
2744095050,10312992,B
2520139978,10312992,A
2603752576,9887747,A
2603752576,9887747,A
2603752576,10312992,A
2123372018,7894298,C
2009125534,8263664,B
2009125534,7951846,A
2618822886,11029432,B
2072757401,7521548,B
2077005021,9260400,C
2150233505,5102995,C
1517676588,5102995,A
1517676588,5118793,A
3009598348,11277633,B
1970465449,7951850,C
2106363877,4770781,C
2155641826,5141676,A
2155641826,5273686,B
2095395718,9935240,B
2942647057,11558044,A
2042819138,8877752,B
2111508559,9004201,B
2734462149,10422054,B
2579820441,11124785,C
2013294405,11124785,C
2003705272,9238027,A
2011495412,6506894,A
1972053288,6506894,B
2529927010,10755007,C
2002995168,7723030,B
1973712395,8168854,C
2573318906,10584144,B
2093557716,8557515,C
1986756287,9150859,B
2884300889,11549432,A
2547544851,9916187,B
2085494605,10002205,B
2085494605,9740536,C
2085494605,10019294,B
1540954024,7723030,B
2340779338,10221172,C
2340779338,9980945,C
1980963921,7520856,A
2091535344,8715194,B
2561153484,11008335,C
1246069513,10399948,B
1246069513,9382208,C
1246069513,9676782,B
1924629681,10399948,C
2116092199,11111251,C
2097245801,9008393,B
2097245801,9008393,B
2807700480,10987013,B
2050802329,8939253,A
2734977737,10903992,A
2900850328,11122425,C
196254188,9135272,A
2772427550,11473078,A
2809078246,11473078,A
2026523107,10127346,C
2095348285,6800445,B
2013303188,5275796,B
2120451270,7685150,C
2129566748,7644066,A
2096234643,4164643,A
2100464427,7381958,A
2127335488,6264958,B
2560485024,10684909,B
2059414856,10290385,B
2953202879,4946856,B
2293756138,7814108,B
2293756138,9135343,B
2279108819,10251549,A
2885824098,10533232,A
2042895156,8451877,A
2065192198,9422521,B
2084255205,5861405,B
2045803856,3960842,C
2088311681,5994092,B
131319679,7108919,B
2313818853,7255862,B
1890967788,5766597,B
2056657026,5759841,C
1988149697,5503834,B
2108610096,5514375,B
2320561747,4606329,B
2320561747,4776322,A
1988851070,4606329,A
1988851070,5015225,A
2040996256,6660758,B
2312436566,6965381,B
2113435399,7696410,C
1965178151,6930103,B
1964063131,5053232,B
1979361375,8707300,B
2030239105,5744141,B
2044014580,6574104,C
2526034737,10368846,B
2526034737,10307141,C
2079799373,7892789,B
2460369893,4297173,B
2509965771,10068330,C
2509965771,10198670,B
2023935140,5696238,A
2023935140,5653985,A
2463058692,6432139,C
2069100373,7956989,B
2069100373,8159676,C
1867791113,6614566,B
2151367867,7979848,B
1965450288,10960218,B
1116755673,7587887,B
1971264852,7096659,B
1116755673,7082749,B
1971264852,7587887,C
2180028056,7587887,B
2180028056,7082749,B
2180028056,7096659,B
2132802586,7723030,B
2135810600,7723035,C
2135810600,7723030,C
2077516186,8168854,C
2083014861,8911998,B
2083014861,8911998,B
2006797972,7723030,C
2023858596,7723030,B
2027096848,7728189,C
1993598575,7728189,C
2038390895,7332111,B
1998014948,9270446,B
2013208795,9270446,C
1582659671,9270446,C
2562765729,10824475,C
2401086404,9860318,B
2401086404,9860318,C
2401086404,10567277,A
2749086189,10425954,A
2749086189,10588033,B
2195298275,9860318,B
2195298275,9860318,B
2565030349,10291474,A
2565030349,10567277,C
2565030349,9860318,B
2565030349,9860318,B
2529647760,7176244,C
2083075557,9452107,C
2817181578,9931300,B
1978538658,9452107,B
1978538658,9931300,B
2072838598,9452107,B
2739596229,9931300,B
2892885307,11126679,A
2978320321,11126679,A
2962746987,11126679,B
2022391208,9439957,B
2946614099,11484630,B
2338864617,10724145,C
1478012812,10427169,C
2331528766,9421521,C
1985938896,9255334,C
2013379273,9246177,C
2013379273,9246177,C
2558914528,9860318,C
2558914528,9860318,C
2558914528,10567277,C
2558914528,10291474,C
2072045814,9246177,C
2072045814,9246177,C
2340622122,10724145,C
2515216885,10709697,B
2024365050,9767943,B
2024365050,9767943,B
2308564193,9767943,A
2308564193,9767943,A
1993707348,6653140,B
1995422026,5498819,B
2175312160,7082749,B
2175312160,7096659,B
2175312160,6901736,B
2175312160,7587887,C
1975610155,10292645,C
2056939999,6653140,B
2008740070,6653140,B
2103677927,6653140,C
2146262274,6653140,C
2165947313,6653140,B
2810152941,6653140,B
2016724588,6975903,B
2016724588,6885892,C
2313648928,5511038,B
2162705046,6653140,C
2022478950,9808557,A
2030687058,8658825,B
2336304896,11179498,B
2106513954,8728857,B
2106513954,8728857,A
1978967400,8728857,C
1978967400,8728857,C
2002083380,10426098,B
1997073923,6060515,B
2021777810,5643899,C
2062277825,5643899,A
2008711932,8877498,A
2008955157,7562014,B
2008955157,7664644,C
1989921208,10429295,C
1900116963,7292982,B
2159086674,8321220,A
2159086674,7742911,B
2329008085,4925490,B
2329008085,4997192,B
2559967488,10130717,A
2019616994,4760022,C
2075518131,4760022,B
2059374899,9808527,C
2327064237,7244708,B
2345988829,9499558,C
2345988829,9499558,C
2034355601,7244708,C
2036028081,7244708,B
2075164674,6953849,B
2085869645,9497204,A
1891373483,6528484,B
1653253285,7487544,B
2057515710,6639129,B
2048226829,6219578,B
2057050691,6842502,B
2022111735,6855319,B
2112095335,6842502,B
2085758803,6855319,B
2064123325,6855319,C
2053401348,6855319,C
2170793258,6855319,A
1579558597,6855319,C
2081957378,6168967,A
2072444542,5202501,B
2171306122,9371365,A
1967920635,8233467,B
1967920635,8270527,C
1991976221,8233467,A
1991976221,8270527,B
2143280648,8233467,A
2143280648,8040867,A
1965799426,8486256,B
2052762289,6096178,B
2009542266,10114012,B
2112559786,8990760,B
1975104474,9556088,B
1990917516,8828705,C
2030016605,8828705,C
2075341094,9567265,A
2097644578,6839580,B
2063554080,5686240,B
2563053307,9892501,C
2080011443,7968664,A
2017956091,5686240,C
2094350717,9145388,C
2007945207,9199969,C
2007945207,9073900,C
2007945207,9205087,C
2326885149,9199969,B
2326885149,9073900,A
2326885149,9205087,B
2326885149,8901304,C
2326885149,9145388,B
2326885149,8916704,A
2007945207,9145388,C
49354503,9926290,A
2126063013,7417430,B
2140452348,6838435,B
2055687988,5244879,C
2055687988,5162363,C
1965910861,4806527,C
1965910861,4906619,C
1965910861,5008250,C
180176693,8965832,B
180176693,9165565,A
2102050279,10213476,B
2010879618,4144345,B
2037498077,5835905,A
2037498077,5895470,B
2751934142,9935608,C
2012327573,5008241,A
2134345633,10694961,B
2076195337,9862972,B
2076195337,9862972,B
2050923523,5326626,A
2151182412,10433752,B
1988841943,10433752,B
2166514290,10433752,B
2133362084,10433752,B
2149649894,10433752,C
2066292767,10433752,B
2939661374,11267756,C
2539245688,10431419,B
2035987281,10433752,B
2004374619,9976199,C
2090385130,8074490,B
2044775603,9976199,C
2066824567,9882222,C
2066824567,9882222,C
2114904060,9976199,C
2114904060,9882222,B
2114904060,9882222,B
2079588771,5286653,B
2151118949,8679837,A
2291701686,10181101,C
1534585405,10181101,C
1994313929,9075050,B
1612034064,10181101,C
2066890570,10181101,A
2037968073,9518088,B
2037968073,9518088,B
1965431149,7516019,B
2091223376,8097415,B
2963522331,11417117,C
2003326799,5273996,B
2003326799,5468770,B
2243467818,10420734,B
31487277,9421264,C
2000328666,10420734,C
2019554275,6266145,C
2144638576,6101027,A
2102209441,6160627,D
2906725981,10751028,C
1995045917,10272106,B
2011495973,6200567,B
2074856842,4040905,A
2096153965,9007562,B
2050718091,7251263,C
2151087763,7251263,A
1520536091,7251263,B
1542486542,7251263,B
2132669347,7251263,B
1491689002,6167065,B
2286126752,9216590,B
2020017240,7251263,B
2082663404,10654916,B
2111827868,10654916,B
2134974066,10654916,C
2031262928,6660255,A
773242161,9476865,B
2014274999,8774469,B
1852553807,9476865,B
2496122461,9476865,B
2075877466,9007562,A
1994035513,7251263,B
2029173701,4641316,A
1987292323,9740494,A
2564053079,9499807,B
2564053079,9951325,B
2740080273,10738295,B
2167791445,9732386,C
2083099355,9732386,B
2073264424,5589584,B
2079763287,9552952,B
811164974,9786478,B
2053977242,9157863,B
2000368689,8742372,B
2333804747,5235786,B
1987105031,5325634,B
1982056837,10327441,B
2111330564,8846331,B
2035749206,10106834,B
2060240521,6939955,A
1987396724,7388894,A
2542654366,8063450,B
2542654366,8063450,B
2047291946,7244708,B
1994806413,9868707,B
2138155367,8685660,D
2138155367,9115403,C
2005021386,9115403,C
2005021386,9315868,C
1595103091,6789050,A
47766510,4493893,B
2138473572,8572064,B
2941994553,11537104,B
2804237162,11599099,A
2941994553,10359764,B
2544453608,8436312,C
41385029,9029789,C
2112899426,9566679,B
1966387153,7319013,C
1533092962,8290754,B
1533092962,8289322,A
1533092962,8194068,C
2087213817,9439602,B
1972819660,7164946,A
1984588237,9181384,B
2139752122,6207374,B
2139752122,6232452,B
2062752187,6569831,B
2159636736,9208547,B
2159636736,10249052,C
1968765829,9208547,C
2962986624,10460033,B
2962986624,11514244,B
2211996548,9454712,C
2261609884,10172934,A
2261609884,9890363,A
2261609884,9890363,A
2261609884,9950057,A
2261609884,9950057,A
2261609884,11197925,C
2005855529,9950057,C
2005855529,9950057,C
2560517479,9890363,A
2560517479,9890363,A
2560571858,10246686,C
2560571858,9890363,C
2560571858,9890363,C
2093813716,8367055,B
2093813716,9220764,B
2056430032,8019431,C
2025648635,8019431,A
2050006536,8019431,C
2024747218,4175141,B
2011051777,4175141,B
2171559697,7994150,B
2581406433,7387644,B
20183708,10357223,B
2948290614,11100587,A
2929520025,11470481,B
2019575461,6804047,C
2019575461,6930826,B
2022195221,7123407,B
2060094785,7123407,C
2060094785,6804047,C
1975156663,6804047,C
2156084860,6804047,C
1979215839,7123407,B
2156084860,6930826,A
2044391867,7123407,C
2044391867,6801349,B
2044391867,6804047,C
1518053859,6804047,B
1977803742,7123407,C
2075367033,9278465,B
2198397573,9238773,C
2142777919,9278465,C
2325781077,8629076,B
2325781077,8664143,B
2325781077,9087625,C
2325781077,9087625,C
2122292306,10053681,C
2170144621,8030471,A
2041944715,6813286,B
1994413810,4998786,B
2059517199,4998786,A
2059517199,5075800,C
1980146889,4998786,C
2021759118,4998786,B
2021759118,5075800,C
2035449872,4998786,A
2041728264,4998786,B
2126244636,7462706,B
2103429925,5541078,A
2103747165,10113151,B
2069329509,4442402,B
2152749001,7820706,B
2401840272,7846957,B
2401840272,8008333,B
2401840272,8008333,B
2322925131,7820706,B
2325939014,8008333,B
2325939014,8008333,B
2023963334,7820706,B
2143080753,8008333,B
2143080753,8008333,B
1970435559,7263162,A
2317857706,7820706,B
2801139813,10667929,B
2169421844,8980907,B
1975108443,9523777,B
2013808181,8097422,B
2322507698,5901547,B
1970223072,5740673,B
1970223072,5722259,B
1970223072,5979183,B
2099447609,6024965,C
1948199170,5942401,B
1948199170,6024965,B
1948199170,6319666,B
2548720942,11444427,A
2319472007,5584948,B
2061544056,6608241,B
2097126684,5955647,C
2515810634,10941434,B
2515810634,10077460,B
2906115270,10941434,A
2906115270,11549950,A
2806850877,10941434,B
2623609424,10941434,B
2920706451,10941434,B
2922364010,10941434,B
1495076225,5219990,B
1986208460,5667965,B
1986208460,5616559,C
1986208460,5656599,C
1963802658,5667965,B
1963802658,5595884,B
1963802658,5616559,B
1963802658,5656599,B
2076424764,10720854,B
2778914139,10720854,C
1866901121,6151607,A
1558865741,10743092,B
1558865741,10142711,C
2149833616,7424499,B
2149833616,7904427,B
2148577665,6820218,A
2148577665,6959401,A
2106315088,5596754,B
1997506570,6490594,B
1997506570,5946698,B
2467830911,4916092,B
2467830911,4839316,B
2467830911,4657877,C
2097191643,9012368,C
2100716186,8900352,B
2100716186,9012368,B
2097191643,8900352,C
2061108165,9012368,B
2061108165,8900352,B
119246761,9012368,A
119246761,8900352,A
1981426979,4657877,B
253857761,4657877,B
2148017713,8704567,B
2148017713,8704566,B
2333785329,9506037,B
2333785329,11352606,B
2333785329,9994825,B
2938278724,11236151,C
2547041422,11446315,C
2886405078,11446315,C
2328226041,5162500,B
2328226041,5359138,B
1522681069,5107195,A
1522681069,5097190,B
2324130592,9462945,C
2086911223,6245734,B
1970764253,4144329,B
1970764253,4127714,B
1970764253,4147778,C
1970764253,4105658,D
2600663018,10787699,B
2600663018,10793897,B
1520664974,10706592,C
1578547977,10706592,C
1578547977,9655522,B
1972630352,6036861,B
2508017542,10426778,B
2508017542,9416131,B
2134532493,6544517,B
1542802092,5096481,A
2127763071,10744322,B
2335213982,10246719,A
2760959692,10227601,B
2082868445,8779157,C
1997522247,8361510,B
2557527282,10453988,B
2618686816,9855545,B
2618686816,9855545,B
2951542271,6833458,B
2020829226,8696580,B
2019616994,4806471,B
2317998046,10325176,B
2617599843,9624314,B
2617599843,9855545,B
2617599843,9855545,B
2617599843,10086360,B
2011765331,7489391,A
1999918804,6181668,C
1999918804,6552990,B
2917405238,10829745,C
2043734469,5138929,B
2029691277,6169175,B
2538731457,6085747,B
2538731457,5953713,B
2098608847,8015176,A
2735921621,10528448,B
2890194431,10735005,B
2022122758,10006922,C
1976249978,10006922,C
2023910133,5331970,A
2010925570,5331970,A
1992245666,6407236,C
2028680945,8859240,C
2873247552,10870950,C
2326071379,9496127,A
2326071379,9496127,A
2326071379,9165754,A
2326071379,9165754,A
2116213711,9244182,A
1988357791,9244182,A
2150669190,8630998,A
1994230366,5505282,A
2015056156,8011864,B
1985604865,8063270,C
2077006487,5703101,A
2033794542,5550024,A
2101532425,6379902,A
2037532252,5828336,A
236893983,8869159,C
236893983,8869159,C
1508832460,8850445,C
2045081900,9647414,B
2122225446,4918699,A
2899180812,10725359,B
2763146829,11073740,B
2763146829,10725359,C
2892144433,10725359,B
2892144433,11073740,B
2530649582,10725359,B
2921841080,10725359,B
2765269741,10725359,C
2610568091,10725359,B
2580716526,10725359,C
2591730601,10725359,C
2600116159,10725359,B
2735043857,10725359,B
2141829082,9374824,B
2133604482,10405993,A
2136794719,7802236,B
2810090694,11179249,B
1981309659,7960140,A
2082867124,7960140,B
580588337,4222354,A
2063283895,9796971,B
2325692787,9795687,B
2325692787,9795687,B
2563585356,10220031,A
2028476540,RE35157,C
2028476540,5324401,C
2028476540,5498324,C
2891008051,11392297,B
2544766345,7979112,A
2038489440,8527037,B
1705830719,8130905,B
1999670653,9037860,A
2160499017,6892319,A
2077432546,5884736,A
2104640464,8876739,B
2078579469,8846937,B
2078579469,8299253,C
2078579469,9540327,C
2078076047,8178678,B
2078579469,8178678,C
2078076047,8846937,C
2078076047,9540327,B
2135015777,8846937,C
2135015777,8299253,B
2135015777,9540327,C
2135015777,8178678,C
2001985394,8441927,A
2015421641,7099330,B
2130670228,7391901,A
2103774300,5799112,B
2014699905,6195456,A
2014699905,6097838,A
2014699905,6009192,B
2168152003,5867598,B
2617605942,11297346,A
2617605942,10694210,C
2025229267,7070252,A
2107817965,8821877,B
1981925049,8376694,A
2798578675,10706066,A
2798578675,11170020,B
2884499287,11170020,A
2884499287,10706066,A
2010942717,7894983,B
2148234215,4810646,B
1990742469,5512669,C
1990742469,5661026,C
2081759258,6171833,B
2077914041,9435918,B
2077914041,9435918,B
2060036653,5534432,B
63595130,5261029,A
2127694416,9686867,B
2115470699,7253001,C
2168069209,9686867,A
1985610793,9461352,B
2147804242,7535934,B
1990742469,5250430,B
2070548988,7535934,A
2102591881,7535934,B
2129460101,7010195,A
2036120141,9252329,B
2036120141,9401452,C
2036120141,9401452,C
1484232481,5482928,C
1593264421,5691199,B
1593264421,5597801,B
1974853551,6521590,C
2775089950,11449380,A
2023803212,10526723,C
1593264421,5538525,B
1593264421,5689043,B
2069852531,5538525,B
2963604511,11189094,A
2025772331,4542645,A
2021342986,5976817,B
2143317626,5976817,B
2066120788,5976817,C
1982018291,5976817,C
1999139803,8018158,B
1999139803,7688132,C
2534466411,10224644,A
2163850005,7156810,A
2152908656,8987194,A
2152908656,8987194,A
2951890667,11485793,B
2951890667,10738130,B
2982417736,5830725,C
2036077874,7056515,B
1977225005,5830725,B
2048235391,7706365,A
2067066268,8279781,C
2088120545,6316597,C
2515034278,5633144,B
2075005199,5633144,B
1994042966,5633144,C
2106749924,8279781,C
2009511466,9294113,B
1830619435,10894061,B
1852769543,9181526,B
2005123937,7790155,A
2550783271,10829798,B
2026876699,4508662,B
2939659430,11406597,B
2158648062,9694074,B
2158648062,9694074,B
2129744270,8693810,B
2024535537,5338415,B
2127666029,8586410,B
2887344805,11095314,B
2153061547,8279781,B
2153061547,8451756,C
2131646038,8279781,B
2550026024,8279781,B
2550057419,8623854,A
2396807282,10483610,C
2747247506,10280482,B
1973970150,4693788,B
1973970150,4693787,B
1980485019,7364740,B
1604973310,10504021,B
2023755957,9520217,B
2756985129,11001830,A
2984100309,11521044,B
2015353335,7064127,C
2026823897,8834829,B
2052446259,6025153,B
214173238,7637379,B
2084741005,7086593,B
2039043337,4662364,A
2081775382,7159774,A
1663054459,5427827,C
310643695,6620747,C
2091190653,8670267,B
2080769540,4885331,B
2137854545,8058417,A
2129670109,9491947,B
2153103242,7993827,B
2135691794,4246075,B
2053947392,4502133,B
2612732183,11079510,A
1783970022,10327681,C
2346830803,10836810,A
2616831184,10836810,A
2885550272,10836810,C
2885550272,11407816,B
2885550272,11254732,B
2885550272,11407817,B
2885744227,11242378,C
2885744227,10836810,B
2885744227,11407816,C
2885744227,11254732,C
2885744227,11242379,C
2885744227,11407817,C
2885550272,11242378,B
2887299058,11407816,B
2887299058,11254732,B
2887299058,11242379,B
2887299058,11407817,B
2887299058,11242378,B
2022530159,5539310,B
1964802316,5539310,A
2141456592,6845342,C
2152637989,6289753,A
2032011764,5969524,C
2062347212,9960443,C
2062347212,8771856,C
1989300822,9077011,B
1989300822,9960443,B
1989300822,9123931,B
2083290165,10673090,C
2083290165,9748595,C
2070017896,9793566,C
2070017896,9077011,C
2070017896,9748595,C
2070017896,9960443,B
2070017896,9123931,C
2084761659,9960443,C
2049540053,8628880,C
1971647418,9748595,C
2049431102,8771856,C
2071788285,9748595,D
2414100644,10727539,C
2016703156,9017867,A
2004533656,9748595,C
1965767049,9793566,C
1965767049,10673090,C
2585288203,11022731,B
2046160771,9889504,C
1977442828,9889504,C
2296315596,10336789,A
12770410,8645311,A
1553588206,7073113,B
2102630977,7073113,B
2016672463,7073113,A
1989451593,6107077,B
1493564111,5275813,B
1975904080,5118602,B
1975904080,5037753,B
2068543358,5968514,B
2791521425,10422013,C
2011212970,7835320,B
2163989588,8867567,A
2163989588,8867567,B
2175028126,7250435,A
1967974138,9505615,C
1967974138,9505615,C
2903432050,11477502,B
2125774922,8355342,C
2125774922,9001897,B
2125774922,9001897,B
1982976890,9001897,B
1982976890,9001897,B
2765585942,9815774,A
1999572832,9784258,B
1999572832,9784258,B
2460805595,11008263,B
1988228443,7217911,B
2056263277,6593306,B
1989847502,8511362,A
1999094671,8309322,B
2140621477,8258031,C
2166409189,6306623,C
1913343791,6262235,C
1995449819,10370728,C
2113489977,6699482,C
2113489977,6632434,C
2128682436,6140083,C
2128682436,6632434,C
2128682436,6306623,C
2150923592,6632434,B
2150923592,6699482,C
2152567934,6632434,B
2153417908,6262235,C
2153417908,6632434,B
2103694860,6632434,C
1912978193,10675364,D
102740554,7262225,B
2739549564,11124778,B
2138868703,10597647,C
2005583321,10081827,C
2069536764,9505615,C
2069536764,9505615,C
2005029366,9505615,C
2005029366,9505615,C
2799046557,10338046,B
2164304233,7859995,B
2143690081,7836181,A
2103519625,8358636,A
1754276576,10449243,C
2098671787,6375929,B
2103707056,7409459,A
2148029978,6733993,C
2280933005,9781815,B
2058401582,4511652,B
2109763047,4017485,A
2132886417,10034462,C
2716515748,11200508,C
2716515748,10872021,C
2137367456,9561304,B
2137367456,9561304,A
2818962606,10137095,B
2818962606,10709674,B
2818962606,10092525,B
2818962606,10966939,B
2011608557,8437991,B
2050005456,8437991,B
2065825481,8437991,B
1965572530,8775376,C
1969229182,8121966,A
1965572530,8781800,B
2715273183,9923267,B
2587729725,10849860,B
2145278581,10765643,B
2145278581,10111840,B
2905603477,10966939,B
2905603477,11357741,B
2905603477,10137095,B
2905603477,10092525,B
2914911163,10966939,B
2914911163,11357741,B
2914911163,11154516,B
2914911163,10137095,B
2914911163,10092525,B
2090936783,7576096,B
2090936783,7579361,B
1969758122,9818297,B
1969758122,9818297,C
1998157807,9593225,D
2090029588,7042577,A
2029510460,7505142,B
1964014749,8641193,B
92437468,7505142,C
1224769782,7505142,C
2011375137,7505142,C
2163144045,7647092,A
2066391818,5922326,B
2014606022,7856439,A
2014606022,7856440,A
2166530133,8637043,B
2793845333,10973809,B
2061516052,4219029,B
120454028,8084248,C
1968073274,9734061,B
2925745050,10613410,B
2069879216,9790158,B
2069879216,9790158,B
2986474888,10768692,B
2163691560,6074832,B
2163691560,6767707,B
2408858264,4772554,B
2017714172,5771894,B
1214896322,9649394,B
1970985233,6225532,C
2593660559,10585238,B
2147678437,5736381,B
2560241506,11471565,B
1572174728,5736381,C
2129109522,9289516,B
2167970331,10296352,B
2544819452,10296352,B
2068184561,5570355,A
1964836172,9714269,B
1964836172,9714269,B
1999432219,6596346,B
2912156954,10351606,B
2041432924,6841779,A
2567094932,5804815,C
1528925569,6203991,B
2034017288,10273291,B
2066837442,9515446,C
1992981247,8329448,B
2121478137,8982666,B
2894940786,10843930,C
1574088577,10179877,C
2340370018,6114110,B
2095462890,8680242,B
2159342953,8680242,B
2064634431,8680242,B
2020185126,8314212,B
1859419711,6894628,B
2891012887,10681348,C
2891012887,11575921,C
2062809902,6548219,B
2062809902,6610456,B
2062809902,6509134,B
2059331271,5785974,B
2028327194,5785974,B
2971187037,11115651,C
2971187037,11611750,B
2909586497,10681348,C
2909586497,11575921,C
2080111381,6610456,C
2080111381,6548219,B
1999108388,6610456,B
1999108388,6548219,B
2949584909,10525103,C
2796847698,10525103,C
2911671193,10525103,C
2873849039,10525103,C
2006289324,9448173,A
2030950216,9448173,B
2037649033,5176792,A
2890145414,10404065,B
2029926695,6183896,C
2165974597,4342104,B
1998838992,10314870,A
2033419915,4617378,B
2028127154,6365713,B
2070484527,4115543,A
2337081411,10086056,B
1995631340,4289690,A
2128085120,6429209,B
2018524748,8873624,C
2018524748,8873623,C
2018524748,8867619,C
2979702629,11546630,C
2964990410,11270088,C
2983797782,11270088,B
2013862278,6872455,B
2945937811,10681348,C
2891736150,10681348,C
2084515220,9398869,C
2084515220,10431342,C
1983239481,10546659,B
2046355703,10610154,C
2046355703,10420489,B
2056430873,9398869,C
1602071881,8585593,C
1602071881,8585593,C
2145097544,9398869,C
2134017961,9398869,C
2134017961,10420489,B
2053821121,10420489,B
1994351813,10420489,B
1969890131,10420489,B
2128394871,11069434,B
2128394871,10431342,C
2128394871,9398869,B
2594006964,11052044,B
2498332863,9899876,B
2313052693,10864258,B
2082927436,5932218,A
2082927436,6214347,B
2121229911,8154793,B
2028708712,8154793,A
2077932526,8661204,B
2028660451,8180971,B
2146161702,8384991,B
2326272911,8416817,B
2160518635,6650466,A
2243625977,8154793,B
2076335046,8416817,B
2040628453,8154793,B
2020122174,10608400,B
1984101217,8154793,C
1992768134,8154793,B
2638590135,8416817,A
2140779303,8154793,B
2148512245,8416817,A
2154178996,9555644,B
2050340595,9176212,B
2050340595,8838204,C
1551005748,10362961,C
1974279727,9809858,C
1971818285,9983209,B
1971818285,9983209,B
1979585536,8257919,B
2737135227,10741649,B
2116773175,6912082,B
1992571110,7101643,C
2127230712,7358895,B
2167998160,9224532,A
2732167411,10304243,C
2955705910,11446302,B
2144336593,8689083,B
2091144574,8689083,A
2129027280,8689083,B
2333124401,9975930,B
2111520164,7894046,A
769540069,10800665,B
2070964566,5814040,B
2003026401,5814040,C
2146265946,5814040,A
1993887282,6171301,A
1993887282,5814040,A
2065975087,5814040,B
2029628983,5814040,A
2029628983,6171301,A
2092884411,5814040,C
1966657081,5814040,B
2009395198,5814040,A
2136710620,9895348,B
2073310004,7528698,B
2014268105,9082522,C
2763690325,11038197,B
1993977065,7083792,B
2056476156,6248538,C
2008561997,6248538,B
2017116532,6248538,C
1830124154,6248538,B
2571299740,11160489,A
2557453416,11160489,C
2024439962,5341389,B
2006996993,5341389,B
2072804157,7256886,A
2072283644,9242094,C
2081422111,9084552,C
1999196365,9008749,C
1999196365,9084552,C
1975236688,9084552,C
2007068462,9084552,C
2334607752,9084552,C
2152046459,9084552,C
2072146675,9084552,C
2110495972,5219749,B
1986094247,5219749,A
1995395488,5219749,B
2037422880,8730460,B
2075352065,9117817,C
2075352065,9117817,B
2962704923,11251417,A
2149997807,5692003,A
2811343160,10712352,B
2318488735,8958531,B
2318488735,8611503,B
2318488735,9129718,A
2318488735,8971496,A
2090933256,8110562,B
2088529300,6890507,C
2088529300,6746654,A
1967251776,4011133,B
1606001478,8315446,B
2050899772,8315446,B
2075164674,6706299,B
106773467,5633449,B
2611726950,10706185,B
2577603133,11565248,B
2108345530,8946302,C
2161911960,10406118,B
2742980597,10835555,B
2742980597,10842813,B
2742980597,10821132,B
2128632568,10406118,B
2050208644,10406118,C
2487013265,10406118,B
2148595810,6626844,B
2157745386,8972200,A
2125500954,7794732,C
2030918502,7211432,B
1999617423,7771715,B
2034781858,7211432,B
2100510162,9863002,B
2070931111,7745597,B
2151601074,7745597,A
2024250488,8471043,B
2023606610,10356336,B
2911278620,11054392,C
2101315207,6255929,B
2101315207,6067001,B
1869562643,6352852,B
2108151133,8744541,A
2063260833,9159229,B
2063260833,9159229,B
2161538825,10568531,C
2161538825,8744551,B
2149780242,9934469,C
2149780242,9934469,C
2982343602,10694939,B
2906209252,10694939,B
2471421457,10694939,C
2126783833,9936868,C
2219741253,10048224,C
1999356784,8847592,C
2070185821,8847592,C
2136932895,7533294,A
2329462832,4542107,B
2329462832,4555494,B
2329462832,4711862,C
2051985513,4226827,C
2020023121,4559175,B
211908376,5460978,B
2031740595,6969991,B
2037257680,5289453,B
2799166353,10141947,B
2799166353,10177780,B
2330002776,10787424,B
2022640182,9617525,B
2069686101,6002794,B
2011530450,5946417,B
2022408308,7589170,B
2022408308,7718598,B
161227265,7589170,C
1964628558,7529339,C
2084624533,9021420,B
2143325834,9120869,C
2033215269,8784832,B
2143325834,8784832,C
2019537599,8784832,B
2019537599,9120869,B
2107045121,9120869,B
2102478181,9120869,A
2966933620,10390364,B
2043033966,6319955,B
2043033966,6150401,B
2145559774,9743891,B
1992936311,9743891,B
2138913040,9852370,C
2138913040,9852370,C
1976909436,10204301,C
1976909436,9704094,C
2052496787,6061107,B
2004396678,9885674,B
2142481650,6159494,B
3021068450,9380803,B
2135308139,5960009,B
2112914821,9096852,B
1983145917,7634395,B
2994194970,11230667,B
2973447521,11230667,B
2789311628,11230667,C
2532162280,7177808,B
2266133912,9880403,B
1988271098,9880403,B
2302583067,10239934,C
2343368748,9796774,C
2343368748,9796774,C
1828543531,5652138,B
2813574754,10865234,C
2515956381,10239934,C
2555215545,10836811,A
2897595682,11319362,C
2897595682,10836811,B
2897595682,10239934,C
2897595682,10407493,B
2897595682,10865234,B
2515557558,9920111,C
2515557558,10239934,C
2515557558,10087239,C
2515557558,10836811,C
1991544402,5762905,A
2804815996,11319362,C
2804815996,10836811,B
2804815996,10239934,B
2804815996,10407493,B
2804815996,10865234,B
2554071243,10836811,C
2090763940,6261558,A
1975049067,6723497,B
3011641153,10865234,C
3011641153,11584789,C
3011641153,11319362,C
2770988077,10407493,B
2770988077,10865234,C
2172848756,10836811,C
2172848756,10087239,C
2172848756,9920111,B
2020182906,9920111,C
2790569009,11319362,C
2790569009,10836811,C
2053127269,9051362,B
2514181687,10087239,C
2514181687,10836811,C
1937549819,9438145,C
1937549819,9438145,C
1905786687,9438145,C
1905786687,9438145,C
2342662428,9438145,C
2342662428,9438145,C
2151014829,10804543,B
2111949223,5719064,B
2097072186,4756723,C
29742154,5116510,B
2165901764,5116510,C
2073105145,5834791,B
2131024800,7313250,A
2131134738,7313250,B
2034165798,8039106,B
2752365277,10461364,C
1991507478,4397863,B
2168251119,4397863,A
2119165314,4619942,B
2064557078,6015661,B
2064557078,6010895,B
2077773116,5041381,B
2520085530,10526391,B
2008935763,10004723,A
2104836622,6610523,C
2104836622,6136596,C
2146797845,7105657,A
2897619297,10837793,C
2897619297,10706294,B
1171402553,10632978,B
1600722750,5578830,B
1538057293,8450246,C
1600756373,8450246,C
1581841316,8450246,C
2033000361,7294606,B
89933992,8450246,C
1972176832,7294606,B
2001890183,4008388,A
2078373532,4649936,A
2081414533,10835592,B
2165138487,8632825,B
2548574881,10615714,B
2548574881,10312824,C
2036001291,6605607,C
1993267281,9146453,B
2083986444,5998697,B
167493483,5663065,C
2054363543,6174676,B
1967218150,6136596,C
1967218150,6610523,C
1980272041,6610523,B
1968143773,6054573,C
2061942866,8268026,B
2083730311,8307708,B
2083730311,8580127,B
2065192744,8580127,B
2065192744,8307708,B
2065192744,8327707,B
2632690327,9128349,B
2612702503,10301187,C
213147124,4990331,B
2237507386,9664645,A
1990253581,9175049,C
1990253581,9175049,C
1490923764,9207220,A
1490923764,9146218,A
1490923764,9207219,B
1490923764,9207219,A
2075125393,5767367,C
2804973410,10996091,B
2146996748,4666831,B
1993995978,5204060,A
1975497568,6465614,A
2083841684,4763661,B
136109952,6699849,C
29604352,6699849,C
1005225779,6699849,B
2083676975,6699849,C
2963927727,10967009,B
2009980056,7897631,B
2009980056,8367713,B
2160977632,8363316,A
2044416629,8363316,C
1998776821,8363316,B
2089848626,8363316,A
1973653294,8363316,A
2059442088,8363316,B
1986982352,8363316,C
2043323599,8363316,B
1967037262,5833978,A
2034646038,5833978,C
2058782283,5833978,B
1538380439,8071841,A
2170181154,8071841,B
2078837777,5833978,C
1975678510,5833978,C
2152589685,5833978,C
2080436183,5833978,C
2082360935,5833978,C
2164434217,9336327,B
1995651823,7085653,A
2057944748,10785545,B
1986129150,9975037,B
1986129150,9975037,B
2278892829,10889854,C
2545320847,10125030,B
2545320847,10125029,B
2120028021,7666599,C
2890720382,10981004,B
2032953844,5775675,A
1966481336,4397306,B
2063721015,8097406,B
2029254935,8097406,B
1968549286,8097406,B
2104738297,8097406,C
2014447771,8097406,B
1989395312,5775675,B
2130657296,8153129,B
2130657296,8202518,A
2062374306,4942247,B
1989839798,6614919,B
2146615909,10785545,B
1981653822,9396227,A
1989502636,7771772,B
1999382405,4078056,C
1999382405,3951746,C
1999382405,3988316,C
2010718263,3956068,C
2010718263,4001209,D
2010718263,3954970,A
2108405506,4078056,C
2108405506,3951746,C
2108405506,3988316,C
2108405506,3959254,A
2094940311,3951746,B
2094940311,3988316,B
2035279402,4161523,B
2068243020,4428931,B
1858234318,4428931,B
2143030860,5623057,B
2618528606,11175563,C
2196002378,10537576,B
2593886517,10537576,C
1571355163,10537576,B
2000739380,8858909,B
2046303437,6150117,B
2016153893,6300479,C
1517323114,7015907,A
1517323114,6947040,B
2111291907,7327880,B
2111291907,7394933,A
1990894275,9188529,B
2594258869,10258268,B
2028825110,7335768,A
2058774282,7076122,A
2103448732,4086134,B
2103448732,3966907,B
1986677823,7618680,B
2150371565,10280317,B
2019885900,5736378,B
2133728792,6887578,B
2940495252,10583677,A
2755643890,11311569,B
2755643890,10918660,B
1947266049,7884263,B
2616992860,10340066,B
2237753678,6190859,B
2158483704,6190859,B
2034710953,6999176,B
2141973616,6999176,A
2141973616,6323972,A
2067642034,7563734,B
2156326833,5567736,A
2028954544,8651113,B
2077852367,5653974,B
2163125054,10538475,B
2175863066,9829975,C
2159891497,9353358,B
2122190005,8796317,A
2060370666,6774851,B
2016187337,8367002,B
2172992686,4710618,A
2014033900,9421276,B
1993904263,8119348,B
2098911738,10281476,B
2153431772,8229188,C
2170209439,6963465,A
2170211518,5311025,B
2170211518,5525804,B
2100205871,5194737,A
2100205871,5281824,B
2112766385,5311025,B
2100205871,5311025,B
2100730533,5184019,A
2100730533,5194737,B
2063685718,5184019,A
2063685718,5311025,B
2063685718,5187370,B
2063685718,5194737,B
2063685718,5281824,B
2888871196,10617121,C
2888871196,10334857,C
2889316909,10617121,B
2889316909,10334857,C
2604216672,10093945,A
2604216672,10808261,A
662504,5194737,B
662504,5311025,B
3013548253,10506988,B
2130185702,7924332,B
2130185702,8471189,B
2106275854,8471189,B
2106275854,7924332,B
2154131837,8471189,C
2154131837,7924332,B
2108169802,7924332,B
2108169802,8471189,B
2159237863,8471189,C
1693951671,8471189,B
2053322599,8569245,B
2091653644,10365220,B
2166844069,7267943,A
2166844069,7235355,B
2166844069,7264924,B
2166844069,7220540,B
2171503807,4845482,A
71505019,5273894,B
71505019,5276268,B
2066010343,6914647,C
2083764211,7569188,B
2125067793,8238433,A
2027762869,7541197,B
2230566517,10716519,B
1984298660,9333276,B
2599764459,10520444,B
2281086547,5908463,C
2281086547,5657735,C
2281086547,5546907,B
2281086547,5755094,C
2281086547,5657736,C
2281086547,5774822,C
2281086547,5758308,C
2281086547,5758630,C
2281086547,5549092,A
2985531740,10303923,A
2086099364,10408837,C
1976327980,10408837,C
2045206573,10408837,C
1989424720,8542841,B
2331036623,10408837,C
2317900046,10408837,C
1965612798,10408837,B
2031097785,10408837,C
1593720389,10408837,C
2081691685,10408837,C
2306791795,8682626,A
2022887551,8682626,B
1591071783,8682626,B
2124735748,11607425,C
1989782096,8935141,A
1989782096,8674984,A
1989782096,10416350,C
2886938289,11083785,C
2086038421,7067804,B
2169666130,7067804,B
2093860474,8060350,A
2048404236,9035129,B
1172544659,10329576,B
2015635888,9373180,A
2058670777,9488775,A
1984378462,9488775,B
2944454065,11476378,A
1996474751,9488775,B
2002857203,9488775,A
2109798271,9228002,C
1973142062,9228002,B
2060595627,9228002,B
2001837044,9228002,C
2064705261,9228002,B
2138378575,9228002,B
2791376508,9719933,B
2044338333,5089403,B
1994631934,6025509,C
1994631934,6133509,C
1994631934,5986118,C
1994631934,6060647,C
1994631934,5850030,C
1982406888,6060647,B
1982406888,5750846,B
1982406888,6025509,B
1982406888,5850029,C
2080274994,6060647,C
2080274994,5750846,B
2024553815,6025509,B
2024553815,6133509,C
2024553815,5986118,C
2080274994,6025509,B
2024553815,6060647,C
2080274994,5714670,C
2096483646,9632030,B
2096483646,9632030,C
1607249144,9632030,A
1607249144,9632030,A
2154570060,9953439,C
2109353695,8352731,A
2100565801,9953439,C
2323035063,9953439,B
2052174237,6055013,C
2052174237,6008484,B
2052174237,5991073,B
2020297781,6008484,C
2004659742,9551825,B
2004659742,10062357,B
2004659742,9739928,B
2004659742,9739928,B
1968628532,9221678,B
1992275362,6521598,B
2939570188,10533836,A
1982351046,8088969,B
2128863754,7355597,A
1988993201,5374717,B
3000676946,11033195,B
2097491653,7742152,A
2770473486,11039811,B
2065466715,8889379,B
1760776415,9234885,B
2281288006,10072272,B
2021391871,8649127,C
2015728419,7745489,A
2106969282,8309707,A
1731724717,8309707,A
2003341411,4584349,C
2003341411,4847331,C
1973078406,6632412,A
2003944665,6632412,B
1525117248,5263795,C
2754164803,11332493,B
2907620021,11117852,C
2773438407,11117852,C
2784752748,11117852,C
2580334864,11117852,C
2556406405,10093583,B
2078262465,10093583,C
2156510645,9244074,B
2156510645,9244074,B
2549616687,9191371,A
2045070686,9212189,A
2077304999,9244074,C
2077304999,9244074,B
1999132835,9212189,A
2163533364,8961776,B
2066316302,9212189,B
2115598142,9212189,B
2075196828,6632921,B
2034674431,6221617,B
2530338180,11155811,A
2601382332,10865421,A
2761707799,11421258,C
2886768673,10110472,B
2166414441,9138150,C
2166414441,9138150,C
2084007575,9607202,B
2053117219,5318907,C
2053117219,5308763,C
2053117219,5217893,B
1587342226,5318907,C
1587342226,5380651,B
1987235649,8853651,B
2036583077,9662632,B
1980138378,9546887,C
1980138378,9428525,B
1980138378,9711743,B
2324363582,9711743,B
2324363582,9428525,B
1989175640,4072669,B
2062055870,8540959,B
2030011472,7727504,C
2006114880,7727504,B
1975610155,10232187,A
2007998266,8053183,B
2144176286,8771963,C
2060680093,6760405,A
3006448706,11197931,B
2046374758,5240670,A
2011140218,6858833,B
2011140218,6626546,A
2011140218,6737634,B
2060849105,7741541,A
287504909,9624468,B
2011096375,10176324,C
2079910390,9403869,B
2727347761,11033284,C
2333177050,8329692,A
1977005480,6489538,B
2225061959,10557855,B
1785123829,10557855,B
2086591882,9335423,C
2086591882,9335423,C
2015248217,7521055,B
2343711297,10092599,B
2343711297,9737567,C
2343711297,9737567,C
2593240086,9056085,A
2593240086,9056085,A
1521126454,9138486,C
1521126454,10689458,B
1521126454,9249186,C
2066626298,5047942,B
2066626298,4843554,B
2109267747,5569581,B
2158441449,5733896,A
2041921984,7521055,B
2313145660,10131599,C
1855414276,8755577,B
1855414276,9962089,C
2963351113,10958925,A
2115763357,6421463,A
1608462934,6421463,B
2291689486,10662229,C
2951801081,5264454,D
2073354439,8217938,B
2000149288,5146941,A
2067535120,5912158,B
2067535120,5939533,B
2151254925,7087789,B
2151254925,6803477,C
2046365689,4667012,B
2067403399,5707815,B
1560153159,5318899,B
2073519766,7515274,C
2218435201,5196322,B
2166681032,7381862,C
2085007917,7381862,C
1640318440,9428791,B
2945504898,11564994,A
2076656624,7221825,B
2318893345,10048244,C
2021742276,5574810,C
2078537456,6825332,C
2095600841,6825332,A
2153647740,7798705,B
2033759582,6825332,B
2053484917,6825332,B
2060003314,6825332,B
2056252112,6825332,B
2081841708,6825332,B
2405904976,6825332,A
1995790265,6825332,A
2113141796,6825332,B
1556274269,8278102,B
1996184056,9505806,A
2896781758,11402531,B
2025857779,9606131,C
2315744637,9594880,B
2315744637,9594880,B
2024088832,9594880,C
2024088832,9594880,C
2031851076,9594880,B
2031851076,9594880,B
2315670458,9594880,C
2315670458,9594880,C
2394489651,9594880,B
2394489651,9594880,C
2153719684,8755569,B
2628901265,4859655,A
2171039193,9217748,C
2171039193,9052308,C
2023466305,5843460,B
2023466305,6258359,B
2078072074,10364358,C
2078072074,10611918,C
2048823818,8012326,B
2132624238,10364358,C
2132624238,10655020,C
2132624238,10611918,B
2070437306,8961880,B
1972197728,5358556,B
2033973043,5221618,B
113351387,5358868,A
113351387,5332583,A
113351387,5221618,A
113351387,5244657,A
1835099160,5085862,B
1835099160,5332583,A
1835099160,5221618,A
1835099160,5244657,A
1835099160,5358868,A
113351387,5433945,B
185789272,5244657,A
1560783131,5439810,B
1560783131,5358868,B
1560783131,5433945,B
1560783131,5332583,C
1560783131,5221618,B
1560783131,5244657,C
2622043388,11118073,C
2622043388,10611918,C
2622043388,10364358,C
2127421218,7226530,A
2127421218,7144949,B
2405918300,10364358,A
2405918300,10611918,A
2034734459,7144949,B
2034734459,7226530,B
2011312724,8022043,B
2166487818,7922660,B
2162734378,5798395,A
2162734378,5804801,B
2138138876,5972598,B
2084115244,9321737,B
2054599140,7922660,B
2140957972,7689581,C
2015448555,8679038,B
2015448555,9211417,B
2015448555,10966652,B
2015448555,8702629,B
1995911424,10966652,B
2058545965,10125412,B
2071901227,7226530,B
1974788729,7226530,B
1974788729,7144949,B
2071901227,7144949,A
2037315056,8470203,B
1990599764,9105403,C
1990599764,9105403,C
2755966471,10364358,B
2755966471,10611918,B
2755966471,11118073,B
1987599277,6933118,B
2404725544,10611918,C
2404725544,10364358,C
2171183523,6376197,B
2081899465,6232289,B
2096604971,6232289,B
2057912202,8101709,A
1757205207,10611918,C
1757205207,10364358,C
2949322450,7479558,B
2179286416,10660937,C
1988948440,8710156,B
2320400930,9193680,B
1976026821,10527579,B
1987334867,9744373,A
2131117209,9873917,C
2058938135,9251968,B
2058938135,9514892,B
2460389352,9796931,C
2141757232,10041045,A
2126461848,9902829,C
1982623873,8691766,B
2072762295,4729111,B
2088438660,5837507,A
1991419585,5837507,B
2410485968,5837507,B
2078893417,7371736,B
2078893417,8843320,B
2078893417,7935679,B
2078893417,7741035,B
2591811139,7935679,B
2530716009,9714451,C
2530716009,9714451,C
2530716009,9574238,C
2590839512,10577656,C
2155165473,7935679,B
2979672845,8843320,C
2979672845,7935679,C
2587916855,7371736,B
2979672845,7741035,C
2587916855,7935679,B
2039215669,7371736,B
2003864082,9574238,B
2584249688,7371736,B
2584249688,7935679,C
2557800759,8954283,C
2035045389,7371736,C
2041236924,7371736,B
2041236924,7935679,B
2560648839,7741035,B
2560648839,8843320,B
2560648839,7935679,A
2569954893,8843320,C
2569954893,7935679,C
2569954893,7741035,C
179413730,9574238,B
179413730,9714451,B
179413730,9714451,B
2149877193,8843320,C
2149877193,7935679,C
2149877193,7741035,C
2056071620,4490468,B
2002153341,4063017,B
2160336038,4090022,B
2160336038,4063017,B
2076157265,9574238,B
2076157265,9650677,B
2076157265,9714451,B
2076157265,9714451,B
1877629058,5432777,B
1877629058,5517497,B
2120238028,7101679,B
2042837220,7308364,B
2042837220,7894992,B
2081634349,8580115,A
1998002610,9669213,C
2165831675,9669213,C
2003681838,9669213,C
2786804597,9558425,B
1990485400,9669213,C
1985920107,9669213,C
2783820291,9904869,C
1836362594,9637796,C
1836362594,9637796,C
2605826110,9487829,B
2605826110,9487829,B
2621804089,10870890,B
2074370020,9476095,C
2560784325,9637796,C
2560784325,9637796,C
2576896693,10590465,C
2033670530,9982304,D
2033670530,9982304,C
2002218976,9637796,C
2002218976,9637796,C
2146542392,9637796,C
2146542392,9637796,C
2146542392,9976184,C
2062696188,9976184,C
2131256900,11525163,C
1543829737,4490468,B
1731179511,4490468,B
2789951514,9794591,C
2789951514,9794591,D
1968960382,8810404,A
2095606681,7001996,B
2137964610,7332297,B
2137964610,7309582,B
2324561943,4853463,B
2050259289,4841067,A
2050259289,4870183,B
2050259289,4853463,B
2324561943,4841067,B
2324561943,4870183,B
2563224755,9688710,B
2417604153,10908161,C
1991845965,4879069,B
2179944903,11077092,B
2038130567,4214084,B
2038130567,4179567,B
2119358821,7923486,B
2070721826,7768640,B
2134165387,7768640,B
1989267877,8326404,B
2089589904,10392726,D
2089589904,9777262,C
2089589904,9777262,C
2089589904,8569041,C
2089589904,9914939,B
1967418148,8685966,B
1967418148,8685966,B
2058242929,7729542,B
2012802705,4357341,B
1838422289,7170085,A
1965191170,10070614,B
2061170799,10294489,C
2061170799,10070614,B
2094506129,9101693,A
2012987872,10900083,C
2075564703,10900083,C
2132419214,5854416,B
2293202405,9183464,A
2159306970,8467269,C
2159306970,8504891,C
2008089293,8467269,C
2007539174,8357517,C
2106852187,8357517,C
2110146715,7782573,A
2327027521,11051749,C
2025706879,9637723,C
2025706879,9637723,C
2142430120,8461573,B
1606919752,4724158,B
2192321320,9275445,C
1977993578,4973667,B
1966695885,5717069,C
1984900437,5011685,B
1996478873,5301001,B
2746043724,5381229,A
2117403266,5208877,B
2117403266,5224182,B
2004695354,5208877,B
2004695354,5224182,B
2085496449,5301001,B
2111193743,5208877,B
2111193743,5224182,A
2148015111,5301001,B
2034457406,5208877,A
2054739538,5381229,A
2012866104,4792715,A
1998631911,5301001,B
2060855059,5381229,A
1975401484,5208877,A
2035412145,5381229,B
2082730950,5208877,B
2084627581,5301001,B
2096322909,6078590,B
2046599381,4981778,B
2133685413,5538851,C
2114359096,9599613,C
2114359096,9599613,C
2174397560,9777262,D
2174397560,9777262,D
2174397560,9752178,D
2174397560,9074199,C
1901801915,11365410,D
1901801915,9777262,D
1901801915,9777262,D
1901801915,11434262,D
1901801915,9074199,C
2015099673,9493752,B
2032827811,8090163,B
2141362602,8090163,C
2182825462,6863816,A
2182825462,6896805,A
2182825462,7056438,B
2121037503,10738328,A
2005667325,8303922,B
2164326183,8577615,A
2510558112,10689703,B
2089203779,5438992,B
2024968909,10288611,B
2113179714,7884180,B
2069144470,10134148,B
1969155916,10134148,B
1969155916,10007982,A
2103756156,10134148,C
2901101335,11583544,C
2901101335,10507182,C
2901101335,10722467,C
2488203523,10004759,C
2488203523,10507182,C
2952221989,8198069,B
2108279590,10007982,B
2108279590,9304973,C
2108279590,9304973,B
2108279590,10134148,B
2089286364,10134148,B
2171185613,10134148,B
1967629510,5989910,A
2271170261,10866984,B
2029059680,7459594,A
2142192963,4663483,A
2079034347,6124035,C
1914654078,6124035,B
1914654078,6350817,B
2321946047,5410012,B
2321946047,5245044,B
2321946047,5317078,B
1994984753,6350817,B
1994984753,6124035,A
2113869864,7098888,B
1987322276,7811818,C
2010219126,7289254,B
1602128787,6660497,C
2027741551,6255115,B
2025235443,10549999,B
82976381,6100046,B
82976381,6013766,A
2417521925,9994859,B
2295452883,10768945,C
2295452883,11099860,B
1991775677,7192563,C
1971583858,9629543,C
1971583858,9629543,C
2049918176,8047273,B
2141291499,4011613,B
2019768995,8551500,C
2156852056,8715697,C
2015221912,6280991,B
2089717292,5840296,B
2055368168,9883812,A
2003397402,8836446,C
2161102764,9637522,C
2168250383,5742599,C
2043828851,7834171,C
2043828851,7595387,B
2166802510,7595387,C
2965851198,10844377,C
2143313350,7834171,A
2143313350,7834170,C
2143313350,7595387,B
2163304107,5939898,B
2163304107,5973529,B
1508193266,6151266,B
1499467121,6105015,A
2600943164,10436831,B
2901511860,11118178,C
2088091432,7541025,B
2005733030,8445538,B
2005733030,7968589,B
2036295429,8481747,C
2036295429,8569560,B
2144510218,7595387,B
2091842949,9938530,B
2091842949,9303259,B
2091842949,9303259,B
1993142096,7688430,B
2028710649,6812210,A
1963802092,8785604,B
1963802092,9562098,B
1963802092,9562098,B
1966640150,5867304,B
2139113397,5867304,B
2120309718,6930821,C
2071535617,8812083,B
2329463918,8812083,B
2033007184,8812083,B
2020530612,8812083,B
2279289610,8812083,B
2096485323,8812083,B
1491944205,8812083,C
2004566693,8812083,B
1994442900,8812083,B
188358579,8812083,B
2071701504,9011694,B
2140745722,9596086,B
2140745722,9596086,C
2140745722,9537658,B
1597151159,8522040,B
2584366716,11545236,B
2288455316,11545236,B
2787410052,11545236,B
2591566088,11545236,B
2584405974,11545236,B
2583900529,11545236,B
2056711010,9537658,B
2056711010,9596086,B
2056711010,9596086,B
40208633,10229285,C
2108775869,6927896,B
2312279569,6927896,B
2312279569,6501593,B
2312279569,6654162,B
2312279569,6636344,B
2312279569,6825972,B
2312279569,6775057,B
1979026407,5639095,B
1970144553,5973225,C
2135253865,5973225,C
2305942650,9790329,B
1496582607,9817003,C
1496582607,9817003,B
2479032928,10040874,B
2039850518,9878030,C
2068403201,9187528,B
2011614230,6620618,B
2048092902,7584084,B
2233107603,9921225,A
2600424538,11208386,B
2153483615,6468977,C
2156915564,5895651,A
1968951388,6692590,B
2133821322,6692590,B
2099702731,8368154,B
2484668068,10711311,B
2140610528,10287587,B
1982250038,4405237,B
2094754566,9421177,A
2094754566,8686046,A
2069141563,9421177,B
2069141563,8686046,B
2090704433,7959923,C
2014453291,4391682,B
2023311792,7959923,C
2073352135,8569680,A
2024498655,8119344,C
2090462218,8610614,B
2055404353,8779833,A
2016015627,7091357,B
2140230791,8546415,B
2045013801,6956251,B
2327856732,9007593,B
2086249920,5403462,B
2171237493,9957572,C
2040918358,6042835,B
1589605106,9926354,C
2093871026,6681768,B
1555216703,8034566,B
1555216703,7582431,B
2135557227,6109098,C
2982692723,10590562,B
2772897064,11285099,B
2593139477,11285099,B
2606770634,11285099,B
2899916503,11285099,B
2804581773,11285099,A
2077424675,6183963,B
2567029207,7993918,C
2567029207,7682803,B
2155940486,9068928,A
2290603566,10580664,B
2104019050,9873670,B
2467158137,9895324,C
1977252409,8309530,B
2742096232,11510615,A
2124680322,9597325,A
1482669971,9443326,B
2083570133,9331217,B
2135813995,6605602,B
2024198309,6605602,C
2008849494,6605602,C
1964665869,6605602,B
1974085494,6605602,B
2093169603,6315094,A
1824187045,6490527,A
2013057034,6160203,A
1970151335,6540903,C
1970151335,6348183,C
1577438550,5162302,C
1577438550,5168102,C
2327479138,4929600,B
2327479138,5162302,B
2327479138,5168102,B
2019285947,10408725,A
2500945473,10437943,B
1975269891,5884226,C
2071035674,6569154,B
2112540821,9670259,C
2027620603,6053203,B
1933937040,10280416,B
2710489324,10752648,B
2437552516,10280416,B
2618652115,10752648,B
2618652115,10280416,B
2624901533,10787672,B
2098514665,4262056,B
2010240773,6503910,B
2010240773,6506764,B
2178728299,11579512,B
2008079514,5350639,B
2008079514,5153154,C
2086667971,7664642,A
1597803755,10310181,A
2043464088,9024370,B
2037664393,7224878,B
2060546592,8785395,B
2154758903,8017649,B
157419982,6214824,B
2730659122,10310181,A
2043600628,7224878,B
1967796230,7224878,B
1980762353,7224878,B
2556006110,10310181,B
2166855633,6348183,C
2166855633,6605267,C
2166855633,6676923,C
2166855633,6540903,C
2166855633,6881323,C
1973705788,5626861,A
1973705788,5766618,A
1989005916,6787528,B
2031143711,5685973,C
1980094699,5770175,C
1980094699,5846400,C
2031143711,5653956,C
2016831447,6348183,C
2016831447,6605267,A
2016831447,6379531,C
2016831447,6540903,B
2130389999,6121610,B
2019161977,8080348,B
2019161977,8080348,B
2019161977,8617772,C
2019161977,7932000,A
2100115694,6207876,B
2032793706,8682507,B
2069417060,8682507,B
201499940,4828610,B
1991048956,8507434,B
1701733546,9056923,B
1701733546,9802984,B
2053807620,9056923,C
2223901856,6150120,B
2223901856,6027902,B
2002326392,5283320,B
2162897558,5698202,B
2044794543,9938195,B
2044794543,9784403,B
2044794543,9784403,B
2057490438,6348486,C
1982681165,10061085,B
2031925027,6353224,B
2899101283,10922589,B
2899101283,10984532,A
1971623036,4133212,A
2805997243,11219678,C
2521743729,11344612,C
2519041793,11344612,C
2519041793,10232027,C
2519041793,9700611,C
2938913195,11219678,C
2521743729,10232027,C
2749821721,11344612,C
2045707865,9700611,B
2765730772,11344612,C
2959005994,11344612,B
2112304761,8580294,C
2031911044,8580294,B
2055869511,8580294,B
2060008979,8580294,C
2158872707,8716017,A
2751501304,7088639,B
1982592737,6043278,B
2136861650,4424343,B
2951266926,4347354,B
2951266926,4424343,B
2970114831,11344612,C
2790978118,11344612,C
2885366383,11219678,B
2885366383,10232027,A
2754222317,11344612,C
2754222317,10232027,C
2754222317,9700611,A
2520098119,11344612,C
2911353576,11219678,C
2911353576,11344612,C
2615854031,11344612,B
2910328194,11344612,C
2154502887,6004932,B
2029346693,6004932,B
2644600533,10766024,B
2120831700,9624599,C
2174892031,10359395,C
2766020976,10948454,B
2441116828,10359395,B
2217370284,10359395,B
2066538785,9523156,B
2048446491,6004932,B
2084725617,5919754,B
2034540575,5954845,C
2034540575,5958111,C
2034540575,5902385,A
2977457315,11423548,A
1983355326,8883720,A
2293968535,10304440,C
2921214093,10726830,B
2921214093,11574628,A
2921214093,11475881,B
2093713331,8513267,C
2121805108,7406197,B
1587491053,7406197,A
1492483361,7406197,B
2124533631,7406197,B
2143436999,7406197,B
2048872510,6618463,B
2036806073,6628747,B
2036806073,6618463,A
2609570686,11385386,C
2783591611,10739261,B
2608437555,10754295,B
2608437555,9952557,B
2608437555,9952557,B
2592752843,11385386,B
2016613716,4238473,A
2619956544,11598866,A
3003550232,11598866,B
2800579791,11598866,B
2150743617,7081760,B
1548744654,7081760,A
1999115754,7081760,B
2106665140,7081760,B
2107227092,7081760,B
2115922451,9932364,B
2115922451,9932364,B
2072711883,4584278,B
2149538441,6631364,B
2339642493,10773217,B
2908707593,10338633,A
2079365541,8658614,A
2323986070,6055859,A
2106077443,5831166,B
2132075265,8704577,C
2022325078,7808780,B
2092337196,9293786,A
2098260614,7259751,B
163746123,9679149,B
163746123,9432188,B
2026948932,8889097,B
2061361805,8889097,C
2015609597,4393050,C
160707011,4105603,B
160707011,4133782,B
2024323852,9072900,C
1980087947,6391314,C
2038234631,7211379,C
2005542324,7122192,B
2127334500,9230320,A
2127334500,9014456,C
2891008282,10667778,C
2434371460,10667778,B
2079743352,9014456,B
2892679192,10667778,C
2423881447,10667778,C
70082368,9230320,B
70082368,9014456,C
2122751628,9230320,A
2587231132,9928347,B
2587231132,10453569,C
2510938035,10667778,B
2562005596,11495327,B
2070833257,9014456,A
2566972569,11495327,B
2525119352,11495327,B
2040214825,7279305,C
2464376184,7279305,A
1996317885,7279305,A
2014808011,5552536,B
2014808011,6110701,B
2800927619,10647762,B
2800927619,10487142,B
2800927619,10196439,B
2800927619,10934348,B
2800927619,10562962,B
2800927619,11111290,B
2800927619,10472415,B
2032478963,9121259,A
2032478963,9121259,A
285620480,6003365,B
285620480,5905036,B
1782125852,11058371,A
1782125852,9858691,B
1782125852,9858691,B
2037704308,5993660,B
2565357595,9972699,A
2565357595,9972698,A
2147032208,9694065,B
2041568306,9694065,B
1995262888,7779009,A
1988259167,8165373,B
1980467248,10267456,B
2784032433,10267456,A
2054894865,8544036,B
2134292630,9620634,A
2329380755,9620634,C
1986049817,9620634,C
2141496033,9620634,C
2061925247,9620634,B
2156137422,9620634,B
2065300295,9459188,C
2081515543,9459188,C
2598050403,10383866,B
2598050403,10729684,B
2054270999,9485048,B
1830967749,7116875,B
1830967749,6853786,B
1830967749,6985661,B
2025516166,6985661,B
2028625940,6985661,C
2950623350,5565418,C
2130649175,6979546,B
1976754678,8097273,B
1693145019,9499850,C
1996784558,4694010,B
2041991664,7101115,B
2154447139,7940818,B
2102268153,6542650,B
2158272693,7016606,B
1972818564,8664197,C
2092183443,8664197,A
2321908547,10577580,B
2329237948,10577580,A
2625127051,10577580,C
2029526973,9228178,B
2277833977,10577580,C
1987167282,5049167,B
2407938511,7568565,B
2951742105,4070475,B
2951742105,4129657,B
2951742105,4072748,B
1982465694,4882399,A
1967428268,9604056,B
1967428268,9604056,B
1987095365,9295838,B
2277882088,9604056,B
2277882088,9604056,B
2163850005,7254428,A
2559796065,10466418,B
2036948435,8275124,B
562137312,4628881,B
2171972026,5405769,A
2009564804,7169914,B
2009564804,6503744,B
2009564804,7026147,B
2026328387,7288642,C
2176727672,10392622,B
2085095447,7431779,B
2159102213,5173156,B
2159102213,4877490,B
2159102213,5006205,B
2139714668,7392140,B
2013789052,8227414,B
2093868479,8227414,B
2087457307,5780589,C
2318729770,9587001,B
1603938906,6391871,B
2766329860,9858691,B
2766329860,9858691,B
2511460911,9858691,A
2511460911,9858691,A
2024276378,7846637,C
2024276378,7879529,C
2294645507,11058371,A
2294645507,9858691,A
2294645507,9858691,A
2023066038,6114703,B
1983635763,5851824,C
2059443463,6387174,A
2127240436,10872187,A
2058070876,8592447,B
2130953425,7213230,B
2163815342,7213230,A
2023761243,7213230,A
2203425027,7213230,B
1995541427,7213230,A
1998175705,7213230,B
1518558009,7213230,B
2107286045,7213230,B
177786598,7213230,A
1999917977,7772461,A
2131416190,8778664,B
2131416190,8206912,B
2131416190,8568983,B
2131416190,8026061,B
2131416190,8206900,A
2131416190,8344124,B
2131416190,8153371,A
2131416190,7993846,B
2131416190,8030001,B
2131416190,8163486,A
2725370118,10793450,C
2594395214,10793450,B
