magid,patent_id,assessment
2011611226,5838438,B
2011715705,8822367,A
2011715147,7731974,C
1480873147,7177471,A
2011458873,9160280,A
2011524686,9844361,B
2011523030,8399334,A
2011957619,9347102,A
2011964096,8241860,A
2011920881,5693756,B
2011815451,10663472,B
2011803788,9752861,B
2011803788,9752861,B
2011755273,8617435,B
2011833926,8680246,B
2011839675,8131525,A
2011831656,7354390,A
2011855795,5510525,B
2011848140,6816825,A
2011247517,7792015,B
2011255431,8750666,A
2011238503,4914286,B
2011255641,8605981,B
2011258598,9074978,A
2011021892,7498157,B
2011020376,7593250,B
2010987908,6975664,A
2011131260,9519988,A
2011129563,8797221,A
2011117057,9243036,B
2011115710,9338331,A
1463368216,10526616,B
1480206373,5962643,B
2011342968,8614322,B
2011362270,10508133,B
2011418718,9783779,B
2011442661,5837820,B
2011440704,9943076,B
2011440704,9943076,B
2011440528,8306784,B
2011437253,10072297,B
2012808888,7894996,B
2012827224,7105162,C
2012654397,7894126,B
2012650372,8182785,B
2012641497,10108817,A
2012598052,8017400,A
2012603680,7386542,A
2012746361,9896691,B
2012744602,5878373,C
2012737106,5888834,B
2012675371,7682787,B
2013099711,7127109,A
2013097310,7846930,A
2013097310,7846930,A
2013090834,8674691,B
2013124271,6376149,B
2013108817,9487818,A
2013083006,6492143,B
1481156068,10787503,B
1481296411,6936433,B
2013153082,10106854,B
2012939559,4892827,A
2013039918,7491543,B
2013042231,10276309,A
2013031312,8277112,B
2012996079,6255461,B
2012213331,8787411,B
2012158212,7047163,A
2012270644,9568580,B
2012270644,9568580,B
2012077729,7737259,B
2012056998,8298781,B
2012048984,9317954,A
2012037219,11213800,B
2012072483,8822434,B
2012126267,5523282,B
2012120591,6692650,B
2012489369,7262286,A
2012487151,8697467,B
2012451945,10032287,A
2012468485,7759443,B
2012564185,9310364,B
2012526549,6610821,B
2012311576,9837702,B
2012317080,10549243,B
2012400207,6004688,B
2012398393,8114961,B
2009475160,8838520,B
2009475318,9544126,A
2009418675,7994963,A
2009417025,6576236,B
2009561038,7273904,B
2009503896,9879233,A
2009337862,9738702,A
2009395174,8837031,A
2009389965,5538983,B
2009389031,9710364,B
2009761723,6013516,A
2009771212,7640331,A
1429299901,10883799,A
1414358045,9696430,A
2009620512,6900874,B
2009618460,5300307,B
2009629576,10139388,C
2009585827,8658786,B
2009685908,5703057,B
2008893511,9770517,B
2008893511,9770517,B
2008851677,10155947,C
2008891318,4777127,B
2008962748,7956193,A
2008989169,9822355,B
2008760714,7150990,A
2008734264,7282191,A
2008754091,7431970,A
2008838983,5188936,B
2008796564,9804093,A
2008796564,9804093,A
2008804733,11007482,A
2008810412,9657340,A
2009181811,9090668,B
2009283704,6887384,B
2009269691,5789170,A
2009225279,11002736,B
2009043217,9045763,B
2009061499,8409326,B
2009102398,5328985,B
2009110370,11203576,C
2009084298,8417314,B
2009087437,6122305,B
2010530208,10153519,A
2010548899,6723814,B
2010548624,8321153,A
2010666880,5919692,B
2010421579,5714139,B
2010423808,9277874,A
2010417854,10077428,A
2010408979,8808612,A
2010497945,9005665,C
2010467161,4341870,A
2010875534,10336721,B
2010867184,6562602,B
2010833896,11439708,B
2010850700,8951527,B
2010850700,8951527,B
2010839601,8957186,B
2010960805,9449357,B
2010957725,6932970,B
2010934897,7494807,B
2010704451,7201901,B
2010679316,7368099,B
2010687778,10472647,B
2010782901,8399047,B
2010778537,8568980,B
2010809297,10141119,B
2010767799,9027387,B
2009974450,6329208,B
2009993332,6103614,A
2009982437,10881321,A
2009988274,8318167,B
2009961564,4571385,C
2009959946,7169579,A
2009939959,7117133,A
2010060309,6429289,B
2010064667,9484747,A
2010064667,9484747,A
2009802139,10190144,B
2009833672,8492564,B
2009838896,7754434,B
1450236045,11739410,B
2009794614,8778608,B
2009794614,8778608,B
2009896441,8326847,A
2009901571,8221937,B
2009908116,5849970,B
2009870792,8119117,A
2010292674,9771555,A
2010332067,8114976,B
2010303860,8497299,B
2010091053,5939721,B
2010193237,10263169,A
2010158663,6984484,B
2010184230,6590087,B
2010181911,9014451,B
2016177395,8703965,B
2016177395,8703965,B
2016132261,9968579,B
2016125891,8222221,B
2016141579,9364566,B
2016139965,7295734,A
2016139965,7292758,A
2016241395,9441263,B
2016190701,5569641,A
2016209612,9731029,B
2016209612,9731029,B
2015988571,5200324,B
2016007765,6326150,A
2016093088,8309353,A
2016037437,4608365,B
2016495540,9238034,B
2016464448,9221764,B
2016460935,10391145,B
2016567565,9562080,B
2016557874,8582875,A
2016557768,8927254,B
2016322438,7818811,A
2016281513,7205106,B
2016283551,5573651,A
2016291783,7157243,B
2016418078,8993328,A
2016415814,6211149,A
2016415230,9664693,B
2016371780,10041123,B
2016382263,6692650,C
2016378555,9352052,A
2015514059,6486170,A
2015526636,8969521,A
2015590874,8829177,A
2015426839,9525398,B
2015437876,9206481,B
2015377140,10349015,B
2015386492,7650195,B
2015483840,6248533,B
2015474481,10429391,B
2015498249,6635311,B
2015926058,6879167,A
2015898149,9724506,A
2015888790,9095596,B
2015696074,7585815,B
2015637535,6841722,B
2015764953,5935792,B
2015783726,4699788,A
2015733198,10221222,B
2017153850,7960435,B
2017153018,9051198,B
2017182956,7919603,A
2017288179,9907820,A
2017282940,10941452,B
2017275874,7424089,A
2017275874,7424089,A
2017296038,5885585,C
2017303675,10876135,B
2017235724,6734023,A
2017260110,4347935,A
2017055949,9716313,B
2017025724,8450057,B
2017118980,6907130,A
2017118980,6078838,B
2017147918,7141373,B
2017141212,4521509,A
2017087026,8114864,A
2017492512,8691507,B
2017553996,5661175,A
2017492512,9175331,B
2017426933,8638686,B
2017397355,9383187,A
2017390171,9067064,B
2017390171,9067064,B
2017372633,7790446,B
1484911577,9163071,B
1484900679,4188594,B
1484574802,7488593,B
1485407919,7091005,A
2016615651,9068695,B
2016616640,9775894,B
2016692940,4931653,B
2016645404,8829159,B
2016665838,6221608,B
2016664481,5294600,B
2016969709,6083496,B
2016987115,7507582,A
2016924913,8977533,A
2016942375,9559388,B
2016943845,8382791,B
2016769486,8980418,B
2016769486,8980418,B
2016767984,7045336,B
2016748111,7807180,C
2016752841,5411881,A
2016822527,9529066,B
2016829512,8193327,A
2016845063,8992937,A
2013821344,5804392,B
2013853989,7630869,B
2013845336,10536281,A
2013811319,7768019,C
2013936354,7298144,A
2013907774,6405069,B
2013902051,6207384,B
2013693318,6156576,A
2013690593,5440414,B
2013683732,7537807,A
2013666489,8026143,B
2013666489,8026143,B
2013776247,7081243,B
2013778868,7087142,A
2013757167,7563874,B
2014150093,10211982,B
2014165488,5126057,A
2014171012,9674210,B
2014113952,4690915,B
2014174828,8415640,B
2014178997,4583025,B
2014189399,8232454,C
2014010760,5962313,B
2014010760,5858351,B
2014010760,5846528,B
2014008866,9756316,A
2014008866,9756316,A
2014007136,5025796,A
2014085312,7541062,A
2014101003,9309456,C
2014101003,9309456,C
2014061405,6057368,B
2014061405,6828349,B
2014061405,6593367,B
2014061405,6541520,B
2013240219,9260688,B
2013242195,7811601,B
2013276134,9604904,A
1482134942,8530619,B
1482212418,5824316,C
1481413711,5266475,C
1482752366,6320394,B
1482267503,6251586,B
1482267503,5994062,B
1482226998,9688722,A
1482226998,9688722,B
2013539676,8269976,B
2013514633,8409428,B
2013527167,9183464,B
2013575007,9144599,A
2013579945,6962686,B
2013568009,6866843,B
2013347981,8618230,A
2013313335,6093573,B
2013330518,9056899,A
2013475924,7813160,B
2013419608,4360269,B
2014983850,11395590,B
2014988241,10138479,B
2014981234,6221641,B
2014948950,8105489,B
2014938226,7294459,A
2014938226,7030227,A
2015063977,9487757,A
2015071134,9631011,B
2015025873,8637494,B
2014899680,6341960,B
1483363426,7378385,B
2015254952,8085396,B
2015254952,8085396,B
2015258638,9797904,B
2015261081,5076696,A
2015342253,7507839,B
2015091988,6188462,B
2015086264,6576105,B
2015107346,4632909,B
2014473926,5665435,B
2014464570,9062072,B
2014478749,5820866,B
2014423940,5155658,B
2014424306,8871463,B
2014555391,9028871,B
2014555070,10983130,B
2014564869,10344107,A
2014531371,5847164,C
2014316430,10765135,B
2014280021,5723291,C
2014385517,7794939,B
2014350962,6867036,B
2014338588,5600571,B
2014897755,6694020,B
2014848058,9649334,B
2014855903,7800627,A
2014855218,7999025,A
2014608787,5016076,B
2014740708,8680064,B
2014730746,6653103,B
2014700549,9580752,A
2014680208,9447062,B
2014677332,9154058,B
2014677332,9154058,A
793363133,10238742,B
827742315,11007230,B
833232761,10450289,B
838548246,10815522,A
2002852712,5710038,A
2002972691,5320878,B
2002919983,11155871,B
2002943691,9447432,B
2002950769,7915050,B
2003171404,10717990,B
2003128864,7659078,A
2003211588,9234170,A
2003205128,6210875,B
2003171404,9970024,B
925142451,10633399,B
2003020982,9734842,B
2002445013,9881108,A
2002431523,8388959,B
2002513085,8592386,B
2002506515,9709349,B
2002459343,9062308,B
2002265063,6998247,C
2002263141,4808532,A
2002277292,6613536,B
2002225614,6541008,B
2002236251,6544520,A
2002363467,5601760,B
2002341618,9268890,C
2002374039,9885619,A
2002330413,4927512,B
2002765649,9986663,C
2002765982,7439025,A
2002844660,6506880,B
2002577407,7601120,B
2002700895,8227586,A
2004079991,7612186,A
2004070151,5965718,A
2004059492,7517959,B
2004162153,8679769,A
2004109721,8891619,A
2004126529,8930284,B
2004129624,7330026,A
2003909773,4215420,B
2003885404,9233943,B
2003870055,7205121,A
2004021262,9340720,B
2004026630,6610511,A
2004025043,8479806,C
2003931218,9018173,A
2003955264,8034548,B
2003955975,9835617,B
2004436791,7194124,B
2004470603,10626137,A
2004204479,10265647,A
2004197811,7018563,B
2004184443,8238650,A
2004288940,9988343,B
2004288940,9988343,C
2004291513,8603949,B
2004258574,6372900,A
2004246861,7754703,B
2003400830,9063788,A
2003512116,10041070,B
2003482627,4995690,A
2003316226,10155929,B
2003322484,8396107,B
2003310479,9568466,B
2003310479,9568466,C
2003264913,9738688,C
2003263557,9399672,B
2003247806,8603994,C
2003260106,10443954,B
2003271727,8198061,B
2003389252,6087096,B
2003358759,10124051,C
2003728524,7893268,C
2003726561,9450304,A
2003766010,8912155,B
2003686515,8916570,C
2003700389,5213979,B
2003701443,8828311,B
2003830980,6592814,B
2003842226,6156763,B
2003837645,9492418,B
2003598961,6177401,B
2003562059,7309774,B
2003623977,5163426,B
2003616931,9089550,B
2000955709,9340593,B
2000955405,5876923,C
2001037711,8480792,B
2000826169,7779009,A
2000865297,7843467,A
2000784776,7655923,B
2000776189,9346971,B
2000776189,9346971,B
2000913322,7081561,A
2000912956,9993503,B
2000883823,8703032,B
2000884412,8703970,B
2001297140,5661132,B
2001299122,9120117,C
2001242947,6549879,B
2001358071,8518902,B
2001320847,6635422,B
2001138775,7605241,B
2001082016,8574821,B
2001090712,8461417,C
2001111935,7396919,A
2001113058,5635937,B
2001212167,11450413,B
2001236033,9890457,A
2001183701,8458326,B
2001192136,6733999,B
2001196915,9249100,B
2000346228,6111645,A
2000347749,9176211,A
2000407122,7772185,B
2000432867,6020480,A
2000240732,5478658,B
2000234746,7423008,B
2000627134,9592259,B
2000642140,9964608,A
2000437208,5891857,C
2000731487,9516886,B
2000731487,8894474,B
2000760372,7026478,B
2000696986,8787203,B
2000721189,8148287,B
2000499723,8481054,B
2000489667,10475043,A
2000511252,10024903,C
2000556113,9528104,C
2000527114,9507778,B
2000527114,9507778,B
2001821896,8871684,B
2001804808,8664276,B
2001813377,9415106,B
2001811622,6455509,B
2001882188,8865116,A
2001731899,9485971,A
2001731494,7013223,A
2001730936,8743003,B
2001729570,5714386,B
2001726342,9730960,A
2001726342,9730960,A
2001726213,10590393,B
2001786661,9445596,B
2001786661,9487551,B
2002110904,10022338,B
2002109801,9752193,B
2002192155,5459076,B
2002146397,7768050,C
2001972757,10605806,A
2001910740,10181537,B
2001931036,9289473,B
2002018099,8569510,A
2002046224,6406845,A
2002038445,6660276,B
27538374,8566273,B
27538374,8566273,B
2001415299,9499517,B
2001390902,6437328,B
2001389196,5994099,A
2001396254,6753173,A
2001385017,6258276,B
2001575163,7269313,A
2001689415,9076712,A
2001470344,8119856,A
2001546169,7439359,B
2001535873,8753635,B
2007257649,9248152,B
2007227992,8515721,B
2007231114,8129157,B
2007265554,6111511,B
2007284489,7042214,A
2007098282,9260473,B
2007202415,7247203,A
2007187970,6559287,B
2007187950,8808684,B
2007165819,6468785,B
2007165614,9786062,A
2007550163,7473411,A
2007584475,7098655,B
2007602078,6181957,B
2007393478,10175476,A
2007408879,9352963,B
2007407635,7351830,A
2007372075,8685718,B
2006692634,6633114,B
2006736905,9457034,B
2006531965,6927060,B
2006517943,5712126,A
2006505342,5723750,B
2006509978,9133234,B
2006509978,9133234,B
2006593885,5455670,B
2006560986,9355194,A
2006967597,7586236,B
2006936208,9561969,C
2006936208,9561969,B
2006935121,7114361,B
2007057348,7153501,A
2007033922,8557586,B
2006814458,8642749,A
2006774106,8605592,B
2006851992,10017794,A
2006850536,9757767,A
2006850536,9757767,A
2008302913,6183714,B
2008292129,7691992,B
1267894554,10689282,C
2008270036,8498846,A
2008396516,6787566,C
2008323652,6627793,A
2008331211,9299188,A
2008325410,9458436,A
2008352401,8426130,B
1199217809,9964449,A
1201262930,9804170,A
2008252310,9221765,B
2008235203,5402344,B
1253046850,5840490,B
1221688681,5494818,B
1231847664,9959612,A
1227996127,10301719,B
2008653607,10220112,B
2008652406,8907506,B
2008620078,7534932,A
2008484707,7270837,B
2008420298,8912142,B
2008432566,7485463,B
2008429672,10024794,B
2008528751,6618737,B
2008532306,6686132,A
2008515082,5316913,C
2007822079,8933201,B
2007822079,8933201,B
2007810309,10244223,B
2007829789,8383133,B
2007773460,4601882,A
2007780130,5316946,A
2007798010,9128079,B
2007891331,9813786,B
2007854533,5866552,A
2007625548,8858707,B
2007728045,9116798,A
2007720249,6096528,A
2008119892,7205452,B
2008080697,8226917,B
2008080581,9227996,B
2008101121,8961930,B
2008210643,5956354,B
2008167300,8729656,B
2008172259,5866343,A
2007966106,9037430,B
2007955440,7842199,A
2007986629,5804427,C
2007983824,7432342,B
2007924815,8882165,A
2007929817,9183464,B
2008052468,7887783,A
2008019124,5837819,A
2008016851,9243624,B
2005075139,5248674,B
2005103865,9044335,B
2005098849,7291723,B
2005084536,9352543,A
2005096312,6818391,B
2005210168,8076310,B
2005189854,7601554,C
2005189854,7235750,A
2004916914,7883615,B
2004902285,8741801,B
2005015162,9701719,A
2005443651,8653462,A
2005389082,9106055,B
2005523402,9476759,B
2005278525,4825264,B
2005244180,9826016,B
2005271852,5851768,B
2005347721,5631559,B
2005368338,7892789,B
2005335523,6482553,B
2005330292,8513397,B
2004685246,6442421,A
933982334,11144835,B
2004642777,5858667,B
2004659116,7811819,B
958814093,10073057,A
941989909,10597368,A
2004561527,6166178,B
2004550057,5025487,B
2004499578,7853596,A
2004508431,7169942,C
2004604332,5930650,B
2004597947,8221999,B
2004803840,9322024,B
2004749814,8845768,B
2004853622,10040146,A
2004826404,6023161,A
2004833803,9260653,C
2004838689,9000048,B
2004712947,9182371,B
2004732365,9638695,B
2006335235,7740585,B
2006328317,9042606,A
2006328317,9042606,A
2006280668,5267179,B
2006376028,6197344,A
2006186641,8843883,A
2006156314,8207211,B
2006166466,9073965,B
2006158992,9238653,B
2006236542,6551780,B
2006231275,8691781,C
1149835906,10745705,A
1160931957,9415011,B
2006483807,8959128,A
1191516621,11623950,A
1019809662,9524392,B
1053624528,11331375,B
1043004949,10550379,A
1097015697,10323228,B
2005744447,8546141,B
2005700846,11408007,B
2005719781,6359174,B
2005718551,6852842,B
2005708967,6266704,A
2005800770,8334239,B
2005792688,5945301,A
2005794988,6773851,A
2005786362,7537889,A
2005784985,7968281,B
2005589757,6541220,A
2005574282,7592008,B
2005554104,9182373,B
2005558891,7209871,B
2005681172,5898094,B
2005629189,9831004,A
2005629189,9831004,B
2005995362,6372422,C
2005978338,7644281,C
2006135398,8273532,A
2006082167,9382204,B
2006101024,9573983,B
2005878958,7430351,B
2005836340,8036732,B
2005973651,8198099,C
2005910898,9464288,A
1497261042,5091301,A
1497164266,10111722,A
1497013959,8352222,B
2029117724,4894456,B
2029116661,6035015,A
2029096904,9105934,A
1496743229,5817512,B
2029327934,10371827,B
2029335522,9804178,A
2029335522,9804178,A
2029367797,6506576,A
2029291515,7282344,B
2029452148,5994115,B
2029382359,7446241,C
2029385424,4772467,B
2029197481,9790605,B
2029164954,8674084,A
2029271517,9290382,A
2029271517,9090462,B
2028571259,7332647,B
2028679213,9273027,A
2028675540,9361670,A
2028462978,9146236,B
2028460943,7741465,B
2028414694,9244072,A
2028521184,9000401,A
2028498309,9170060,A
2028925919,6569704,B
2028956843,9196243,C
2028901788,10468169,B
2028909212,6897024,B
2028989854,5707804,A
2028796447,9040647,B
2028781040,9486404,B
2028734310,7301045,B
2028751732,7771974,A
2028885236,7528274,B
2028888693,5512668,B
2028852768,6951917,B
2028837633,5234811,C
2030228841,9255334,B
2030226186,7514232,A
2030244147,7695724,B
2030213558,6270958,B
2030336847,7763734,B
2030277913,10198792,B
2030281207,8806410,A
2030131978,8808365,B
2030042541,5646928,B
2030533925,9536718,B
2030490773,7999081,B
1497822328,9706963,B
1497822328,9706963,B
1498020519,5429939,A
1497635265,9678037,B
2030411844,5637966,A
2030352675,9422347,B
2030370150,7651855,B
2030485693,7863572,B
2030487726,6866855,B
2030487726,6833134,B
2030421209,9476009,B
2030421209,9476009,B
2029679223,7638322,B
2029683748,5986067,B
2029614255,7939277,B
2029660798,6122305,B
2029650797,7772761,B
2029739574,7612424,B
2029706942,10900022,A
2029530347,6761985,B
2029517893,8124417,A
2029576732,8386193,B
2029537227,9764006,B
2029572849,5187060,B
2029952797,9452993,A
2029957332,9579372,C
2029957332,9579372,B
2029978813,9415112,C
2029901259,8473433,B
2029919331,10889864,C
2029917239,6051194,B
2030037456,9592198,A
2029758553,10613076,B
2029758223,6143512,A
2029852810,5834266,B
2029850549,9519870,A
2026923200,5660895,B
2026944431,9598675,A
2026944037,9624475,A
2026997332,6171575,A
2026770997,6587255,A
2026735604,7673521,B
2026848314,10175183,A
2026866389,10036747,A
2026799202,7765091,B
2026835827,4755860,B
1493992682,7595679,A
1493963036,7369766,A
2027186694,6259092,A
2027197538,9499822,B
2027197538,9499822,B
1494234128,6023783,B
1494194121,8815533,B
2027148644,5768460,A
2027141162,7015025,B
2027139093,9080575,B
2027165159,8027526,B
2027164595,7888556,A
2027108372,9487600,B
2027104244,5986171,A
2026318779,10126305,B
2026327379,5942424,B
2026395566,5516683,B
2026361383,9970891,A
2026224796,9396970,B
2026181695,7583275,B
2026265937,5597707,A
2026228955,7214856,B
2026618323,9103826,B
2026632806,8038887,B
2026592835,9443631,B
2026578838,8634233,B
2026710381,5925517,A
2026716484,8307024,B
2026674349,8557586,B
2026422955,8772457,A
2026429729,9885644,A
2026528167,5461573,B
2026505509,6509150,B
2026509746,7722900,B
2027944956,5981218,B
2028078153,9297046,B
2028007732,6383761,B
2028033558,10175175,B
2027930327,5026645,A
2027849844,7948881,A
2027873704,9059418,B
2027861721,8187825,B
2027817876,9594026,B
2027833625,8158005,A
2027913476,9582767,A
2027926439,5759835,B
2027922729,4364937,B
2028337591,7960513,B
2028337591,7960513,B
2028332276,9782361,B
2028332276,9782361,A
2028320405,9365629,B
2028285928,9209375,B
2028299604,8158096,B
2028291660,8048446,B
2028402416,6746671,B
2028172012,9504687,B
2028156933,9181954,A
2028093783,7138251,A
2028117953,9090602,B
2028103153,6413934,B
2028236738,5756708,B
2028222510,7217806,A
2028262585,9045434,B
2028254009,8466301,B
2028182052,7888017,B
2028202986,8986186,B
2027362322,8507287,B
2027362270,9176504,B
2027339608,8153787,A
2027440581,9409855,A
2027462247,7670633,B
2027401817,9586883,B
2027407438,8168284,B
2027392325,9681669,B
2027392325,9681669,B
2027397361,6187992,B
2027421156,7598313,B
1495544664,5402053,B
1494910001,5169783,B
2027273477,6598013,A
2027295554,7479374,B
2027237670,9061494,C
2027237670,9061494,B
2027703110,8767908,A
2027763219,5780589,B
2027755335,7978346,B
2027545416,9119804,A
2027539634,11053535,B
2027571016,7947487,A
2027575005,9214574,B
2027580727,6541208,B
2027600808,7930168,B
2033597315,7141382,B
2033589764,10074453,A
2033583098,7836752,A
2033592300,9454571,B
2033624352,9197292,A
2033626292,8563683,A
2033607965,9681250,B
2033610044,7521200,C
2033686833,8017408,B
2033458237,10202507,A
2033447654,9687834,B
2033447654,9687834,B
2033562037,9074473,A
2033562037,9074473,A
2033566703,5256536,A
2033504363,4804626,A
2033957224,6538775,C
1501620407,6531123,B
2033984872,10001437,B
1500992469,7651051,A
1501059295,8653252,A
2033820767,8114662,B
2033883294,7985738,B
2033831971,9953246,A
2033837334,9076201,B
2032964168,9777262,B
2032964168,9777262,B
2032961780,4870653,B
2032930680,5702886,A
2033063638,7851453,A
2033041275,7361468,A
2033056573,10385114,A
2033052846,5855884,B
2032808938,8326309,C
2032805618,9169296,B
2032771705,4222115,B
2032766073,5811277,B
2032896289,9240550,C
2032896289,9240550,C
2032904922,6468746,A
2032904354,8740432,B
2032903251,9454060,B
2032849430,8852930,A
2033300352,9421250,B
2033305998,8921789,B
2033382026,8815590,B
2033183226,5841668,A
2033099081,5817512,B
2033272479,7709544,A
2033210258,7456020,B
2033191423,9192630,B
2033201208,4431858,A
2034704983,4409139,C
2034714551,6525182,A
2034680715,5216684,C
2034766668,7514253,C
2034776797,5495548,B
2034735889,10172907,B
2034752926,8391591,C
2034589617,8308926,B
2034592643,7727624,A
2034592170,6936639,B
2034541601,4234791,A
2034633990,9239311,B
2034624108,9302012,A
2034654881,7247767,A
2034654078,10208290,A
2034594100,7572886,B
2034610180,5422745,B
2034602349,11160458,B
2034982155,4866660,B
2034982045,8491906,B
2035037428,7632686,B
2035026471,6355677,B
2035032206,7892836,B
2034856908,10722138,B
2034893773,8771943,B
2034923684,8741649,B
2034862301,9994821,A
2034881909,7094606,A
2034076376,7255804,A
2034080388,9443632,B
2034141008,8778338,A
1502148777,8288090,B
1501784939,4478747,B
1501747543,7685547,A
1501706589,7005290,B
2034047007,9676621,B
2034009755,9171249,A
2034000608,7553644,C
2034003271,7939560,A
2034412692,8476014,A
2034393061,5840693,B
2034440963,6219794,A
2034223990,5654636,A
2034253224,9157125,B
2034252508,8916163,B
2034263798,6831522,B
2034192724,10314870,B
2034175616,8129157,B
2034192806,7553403,A
2034325033,7079254,C
2031303964,9146104,C
2031303964,9146104,C
2031415944,9278374,B
2031390837,6184246,B
2031395994,6022424,B
2031172040,8669260,B
2031284268,10459964,A
2031610850,10016467,A
2031711082,7763648,B
2031715118,8834743,A
2031465961,8927510,B
2031578456,8817261,B
2031516556,7599069,B
2030668560,6807290,A
2030786128,7054038,A
2030784257,6958244,A
2030805070,5534631,B
2030786706,5357443,B
1498780407,6759243,B
1498582882,7144562,A
2030575107,10006896,C
2031011767,9790528,B
2031113135,7858081,B
2031075278,9637388,A
2031067035,10896382,A
2030867321,8953938,C
2030825079,10876157,A
2030814799,6706290,B
2030829905,4951286,A
2030871072,9299526,B
2030878691,5478452,A
2030876656,7943378,B
2032432078,9989935,B
2032432078,9989935,C
2032431045,7817455,B
2032367952,8889680,B
2032366727,9763891,B
2032366727,9763891,B
1499849192,9034573,B
1499695068,9218623,B
1499250312,6862300,A
1500672805,6446205,A
1500214369,5466593,A
2032665165,10988528,B
2032637425,6723536,B
2032730803,9181306,A
2032727321,9339771,B
2032735794,8980418,B
2032735794,8980418,B
2032689993,5898493,A
2032685497,9877667,C
2032685497,9877667,C
2032710488,6991937,B
2032711662,9588079,B
2032711662,9588079,B
2032486415,9650374,B
2032486415,9650374,B
2032472678,10344264,A
2032474463,6709817,B
2032445485,6656573,B
2032438721,5801042,B
2032519944,8669168,B
2032550042,9403753,A
2031928907,4522918,A
2031955152,9745645,B
2031895288,6520981,B
2031981745,8059122,A
2031987490,9220745,A
2031987490,9220745,A
2031776732,5506317,B
2031874902,4089855,B
2032185672,9382329,C
2032195777,7575707,C
2032154823,10467036,C
2032167431,6560493,B
2032159980,6436645,B
2032294243,7834224,A
2032222158,9995628,B
2032213187,9830506,A
2032059168,8577658,A
2032058920,8129187,B
2032038479,7280268,B
2032035815,9654208,B
2032035815,9654208,A
2032052884,7813881,B
2032141385,9790605,B
2032139169,8700233,A
2032108825,8278115,B
2032116402,6774274,B
2032096985,7776597,A
2032091252,8687897,A
2032100319,5684126,A
2020279594,8969318,B
2020387650,10082512,B
2020344223,9757379,B
2020338294,4964131,B
2020361547,8624063,B
2020368715,8101741,B
1488372279,7335469,B
1488596761,7321074,B
2020601776,9453065,B
2020601776,9453065,B
2020600203,7223864,A
2020561358,7341840,B
2020574358,9221888,B
2020574358,9221888,B
2020574257,7626005,B
2020682101,7635561,B
2020676607,10387774,A
2020675071,4996426,B
2020636054,6410335,B
2020649868,8399644,A
2020649868,8193327,A
2020439936,9530052,A
2020423027,9352052,A
2020422048,6995258,B
2020409910,7689086,B
2020499028,5578761,B
2020460707,10920187,B
2020459286,8235912,A
2020496842,9012221,A
2020487872,6123938,B
2019845776,9091690,B
2019814860,6258595,B
2019811197,9748568,A
2019811197,9748568,A
2019826615,9857280,B
2019944827,7558679,A
2019973925,6864364,B
2019891142,7923109,A
2019905229,3994870,B
2019898396,10369133,B
2019706477,9311566,A
2019779917,6001633,A
2019749991,11470826,B
2019746752,8871781,B
2020137498,4385119,A
2020125439,7452519,B
2020237866,7495147,B
2020236381,8283936,B
2020182906,9562078,C
2020184687,8621150,A
2020218204,7827630,B
2019987894,5079426,A
2020010865,8316288,C
2020074627,7470703,A
2020053294,7803982,C
2020053935,8900840,B
2020053935,8900840,B
2021514605,7034201,A
2021592954,6133030,B
2021537447,9968670,B
2021537447,9371366,B
2021341794,9089552,A
2021413161,5654273,B
2021824269,7888635,B
2021786803,7348135,B
2021854479,9233521,B
2021880060,9149426,B
2021880060,9149426,B
2021605492,8306959,A
2021625380,8031921,A
2021621463,7656522,B
2021709291,10525163,B
2020919500,6535754,A
2020912978,8591881,B
2020856566,10653672,B
2020974508,10729663,B
2021009610,4194139,A
2020990588,7097984,B
2020944319,8865489,A
2020944319,8865489,A
2020769754,8323917,B
2020721450,6150540,A
2020837066,9461871,A
2020778541,7674579,A
2021014642,8855406,A
2021015704,5876965,B
2021173528,11326057,A
2021188024,4410506,B
2021278340,10726090,B
2021092941,5737485,A
2021136312,8679788,B
2021106106,7758867,B
2021133147,6567688,B
2018375934,8457900,A
2018442010,6027112,B
1485776054,6261825,B
2018415808,5670377,B
2018407041,9555064,B
2018241246,10017747,A
30659429,5766891,B
33405318,7163610,A
1486425970,5173403,A
1486001319,10137196,B
1486131381,7494800,B
1486595641,9734826,A
1487014009,6331659,A
1487252510,4497775,B
1486895457,7569225,B
2017764563,7867724,B
2017780142,9784888,A
2017755743,4937078,B
2017744369,4259645,A
2017819135,6548284,A
2017611603,7560242,B
2017608179,7419817,A
2017625957,4966841,B
2017577931,9821050,C
2017577931,9821050,C
2017565890,8894881,B
2017653397,9770420,B
2017653397,9770420,B
2017648184,5434063,A
2017636092,7234343,B
2017659442,9370527,B
2017659442,9370527,B
2018095975,6632725,B
2018034348,6376701,B
2018169163,8652787,B
2018123169,8669488,B
2018115135,11254985,B
2018142569,9545340,B
2018142569,9545340,B
2017919947,9317970,B
2017873446,11059898,B
2017876225,8092791,B
2017996100,6242178,B
2019330983,6090556,A
2019307133,4529273,A
2019334761,9760979,B
2019347872,9273056,B
2019265494,10704737,B
2019275540,10429419,A
2019387053,8101348,B
2019380460,5875384,A
2019185749,8839180,A
2019175041,6649772,A
2019230763,7262402,B
2019234685,9938557,B
2019546022,7495097,B
2019578220,7741520,A
2019670881,9637739,B
2019622811,7763458,B
2019460197,9334526,B
2019534639,6759394,A
2019496453,5397562,B
2018717258,5243284,A
2018737697,6961954,A
2018806980,8883729,C
2018810021,6137118,A
2018778397,5763228,B
2018788678,7959918,B
2018788678,7959918,B
2018788078,4772554,B
2018553591,5795572,B
2018505426,8425920,B
2018633132,8858657,B
2018584782,6563517,B
2018600945,5239060,B
2018588892,5705336,B
2018594685,9671382,A
2018592925,8062898,A
2019039109,9358281,B
2019049862,8148276,A
2019077292,7469058,B
2019077234,9480695,B
2018830072,9312540,A
2018952758,6692738,B
2018940505,9318866,C
2018950212,4479932,A
2018930315,8530338,A
2018937130,9303080,B
2018935345,8980281,B
2018928754,7803559,A
2024666284,5411965,B
2024619664,8834170,A
2024750756,4930111,A
2024786550,10583526,B
2024779419,6093573,B
2024721244,7433806,B
2024731442,9867652,B
2024534479,7642285,B
2024516385,7488593,A
2024578544,7361908,A
2024603104,7403713,B
2024564940,6410416,B
2024974612,6291190,B
2025073213,9349174,A
2025096969,10058272,B
2025089256,5114713,B
2024838546,10402503,B
2024822321,6830888,B
2024817839,9540928,C
2024896477,6080838,A
2024853644,6831459,A
2024482529,6022856,A
2024065432,4963951,B
2024045841,4056789,B
2024045435,6661810,A
2024075971,7367237,A
2024008783,7785900,B
2024163052,6306591,B
2024118121,6274334,A
2023978863,9986663,B
2023972468,9879229,B
2023966583,10271780,B
2024166644,7572904,C
2024377569,8692548,A
2024382973,9533054,B
2024323589,8137676,B
2024351675,7056901,A
2024442565,7452678,B
2024462453,4639923,B
2024397988,5860929,A
2024219875,6759571,B
2024217012,8242214,B
2024168295,5492695,C
2024288744,6906320,B
2025778725,7752033,A
2025748945,8628801,B
2025798215,6151428,B
2025707903,7928286,C
2025740124,5994132,B
2025737724,7845215,A
2025741044,9678032,B
2025741044,9678032,B
2025733132,8709919,B
2025731455,5313315,A
2025633509,4609876,A
2025599128,10815298,C
2025668947,8422021,A
2025646139,6645760,B
2025658533,8216788,A
2025662299,6599728,B
2026082376,6951917,B
2026053103,6545127,B
2026071610,9702997,B
2026071610,9702997,B
2026126510,9765324,C
2026146821,6749759,A
2026100597,10149922,B
2026115346,8077311,A
2025885726,8748379,B
2025873817,5819243,C
2026009003,7060477,B
2025963224,4740456,B
2025955222,5998174,A
2025952915,8889621,B
2025959705,10286057,C
2025970153,9993439,B
2025349005,9374067,B
2025266505,7182812,B
2025300443,9132185,B
2025300443,9132185,B
2025370720,6316410,B
2025366379,9243624,B
2025130019,5102812,A
2025144147,10260049,B
2025243710,8765955,B
2025235714,7976877,B
2025234237,8377981,A
2025239125,7727762,B
2025228429,10364663,C
2025225219,8927598,B
2025439968,8450271,A
1493448952,9877668,A
1493268813,6268173,B
1493290840,5929371,B
1492951734,6806057,B
1492977420,6897560,B
2025544678,7132188,A
2025482191,9777277,A
2025519124,8784842,B
2025519124,8784842,B
2025497083,5695933,A
2025543847,7120584,B
2022548165,6847840,B
2022651520,8623284,B
2022439037,9466948,B
2022470263,9551736,B
2022507313,7385393,C
2022502196,9002823,B
2022487205,7837993,B
2022792234,10801030,B
2022716167,9512092,A
2022763026,6845254,A
2022027195,5276330,A
1490312995,9613789,A
2022043862,9264692,B
1490038304,7640470,A
1490181591,7814320,B
2022101173,6611339,B
2022086246,7205112,B
2022102385,5225540,B
2022064821,9873917,A
2022069080,9212207,C
2021977017,9200203,B
2021976242,8073549,B
2021971852,6150408,B
2021996677,4761391,B
2021925548,8168772,A
2021945565,8179050,B
1489718391,9436284,B
1489692150,8239140,B
2022013281,9233368,A
2022013281,9233368,B
1489452400,7088178,B
2022330220,8969543,B
2022354089,6329137,A
2022195919,6440711,B
2022134170,9290817,C
2022231653,9140959,B
2022230620,6686505,B
2022213740,7323603,B
2022247086,8406861,C
2023601465,9303042,B
2023632344,6332687,A
2023649595,9029097,B
2023651395,7531714,B
2023680021,6587255,B
2023463516,5851787,B
2023446262,7883705,B
2023534522,7968101,A
2023544371,10027126,B
2023506562,5039667,B
2023519499,5308752,B
2023776704,8399611,A
2023717894,9711126,C
2023826616,4251995,B
2023800754,8080367,B
2023800147,7723025,B
1491342176,7115413,B
1491144950,6143561,B
1491205991,5929371,C
1490724066,5874304,B
2023013551,4535060,A
2023139494,10655120,B
2023095602,9877806,B
2022884475,7741086,B
2022844706,5491768,B
2022839807,9379664,A
2022999027,6991930,A
2022983092,8586028,B
2022926795,9701635,A
2022920312,6905833,A
2023370378,8158170,B
2023387304,7732496,B
2023334834,8865198,B
2023366488,8404347,B
2023407776,8263754,A
2023411214,6528517,B
2023164234,6201851,B
2023273287,7419825,B
1976995580,4952527,B
1976970322,10307372,A
1977030165,6784285,A
1977030165,6316603,A
1977058089,7964369,B
1977023929,7396655,B
1976844675,6153421,A
1976872495,4422159,A
1976804125,5576428,B
1976828230,8999707,B
1976815046,8415147,C
1976935502,7250294,B
1976932867,8846904,C
1976936729,6998117,B
1976908016,5693491,A
1977259610,7872117,B
1977257587,6890514,B
1977251490,6747060,B
1977254519,5968477,B
1977222214,4956280,B
1977219255,5473160,B
1977301763,9804121,A
1977209531,9396561,A
1977075078,6156546,B
1977093356,7336372,A
1977148550,7403623,B
1976427011,8703032,B
1976400767,10391126,B
1976410590,6153410,B
1976488219,8518902,A
1976497291,8685947,B
1976466825,9540294,B
178363306,6174670,B
1976361045,6716581,B
1976372681,9036253,B
1976391205,10119133,C
181330260,9829975,C
1976341789,8124103,C
1976700134,8735565,B
1976713595,5942956,A
1976773126,8785414,B
1976777939,7369779,B
1976736538,9437506,A
1976728916,10256912,A
1976750697,10314503,B
1976590299,8567331,A
1976536323,8822159,A
1976551834,6057091,B
1976544964,9995813,A
1976665551,7348139,B
1976621716,6005086,A
1978005789,10172831,B
1977993125,5366874,A
1978096941,8448493,B
1978091157,8092812,B
1978084069,7816491,B
1978049931,9693555,B
1978049931,9693555,B
1978036248,9968670,B
1978071988,7074567,A
1978079490,7671627,B
1978062162,9611292,A
1977964920,8803195,C
1978331587,6979451,B
1978273788,6667313,B
1978355872,4739334,A
1978378524,7578941,A
1978153502,7550581,B
1978228601,8052987,B
1978226827,8439837,B
1978230085,9949722,A
1978239407,5294443,B
1978245540,7662298,B
1978245422,9303042,B
1978202265,5496938,B
1977559293,8921381,A
1977531433,9404098,B
1977514201,8520924,B
1977630503,7541429,B
1977611987,5544615,A
1977357146,7943330,A
1977393774,5464936,B
1977387998,6730416,A
1977370287,8404515,C
1977482363,7520970,B
1977451393,5723343,B
1977447667,5149804,B
1977453681,9373259,B
1977852460,9410205,B
1977852460,9410205,B
1977845414,5548060,A
1977889814,9388469,B
1977836556,10876163,B
1977731949,7985832,A
1977809930,5387742,B
1977780474,5698686,B
1974801463,8357659,B
1974903923,4910140,B
1974651080,9968250,B
1974658335,7122522,B
1974720818,7319089,B
1974717910,9231512,B
1974702040,10800847,B
1974696580,9299940,B
1975156465,9326523,A
1975182459,5733757,A
1975141727,9982304,B
1975141727,9982304,B
1975128800,9168329,B
1975138972,9434699,B
1975287708,4980610,B
1975260970,9752175,B
1974998407,9493742,B
1974998407,9493742,B
1974935915,7192705,B
1974949857,7495313,B
1974941564,6991937,B
1975073802,7862652,B
1975097776,9127087,B
1975097776,9127087,B
1975007417,7288637,B
1975002653,8093053,B
1975016491,7862821,B
1975045295,6331532,B
1974286326,8440196,B
1974270459,7820365,A
1974267820,6814849,B
1974296399,7192939,B
1974239047,6145343,B
1974374173,8658178,B
1974374173,8658178,B
1974329009,9650656,B
1974352851,8922772,A
1974119662,10925970,A
1974122568,8122021,B
1974136487,5147848,B
1974136214,8835833,B
1974144521,10865446,A
1974102437,8911709,B
1974166800,7122529,B
1974154045,6770698,C
1974190067,8592791,B
1974178731,6893552,B
1974176827,8034335,B
169185357,8431550,A
167572740,8700921,A
171483763,6238905,A
1974448552,8753818,B
1974412968,8665923,A
1974433996,7205107,B
1974546842,10013625,A
1974564275,6596875,B
1974562505,11118165,A
1974559466,9254379,C
1976031346,7264969,A
1975993749,4952496,A
1976003064,9322043,C
1976085552,8314068,A
1976083959,5319659,B
1975958480,8541067,B
1975911946,7358490,A
1976323859,9443314,B
1976283575,6368594,B
1976150575,8962265,B
1976143898,7501525,B
1976251709,9561266,B
1976251709,9561266,B
1976242831,10131942,B
1976259601,9476981,B
1976259601,9476981,B
1975477167,9957383,A
1975425692,5603074,A
1975430855,7691182,C
1975498107,5740342,B
1975490802,7750123,B
1975510565,8023710,B
1975336660,5888764,C
1975323184,9624282,B
1975305039,7659447,B
1975374850,9674507,B
1975374850,9674507,B
1975361447,5550630,A
1975734566,4767705,B
1975793114,4576452,A
1975621975,8282939,A
1975620972,4381451,B
1975636561,8883042,B
1975553027,9696256,B
1975594007,6624915,B
1975582497,7826587,B
1975641514,9453065,B
1975641514,9453065,B
1975679371,4863863,B
1975715632,9580713,B
1975715632,9580713,B
1975703863,8507433,A
1975665511,9573908,C
1981339714,10397591,B
1981440980,5939320,B
1981440980,6258527,B
1981397830,5837224,B
1981388076,7846895,B
1981333736,6302845,B
1981304385,9650616,B
1981328568,6756208,B
200525245,7160637,B
201006271,5750361,B
1981661246,8883729,B
1981653869,7348161,A
1981639639,9200286,A
1981499318,6872574,B
1981456988,9581570,B
1981601258,10028198,A
1981594250,8399425,B
1981532960,5039522,A
1980958970,8741576,A
1980965429,8133727,B
1980922818,9742675,B
1980930043,8969832,B
1980943529,9997344,B
1980947565,10245209,B
1980947565,10092481,A
1980936911,10004251,A
1981023433,9255279,B
1981023433,9255279,B
1981013004,11111472,B
1981017068,7524373,B
1980818841,7687600,B
1980775054,10450546,A
1980774411,9779189,B
1980774411,9779189,B
1980762198,5231166,B
1980846413,5728421,B
1981052185,8859202,B
1981152148,10119514,B
1981120303,7705188,A
1982566962,9114149,B
1982566962,9114149,B
1982558719,8676865,A
1982584779,4428941,A
1982585959,9092735,C
1982661003,10266488,A
1982471389,10555911,B
1982478817,9017692,B
1982465932,9791444,A
1982538263,8778979,B
1982491506,9166084,A
1982483886,8486179,B
1982877307,6424948,A
1982894467,7081624,A
1982845291,9546100,A
1982901039,4949353,B
1982737689,8328729,A
1982698312,6004258,A
1982795567,7803782,B
1982819530,8774481,B
1982776112,6332017,C
1981964101,5827714,A
1982003625,5739536,A
1981979777,5312813,A
1981935195,7504380,A
1981944858,10090565,A
1982054041,9839698,A
1982050853,7452705,B
1982068477,9643124,B
1982058286,9738765,B
1982015720,8518696,A
1982014293,4309267,A
1982019125,8153446,B
1981817238,11041841,B
1981825015,9240786,A
1981788813,10161037,B
1981898543,9750789,A
1981932893,10765634,B
1981932086,8243358,B
1981862901,7657385,B
1981838042,7875654,B
1981874942,7989074,B
1982269426,9512106,B
1982267895,9125385,B
1982214694,6090605,A
1982216260,8894796,B
1982247161,4670565,C
1982297304,5792638,B
1982293027,7772179,B
1982128968,6998256,B
1982121530,9206423,C
1982195500,9238811,B
1982166691,9500653,B
1982182240,4529944,B
1982178871,8785499,B
1979224280,8762075,A
1979179968,7964636,B
1979175023,9738688,A
1979277523,8349617,B
1979250710,9018012,B
1979083195,6051226,B
1979069790,7291284,B
1979069430,5529900,B
1979091099,5281313,B
1979027736,5427942,B
1979154683,6159680,B
1979115656,5856157,B
1979135796,8986672,B
1979134572,9606126,A
1979133027,9638521,B
1979532695,5068190,B
1979521526,5439938,B
1979500993,10287333,B
190301388,6906108,B
1979561006,5416327,B
1979565450,8004676,A
1979374739,9989270,A
1979374739,9989270,A
1979383456,10900956,A
1979375656,5854166,A
1979311946,8604422,B
1979409285,10287641,B
1978618270,5726154,A
1978645744,10548608,C
1978645874,6051218,B
1978562080,8237516,B
1978602260,10179911,B
1978591067,9125625,B
1978694923,9989538,C
1978428214,4259646,B
1978440870,5736380,A
1978528824,10006063,A
1978531425,8968941,B
1978538311,4885249,B
1978540836,7418144,B
1978491102,9157109,B
1978518799,10202640,A
1978502053,9336592,B
1978508787,8716218,B
1978990249,5638826,B
1978945972,9554995,A
1978967614,5327448,B
1978781892,6423501,B
1978768906,8591854,A
1978875111,8642764,B
1978866925,5106745,B
1980465997,7433908,A
1980446091,10014961,B
1980401349,9846348,B
1980397480,8466339,B
1980176997,9239311,B
1980103179,6606587,A
1980138733,6545048,B
1980252408,5838034,A
1980247655,8802432,B
1980276487,9249212,B
1980264833,9134223,A
1980750962,10220124,B
1980710913,10273511,B
1980521997,9873918,B
1980521997,9873918,B
1980477780,6080577,A
1980473840,9115186,C
1980555146,9042606,B
1980555146,9042606,A
1980546905,4698587,A
1980572626,8357280,A
1979697166,9208046,A
1979651012,9648350,A
1979659801,6844552,B
1979659160,5641961,A
1979756264,9709554,A
1979764531,7411049,A
194222370,9137526,A
191371315,5963739,B
1979999135,7560482,B
1979999135,7560482,B
1979991978,8398987,B
1979996998,7785397,B
1980039136,9315551,B
1979959779,6096511,B
1979853657,8823702,A
1979804455,9492524,A
1979929309,9595363,B
1979919212,9044715,A
1979864438,8188213,B
2108010348,6121037,B
1968987163,4348074,B
1968980564,9375684,B
1969014252,5305074,B
1969001508,5465221,B
2120729209,5920424,B
2124440864,5187086,B
2121741511,8248294,B
1968853526,6100015,B
1968851160,4497209,B
1968913579,7872138,B
1968926710,10415054,B
2171865699,9139739,B
2145734825,6024965,C
2145584493,5965128,B
2139604755,8449652,B
2052136497,8526713,B
2052136497,8526713,B
2055160493,6035081,B
2063366997,6097394,A
2063988753,4906742,B
2060741718,8912319,B
2062721479,5814516,B
2040402897,5957753,B
1968821913,6980847,A
2047272469,7297990,B
2047085191,6816846,B
2048947224,8945937,A
2049594497,10191943,A
2044343709,4663310,B
2090985280,6123872,B
2087665282,7578939,B
2077863171,5668002,B
2072524978,9238795,A
2080589169,5512421,B
1969234460,9932370,A
1969234460,9932370,A
1969206533,6908744,B
1969332217,5441938,B
1969275365,7432044,B
1969293543,9150829,B
1969299255,9554203,B
1969289004,9369925,A
1969205087,9542509,B
1969389289,4997763,B
1969413022,7595491,C
1969413022,7718969,C
1969377989,7189430,A
1969468762,6929675,B
1969486048,9535071,B
1969485064,9864184,A
1969485064,9864184,A
1969432031,6692969,B
1969434417,6858135,B
146151685,7390639,B
1969029445,8383589,B
1969027046,8224104,A
1969050463,7501495,A
1969128567,4656189,A
1969131959,9627434,B
1969131959,9627434,B
1969070821,6939506,A
1969089285,6418194,A
1969099582,9778250,B
2398029297,11346829,B
2320816226,9025850,B
2739213419,8526713,B
2739213419,8526713,B
2737697117,10347238,A
2749813467,10875822,B
2588355670,10374274,A
2592871788,11111492,B
2952255614,5211889,B
2949423663,6232450,B
2979844603,11313933,A
2890210872,11266726,B
1969168818,9495139,A
1969168818,9495139,A
1969176041,10131086,B
1969156908,10092638,A
2912971553,10757420,B
2897877096,10936083,A
2920526442,11173143,B
3006353035,11336492,B
2987944543,11353495,A
3011149445,11076824,B
92702371,4404188,C
1968351476,8653043,A
1968336848,9421305,C
1968342322,9960602,B
1968463326,5112775,B
1968426124,6030785,B
1968442005,6088473,B
2522848032,9959149,B
2519504401,10383086,A
2534236005,11672472,A
2532911282,10489942,A
2531859845,8277811,B
2511541495,11291737,A
2516619560,11746152,C
2544951992,10383086,B
2547838817,10418721,B
2565803907,11201349,A
2341313195,10789482,B
1968297070,6472148,B
1968303064,9102747,C
1968283061,4739661,A
1968242488,5312755,B
2794126114,10780149,C
2797212229,11745165,A
2796440709,11164079,A
2787095966,11746152,B
2784502443,10973468,B
2784187876,10732441,A
2747861505,4817015,B
1968134508,9365831,B
1968143482,6913888,B
1968142861,8165264,A
2610228741,11249081,B
2606909929,10378065,B
2697095316,10900927,B
2617790881,10934326,A
1968220278,8933043,B
1968152658,7680606,A
1968169618,9315816,B
1968178110,7732578,A
2004864695,4783399,C
2007164754,10107820,B
2007897145,5976887,B
2000117226,9924889,B
2000117226,9924889,B
1999227294,5926245,C
2002635150,8703502,B
2011779891,5166057,B
1985025469,9767226,A
1994066928,9447407,B
1968717457,8329888,A
1968710126,7265249,A
1968748094,8280119,C
2017412443,9862710,C
2017412443,9862710,C
1968772380,4599731,B
2022922690,4529837,B
2018093936,7652172,B
1882753923,7239275,A
1968753875,9416103,B
1968370020,5679518,B
1958647255,6881821,C
1964526107,7545304,B
1570672739,6544651,B
1540686393,5030578,A
1968656665,6919313,B
1968647342,10069271,B
1968649252,5168039,B
1981934788,5874097,B
1977963312,5748312,A
1968680488,7433043,B
1977404451,9487858,C
1977404451,9487858,C
1976056371,7666411,B
1974514823,5106833,B
1973927925,9121031,B
1968504469,7557265,B
1971624058,9417465,B
1968569596,9951399,B
1968568721,8801953,B
1968592972,5837516,B
1968562444,10429376,B
1968552183,7101985,B
1972561586,7591996,B
1972590366,8901292,B
1972699779,6477515,A
1972698494,6839088,B
1972640951,8883995,B
1972415133,8980564,B
1972415133,8980564,B
1972385142,8691204,B
1972375550,10851386,A
1972373816,7214695,A
1972378478,9546247,B
1972431425,6180760,A
1972760080,9534059,B
1972753191,9874459,B
1972760753,8847114,B
1972760753,8847114,B
1972875412,6259277,A
1972866249,9886745,A
1972866249,9760979,A
1972893760,5126812,A
1972725165,6512161,A
163466579,5280109,C
162556487,10248675,A
162556487,10095718,B
162556487,10055434,B
164379198,8645311,A
1971975931,7317878,B
1971933513,9371534,B
1971928346,5838031,B
1971945216,4513087,B
1972051841,7231329,A
1972072996,9840718,B
1971997730,6001354,A
1971994747,10912504,B
1972044187,10316367,B
1971788476,10273156,B
1971748273,9694127,A
1971777539,6344545,B
1971777539,6107019,B
1971889186,10244223,A
1971841067,4349796,B
1971872311,4073885,A
1972272887,8942659,A
1972285504,8811786,A
1972322751,10669567,A
1972308638,9365901,B
1972264580,8187708,B
1972257177,9408891,C
1972325477,6498140,B
1972325477,6440729,B
1972325477,6432706,B
1972325477,6358735,B
1972147363,7361459,B
1972226193,9109249,A
1972197553,6333543,B
1972195598,5827713,A
1972187460,9126210,A
1973622398,9593334,B
1973747733,8835624,A
1973732415,5550034,A
1973701181,8941377,B
1973501866,9506822,A
1973610175,7888322,B
1973539206,5660703,A
1973538514,9163219,A
1973577429,10945700,B
1973556415,6376467,B
1974059485,5263193,B
1974058241,9790469,A
1974066761,8338695,A
1973775956,9566329,B
1973775956,9566329,B
1973781282,10422004,B
1973801605,4217264,A
1973904343,6307035,B
1973917355,5728843,B
1973854089,6924415,B
1973886069,6586203,A
1973874663,6327068,B
1973062929,11214800,C
1973126024,9056922,C
1973136574,5351262,A
1973093491,9214041,B
1973097651,6605472,A
1973107494,5378819,B
1972958158,6598403,A
1972926146,9103727,C
1972996159,7884353,C
1973004802,6188812,A
1973007963,9676771,B
1972997521,9880120,A
1972997521,9880120,A
1973312616,6470301,B
1973312921,6921615,C
1973312921,6873087,A
1973312616,6526373,B
1973304277,6870154,A
1973319807,7939710,A
1973318812,5454021,B
1973437236,7875280,B
1973452856,9500844,B
1973409145,8762070,B
1973396266,6143565,B
1973225744,8234387,A
1973182209,8383417,A
1973163576,9200046,A
1973287326,8654328,B
1973249583,8748445,A
1973225987,4909261,C
1973260831,6759520,B
1973256105,7821636,A
1973256105,7772579,A
1970188778,7326769,B
1970200165,9629830,B
1970078652,8449652,B
1970167574,10227589,A
1970580065,8046724,A
1970543529,6734342,B
1970644971,9487751,A
1970642201,7799467,C
1970592466,7985539,B
1970591009,5119383,A
1970358074,5389356,B
1970496504,8658759,A
1969676964,5484599,B
1969676666,6211437,A
1969615659,5994062,B
1969648833,11452768,C
1969591502,6183984,A
1969944562,8633242,A
1969947853,9181544,B
1969957876,8271255,B
1969918489,8446925,A
1969918489,8446925,A
1969910616,8101916,A
1969915537,6861523,B
1969942509,6139913,B
1970020334,7399827,B
1970007746,9562881,B
1969961805,8406859,B
1969965692,8071721,B
1969795460,6613318,B
1969802117,8481051,B
1969802117,8481051,B
1969900011,9840024,B
1969900011,9418839,B
1969855905,6761985,B
1971345493,6790621,B
1971313898,8895245,C
1971319412,8654328,B
1971417227,5215915,A
1971382101,9819015,A
1971403296,6355450,B
1971395806,7329408,B
1971177133,6153403,A
1971192644,7462706,B
1971195700,7915485,B
1971197483,10174343,B
1971251493,9133075,A
1971271231,8889412,A
1971670242,6333181,B
1971682335,7277599,A
1971626128,7986140,B
1971615018,8541649,B
1971639545,7241577,B
1971701163,5840862,A
1971501009,7959765,C
1971443352,9331266,B
1971443352,9331266,A
1971581297,8772460,B
1971563309,5164490,B
1971554111,11155801,A
1971528185,5239407,A
1970929135,7135497,B
1970894097,6252133,B
1970712032,7189549,B
153821953,8965057,B
153677436,8099380,B
1971125128,9328005,B
1971108955,8912247,B
1970997159,9340779,B
1970981096,9559388,B
1970986383,9006198,B
1970985606,11198855,A
1970979907,7898731,B
1970975147,9714944,B
1970975147,9714944,B
1994209591,4973379,B
1994261983,4941101,B
1994260163,10945700,B
1994290060,7223325,A
1994223662,9580323,B
1994240720,5741691,A
1994054444,7722894,A
1994052226,7726199,A
1994029539,10422007,C
1994023303,8334976,B
1994109490,6083977,C
1994109490,5721103,C
1994105285,5942428,B
1994109490,7655699,B
1994083566,5883710,B
581878400,10131599,B
581289835,9794554,A
587781942,10302493,B
1994472758,7566693,C
1994362820,8969026,B
1994364135,8017755,B
1994297617,8889836,B
1994387772,9587220,A
1993561131,9966064,C
1993561131,8583432,C
1993580673,9358266,B
1993587463,4657394,B
1993531520,8395777,A
1993394765,8753631,B
1993413961,9174186,B
1993412895,10006064,C
1993470980,7932382,A
1993492541,7313442,B
1993477764,10472610,B
1993490928,5840832,A
1993455550,5661112,B
1993449698,6800470,B
1993902386,7527968,B
1993897877,7220554,B
1993856412,8357525,B
1993854642,9431613,A
1993875474,9999208,B
1993868844,7825126,B
1993966288,7855275,B
1993933593,8153446,B
1993960892,9288037,B
1993939335,7235719,B
1993947463,7185844,A
1993737814,6194036,B
1993709254,8946678,B
1993822809,9411007,A
1993779561,9023984,B
1993779561,9023984,B
1993771881,7863712,B
1995330222,7371841,B
1995273609,6608241,B
1995259263,6816525,B
1995259263,6600169,C
1995263003,9681378,B
1995278531,9624542,A
1995336472,4839009,B
1995375142,10377699,B
1995401043,10067139,A
1995397906,5986757,B
1995352644,5137819,B
1995166288,5580780,B
1995120027,8124831,B
1995208082,6713450,A
1995554653,9993581,B
1995565071,7705138,A
1995557345,6141127,B
1995524273,7250556,B
1995549791,7782237,B
1995541635,7851591,B
1995624689,5010037,A
1995609823,7820620,C
1995609484,6096880,B
1995600128,8242030,A
1995437102,7596544,A
1995486533,7355175,B
1995507202,8835119,A
1995478368,9020187,A
1995471410,10064545,A
1994705078,7435954,B
1994674028,6902896,B
1994563366,8574849,B
1994553956,9970935,B
1994554232,6588283,B
1994584656,7070972,B
1994605880,8780343,A
1994522399,10272233,B
1994618949,8629978,A
1995027879,6782179,B
1994967585,9594026,A
1995092819,6899723,C
1995102397,8471046,B
1995036074,6635244,A
1995075875,8175348,A
1995075875,8175348,A
1994841146,9422433,A
1994841146,9422433,A
1994844156,5104931,B
1994821063,5776755,C
1994834039,7492116,C
1994823738,5804595,C
1994923502,8617827,B
1994941975,10311606,B
1994934356,8003357,B
1994940266,9089618,B
1994870754,7850957,A
1994903148,10675379,B
1991996755,8797436,B
1992014317,4550271,A
1991981742,8263644,A
1991971961,4952499,B
1991776629,8049183,A
1991740756,6525691,B
1991852001,5411965,B
1991864810,8609672,A
1991808543,10174284,A
1992275902,9751931,B
1992275902,9751931,B
1992275565,9828587,B
1992279709,9056104,B
1992270714,8037080,B
1992212213,10273529,B
1992283065,7912068,B
1992328442,7790160,B
1992365461,7666611,A
1992303064,6916843,A
1992289884,6790043,A
1992327273,5777778,B
1992104048,5317755,B
1992054282,9341678,A
1991302621,9093254,A
1991301126,6967043,B
1991419350,10132818,B
1991413633,7347554,C
1991409146,5982787,A
1991378020,4622355,B
377155192,10987665,B
365642850,9678037,B
1991245779,6730499,A
1991251459,8821583,A
1991269320,7416875,A
407682437,10489527,B
1991242334,10640746,B
1991657175,4145140,C
1991652096,7892542,A
1991618419,10920208,B
1991728641,8168390,B
1991513233,8358818,C
1991442236,5312734,B
1991563000,9306151,A
1993016581,9884317,B
1993016581,9884317,B
1993029332,8568786,A
1993029332,7927629,B
1992979238,7615204,B
1992967227,7629308,B
1993059855,7572900,B
1993036689,8357309,B
1992857945,7368546,A
1993077762,7214524,C
1993257275,8715643,B
1993257206,10052383,B
1993260486,5993630,B
1993260486,5888370,B
1993253390,10294517,B
1993224961,8417498,A
1993224630,5627640,A
1993348793,9425929,C
1993337727,9224963,B
1993317119,7336430,B
1993312496,9023984,B
1993312496,9023984,B
1993129558,7127301,A
1993133029,7084240,A
1993209440,4204216,B
1993173954,8323896,B
1992525863,6252133,B
1992532861,6786716,B
1992495544,9592268,B
1992420596,8309278,B
1992425797,9645848,B
1992425405,8829242,B
1992373722,10988735,B
1992375721,9396580,A
1992403504,7943339,B
1992428276,9712829,A
1992450042,7741033,B
1992820617,10031093,B
1992819841,9840712,A
1992691951,8728458,A
1992763891,6148095,A
1992753665,9408899,B
1992721814,5889167,B
1992711646,9689036,B
1998626097,8598137,B
1998599956,9945853,B
1998732609,7810053,A
1998712143,7820703,B
1998737839,8017757,A
1998668311,7875599,A
1998702612,6043469,A
1998490724,8551781,B
1998514373,8461128,A
1998487776,5804427,B
1998566995,6528517,B
1998960474,9528979,B
1998971866,8715665,B
1998911797,9001648,A
1998937249,9076218,B
1998929283,8506846,B
1999044153,9464057,B
1999030993,7585511,B
1998782100,7814040,A
1998812182,8463291,A
1998760869,6605548,B
1998741677,4393201,A
1998870503,7943142,A
1998899308,5455228,B
1998900845,6346406,C
1998894809,8877476,C
1998836839,7560116,B
1998074525,6211338,A
1998071119,7990982,B
1997971441,9181224,A
1997976368,7171347,B
1997977643,9694074,B
1997977643,9694074,B
1998026880,8706737,A
1997978408,8830476,A
1998002462,9353423,B
1998379414,9938316,B
1998443306,10431341,B
1998447474,8236350,B
1998294030,10019622,A
1998267570,5302389,A
1998282575,9981273,B
1998282575,9981273,A
1999876599,9246310,B
1999882243,9023364,A
1999834419,9254379,B
1999626649,9040299,C
1999661943,7807140,B
1999602316,6313202,C
1999720413,8543422,B
1999737983,9116537,B
1999701061,7425415,A
1999704331,8354501,B
2000071803,7401519,C
2000022947,5583010,C
2000160884,4918166,B
2000160237,4477909,B
2000173081,10472396,B
2000149402,10561361,B
1999895910,5368660,B
2000002267,9165114,A
2000016596,8017126,B
2000015918,9737205,B
1999239056,8478005,A
1999291524,6762835,A
1999104671,9023812,B
1999123473,6985224,A
1999062616,7273904,B
1999085780,9500844,B
1999192881,8107161,B
1999157560,9963486,B
1999157560,9963486,B
1999162533,4257007,B
641225815,10188992,A
1999576820,9840703,A
1999349735,5462922,C
1999478804,10790065,B
1999443335,9896656,A
1999443335,9862924,A
1996373702,6403864,A
1996381048,8318172,B
1996329241,6337660,B
1996323536,8465947,A
1996354611,10329541,B
1996439106,7741529,A
1996243743,7430479,B
1996260353,9147793,B
1996311431,7355057,A
1996284417,6967237,A
1996634690,5795787,B
1996626942,8563305,B
1996657859,11266737,C
1996598402,10335116,B
1996594369,7053205,B
1996613330,9921251,B
1996613330,10168365,B
1996610812,9158510,C
1996504780,8722637,B
1996465351,8697134,A
1996564506,9868707,B
1996526294,8080144,B
1995871393,6153402,B
1995819972,7202048,B
1995838394,6310194,B
1995948163,7138468,A
1995895091,9284272,B
1995895091,9284272,B
1995905643,8765296,A
1995652834,8753714,A
1995756072,7056938,B
1995741673,7569351,B
1995753039,9265247,B
1995777485,9844583,B
1996159197,9878999,B
1996146185,9212430,B
1996129274,7382951,A
1996127655,9431712,C
1996113346,6897215,A
1996134016,5378821,B
1996170014,10297829,C
1995965314,4913547,B
1995974861,7022670,A
1996102263,6169827,A
1996104716,7774164,A
1996097533,9412577,B
1996097533,9412577,A
1996097413,7688279,B
1996042717,5450339,B
1996079196,6608930,C
1997556310,7818323,A
1997562369,4520103,B
1997519633,9355363,B
1997519633,9355363,B
1997537633,10132799,C
1997532743,9715953,C
1997629676,6449392,B
1997591037,6979451,B
1997400826,8673604,B
1997489674,5691135,B
1997490786,8343940,A
1997452552,10080484,B
612661449,9953241,A
612661449,9953241,A
612515463,10781351,B
617168433,9758778,A
1997837427,10226446,B
1997859426,9373082,B
1997714673,5397562,A
1997743593,6461645,B
1996913723,9012471,A
1996914913,9421307,B
1996899853,7510850,B
1996905173,9402917,B
1997001302,7910231,B
1996966473,9983130,B
1996729154,7496173,A
1996754712,9708236,B
1996834570,6656470,B
1996793943,8889848,C
1996793943,8889849,A
1997270466,9868768,C
1997270610,8540862,A
1997236867,6319903,B
1997012817,9913834,A
1997281938,10640820,B
1997293796,6933361,A
1997078416,8735092,B
1997090313,8847004,A
1997025766,10568869,B
1997173035,7408064,B
1985762365,8233526,B
1985789199,8124837,B
1985786947,9220794,A
1985799231,7498419,A
1985662248,9244013,B
1985670449,5985687,B
1985655508,6908542,A
1985645290,10024819,B
1985644812,9558299,A
1985709546,9742739,A
1985709546,9742739,A
1985704471,10131695,B
1985192335,10112169,A
1985140771,8283331,B
1985258136,9708664,B
1985270286,8581038,B
1985210707,6643390,A
1984969823,4871838,B
1985069846,6327068,A
1985064413,6468476,C
1985096623,8067478,B
1985050385,6118045,B
1985056876,8165407,A
1985533655,5459235,A
1985502316,8771691,B
1985583858,8389565,B
1985609726,8831889,B
1985612364,8009118,A
1985561866,5840042,A
1985367101,7884185,B
1985304131,9220634,B
1985462077,9120732,B
1986514282,6503498,A
1986501756,7361310,B
1986455293,7758334,A
1986469118,5166058,A
1986271212,7622550,B
1986289228,9623103,B
1986289228,9623103,B
1986238480,8653292,B
1986248861,7118886,B
1986318321,7550297,A
1986313254,7989606,B
1986728791,7439877,A
1986732940,5406123,B
1986732289,7711509,B
1986730778,9241967,B
1986768580,5736369,B
1986756585,6069380,A
1986710732,7119245,B
1986835416,10910569,B
1986823241,4906742,A
1986597145,5077284,A
1986545998,8394383,B
1986660497,10370728,B
1986682462,5407796,B
1986645618,8054110,A
1986651335,7749963,A
1986649227,9422161,A
1986633190,9605193,A
1986633190,9605193,B
1986639027,5923685,B
1986003217,6593139,B
1986032363,10280098,B
1986018212,7757393,C
1986026255,4740504,B
1985890530,9059264,A
1985890530,9059264,B
1985895460,7809695,C
1985887483,8334403,A
1985887483,8334403,A
1985866084,9060847,C
1985858914,5529900,B
1985954761,6262035,B
1985915752,6821950,B
261652182,5764767,B
277329490,8313557,B
276042688,6001619,B
1986139287,9610565,A
1986133136,4803736,B
1986117402,8167614,A
254805310,11110070,B
1986158881,8416682,A
1983623192,10563204,A
1983671796,9028775,A
1983678974,5939275,B
1983639577,7985783,A
1983666982,8030077,B
1983452147,8465918,B
1983452147,8465918,B
1983403167,10777301,A
1983516291,9071819,B
1983517245,7924278,A
1983527619,9243364,B
1983467830,7423137,B
1983497540,7807429,A
1983480635,9676735,B
1983480635,9676735,A
1983489188,6381025,B
1983898708,6393038,B
1983844271,8034335,B
1983864198,9507129,C
1983854074,9046363,B
1983982411,8797436,A
1983999334,9587256,B
1983936280,9507778,B
1983936280,9507778,B
1983966300,9096659,B
1983724801,9483559,A
1983724801,9483559,A
1983739608,7709002,A
1983805803,7195910,A
1983824186,10167258,A
1983783961,10010560,A
1983786304,8697872,B
212994123,10337159,B
1983071923,6748398,B
1983067011,7180975,A
1983021893,6008058,B
210896616,5985269,C
209560489,10358472,B
1983272585,9243023,A
1983301696,10460831,B
1983305047,9821050,C
1983305047,9821050,C
1983248926,7875187,C
1983307705,8642263,A
1983364983,7968733,B
1983370441,7820882,A
1983132383,8194514,B
1983155718,6251865,A
252038524,5544520,A
245172577,5994521,A
17038525,6684098,B
1984803944,5811285,B
1984788693,9481793,B
1984815989,8470292,A
1984919996,7851218,B
1984934851,5521839,A
1984675434,5817877,B
1984642834,7840045,B
1984731570,6146854,B
1984236050,8759318,B
1984201622,9573993,B
1984210533,8575305,C
1984303903,7256281,B
1984075947,9074978,A
1984090731,5049541,B
1984077252,8057805,B
1984082512,9649317,B
1984082512,9649317,B
1984085805,7575703,B
1984016350,4238742,A
1984048160,7718168,B
1984034834,10351823,B
1984159720,6344201,B
1984179269,7838562,A
1984130714,11801223,B
1984538960,9448232,B
1984538960,9448232,B
1984504398,8841116,B
1984326696,5652094,B
1984457607,9598684,B
1984436348,4591572,A
1984418993,7054676,A
1989628493,8160846,B
1989591213,8802418,B
1989606946,9981997,B
1989606946,9981997,B
1989610113,5093594,B
1989717945,6389197,A
1989658253,10370245,B
1989698658,8945440,C
1989694260,7881183,A
1989676021,6630144,B
325180999,10423736,B
343909292,10058516,B
342584541,5962241,B
1989944218,5591903,A
1989932868,9023364,B
1989920563,7211434,A
1990034359,5459063,B
1989979780,7125849,B
1989978741,8986948,A
1989816454,6008132,B
1989737035,6518569,A
1989776535,8900807,B
1989872691,5436992,B
1989858799,8907055,B
1989834334,4939101,A
1989327321,6677769,B
1989313199,7662362,B
1989307537,6110738,B
1989290221,10231706,B
1989118295,9421237,B
1989188246,8189302,B
1989178337,9228972,B
1989178337,9228972,A
1989199531,9725460,B
1989199531,9725460,B
1989143788,9150926,B
1989150156,6117872,B
1989509913,8973578,B
1989549231,8198061,A
1989476314,9940553,B
1989490183,8692053,B
1989490183,8692053,B
1989478892,7176293,B
1989558233,9862746,A
1989558233,9862746,B
1989556855,8992935,B
1989552998,7994786,B
314917322,4284008,C
1989447793,9029540,A
1990845590,4693606,B
1990827960,7511121,A
1990823911,6380281,B
1990765611,10434197,B
1990774006,9290535,A
1990913267,7763774,B
1990905530,6248537,B
1990700714,7393922,B
1990701793,5807744,B
1990615714,9919927,B
1990603694,5408087,A
1990636453,9005670,B
1990636453,9005670,B
1990736920,6548277,B
1990717347,8135244,B
1990720325,7507415,A
1991102672,7291690,A
1991095439,7405050,B
1990976236,5977439,B
1990983421,6428965,B
1990942284,9260762,A
1991064719,11421038,C
1990995671,5780301,B
1991009074,9592378,A
1991039443,7166754,B
1991024347,7842666,B
1990235749,7994303,B
1990211032,9951149,A
1990220085,10024858,B
1990218667,8877388,A
1990311431,5627140,A
1990286809,9191671,B
1990286809,9191671,B
1990287795,5976681,A
1990288303,5601760,B
1990264590,6576441,B
1990083338,8356025,A
1990070462,8593144,A
1990045094,9592223,A
1990170267,9934453,A
1990175939,8647840,A
1990164020,5270291,B
1990180184,8455229,B
1990118072,8184879,A
1990106088,6632517,B
1990502898,8686146,B
1990574980,8119774,B
1990566772,7713543,B
1990568978,8536153,B
1990568978,8536153,B
1990591019,7211413,B
1990530011,8659340,A
1990536083,10251365,B
1990535004,9751042,B
1990553318,5591696,C
1990394694,11298424,A
1990453202,8618510,B
1990449402,8017170,B
1987631567,8961877,A
1987636166,9458516,B
1987644022,6057428,A
1987644022,6020473,A
1987642551,6479459,A
1987578689,8067053,B
1987713800,9458428,B
1987710226,9244277,B
1987704534,6878524,B
1987702283,6197568,B
1987679396,9393271,B
1987478192,7899524,B
1987568110,8871480,B
1987500989,9379449,B
1987527981,5468710,B
1987937249,8914760,A
1987875115,5525513,B
1987903779,7054460,A
298131416,9834469,B
1987761055,9738605,B
1987784351,9873915,B
1987784351,9873915,B
1987841618,8234074,B
1987839928,9975848,B
1987828648,9671392,B
1987834695,10253287,B
1987859436,10208033,B
1987060667,5198535,A
1987032391,8338119,C
1987032391,7662604,C
1987032391,7592152,C
1987032391,7553950,C
1987020449,9322713,B
1987020449,9322713,A
1987112016,10191066,B
1986895634,8980269,B
1986922216,7742322,B
1986922216,7773404,B
1986922216,7746681,B
1986877085,9969789,B
1987001882,4305905,B
1986991925,6762835,B
1986933542,9579163,A
1986933542,9579163,A
1987340149,9855532,B
1987340149,9855532,B
1987358962,7105810,A
1987294578,6436389,B
1987413552,9453005,C
1987405899,9724598,B
1987380004,5945666,A
1987154634,4847080,B
1987146434,6890076,A
1987273269,7056504,B
1987272464,6678323,B
1987241221,8841415,B
1988707760,5958671,B
1988695114,8912213,A
1988765278,7873212,B
1988768247,5150292,C
1988726352,5266594,B
1988553242,9352058,A
1988553242,9352058,A
1988536568,7407762,B
1988480515,6539309,B
1988479344,5989911,B
1988594928,7220554,B
1988594891,9186391,A
1988600563,7787030,A
1988948476,7116864,A
1988936953,10432025,A
1989035987,6197578,B
1988987807,6525726,A
1988986426,10146007,A
1989015932,8993532,B
1988775004,6713506,B
1988809239,9441013,B
1988843247,5455161,B
1988887549,9201075,A
1988887956,10189819,A
1988856546,9711948,A
1988853313,10527717,B
1988103275,6962810,A
1988073798,7326473,B
1988079335,9958455,B
1988075089,9663624,A
1988200035,7754428,B
1988194571,4920211,A
1988139353,8703424,B
1987956273,8384763,C
1988029721,7435503,B
1988033772,8592450,B
1988371410,6863887,A
1988397108,8802965,B
1988257702,10081874,B
1988280600,4946250,A
1988210562,8886279,B
1988234771,8053264,A
1988313396,8835984,B
1988288367,4093717,B
2081652606,8745097,B
2081674224,6936750,B
2081801432,8563009,B
2081618020,9036887,A
2081627468,9262844,B
2082008653,8486421,C
2081970496,6821740,A
2081986990,7818273,B
2082080609,10018630,B
2082055924,9091183,A
2081865257,4965190,C
2081880152,9102925,B
2081880142,8178089,A
2081843807,8354112,A
2081828806,9623051,B
2081939122,6133232,B
2081948558,7685112,A
2081899896,9095572,B
2081928831,7928368,A
2081196374,7272285,A
2081144656,6714805,B
2081246522,6998267,B
2081218575,9019148,B
2081036272,8715999,B
2081004609,7960114,B
2081092346,9333650,C
2081109998,10596259,A
2081109557,7432081,B
2081395474,7979362,A
2081430010,6721270,B
2081366522,9394343,A
2081395008,8442122,B
2081478948,8873710,B
2081439837,8492097,C
2081282586,6331390,B
2081357269,10865445,C
2082738848,7696329,A
2082730398,9885719,B
2082730398,9885719,B
2082796621,8144759,B
2082790352,9270384,C
2082625585,10044444,C
2082568215,7348157,A
2082689579,8426388,B
2082660003,7449291,B
2082687019,8283368,B
2082671216,9193580,B
2083043389,7687482,C
2083064254,8349584,B
2083048982,9778154,A
2083048982,9778154,A
2083058646,6878860,B
2083021548,8986981,C
2083140292,9242087,B
2083120802,5491102,B
2083091157,10905094,A
2083102961,10207011,B
2082878347,9401043,A
2082865908,6632517,A
2082856142,11198900,A
2082967391,9349105,B
2082971158,8217076,B
2082964377,10863217,C
2082914617,9448289,A
2082914617,9448289,A
2082942439,7618936,B
2082202043,8703437,B
2082244331,8106013,B
2082226290,9349888,B
2082226290,9349888,B
2082222650,8286149,B
2082262878,7599979,B
2082269792,8158372,B
2082258689,6090047,A
1548872565,7137062,A
1548612417,8980285,B
2082120461,5845015,B
2082131731,8531504,A
1549243337,5892810,B
2082493917,8980820,B
2082492165,7751608,B
2082438334,8313748,A
2082515652,6235061,B
2082323503,8462892,A
2082314748,7129063,B
2082349588,7186381,B
2078792788,8221979,B
2079538811,9110029,B
2079567322,5773989,B
2079519679,7970543,B
2079595780,7267752,B
2079593629,7365182,B
2079627606,4719632,B
2079619869,4210825,A
2079387205,8053183,B
2079347688,8062878,B
2079345276,10364467,B
2079378073,6261836,A
2079364501,9967538,A
2079476915,8913686,A
2079434158,8304384,B
2079442139,8404244,B
2079850685,7142364,B
2079806014,5545396,B
2079812151,10189874,A
2079822042,9827115,B
2079912396,7601104,A
2079945282,8889632,A
2079922227,7982070,B
2079889872,7689086,B
2079691347,5756320,A
2079684264,9137591,A
2079679611,10199147,A
2079721064,11661582,A
2079678870,6975974,B
2079783670,8969303,A
2079782145,5104850,B
2079782011,9102703,B
2079726061,5656471,A
2079011686,9148183,B
2078998418,8067053,B
2078983961,6828139,B
2079045301,6590200,A
2079041841,10480033,B
2078867945,8470522,A
2078863041,7244402,B
2078912993,7777516,A
2078907037,7120624,B
2078927009,10131947,B
2078938165,8699767,B
2078927009,9994897,B
2078880869,10219773,B
2078878432,7301644,B
2079256069,8450368,B
2079233663,10080748,B
2079331198,9670165,B
2079326946,8886628,B
2079341249,10255410,B
2079341249,10131942,B
2079298235,8581584,A
2079194772,8209665,B
2079175365,7758874,B
2079172266,10168338,B
2079207401,6228647,B
2079142037,5455221,A
2079154323,7310558,C
2080601632,10900956,A
2080566014,5467128,A
2080644309,10435743,A
2080631814,4301517,B
2080446079,9505615,B
2080446079,9505615,B
2080443437,7063957,B
2080416055,7445926,B
2080470812,6887682,A
2080469960,7348141,A
2080858810,4897353,B
2080886982,9404140,B
2080886982,9404140,A
2080883421,9639933,B
2080879611,6685911,B
2080803077,8394651,A
2080801709,9030503,A
2080846134,7269313,B
2080708468,7622112,A
2080763194,8313903,A
2080791672,7486895,C
2080788488,9340498,A
2080110153,7205311,B
2080095237,7217404,B
2080122687,7163610,B
2080232543,5885665,A
2080202466,9234004,B
2080181845,5205871,B
2080230034,10067129,B
2080219921,8771943,C
2079989422,9070023,B
2080010894,9248125,B
2080015137,8182998,B
2080017659,9650329,B
2080033165,6117568,A
1546611975,7102647,A
1546470600,6916665,B
1546522645,5124443,B
1546765626,7496482,B
1547720407,5324630,B
2080335990,8785499,A
2080330697,9701723,B
1546423706,5677274,B
2086075179,8691520,B
2086057231,7867166,A
2086095628,5249243,B
2086172889,5900227,B
2086119102,6727492,A
2086104998,8597636,B
2085949895,7358266,A
2085955884,6022419,B
2085906374,7769093,C
2085916064,6008889,B
2085972597,5434065,A
2086351698,9008471,B
2086314676,7722900,A
2086335798,9420483,A
2086400832,7491696,A
2086386755,9903870,C
2086231230,5700470,C
2086221449,6632975,B
2086207586,10357539,B
1551898955,8810648,A
1551977255,5684308,A
2085482065,5492885,B
2085466569,8301398,B
1551136355,6485960,B
2085549327,6040297,B
2085781324,7016103,B
2085869266,8243358,B
2085833371,9321813,A
2085593634,6944487,A
2085580043,7078174,B
2085708633,8753819,B
2085701360,9081017,B
2085694882,7606623,B
2085682205,4666486,A
2085684582,10311623,A
2087252279,9279770,B
2087143957,7592003,B
2087155399,9273364,B
2087155399,9273364,B
2087112710,9522965,B
2087177161,9422320,B
2087181207,8957243,A
67399661,5741689,B
2087271346,10461433,B
1553937011,5582972,C
1553961669,7314614,A
1554018264,10342864,C
1553504235,7773787,A
2086644100,8296623,B
2086651335,4048516,B
2086709736,5170671,A
2086451909,7432077,A
2086443735,8623611,B
2086443735,8623611,B
2086458803,7636524,B
2086596704,10106778,B
2086604931,4434156,B
2086525137,8163188,C
2086551443,8909902,B
2086986126,8476008,B
2086975681,7479362,B
2086974099,9403763,A
2087003322,8729059,B
2086947846,5898493,B
2086832050,8986380,B
2086850633,9081215,B
2086857177,9994951,B
2086857177,9994951,A
2086919915,7799565,B
2086882852,8222061,B
1550987341,9179408,B
2083835571,7632984,B
1550753226,7886055,C
2083881933,5969096,B
2083839992,9623102,C
2083863641,7502640,A
1549372716,5622860,B
1550481736,9895125,B
2084109136,9685174,A
2084154134,9857374,B
2084154049,7682865,A
2083897105,7608684,A
2083914903,5906920,B
2084028299,7592446,B
2083961776,10897881,B
2083351257,9051555,B
2083435544,5396073,A
2083413245,6727060,B
2083219195,10004695,B
2083233457,9895324,B
2083220947,9562077,A
2083220947,9562077,A
2083197927,9190542,B
2083281099,9670495,A
2083281099,9670495,A
2083280971,7053044,B
2083638223,5099343,C
2083658889,6912547,A
2083754959,7772195,B
2083772421,7173007,B
2083714850,10918720,B
2083749822,8131034,C
2083742350,7061007,B
2083497063,9408846,A
2083500317,6654361,A
2083523448,8523848,B
2083506504,7507871,A
2083510128,10420732,A
2083536829,9044425,A
2084988924,7829139,A
2084947315,9090915,C
2084934285,7439319,B
2084968936,10576456,B
2085059541,8951793,B
2085065484,9797015,B
2085022659,7691275,A
2085024657,10822657,B
2085042779,9573983,A
2084925899,7937227,A
2084790223,9409173,B
2084790223,9409173,B
2084818121,9238660,C
2084763544,7078108,B
2084756891,9594857,B
2084781910,9824179,B
2084781910,9824179,B
2084901455,6265637,B
2084910408,8329406,C
2085281687,7459526,B
2085305104,8164742,A
2085411800,7517647,B
2085355042,7906358,B
2085355042,8257491,B
2085365718,5785735,B
2085110580,5053050,B
2085245323,5368736,A
2085238384,8541645,B
2085222281,7858125,A
2084453431,5656475,A
2084442872,5639910,A
2084445222,6707122,B
2084429764,5723286,A
2084271415,5856095,B
2084265296,7889838,C
2084287845,6410510,B
2084651336,6605754,B
2084642119,8071560,B
2084740882,5656447,B
2084735047,7923430,B
2084734690,4346043,B
2084493022,5595721,B
2084510672,6610532,A
2084513640,7141429,B
2084636655,10014961,B
2084571425,7830085,C
2073065214,8527215,B
2073151752,7005131,B
2073082848,10524679,A
2073093310,10431842,B
2072928418,8486421,A
2072948635,9989518,A
2072948287,8669488,B
2072884258,8530187,B
2073008087,8860414,B
2073024456,7865502,A
2072965356,10041046,B
2072981065,9173897,B
2072981065,9173897,B
2073347275,9528893,A
2073347275,9528893,A
2073335558,7575759,B
2073305956,6590707,B
2073305956,6808658,B
2073327302,9279117,A
2073412922,9994556,A
2073398416,4820626,C
2073226520,8839410,A
2073177817,8116780,B
2073251033,6036958,B
2073264424,5374525,B
2073253475,10513706,B
2072432638,6856134,A
2072430760,7875449,B
2072514176,9133251,B
2072520936,5316950,B
2072555748,9801953,B
2072351477,9109232,B
2072383490,8397373,A
2072394290,7745569,A
2072391991,5882468,A
2072764453,7365239,B
2072774452,5659647,A
2072847662,5190875,C
2072836371,8535553,A
2072671292,8097752,B
2074077437,9212430,C
2074047039,8488635,A
2074137619,9720232,A
2074137619,9720232,A
2074164427,6323366,B
2074157732,8697361,B
2074112036,4491948,A
2074134736,5857321,B
2074128807,7718420,A
2073870652,8669046,A
2073864899,4297983,B
2073968412,9286810,B
2074008680,9547061,B
2073947789,10973854,B
2073963388,6255095,A
2073966289,9707392,A
2074410038,8933046,B
2074339981,8277816,B
2074379284,9121007,B
2074502867,10176582,B
2074444496,9988313,B
2074222004,5362623,B
2074240033,10300301,A
2074206082,6852334,B
2074307850,4845368,A
2074326473,8236626,B
2074303856,6462190,B
2074296997,7288871,A
2073658360,9139827,B
2073658538,8828448,B
2073632899,8926933,B
1540426111,5674710,B
2073509937,8206940,B
2073495460,8947600,B
2073442815,9841331,B
2073450661,8268778,B
2073439032,6312894,B
2073475593,10143776,B
2073525920,9238653,B
2073562518,9150626,A
2073743580,9522965,A
2073772438,8920791,B
2073759811,7829740,B
2073730742,5953444,B
2073849350,7078508,A
2073843731,6897035,B
2073668728,6075254,B
2070924692,9238815,B
2070883722,9056068,A
2070815453,9611453,B
2070827315,9087411,B
2070827315,10055875,A
2071196106,7413867,C
2071197084,5910435,C
2071160080,6628453,A
2071250746,5786380,B
2071071105,9493842,B
2071025253,10610564,B
2071031693,8618510,B
2071133460,10421072,A
2071088730,7947823,A
2070413633,8790663,A
2070366435,8296253,B
2070385686,8058056,B
2070154156,7314749,B
2070210210,7447639,B
2070210210,7050980,A
2070192128,7533557,A
2070177618,9012849,A
2070197634,8022394,B
2070619915,7671246,B
2070586208,9717737,B
2070586208,9717737,B
2070627981,9073977,B
2070633125,6611372,B
2070653818,8499284,A
2070480282,4350683,A
2070466539,9018642,B
2070461225,7438915,C
2070528577,6977154,C
2070546659,9009318,B
2070521237,8669488,A
2071936941,6700656,B
2071872606,10125394,A
2071904818,8685372,B
2071993071,8476311,B
2071971433,9874616,B
2071965143,9595112,C
2071817594,6143719,B
1539693843,7160637,B
2071807072,9026416,A
2072216523,9029168,B
2072227373,7832864,B
2072195640,8541561,B
2072291835,5851796,A
2072291558,7666856,B
2072280409,8311790,B
2072073310,8886505,A
2072074134,6807372,A
2072040665,9315551,C
2072032936,8617869,B
2072126217,10190175,B
2071428826,7709194,A
2071527584,8565536,A
2071475385,10174401,B
2071508218,8805800,A
2071505935,10198792,B
2071298590,9352543,B
2071295458,5169938,C
2071355986,8025838,A
2071394012,8337860,B
2071388022,5627817,B
2071346630,5086034,B
2071760903,11045500,B
2071740730,6528061,B
2071618517,9267945,B
2071563059,5898038,B
2071567605,10532064,A
2071594235,9138721,B
2071660679,8685403,B
2071660654,9545431,B
2071628173,8685638,A
2077242825,9045549,B
2077238461,10286197,B
2077213487,7067257,A
2077223124,6399789,B
2077316010,6054288,B
2077316010,6048729,B
2077303085,8032314,C
2077332797,7065453,A
2077133630,7915005,B
2077120265,9551830,C
2077139193,8734851,B
2077178957,9750798,B
2077164262,10739304,A
2077162398,10928350,B
2077334084,6407056,B
2077564025,9127288,B
2077564025,9127288,B
2077540512,10106780,B
2077640720,9733545,B
2077646041,8772000,C
2077597583,6224935,B
2077620112,6556001,B
2077603146,8912304,B
2077610812,9716240,B
2077610812,9716240,B
2077392844,8938993,B
2077374589,9195043,A
2077364584,10010628,B
2077480159,5363394,B
2076918381,8046200,A
1543392219,9788213,A
2076902316,9533254,C
2076730607,6872546,B
2076798280,7001771,B
2076991203,5879916,B
2076994020,5547868,A
2076980732,9170288,B
2076954674,8436637,A
2077063821,9801958,B
2077014479,5459820,A
1544240505,7456698,A
1543701391,8748106,B
1544878549,4970157,B
1544837488,7739737,B
1545016414,6649350,B
1545068560,7821924,C
1544496518,8190549,A
2078497804,6623960,B
2078278135,9535401,B
2078290510,8609374,A
2078271301,8058502,B
2078325889,9347042,B
2078325889,9347042,B
2078674519,7118888,A
2078612625,9336327,B
2078611141,6077916,B
2078631837,8976447,A
2078630936,10352891,B
2078752140,8861086,B
2078788946,4457948,B
1545357297,5753787,A
1545975073,5620862,B
2077799438,6365730,A
2077802103,6106825,C
2077792869,10208086,A
2077813193,4924091,B
2077819295,8344611,B
2077896265,9580794,B
2077896265,9580794,B
2077861409,6583276,B
2077868020,7695971,B
2077686302,7045108,A
2077659966,10119133,C
2077719156,9463437,A
2077748688,10266806,B
2078208347,7046003,A
2078221753,8247167,A
2078169798,8545845,B
2077969689,6226113,B
2077977162,9890207,B
2078070439,8572088,B
1541914612,6338157,A
1541592093,10540602,A
1542617189,6332050,B
1542837635,5043429,A
1542691850,8147822,B
1542395456,4791590,A
2075075275,8486708,A
2075018066,11319342,B
2075118306,8865297,B
2075123157,9801912,B
2075122068,8741574,B
2075144587,8292986,B
2075141112,7960117,B
2075097717,9474798,B
2075095917,8952959,B
2075106722,5580773,A
2075109639,8995922,B
2075311962,8830926,B
2075294738,8015125,A
2075403716,6602967,B
2075345232,6233500,B
2075259645,7741452,A
1543287659,9198733,C
1543194123,4708111,B
2075230442,10378027,B
2075251933,9580759,B
2075251933,9580759,B
2075251055,8808658,B
2075243573,9555049,B
2074770401,6291667,B
2074764994,9430842,B
2074713417,8329162,B
2074713266,10426867,A
2074561908,9045248,B
2074520638,8995827,B
2074645898,7551312,B
2074584884,6881877,A
2074613991,6066621,A
2074596923,7273963,A
2074919956,5304122,B
2074987733,7727532,B
2074976997,8796907,A
2075010828,5963209,C
2074954052,6813761,A
2074834511,8487119,B
2074796477,7527931,B
2074826172,9209352,B
2074899354,8445535,B
2074866295,9603522,B
2074867662,10105500,B
2076214923,8929644,A
2076238075,9756142,A
2076225138,8017324,B
2076233204,6905850,B
2076228350,5838031,B
2076193131,9089618,B
2076193131,9005613,B
2076248459,9568486,B
2076248459,9568486,B
2076277714,9260803,B
2076079138,7455842,B
2076059990,6190723,B
2076059990,5952034,B
2076051181,5159065,B
2076540175,8976763,B
2076540175,8976763,B
2076544158,8741578,B
2076526862,8927207,B
2076501420,9632058,B
2076564863,5912121,B
2076664050,8465926,B
2076585208,5786161,A
2076610572,5366874,B
2076607607,5555544,A
2076384522,4988517,B
2076370506,6207422,B
2076359603,5840132,B
2076439120,10829733,B
2076446490,9106342,A
2076456915,7608269,B
2076431164,9150458,A
2076428272,7504473,B
2075588528,10000579,A
2075592843,8198436,B
2075601360,9267127,B
2075601360,9267127,B
2075574425,5540583,B
2075697181,9952204,B
2075635993,8565499,A
2075635924,8801911,B
2075635924,8801911,B
2075626220,7029851,B
2075625336,7056711,B
2075642987,7317020,A
2075487960,5762992,B
2075481230,8541386,B
2075475766,7265263,A
2075421099,9731249,A
2075426349,9758809,B
2075440710,7327365,A
2075557288,7865231,B
2075513979,5712402,B
2075517705,10197580,B
2075921029,6080569,B
2075877458,8506966,A
2075917639,4364835,A
2075999026,7791791,B
2076018642,9828583,B
2075992939,5912138,C
2075990016,6232458,B
2075792593,9611511,B
2075747312,8518635,B
2075719564,7960140,B
2075846615,5843400,B
2075860675,8669235,B
2075816261,8741279,B
2099627315,8476402,B
2099671040,8490049,A
2099666333,8853362,A
2099391970,7826894,A
2099394719,10209255,B
2099570245,7919240,B
2099978416,7041484,B
2099953799,8412290,C
1565109756,6996136,A
2100071287,9501569,A
2100019394,7037670,B
2100051291,10106830,A
2100034740,4572896,A
2100039779,5420009,B
2099802640,6669940,B
2099881609,6190907,A
2099879231,8339219,A
2099871001,7229973,B
2099877156,7813926,B
2099893380,6611372,B
2099851118,6093544,B
2098830075,7525016,B
2098890358,7194155,B
2098915007,11255866,B
2098921651,7996250,B
2098874851,8790899,A
2098868862,7926025,A
2098617460,7741099,C
2098682658,8512415,B
2098710354,6263089,A
2098715433,7094411,B
2098700435,9009134,B
2099210998,7555177,B
2099197225,9363190,A
2099176969,7226735,B
2099176173,7709266,A
2099174949,5566331,B
2099162735,6034298,B
2099360393,10150986,A
2099355322,10130705,A
2099272400,6177885,A
2098985499,9164785,A
2098943887,6178261,A
2099096493,5550749,B
2099057503,6187533,B
2100928421,9145462,B
2100938666,6571208,B
2100964061,9410133,C
2101056890,9200045,A
2101024356,10323236,B
2101024356,9322006,B
2100819581,6875851,C
2100824807,8331027,C
2100848004,8447752,B
2100844895,7585490,B
2100851236,7767654,B
2100830793,6248578,B
2100842438,8346002,A
2100762576,10456445,B
2100773239,6909971,A
2100779529,8099408,A
2100919401,8018010,B
2101376720,6130903,A
2101362761,9840738,B
2101357156,9541543,B
2101357156,8932870,B
2101326303,5869318,A
2101431106,8728823,B
2101400444,10357450,B
2101138305,7696749,B
2101156667,10280442,A
2101162830,6023783,B
2101101768,8754175,B
2101286410,6352649,B
2101263068,7416890,B
2101191922,7662620,B
2101188587,8481277,B
2101216641,8263930,C
2100226515,8546553,B
2100223622,8652458,B
2100207346,9844504,B
2100207346,9844504,B
2100354771,6219175,B
2100381092,8537159,B
2100290268,10772917,A
2100082441,10047401,A
2100140007,8546382,B
2100159037,5925748,B
2100144670,5781881,B
2100634223,6335819,B
2100577901,6326326,A
2100739720,4192319,B
2100663495,8962532,A
2100648679,9920147,B
2100648167,5493433,A
2100649392,5605154,A
2100671145,5932692,B
2100696515,9060699,B
2100672881,10254281,B
2100436494,8715621,B
2100429345,7153702,A
2100429345,7023544,A
2100493087,9487600,A
2100488196,7361430,B
2100474263,8784807,B
2100494836,5892019,B
2096965357,4446463,B
2096727901,5559050,B
2096709800,9283264,B
2096674266,7786151,A
2096800084,9136184,B
2096776344,11141391,B
2096755284,11206990,B
2097266113,10235344,A
2097260653,5620862,A
2097355732,8901054,B
2097373361,8448115,B
2096216062,9005975,B
2096221337,10082499,A
2096219974,9580759,B
2096219974,9580759,B
2096179977,4888641,C
2096283909,7071293,B
2096307462,7418369,B
2096237847,8697095,B
2096075283,7970932,A
2096083394,9023653,B
2096050299,10202507,C
2096146513,9425726,A
2096121060,5993630,B
2096121060,5888370,B
2096155112,7150875,A
2096084930,9163287,B
2096084930,9163287,B
2096089190,6274147,B
2096502099,11066649,B
2096453600,6355790,B
2096574170,8394788,B
2096565446,7763450,B
2096598900,7865505,A
2096451853,4892865,B
2096343842,9110658,A
2096365655,7695724,B
2096335976,7078037,B
2096379139,5644418,A
2098139575,9475690,B
2098135619,6508936,B
2098150837,7995630,B
2098172494,7378231,B
2098121197,6501364,C
2098117012,7529387,B
2098096031,6292778,A
2098196507,7169930,A
2097948526,10156560,B
2097956659,4831126,B
2097981550,6573044,B
2097946026,6072364,A
2098024085,10001481,B
2098058233,6284732,B
2098505754,10794898,B
2098322112,7888490,B
2098347970,8248071,B
2098353690,7088864,B
2098336426,5324630,B
2098338590,9737247,B
2098418396,10791960,B
2098424151,9387444,B
2098424151,9387444,B
2097678103,7090848,B
2097662768,6701049,A
2097627856,9518293,B
2097627856,9518293,A
2097643616,9393257,B
2097712847,8346686,A
2097490155,9283323,A
2097417935,7958472,B
2097403064,5412219,B
2097553802,9919995,A
2097562031,9642902,B
2097594164,8098890,B
2097502797,9642925,B
2097537986,8604220,A
2097546224,9109253,B
2097540471,6963617,B
1564056932,5228335,A
2097861808,9394537,A
2097928222,7608237,B
2105007748,9585894,B
2105028306,8772000,B
2104955056,9200059,B
2105103612,8298769,B
2105116541,8476051,B
2104828227,7419783,B
2104755384,8252478,C
2104937678,11124845,A
2104950260,6984977,C
2104943646,8849626,A
2104941134,4087328,B
2105279014,10400351,A
2105307866,8110361,B
2105301210,7820703,B
2105285804,5164558,A
2105425384,8934965,A
2105371879,7337107,B
2105382574,9307932,A
2105382109,7073114,B
2105155318,7695909,C
2105131183,8859455,A
2105139687,7888490,B
2105209696,6887453,A
2104397453,10160805,B
2104397202,8440815,A
2104376684,8527946,A
1569330617,7653261,A
1569259272,5439803,A
1569511993,8625676,B
2104266970,10235605,A
2104224083,7736656,B
2104256076,8432848,B
2104254580,5739282,A
2104237240,6451533,B
1568198343,5500343,B
2104723102,10266823,B
2104663494,8116838,B
2104694288,7794936,C
2104703623,9403880,B
2104479723,7805183,B
2104484606,9098766,A
2104484606,9165199,B
2104442295,6326395,B
2104444347,7601684,B
2106322325,10550124,A
2106444827,9406132,B
2106465505,9670259,B
2106197757,6987885,B
2106219965,7695965,A
2106219965,7534608,A
2106285087,7883853,B
2106265276,7947451,B
2106302251,7039546,B
2106308348,7164138,B
2106225335,7910622,B
1571271220,5686601,B
1571268740,8478012,B
1570121624,6233550,A
1570103822,5695993,B
1570269211,7602941,B
2105728636,5924061,C
2105684348,10260089,A
2105789317,7622989,A
2105752863,7218190,B
2105782901,9732323,A
2105548707,7206627,B
2105548707,8095200,C
2105495208,8268405,A
2105558735,7318928,B
2105558257,10421802,B
2105556948,8229920,B
2106066638,5981478,B
2106088492,9701723,B
2106086085,9137082,B
2106013649,6459017,A
2106026436,10881654,B
2106122863,8572067,A
2105886312,9415379,A
2105902511,7022475,B
2105908994,5160847,B
2105860836,5116753,B
2105870942,9051573,B
2105852083,6519561,B
2105882193,7622251,B
2105993389,10918298,B
2105928896,7078584,B
2105944077,7799522,A
2102186420,7785608,A
2102112996,8961990,A
2102117283,5523390,B
2102269459,4624922,B
1566962014,5832044,B
1566877644,10176799,A
1566794686,10975218,A
1566653389,9012508,B
1567604499,5591630,B
2102480715,6854051,B
2102523152,7484561,B
2102507267,8658699,A
2102670198,10679763,B
2102598768,7533294,B
2102634845,10108934,A
2102458936,8612368,A
2102461299,8088382,C
2102371911,10815536,A
2102420387,8452410,A
2102419648,6249762,B
2102404436,9446544,B
2102396830,4873681,C
2101647433,8357373,B
2101770573,7360094,A
2101506699,7522769,B
2101625103,6031154,B
2102008380,4673244,A
2102014528,6821955,C
2101990345,7030219,A
2101963388,6372217,A
2101963152,6830930,B
2102069610,8822707,B
2102052385,8263554,B
2101818435,6365362,A
2101936509,7574530,A
2101896709,5650389,C
2101902313,9511152,A
2102686641,7446182,B
2103677068,5849494,B
2103700658,6680178,A
2103688452,9238776,B
2103634834,7332176,B
2103793078,8155938,B
2103723885,8014809,A
2103763843,7668664,C
2103512718,7470432,B
2103599709,7067456,B
2103581385,5513118,B
2103557693,7001771,B
2103558893,9944958,B
2104063770,7972849,A
2104056042,6465185,B
2104003582,9827285,B
2104003582,9827285,A
2103998574,7425329,B
2104008785,8772348,B
2104049498,7053067,B
2104176068,9057096,B
2104188024,10314893,B
2104124112,7491490,B
2104108767,7788041,A
2104151346,10622785,B
2103877916,8239139,B
2103879002,9699468,C
2103831584,8126103,A
2103979104,10538028,B
2102897805,7205450,B
2102915159,8951203,B
2102974062,10034934,C
2102971996,9593344,C
2103010501,7611898,B
2102751794,7041479,B
2102746141,9352015,A
2102746141,9352015,A
2102699655,9217151,A
2102699655,9217151,A
2102851742,6337660,A
2102846372,7135324,B
2102838953,8750586,A
2103295171,9148645,B
2103286425,6312682,B
2103277261,7109918,A
2103230759,9353353,B
2103243319,8458167,B
2103433429,8233558,B
2103407095,9994843,B
2103407095,9994843,B
2103095259,9297796,A
2103171927,8045444,C
2103209417,9058028,A
2103193587,8611626,B
2103114868,7668659,B
2103161812,8521025,A
2103157103,11254799,B
2090347597,9365831,B
2090288383,10457978,B
2090290321,9148673,A
2090162429,5675059,B
2090217855,8810996,B
2090211843,10760065,B
2090564884,9040244,A
1556193518,5169836,C
1556753904,5037742,C
1556709961,10325718,A
1556235639,6027722,B
2090395654,8614707,A
2090409777,7635592,B
2090500069,6900228,C
2090487269,6677469,B
2090473009,6338955,B
2089786345,7693355,B
2089807124,4160802,B
2089751595,8401799,B
2089771991,10561742,B
2089771991,9717804,A
2089854755,9510752,B
2089854755,10052057,B
2089850443,4722999,B
2089885047,7244584,B
2089885047,6558910,A
2089843538,10020438,B
2089676341,5347161,B
2089682997,5364762,C
2089681190,7728218,A
2089669123,8937151,B
2089615592,8728429,B
2089695010,7214784,B
2089716304,9125615,A
2089707484,8735844,B
2090109122,6873915,B
2089934847,7129391,B
2089900456,6897009,A
2089910376,7417059,A
2089917086,9092631,A
2089917086,9092631,A
2090021652,10231993,B
2090953102,7495772,A
2090893194,9376421,B
2091014028,7835168,B
2091001058,9138470,B
2090747540,7851457,A
2090745652,8670476,B
2090766827,8415159,B
2090853180,10493146,B
2090854729,6686184,A
2090862539,5993947,A
2090793396,5516884,B
2091240414,6593139,A
2091316804,7502631,A
2091324969,8633697,A
2091099993,8284539,B
2091095112,9487877,B
2091095873,8089321,B
2091043018,8198099,B
2091043541,9255843,B
2091034494,10358569,B
2091067623,8222434,A
2091151265,5411860,B
2091113559,7011957,B
1557537105,9932382,A
1557478309,8003342,B
1557478309,6083917,B
1557478309,5420245,B
1557673266,5284932,A
2090630729,6057102,B
2090600766,6057094,B
2090685385,5856122,B
2090684397,9105087,A
2088082520,9756312,B
2088173493,5891030,A
2087952682,7465720,B
2087967982,6680195,B
2087931725,10591495,A
2088004940,9655979,A
2088004940,9655979,A
2088006514,9518114,A
2088031006,10254405,B
2087974241,4631447,A
2088565318,8861086,A
2088554085,8817037,A
2088381487,7544497,B
2087498724,6706290,C
2087500465,7932434,C
2087577739,8409837,B
2087525840,8391455,B
2087538154,10428124,B
2087338724,4842997,A
2087338617,9101144,B
2087364765,7350132,A
2087321129,8037167,A
2087413647,5326986,B
2087373014,8975378,B
2087379584,8566067,B
2087388280,6119511,B
2087768937,8580502,B
2087781698,8252880,B
2087858825,7381373,A
2087661705,9449357,B
2087614941,4953951,B
2087737791,10260049,C
2089237353,6271347,A
2089236205,4088512,A
2089275553,9650450,B
2089226953,4659668,B
2089328858,10646452,A
2089305118,5179441,A
2089145747,9198420,B
2089123823,10538028,A
2089098202,6111646,B
2089088316,5807731,B
2089088626,7544429,B
2089150983,8765666,B
2089546919,7226735,B
2089483705,8304521,B
2089490126,8785414,B
2089491438,9952231,B
2089600467,7807181,B
2089577633,9867652,C
2089394951,10016684,A
2089392823,9083147,B
2089414548,8673986,B
2089414548,8673986,B
2089395418,8299028,A
2089378839,7550261,B
2088759923,4882282,A
2088860907,7771630,B
2088866486,9697176,B
2088851566,8916543,A
2088617194,9039273,B
2088677979,9243293,B
2088631531,9388417,A
2088644787,4404840,A
2088669968,6426505,B
1554872850,6245963,A
2089051723,9310359,B
2089034049,7093223,A
2088930590,9571463,B
2088960285,7514530,A
2088971112,6872557,B
1554630963,10390798,A
1554598913,6352848,A
2088998933,9875445,A
2094493191,4920115,B
2094478741,9944967,B
2094496976,7895148,B
2094279446,9676620,A
2094263037,5519116,B
2094366694,9993525,B
2094366694,9993525,B
2094364267,10232374,B
2094389347,8101191,B
2094723988,9635274,B
2094712140,6706290,C
2094841682,6265557,B
2094861891,10899803,B
2094833277,8943053,A
2094821240,6686343,B
2094579801,5738676,A
2094609751,9234048,A
2094609751,9234048,B
2094614114,8971991,B
2094539666,10301592,B
2094554645,7818993,B
2094680127,9175099,B
2094678745,9465024,A
2094678745,9465024,A
2093991841,6605283,B
2093943992,8901276,B
2093760550,5648532,B
2093783447,9185909,A
2093746190,6303638,B
2093745425,8903192,A
2093756340,5400422,B
2093750721,9464087,A
2093888082,8962331,A
2093827499,11142762,B
2093819048,9119590,B
2093826349,8440438,A
2093845502,10145729,B
2094109570,8445275,B
2094117753,11134242,B
2094085568,8514401,A
2094221100,6323020,A
2094193286,8153390,B
1560891849,5780433,B
1560505509,7424423,A
1561288105,4601903,A
2095682420,9797016,A
2095673611,7183286,B
1562076531,8275124,B
1561751955,5869534,C
2095529195,7014747,B
2095505621,10074453,B
2095610669,7792357,A
2095646540,6838274,A
2095573517,10266688,B
2095873427,4486884,B
2095811515,7001617,B
2095818158,8934630,A
2095957345,8563578,A
2095927366,7485706,B
2095922896,5226947,C
1562764236,6214620,B
1562961809,7254790,A
1563319551,5359049,B
1563119717,5262520,B
1563216455,7771880,A
2095063920,7058936,A
2095180293,9857226,A
2095144976,7138563,A
2095144976,7138563,A
2095134978,7399595,B
2094893736,9246461,B
2094893736,9246461,B
2094920250,5805613,A
2095040829,9453055,B
2095040829,9453055,B
2094979867,9062122,B
2094978903,7250134,B
2095384939,9501823,B
2095384939,9501823,B
2095425820,4213045,B
2095275475,6747029,B
2095267404,8217353,B
2095200421,8521274,B
2095345625,7953262,B
2095353164,5237051,A
2095299533,8565865,A
2095286544,9714944,B
2095286544,9714944,B
2095297122,5837507,C
2095317963,7248397,B
2092177357,6017761,B
2092166052,9260696,B
2092188296,6037129,A
2092193661,9309496,B
2092193661,9309496,B
2092225494,5135908,A
2092197187,5416192,B
2092001098,8192590,A
2091959518,8498496,B
2091987108,8968267,B
2092068383,7256940,B
2092300212,10383574,B
2092297920,9187773,B
2092291988,8308644,B
1559742681,6709817,B
1559536826,10168402,C
2092400642,9803253,A
2092352136,9080172,B
1559153795,5443951,A
1558653592,10444332,A
1558609663,5841644,A
2091548978,8834701,B
2091583229,8841423,B
2091583950,10273156,B
2091586382,5268876,A
2091571775,6671661,B
2091527193,8946173,B
2091527885,6951754,B
2091533025,8148713,B
2091505182,4912206,A
2091602762,6979451,B
2091615102,5990476,B
2091414138,8781754,B
2091375270,10068180,B
2091483486,6737652,B
2091467458,6051230,B
2091467458,6004554,B
2091467458,5965132,B
2091467458,5863538,B
2091467458,5855866,A
2091467458,5776427,B
2091433416,8041522,A
2091459294,7809540,B
2091465282,5935924,B
2091856713,7081238,B
2091820915,4808318,A
2091670031,9903350,B
2091758822,8536148,B
2091762680,5874313,B
2091772469,7482296,B
2091746433,6451554,A
2091713101,8969043,B
2091722735,9841403,A
2091722735,9841403,A
2093283177,5580748,B
2093309387,7078515,B
2093255979,9986663,D
2093270567,7772187,B
2093374651,10730848,B
2093334168,7985840,B
2093334168,7985840,B
2093354666,5552382,A
2093100047,5643599,A
2093099327,5618917,C
2093125252,9274108,B
2093132498,5958709,A
2093117233,10253100,A
2093120895,7488730,B
2093065038,5811233,B
2093050893,9856513,B
2093178095,4912038,B
2093186216,8658376,B
2093589545,9510601,B
2093576329,8710097,B
2093683195,5374611,A
2093670935,6100386,A
2093697903,6867022,C
2093651760,8137509,B
2093545363,6664879,A
2093433625,9744189,B
2093431547,5817629,B
2093466868,8980418,B
2093466868,8980418,B
2093457831,6759384,A
2093448405,8722850,B
2093407863,10246763,B
2093401766,7553644,C
2093523863,7595491,B
2093496376,8699658,A
2092621637,9745549,B
2092655513,7378570,B
2092644765,5627363,A
2092591055,8541503,B
2092583562,7045350,A
2092665219,8228602,B
2092493681,11214779,B
2092433129,5723437,B
2092461521,4912078,A
2092442221,5057800,B
2092545762,10423749,B
2092539866,4600885,A
2092573172,8486421,B
2092513068,5866323,B
2092533011,7682564,B
2092951258,9279011,A
2092959790,4705505,A
2092891733,9070492,A
2092911110,9732390,B
2092911110,10392666,B
2092908962,7388093,B
2093014785,6334856,B
2093038297,7371533,B
2092981792,8505745,B
2092985273,9309336,B
2092794903,6043179,A
2092747941,10039822,A
2092750859,8707232,B
2046663797,8866340,A
2046619568,5338415,B
2046653318,6627458,B
2046413244,8129402,A
2046437917,7658937,B
2046399388,8923661,C
2046396702,6562619,B
2046894146,7344710,A
2046883157,10651478,B
2046981457,10279394,B
2047004623,6517838,B
2046871397,5087605,C
2046724573,8158941,B
2046741906,6331262,B
2046741906,6368569,B
2046740406,10019470,B
2046805949,5589611,B
2046053186,5977438,B
2046052491,9689828,B
2046052491,9689828,B
2046064200,7838220,B
2045925181,9494657,A
2045931153,8889622,B
2045912757,10505193,B
1515015347,6057094,B
1515002256,7790182,B
2046292253,8073630,B
2046231291,8747848,B
2046355391,8301387,A
2046330252,9231461,A
2046370116,6429935,A
2046085057,8501195,A
2046201973,5364773,B
2046151919,8242080,B
2046162974,9989520,A
2046162974,9989520,A
2047641094,8962512,C
2047656369,6975943,A
2047608055,7544952,B
1515326108,4443543,C
2047935598,9963450,A
2047953863,7588687,B
2047950892,4857465,B
2047898790,6054442,B
2047898790,6004939,B
2047918294,9771562,B
2047918294,9771562,B
2048005614,9698286,B
2048000031,10085701,B
2047730935,4672035,A
2047738921,9493846,B
2047815913,5039611,B
2047220152,9077307,A
2047198066,8480792,B
2047200784,7781413,B
2047205705,9292489,B
2047304128,5585264,C
2047301408,9902713,A
2047333224,7501499,B
2047264872,9667981,A
2047602696,7528234,A
2047021577,8492097,B
2047169862,8451921,B
2047168235,8064660,C
2047174762,7888527,A
2047120240,5484766,B
2047511036,9880247,A
2047503781,9606121,B
2047467106,8273373,B
2047568056,5550110,B
2047522682,7972780,B
2047353303,10557044,A
2047439748,5922602,B
2047443202,6567482,A
2047382300,7538879,B
2047386541,10300128,B
2044279966,7514592,A
2044243833,10233277,B
2044235069,8545820,B
2044375187,10398804,A
2044358888,9843787,A
2044358888,9843787,A
2044306825,7960312,A
2044316132,9545447,C
1513501382,6699820,B
2044557272,7459298,A
2044549644,9783615,C
2044571276,6727498,A
2044571276,6744045,B
2044393507,9149519,A
2044385231,5018857,B
2044486602,10248024,B
2044455998,9556325,A
2043782933,5859197,A
2043765769,8626682,B
2043790266,8491913,B
2043792198,8030926,C
2043915076,10000740,A
2043915377,11446413,B
2043701906,4434156,B
2043650589,8277841,B
2043759815,7968871,B
2043730876,8969292,A
2043730876,8969292,A
2043721723,8753631,B
2043748087,8163518,A
2044080285,6541539,A
1512201480,9807003,A
2044069803,8715696,A
2044005590,4690915,B
2045445695,8399402,A
2045482123,6274352,B
2045290032,5617861,B
2045301811,10386796,A
2045401515,7794931,B
2045404391,9191671,B
2045404391,9191671,B
2045345433,9512036,A
2045744937,5889289,A
2045902448,7826587,C
2045908830,7880026,A
2045897139,7351547,B
2045897139,7384785,B
2045858689,7820414,B
2045856837,10284373,B
2045556022,9102747,C
2045712842,8980843,A
2045664576,5622860,B
2045658449,10238742,B
2045685526,9728971,B
2045685526,9728971,B
2045678504,6835394,B
2044815207,9691873,A
2044832362,9492405,B
2044882761,9230161,A
2044662770,7816507,B
2044645250,9085595,A
2044651568,7598071,A
2044623372,6936749,B
2044643325,5492808,B
2044744193,6359322,A
2044755673,7539849,B
2044708960,8165855,B
2045154252,6900357,B
2045169588,8906908,A
2045108098,5751472,B
2045269807,7580604,B
2045170832,4003649,C
2045174337,9879049,A
2045016305,8535639,B
2044999678,10215830,B
2045070324,7196847,A
2045025744,7340938,A
1518309656,4430437,B
2051232673,7118876,B
1518951372,10091140,B
1518458903,9926381,A
1518739398,10147432,C
1518679710,9943622,C
2051096364,8904472,B
2051104049,4395486,A
2051192888,6548269,B
2051192888,6482927,B
2051134149,8331142,B
2051140578,4588739,B
2051305270,6642049,B
2051314302,8029698,B
2051481258,8940960,B
2051404464,9368127,A
2051403674,8304397,C
2051419128,8695350,B
2051396026,9872640,B
2051396026,9872640,B
2051426601,9650436,A
1519299348,10231383,C
1519221528,5521988,B
2051286204,8386038,B
2051286204,8386038,B
2050674095,5733730,B
2050757105,5714319,B
2050694525,10995342,B
2050489828,4839288,B
2050461585,9181539,A
2050461585,9181539,A
2050473190,10072161,B
2050476752,6864066,C
2050579674,10197641,A
2050578277,9585972,A
2050937628,8062890,A
2050921702,9443191,A
2051041110,8665446,A
2050959572,6312626,B
2050802154,10586986,B
2050815608,9838227,A
2050815608,9838227,A
2050815713,5019721,B
2050764334,7424823,B
2050887121,7138569,B
2050833520,7968091,B
2050847564,9593347,C
2052370746,9840515,B
2052370746,9840515,B
2052346464,8354223,B
2052344460,8836945,B
2052344460,8638440,B
2052439335,8637237,B
2052433974,5844106,B
2052472184,8859783,B
2052465027,10128497,A
2052400191,6432409,A
2052377757,7617188,A
2052206842,8675201,A
2052258997,7608389,B
2052275870,10024796,A
2052657152,10677712,A
2052639774,7291601,A
2052758181,8481297,B
2052545189,8401332,A
2052522729,6051406,A
2052489213,6049380,B
2052502921,11114671,A
2052505196,8580927,B
2052621427,8952222,B
2052612906,8613611,A
2051655847,7807230,A
2051785711,7771630,B
2051828010,9692084,A
2051828010,9692084,B
2051807429,8968700,A
2051807429,8968700,A
2051758487,6210921,B
2051502996,7538191,A
2051529250,7558405,A
2051641469,9493833,B
2051641469,9493833,B
2051632989,5643759,B
2051584593,9056951,B
2051590493,4293221,B
2051587165,8987222,A
2052062475,6670528,B
2052087372,9095503,A
2052035093,7956102,B
2052003757,8351713,A
2051997821,8987415,B
2051918534,5418162,B
2051944048,9405136,B
2048913655,5762057,A
2048905477,5183884,A
2048923264,7029877,B
2048869876,6262343,C
2048845152,6294356,A
2048844938,9467362,A
2049021672,10150841,B
2048937367,4935344,B
2048978881,9477040,B
2048747425,8946619,A
2048760627,9376979,A
2048751531,6338023,A
2048686864,6579967,B
2048672801,8163203,B
2048677414,9499867,B
2048771057,6517890,B
2049232130,10519247,B
2049251595,9262477,A
2049269143,6475754,A
2049091194,8709446,A
2049163891,9672990,C
2049133091,6245741,B
2049132307,7666677,B
2048254810,6997039,B
2048218193,11053533,B
2048313045,6608205,B
2048339145,9733545,A
2048296660,8053239,A
2048082530,7865502,B
2048029860,7038444,A
2048056915,6274310,B
2048115881,7928368,A
2048556083,9403763,B
2048505468,7298465,C
2048529033,9951340,B
2048664619,7704509,C
2048657452,9944677,B
2048610392,7713577,A
2048393947,7756313,A
2048402444,6500860,B
2048360320,7466424,B
2048361834,9610322,B
2048383382,6015516,B
2048457232,6496252,A
2050051537,7778387,B
2050127215,9511103,B
2050134804,8851045,B
2050120720,8192717,B
2050120153,5405765,A
2049905634,7288519,B
2049922317,8427151,B
2049884408,10189052,A
2049986605,5206541,B
2050009047,9274111,B
2049991241,8329411,A
2049990877,8675699,A
2049955325,4189521,B
2049954286,5262359,A
2050348119,6312685,B
2050313263,8980549,B
2050313263,8980549,B
2050425822,6589772,A
2050443369,7538881,B
2050384177,4664097,B
2050172669,7955260,C
2050232735,9029509,B
1517724708,5126130,B
1517543005,5493505,B
1517385278,7679615,B
2049432501,7175996,B
2049362001,9478619,B
2049362001,9478619,B
2049451816,7335747,B
2049752516,7303628,A
2049737261,8652845,B
2049813841,10287617,B
2049605280,8148264,B
2037726512,10067909,A
2037759037,8247325,B
2037709544,9273056,B
2037779870,8865297,B
2037796334,8946431,B
2037609182,8697467,B
2037562298,6100444,C
2037551279,8992446,C
2037570924,5253314,B
2037664526,10502732,B
2037680425,10202643,B
2037638306,5356777,B
2037984980,6982252,B
2038067635,9006190,B
2038078673,8796273,C
2037834527,9406142,B
2037825287,8647737,B
2037826973,7730547,B
2037931223,9958458,B
2037905510,6103875,A
2037313770,7811817,A
2037313620,7438885,A
2037322292,11130992,B
2037242534,9562857,B
2037383871,5407794,A
2037387436,6235288,C
2037371283,8768770,A
2037371283,11042897,A
2037355695,5304739,A
2037355967,8729495,B
2037174767,9267140,B
2037139060,8921421,B
2037139060,8921421,B
2037142940,5731171,B
2037516800,7442394,B
2037532580,9252929,A
2037494587,10081796,B
1504915326,5208321,B
2037426832,6995249,B
2038878633,10900080,B
2038947340,8619910,B
2038781377,9096678,B
2038781377,9096678,A
2038819603,9952204,C
2038828698,4649086,B
2038791084,10266855,B
1506854048,9391262,B
1506729263,5981478,B
2038311665,6717406,B
2038332844,6794499,B
2038305545,7858965,B
2038305449,9013484,A
2038354221,7498316,B
2038144272,10577544,B
2038261360,7799904,A
2038268155,9842313,B
2038268155,9842313,B
2038198107,9659397,A
2038606825,10338146,A
2038567516,9770491,B
2038579629,8999942,B
2038569582,10251365,C
2038573488,9562074,A
2038573488,9562074,A
2038454012,9659150,B
2038469714,10225207,B
2038518832,7858766,B
2038551486,9645212,A
2038528401,4407956,B
2038525278,9683961,B
2038489289,8234078,B
2038498157,6900070,B
2038498074,7611866,B
2038498074,7094571,B
1504478648,6078444,C
2035856053,9748345,B
2035837048,9108943,A
2035796021,8377390,A
2035823060,9192657,B
2035936879,7968515,B
2035895341,10054600,B
2035886533,8697747,B
2035892304,4889422,B
2035921940,4196963,B
2035778228,8337588,C
2035726898,7351537,A
2035737764,10259863,B
2035752210,7749510,B
2035752210,7425449,A
2035214231,8330462,B
2035332297,9433699,A
2035325191,6699676,A
2035313381,7662567,B
2035114415,5358928,A
2035100797,9370318,B
2035100797,9370318,B
2035076999,6624915,B
2035081975,8093351,A
2035210181,9625702,B
2035210181,9625702,B
2035156231,9029190,A
2035180813,8945922,B
2035506965,5139948,A
2035527934,8557602,B
2035496474,6633043,B
2035595755,6864227,A
2035365120,4050303,B
2035388698,9476815,B
2035445456,10689701,B
2035471593,11328792,A
2035433348,10167332,B
2036735263,6461844,A
2036734866,5454289,B
2036723709,8045793,A
2036674518,7998926,B
2036708141,6908994,B
2036697811,7414025,B
2036814054,10501553,B
2036813603,8502815,B
2036577452,6747029,B
2036594498,7388071,A
2036640181,10696962,A
2037026646,8119648,C
2037039881,10255393,A
2037009710,8226929,B
2037093739,6468785,B
2037099281,8076893,A
2037098558,7880021,B
2037102328,7399822,B
2037048003,6800790,B
2037061839,7189430,A
2036826328,9463440,B
2036956975,7910001,C
2036950690,6361717,A
2036941939,7224463,A
2036977496,9222337,B
2036977496,9222337,B
2036907186,6951646,A
2036162929,8554009,B
2036135915,7208284,A
2036124570,6643292,B
2036149825,7418353,A
2036224953,8624063,A
2036242775,6516634,B
2036238690,8513804,B
2036235169,9391319,B
2036235120,9719084,B
2036015933,5919621,B
2036018074,8883500,B
2035986973,8164039,A
2035991175,10310991,A
2035976563,9382301,A
2036096116,6387641,A
2036033314,5115096,A
2036039534,8901024,B
2036037919,6150416,A
2036077602,7038113,B
2036078885,7785827,B
2036070388,6636781,B
2036434828,9297013,B
2036452649,5946429,B
2036394201,7794995,A
2036426876,10835521,B
2036507193,6064486,A
2036509369,6692744,A
2036468273,8669823,B
2036282594,5109123,B
2036353767,9096532,B
2036346408,7136559,B
2042248433,5726189,B
2042241638,8735065,A
2042324892,7875187,B
2042283097,6268160,B
2042114357,6887384,B
2042136281,9902141,A
2042087113,6204067,B
2042087070,8586313,B
2042104002,7603240,B
2042179906,8413906,A
2042488535,9528161,B
2042611486,11730722,B
2042627165,9006212,A
2042563018,6861516,B
2042571793,9034568,B
2042368307,10409928,B
2042374432,7795868,A
2042360733,6177086,A
2042354134,9340720,B
2042403657,5039210,B
2042408592,7531506,A
2041657367,9194871,A
2041672341,7851658,B
2041717943,8178463,B
2041717943,8178463,A
2041719513,5556762,A
2041727225,6607912,B
2042082004,4550381,A
2041543515,8132006,A
2041552982,6914123,C
2041509236,9786845,B
2041559136,9818593,B
2041625732,7001708,B
2041652393,6537773,A
2041595484,7504232,B
2041988832,6686146,B
2041995423,6936281,A
2042004244,8329185,C
2042004198,4530096,B
2042056247,6662570,B
2042056181,8494790,B
2042049430,9068231,B
2042064560,9134538,A
2042043269,5565321,B
2042029726,7544365,B
2041903481,5999319,A
2041905821,7605371,A
2041863464,5872150,B
2041870512,9284857,B
2043254960,7169758,B
2043246571,8283922,A
2043323285,10067112,B
2043292156,8787411,B
2043302344,5914013,B
2043173210,7083977,B
2043154233,6021383,A
2043123403,9896656,A
2043123403,9862924,A
2043553406,9036906,B
2043557910,6949647,A
2043541625,8030463,B
2043562938,6919484,B
2043629072,4648991,B
2043461710,8530227,B
2042634144,7758841,B
2042737032,8406856,B
2042714411,7169298,A
2042728940,5773570,B
2042731830,9417198,A
1510699010,5993565,B
1510707687,4677054,A
1511569476,9554203,B
1511513446,8559638,A
1511438228,9801911,B
2042916557,10878312,B
2042914319,7250526,B
2042905015,5764403,B
2043025200,8252740,A
2043031858,6274550,B
2042980971,8674134,B
2043002903,5935832,B
2043002903,5807725,A
2043007071,8739311,A
2043007071,8739311,A
2042774699,8311973,B
2042787083,5501703,C
2042848300,7598199,A
2042837220,7668659,B
2039943899,6902929,B
2039889771,7371051,B
2039881653,7918814,B
2039886055,7689056,A
2040029347,7037554,C
2039953952,7572426,B
2039721940,7514537,A
2039737650,8501487,A
2039734470,8081581,B
2039824179,7504257,B
2039855332,7304128,A
2039861650,8012948,B
2039858835,6863942,B
2039820053,8906870,B
2040263267,5433717,B
2040225728,8278072,A
2040245726,9353132,B
2040308514,9293917,B
2040309340,9688718,B
2040315683,8144392,A
2040135401,9146241,A
2040126576,7259278,B
2040065738,7332321,A
2040206499,8093365,B
2039226973,6845204,B
2039261353,10286057,C
2039148624,10126467,B
2039562357,6633844,B
2039556366,10668126,B
2039705224,9567603,C
2039705224,10119133,B
2039618810,6982271,B
2039625417,7892750,B
2039665740,4333842,B
2039659809,8391643,A
2039658143,9074179,B
2039544613,10034638,A
2039492946,6596497,A
2041074139,5874459,B
2041062214,9090915,B
2041050642,9012215,A
2041036769,9752145,B
2041036769,9752145,B
2041142891,4820626,B
2041131616,11208638,B
2041018497,6612535,A
2041006285,8305578,B
2040943220,10325987,B
2040974007,6114540,B
2041318096,8570207,B
2041310518,7267844,B
2041346792,8034335,B
2041355168,4925790,B
2041354314,8837551,B
2041461093,8192746,B
2041402370,6517842,B
2041403339,5977393,B
2041417362,9331258,B
2041182503,8367378,C
2041197290,7229628,B
2041193011,4856532,A
2041291777,10808031,A
2041265878,7951827,A
2040596582,6856742,B
2040633190,5521084,B
2040631016,5333000,A
2040629853,6774274,B
2040611596,9054532,B
2040555526,9716313,A
2040541715,9328061,A
2040541715,9328061,A
2040580358,9695262,B
2040580358,9695262,B
2040411274,9441050,B
2040411274,9441050,B
2040434386,9133435,B
2040428876,8684189,B
2040392118,7601421,B
2040527066,5374532,B
2040534813,5597569,B
2040516646,9625713,A
2040448691,5865909,B
2040437117,8193010,C
1508427423,6238676,B
2040933141,9770195,A
2040862724,11491480,B
1509287507,7030212,C
2040750693,8332024,B
2040827479,8685660,B
2040824762,8325831,B
2040796802,9315834,B
2040823522,9441154,C
2064305164,7952693,B
2064281076,6975894,A
2064404753,8377369,A
2064401287,5663657,B
2064428286,10021383,A
2064359290,6236883,B
2064180802,7652685,B
2064180812,4446122,B
2064174964,10018628,B
2064200528,7084267,B
2064147974,7144707,B
2064129143,8822187,A
2064166253,5670354,A
2064240240,7919243,B
2064238114,6892212,B
2064257009,9574195,A
2064619839,9016875,C
2064727978,6978183,A
2064716795,9862931,B
2064716795,9862931,B
2064735648,3949197,A
2064695399,5863984,B
2064491515,5622176,B
2064578096,9078842,B
2064595219,6242610,B
2064539584,6291517,B
2063708727,5314866,B
2063718469,5189676,A
2063784584,8582915,B
2063800436,6344082,B
2063753224,7362975,B
2063747593,7957788,B
2063581044,6867350,B
2063593147,9262126,A
2063593147,9262126,A
2063549048,9912942,B
2064008357,6479650,B
2064065441,9374887,B
2063868052,7083958,B
2063868052,7048949,B
2063830998,8142890,A
2063824721,5607922,B
2063954820,7078591,B
2063908549,7968515,C
2065381303,5951975,B
2065494780,10040714,A
2065494245,7626844,B
2065418557,9580753,B
2065418557,9580753,B
2065421707,9093715,A
2065327473,9369255,B
2065327473,9369255,B
2065708900,4685799,C
2065673503,8980603,A
2065779922,4481485,B
2065762420,7485279,B
2065552006,8247033,B
2065543285,9125923,B
2065550867,6966948,B
2065540989,7310144,B
2065645985,9447472,A
2065645985,9447472,A
2064808439,8502731,B
2064805875,7767349,B
2064830801,9267934,B
2064789851,7462609,A
2064876347,8840899,A
2064769547,9076232,B
1532212172,4822736,A
1532457189,7610306,B
2065133611,6571603,B
2065124199,6052401,B
2065107901,6432925,B
2065105554,7282205,A
2065149104,6270747,B
2065000390,10118896,C
2064937340,9873670,B
2064974333,11172910,A
2065050375,9875428,B
2065050375,9875428,B
2065027762,9885050,A
2065036450,5635376,A
2065032657,9193758,A
2062029576,6576236,C
2062035606,10023854,C
2062001224,8394584,B
2062004524,9464275,A
2062080186,9758833,B
2062080186,9758833,B
2061882797,5908779,B
2061833945,5751582,B
2061830456,7301341,A
2061940500,8188219,A
2061940500,8188219,A
2061983634,8048421,A
2061964326,6010882,B
2062364714,7132276,A
2062424232,9217681,A
2062439309,7310623,B
2062436321,7744737,B
2062378043,8290096,B
2062384458,5455279,B
2062407720,6900228,B
2062172437,8895245,C
2062174116,10047344,A
2062193034,9636323,B
2062157293,9176064,B
2062157293,9176064,B
2062158131,9505741,B
2062255001,5773278,B
2061454125,8349617,B
2061469141,4531058,B
2061465406,9512180,B
2061414077,5137819,B
2061445358,7700325,B
2061447936,8961776,B
2061534050,8003357,B
2061496482,9229877,B
2061483083,9347951,B
2061516468,7015373,B
2061335989,8124337,B
2061325091,10438753,B
2061296868,6399328,B
2061321423,10612095,B
2061393984,9067848,B
2061393406,10753892,B
2061717283,10871539,A
2061699947,8153426,B
2061734129,4516269,A
2061804387,5368660,A
2061768551,4707438,B
2061556726,9428762,B
2061667260,8858657,B
2061687419,7509300,B
2061656021,5132212,B
2061655144,6421467,B
2063094145,10317597,B
2063127941,8029986,B
2062928716,7790404,A
2062951860,7332591,B
2062944430,9310767,B
1531191653,8506717,C
2062927335,11149254,B
1531230025,8225098,A
1531281563,6043035,B
2063383021,8283457,A
2063412593,4649227,B
2063468757,7254151,B
2063477340,8153592,B
2063287389,6218103,B
2063288238,10233423,B
2063283112,7375259,C
2063354018,7384879,B
2063376698,10662227,C
2063365211,9700587,B
2063365211,9700587,B
2063364341,9655961,A
2063339464,5780589,B
2063333132,10011877,B
2063316472,8855936,B
2063328791,7545510,A
2062611069,7364866,B
2062606095,9268151,A
2062679534,9551830,C
2062693749,9677112,B
2062688070,7220583,B
2062530908,8574821,B
2062463079,6413719,B
2062577781,4653917,A
2062569980,7659119,A
2062592321,7968098,A
2062587261,5439553,B
2062553249,8244022,B
2062553249,8244022,B
1530130622,7262005,B
2062898482,8489650,B
2062899586,5835314,A
1530881143,6906237,B
1530284699,6943000,B
2062789539,7456424,B
2062793824,4451454,B
2062732100,6441270,B
2062736124,9593329,B
2062851027,10136639,B
2062805336,8428331,B
2068749793,7438129,B
2068749793,7428926,B
2068779752,9266287,A
2068853583,9299010,B
2068853583,9299010,B
2068872497,6759243,B
2068828768,9484475,A
2068631879,8496927,B
2068622682,5907079,A
2068578122,6970248,B
2068580249,6921735,A
2068568471,9891236,B
2068643075,6863942,B
2068691401,5362623,B
2069079930,9951226,B
2069087293,8293498,A
2069046885,7687977,A
2069045087,6335819,B
2069051299,9344690,A
2069166009,9488644,B
2069166009,9488644,C
2068932598,8765488,B
2068900170,10781489,A
1535012564,9832220,A
1535012564,9832220,B
1535972616,9901617,B
1535264824,7279980,A
2068160897,6264957,B
2068117255,10136812,B
2068248569,8877442,B
2068176013,8338386,C
2068176013,8338386,C
2068198297,5660895,B
2068463953,8908422,B
2068465493,5283526,A
2068410137,8901369,B
2068537122,6274686,A
2068542728,8798722,B
2068556732,6114699,B
2068503980,7816544,A
1536477417,7119186,B
2068304883,6847546,B
1536249747,6923958,B
1536146376,4722891,A
2068318759,10379224,A
2068373228,8920700,A
2068406274,8841257,B
2068339946,8969529,B
2068365384,7164008,A
2068343048,10607717,B
2070015207,7175980,A
2070015207,6951715,A
2070013537,6147109,B
2070032514,6413719,B
2070084808,7741036,A
2070084808,8017358,A
2070084808,8017322,A
2070079770,9847582,B
2069832753,9932389,B
2069846825,8000769,B
2069944240,7718625,B
2069940803,7452718,C
2069872823,8017170,B
2069886963,5119388,B
2069900557,7704703,B
1536536278,6887977,B
1536531661,7340110,B
1536601986,5889823,A
2070113188,9585633,A
1536819466,6025611,B
1537845923,8275175,A
1537661176,10132818,B
2069395488,9175041,A
2069426694,11180538,B
2069408483,5840673,B
2069488167,7863562,B
2069242851,7943297,B
2069242851,7709191,B
2069269337,9745631,C
2069225091,9947163,A
2069338024,7871626,A
2069280258,7572576,B
2069684196,7655683,B
2069682831,5853992,B
2069692754,9250210,B
2069794671,10174247,B
2069740480,6469357,B
2069750786,9273139,A
2069750786,8975044,B
2069567044,9399053,B
2069556438,9295722,B
2069592855,8394777,B
2069581686,6177885,A
2069552204,6316410,A
2069614355,8685802,C
1532843102,5843757,A
2066620271,6534385,B
1534293170,6889060,B
1534282509,9975848,B
1533781057,4820631,B
1533750643,10389087,A
2066592902,9504404,B
2066603426,5802232,B
2066601085,9757458,B
2066601085,9757458,B
2066548710,8025932,B
2066783444,10676735,B
2066848489,9816066,A
2066848701,7550561,A
2066848701,6211334,B
2066657259,9205512,B
2066655268,10074867,B
2066713404,10071954,B
2066035092,7981677,B
2065991117,8227242,A
2066101402,9441278,B
2065883226,8486974,B
2065880897,7682808,B
2065903458,7052904,B
2065825158,5766871,B
2065824078,6654395,B
2065864756,6832162,B
2065971267,6719973,B
2065929188,8513005,C
2066422082,9531780,A
2066410692,6322792,B
2066366324,7919101,B
2066439239,7087585,B
2066443005,7427593,B
2066426942,9263846,B
2066433992,6777388,A
2066213748,7560581,B
2066140504,9265861,B
2066171850,9914928,B
2066174805,9498180,A
2066272684,10934191,B
2067771667,7678781,B
2067766312,7384631,B
2067746520,8080227,B
2067548425,10174292,B
2067575053,9198909,B
2067513453,8685687,A
2067615088,5961443,B
2067998830,9978413,B
2067998830,9978413,B
2067990478,7824674,B
2068070916,5427928,A
2068033123,7886049,A
2067853359,6210915,B
2067838596,7078194,C
2067855263,6939624,B
2067820958,6727075,B
2067831933,7511495,A
2067830052,8987004,B
2067824582,10428159,A
2067912017,7785397,B
2067898604,7854959,A
2067921689,7949387,B
2067114333,9402377,B
2067114333,9402377,B
2067065341,9476834,A
2067074320,7879337,B
2067197483,8618510,B
2067217739,9508945,A
2067215247,4486884,B
2066952194,10213836,A
2066985414,8076426,A
2066939743,9018355,A
2066937751,6677500,B
2067024719,4534971,B
2067058952,9403115,B
2066994989,8506921,B
2067466635,7893315,B
2067265218,8951724,C
2067256177,6063606,B
2067256177,6306624,B
2067279194,9447444,A
2067352679,6009447,B
2067375387,5043996,B
2067368740,5216752,B
2067324617,9850465,A
2067324617,9850465,A
2067323726,7285347,B
2055393395,9486517,B
2055374820,10690676,C
2055353965,10760135,C
2055348503,7700122,B
2055255073,8722881,B
2055255073,8722881,B
2055264498,8654328,B
2055234875,9041935,A
2055234020,4980566,A
2055323344,6455760,C
2055697365,7973057,A
2055837145,7772005,B
2055817672,8883171,A
2055849441,9008202,B
2055813188,7122716,B
2055643956,9108860,A
2055674821,8859742,B
2055653675,9127076,B
2055607189,8524903,B
2055585665,7947504,B
2054808802,9850268,C
2054891189,7776573,B
2054849122,9629614,B
2054844441,8795612,A
2054715425,6927212,B
2055107272,7915577,A
2055060972,8329882,A
2055126117,8378138,B
2055146559,9200259,C
2054954199,8669067,B
2054960100,7781210,C
2054963394,10033996,A
2054906104,5646156,C
2054904511,6756208,B
2054928904,9989270,A
2054928904,9989270,A
2055029702,8396319,B
2055014189,6943010,B
2054988687,9953556,A
2054989266,8980287,B
2055006295,8466298,B
2056587038,10072272,B
2056587174,9361670,B
2056333932,8791239,A
2056351724,10175339,A
2056397238,10435453,A
2056406527,11083732,A
2056409055,9044611,C
2056838544,9660654,C
2056859007,9478619,A
2056859007,9478619,A
2056857467,6774284,B
2056850663,9782175,B
2056904828,9011346,C
2056904828,9011346,C
2056925318,9255252,B
2056691855,8951793,B
2056619863,8294838,B
2056624206,9834570,A
2056760113,9925528,A
2056760113,9925528,A
2056757475,8487244,B
2056775370,9926347,B
2056737213,8932553,B
2056038935,7256885,B
1523816056,9368938,A
1524079700,7889791,A
1523562895,6929911,B
1523710401,10612022,B
1523642871,5196304,A
2055882851,9212137,B
2055881399,6303017,C
2055865829,7144862,B
2055865829,6933279,B
2055939723,7763772,B
2056221374,9512425,B
2056221374,9512425,B
2056221179,9110219,B
2056242988,9242861,B
2056257770,5492825,B
2056092494,10208109,A
2056170697,6114699,B
2056177526,9000401,A
2053224026,8743979,A
2053240413,9276373,A
2053056899,7884300,A
2053175240,8815237,A
2053088103,8088908,B
2053133779,10160978,A
2053532017,9284356,A
2053653729,7029646,B
2053330373,9879251,B
2053332066,5639598,B
2053492073,9572794,A
2053498643,6417505,A
2053439387,9115687,A
2052986082,8318146,B
1519768395,4539948,B
1519754362,9684852,B
1519754362,9471851,A
2053001938,9547017,B
2052952554,9067964,B
2052967108,9096856,A
1520746637,8528060,A
1520721201,6065284,B
1520664974,9655522,B
2052822128,6308102,A
2052790401,6989083,B
2052800628,5311132,B
2052896930,10155028,A
2052919330,7815817,B
2052907388,7666678,B
2052915895,4665520,A
2052843715,5145829,A
2052849090,8921306,A
2053016401,9808784,A
2053047750,6598204,A
1521259767,10170940,B
2054469005,9297756,B
2054457238,5245015,A
2054422997,8183274,B
2054417176,7181757,A
2054510801,7685138,B
2054521968,8278104,B
2054326876,9701758,B
2054376256,5157542,A
2054386325,7220324,B
2054348554,9046339,B
2054363543,6136596,C
1522304338,6757343,A
1521799099,5830453,B
1522451789,9440302,B
2054604628,10337002,A
2054562209,5358928,B
2054560034,7242010,B
2054621303,7294198,B
2053843042,10013792,A
2053813940,7742174,C
2053827853,6191268,B
2053827853,5922855,B
2053900979,9499860,A
2053930610,10430190,B
2053872195,10047167,B
2053704719,5980887,B
2053717717,7718355,B
2053711464,5314547,B
2053696619,9657077,A
2053683618,10435668,B
2053786726,7578939,B
2053758959,9328346,B
2054158314,8986358,A
2054158314,8986358,B
2054183022,9127078,B
2054252608,8497000,B
2054226609,10067075,A
2053996120,8597663,B
2053940878,7414708,B
2053974870,10001578,B
2054087588,7527956,A
2054093023,9636413,B
2059890053,6090332,B
2059973134,10460831,A
2059931449,8658383,C
2059930169,5316765,B
2059713124,8120389,B
2059678352,7015212,B
2059681698,5102873,A
2059826920,7521548,A
2059820612,5008542,A
2059745766,8076449,A
2059742411,6077987,B
2059762871,8470546,B
2060170440,10857178,B
2060167709,7723662,A
2060176306,7902417,A
2060247112,5234811,C
2060245731,7445909,B
2060232004,8270781,B
2060232004,8270781,B
2060256944,7606875,B
2060216716,10160974,C
2060043361,9340575,B
2060036653,5811272,A
2060065387,9899877,B
2060031706,5834282,A
2060006806,5385834,A
2060134893,8603808,A
2060111037,10088803,C
2059411043,7981618,B
2059425320,4567431,B
2059422836,5635618,B
2059376007,6356858,A
2059372215,5981172,B
2059471874,7785397,A
2059485281,5958784,B
2059451571,10180397,A
2059367897,10034738,B
2059318013,8603808,B
2059553453,6881559,B
2059561343,9566329,A
2059561343,9566329,A
2059636674,8160846,A
2059632562,9914761,B
2059627529,10480035,B
2059655398,10827983,C
1526904798,7573022,A
1527493507,6054573,B
1527206096,7947867,A
2061001630,5503987,B
2060912331,5731160,B
2060880470,9707289,B
2060980440,9422306,B
2060992533,8062893,A
1528820340,7659314,A
1528820340,7229973,A
1528221320,9709404,A
1528221320,9709404,A
1528596802,8218910,B
1529740051,6232138,A
2061205425,10271789,B
2061199516,8682482,A
2061152628,6275629,A
2060408216,8293875,B
2060523316,9228206,B
2060523316,9228206,B
2060510537,5116742,A
2060726155,8338326,A
2060755668,6417343,B
2060805487,8304762,B
2060601057,8432153,B
2060630803,8003965,B
2060624059,9432591,B
2060618478,6593353,B
2060556016,6775314,B
2060564531,7122179,B
2060578872,9044530,B
2060581341,8025406,C
2060658301,9349072,A
2057700014,8012736,A
2057652873,8326046,C
2057789922,9200020,B
2057728765,9395304,B
2057518162,8019142,B
2057535331,6310271,B
2057533029,9739741,A
2057533029,9739741,A
2057615901,9238776,B
2057577760,6941297,B
2057590986,9353390,A
2057876146,6907070,B
1525297992,9481716,B
1525297992,9481716,B
1526324407,6319716,B
2057157158,6106834,B
2057146319,4707650,B
2057109031,10693566,C
2056993608,7790066,A
2057108096,7101697,B
2057028642,5098868,B
2057019671,5710367,B
2057412674,9697587,B
2057418924,9234026,A
2057378244,9370562,A
2057393406,9688962,B
2057487309,9881124,B
2057487309,9881124,B
2057454230,4719632,A
2057452839,7034143,B
2057275295,10599993,B
2057275045,10168667,A
2057363045,6808926,B
2057348737,8629334,B
2057300394,8507230,A
2057320467,7521593,C
2057315247,6063575,B
2057318251,6011626,A
2057315382,9817375,B
2057315382,9817375,B
2057915334,10209330,A
2058814740,9753959,B
2058787058,9240669,B
2058798829,9598491,B
2058798829,9598491,B
2058902088,5374506,A
2058873998,6979563,B
2058877670,8343260,B
2058856955,7978386,B
2058649893,8540968,B
2058676387,6033671,B
2058620780,7514240,B
2058628090,7888372,B
2058734972,9862932,A
2058734972,9862932,A
2058763135,9395364,B
2058763135,9395364,B
2058719786,9150498,A
2059128083,10646521,B
2059153497,6461844,B
2058990620,7501398,A
2059013371,7075658,B
2059048845,10280506,B
2059068649,8848068,B
2059018615,9664619,C
2059018615,9664619,C
2059023974,5039667,A
2058221812,6274359,B
2058251382,4194139,B
2058158876,8676023,A
2057959593,7876901,B
2057934391,7214857,B
2057916567,8604002,B
2057916567,8604002,B
2057924354,7768362,A
2057937527,8993287,B
2058060663,9954623,B
2058052926,6313285,A
2058088551,8980286,B
2058042075,6558951,B
2058026156,7659119,A
2058588056,6911524,A
2058586789,7009773,B
2058527388,8841415,B
2058423241,8958608,B
2058301861,9969989,B
2058301861,9969989,A
2058317699,5827580,B
2058382187,5468088,B
2058346833,6617131,B
2058339380,9125625,B
2163107482,7129891,A
2163107107,6657785,B
2163053334,9556281,C
2163134721,7341840,B
2163165016,7579453,C
2162852252,6474159,A
2162966208,7202063,B
2162960852,6197556,C
2163420495,8360986,B
2163453204,5824316,B
2163456630,7179886,A
2163438849,10508133,B
2163226755,5523555,B
2163332402,5631469,A
2163354764,7662770,B
2163350197,7897637,B
2163267480,6475480,B
2163541326,5761388,A
2162356386,5240913,A
2162440450,11206990,B
2162170222,9499627,A
2162147891,9212055,B
2162147642,6613510,B
2162123587,6703382,B
2162469646,8866340,B
2162749815,10292390,B
2162688299,8218836,B
2162815565,7041473,A
2162815565,6867018,B
2162815565,6797487,B
2162815565,6737510,B
2162815565,6420534,B
2162778008,10590456,B
2162764803,7033991,A
2162802735,10744199,B
2162799160,9291616,B
2162807572,8507206,B
2162807448,8569573,A
2162550634,7320881,A
2162546635,8147840,B
2162642438,10047405,A
2162569595,6151009,C
2162566384,8498140,A
2162596480,9339485,B
2164361535,7493243,A
2164386968,10238694,B
2164379828,7262917,A
2164502083,7994127,B
2164469730,10712349,B
2164261756,10085662,A
2164783703,8809230,A
2164782492,8663926,C
2164781545,7881874,B
2164826784,7785874,A
2164824977,6915496,A
2164718823,7327302,B
2164738160,6344180,A
2164744416,9493539,B
2164744416,8198401,B
2164878150,9119834,C
2164863259,6780618,A
2164627569,8506959,B
2164678995,6246473,B
2164679484,6033883,B
2164678995,6419801,B
2164678995,6275740,B
2164678995,6269278,B
2164678995,6261470,A
2164678995,6254717,B
2164678995,6223755,B
2164678995,6221679,B
2164678995,6192826,B
2164678995,6169933,B
2164678995,6157447,B
2164678995,6134005,B
2164678995,6132577,B
2164678995,6123983,B
2164678995,6090302,B
2164678995,6077386,B
2164676096,7582809,B
2163825189,8093053,B
2163848048,8608801,B
2163833222,8354377,A
2163806184,9534041,B
2163786480,8401330,A
2163920027,5591768,A
2163856818,7548011,C
2163610852,6252040,A
2163598864,6218103,B
2163597489,7904457,A
2163636666,9994813,B
2163741243,5994116,A
2163710163,7572616,A
2163720652,7883893,B
1634675773,5707864,B
1635025379,9853573,B
1637214902,10959447,B
2164018689,8678539,A
2163987965,6345287,B
2163987939,9042606,A
2163987939,9042606,B
2164040301,5517122,A
2164091580,9529001,B
1633805695,8180786,B
1634277956,7805313,B
1634134686,8835909,B
1634134686,8835909,B
2164103310,8703811,A
2164053775,9429582,B
2160365756,9764015,A
2160490375,9018438,B
2160437131,6180408,A
2160456797,7302137,A
2160451035,7457477,B
2160192435,8595194,A
2160227335,9107267,A
2160227335,9107267,B
2160281049,8392107,A
2160697936,8603994,A
2160775673,8216340,B
2160773362,8953684,B
2160555868,8569579,A
2160557488,6832370,A
2160647546,8394589,B
2160624808,8462987,A
2160633441,9687199,C
2160633441,9687199,C
2160565454,7888010,B
1624708111,6442295,A
1623690848,8163203,B
1625379370,7251768,B
2159651329,9296730,B
2159548253,7342414,A
2159562655,10231383,C
2160064107,8588931,A
2160066414,7564459,A
2160078130,8326329,B
2160153675,10519441,B
2160148399,8552256,A
2160139168,8639922,A
2159916488,8178339,A
2159838424,8792714,B
2159865753,9028840,A
2159865753,9028840,A
2159974629,10436650,A
2159964828,9073863,A
2159964828,9073863,A
2161816485,7238491,C
2161845665,9006200,B
2161779477,6699658,B
2161779477,6300065,B
2161891800,7921003,B
2161872417,7262033,B
2161636006,7402703,A
2161622561,8673649,B
2161617337,6951754,B
2161723231,7272192,A
2161694144,9999665,C
2161920392,10053531,A
1632920654,11298069,B
2161973767,6517843,B
2162053082,8324988,A
2162048190,6930059,B
2162057111,8298769,B
2161921805,9236633,B
1630076302,5424398,B
2160970651,8691612,B
2161117162,6589944,B
2161117162,6337350,A
2161115679,6423507,B
2161160446,8351649,A
2161159345,8772029,B
2161170362,10676756,B
2161047548,8204725,A
2161093993,10647738,A
2160873117,5567638,A
2160808472,9138470,B
2160947862,9376497,B
2160961804,10052497,B
2160898683,6753411,C
2160891647,7060868,A
2161397885,8676511,B
2161536695,7869526,B
2161550759,9249095,C
2161549806,6451583,B
2161519868,7868222,B
2161522256,10814147,B
2161478626,10169685,A
2161508739,7403642,A
2161370512,7883846,B
2161252328,7212652,B
2161214158,8913742,B
2161324035,8900840,A
2161324035,8900840,A
2161333596,8552166,B
2161333596,8552166,B
2161332314,9099601,B
2161331834,6221594,B
2161310377,8028050,A
2168029077,10570455,B
2168024327,10173006,A
2168059482,8512988,B
2167979278,5013133,B
2167989424,9476097,B
2167974691,5580760,A
2168000676,6558922,B
2168017639,7563427,A
2168095881,9190734,A
2167845320,9757379,B
2167884977,6808922,A
2167821328,6395534,B
2167838086,8656342,A
2167839024,6818633,B
2167830353,8762070,A
2167924668,9593334,B
2167889111,8178331,C
2167903265,5882905,A
2168302341,6355690,A
2168285998,6192086,A
1648799423,6996173,A
1647075334,6506559,B
1647965853,5946683,B
1647710893,6347049,B
2168276180,7473540,B
2168271008,4944038,A
2168248307,9006425,A
2167346862,6080606,B
2167267527,10692977,A
2167282885,8244990,A
2167282885,7395274,C
2167432060,8051072,B
2167396518,9944942,B
2167146581,8407160,C
2167147416,5350672,A
2167146759,6136598,B
2167166330,10772940,B
2167149191,8563281,A
2167155183,9175038,B
2167105834,10266876,B
2167096338,5064257,B
2167113242,8992446,C
2167187823,10175255,C
2167180295,8146058,B
2167179339,7254091,B
2167685735,8809028,B
2167727452,5671336,A
2167727224,6974680,C
2167725004,10633639,B
2167550136,9499629,B
2167466444,9388346,A
2167614869,7105157,B
2167643094,7115413,B
2167625516,8295341,B
2167591270,7609392,A
2169299812,7289668,B
2169304913,7273698,B
2169335085,8288085,B
2169273497,9268092,A
2169406908,7685587,A
2169391994,7027733,B
2169144149,9920135,A
2169069799,8588931,A
2169106050,5679551,B
2169218660,8984661,B
2169222362,10028880,A
2169236009,7544515,A
2169177355,7160683,B
2169198329,7897744,A
2169183821,8324333,A
2169751683,7949921,A
2169756566,8448143,B
2169743337,9020944,A
2169702025,7244584,B
2169693628,8962253,B
2169693628,8962253,B
2169505279,7527797,B
2169514974,10899711,B
2169545078,7691640,B
2169545078,7691640,A
2169550645,10780117,B
2169651008,7672346,B
2169657222,6256328,B
2169560653,9049850,B
2169560653,9049850,A
2168560692,7030062,B
2168569754,7279166,A
2168555635,8498481,A
2168597289,7504255,A
2168600280,9803182,A
2168527030,8310385,A
2168530258,6306099,A
2168656646,9387199,B
2168657969,9543385,A
2168657969,9543385,A
2168613521,6552673,A
2168362821,7966313,A
2168399023,7257563,A
1649930324,6745717,B
2168347591,9233102,B
2168923140,9125863,B
2168888543,9088059,B
2169002078,7810142,A
2168965339,7359539,B
2168964544,9241950,B
2168963874,7985548,B
2168963845,9262406,A
2168741168,10456449,B
2168719276,6330370,B
2168790900,8440167,B
2168818920,6479523,A
2168808677,9824439,B
2168804352,8653329,B
2165787805,9675994,B
2165829799,7095782,B
2165819708,7390636,A
2165826219,8041141,A
2165781226,9127078,B
2165907332,8193205,C
2165844081,7972607,A
2165845406,7652772,A
2165642419,8238672,A
2165659145,9908921,B
2165666205,8600728,B
2165687169,7634406,B
2165671231,9044469,B
2165671231,8835488,B
2165677285,9856225,B
2165703532,6627190,B
2165700999,7986752,A
2165700458,9536201,A
2165700458,9536201,A
2166195202,7410801,A
2166164984,7623687,A
2166184131,4481523,B
2166048515,9207171,B
2166036749,8962247,B
2165954990,11130818,B
2165933546,9340831,A
2165971191,8225666,B
2165116671,6410316,B
2165115072,7174200,B
2165070057,10752912,B
2165198307,4306809,A
2165179339,9995813,A
2165163860,9238841,A
2164899039,9232910,B
2164895073,8691539,A
2165022166,8531330,A
2164982728,8358856,A
2164999446,9410243,B
2165443819,7181398,A
2165479904,6759193,B
2165478440,7352212,B
2165467737,7060677,B
2165416418,6005266,B
2165525499,7550424,B
2165233782,5733893,B
2165230977,4689299,B
2165228015,10155715,B
2165359856,10407672,B
2165350485,7599894,A
2166677203,5367579,A
2166623795,7560530,B
2166643445,7705319,B
2166752823,8124254,B
2166752823,8124254,B
2166739626,7043462,B
2166771065,10288433,B
2166505793,7436772,C
2166420308,5369522,A
2166571334,10398663,A
2166547049,7818551,B
2166540858,9884071,B
2167012352,9751913,A
2166932124,9631018,B
2166932124,9631018,B
2166942601,9057111,B
2166929540,8081755,A
2166947475,7572599,B
2167062879,8926989,A
2167053601,8666471,B
2166821993,8320274,B
2166787798,6718465,B
2166859725,9511131,C
2166363695,9551040,A
2166316427,9918968,B
1643283706,6251835,B
1641547199,7236699,C
1641218312,10437525,A
1642998434,4740467,A
2166286249,9328379,A
2152532388,7969438,A
2152505144,11254933,B
2152584529,9746471,B
2152386071,5590277,B
2152414109,6908763,B
2152408933,5976537,C
2152491655,7958319,B
2152919499,9720330,B
2152923134,9248145,A
2152948220,6189022,A
2152954816,6077313,A
2152673939,7244424,C
2152671961,5832147,A
2152633111,8618073,B
2152761340,7709237,A
2151833588,9188783,A
2151846831,7862829,B
2152197393,10500227,B
2152180074,7112663,B
2152144298,7205924,A
2152258825,7622260,B
2152289968,8148083,B
2152289968,8148083,B
2152257562,6714008,A
2151912690,5459486,A
2151899309,6772117,A
2151898297,6630343,A
2152054208,6458534,B
2151990994,8724624,C
2151984255,11098361,B
2152002992,8318786,B
2153702005,6331660,B
2153737848,9181162,B
2153685871,9005962,B
2153685871,9005962,B
2153673646,10294294,A
2153821484,7760654,B
2153821484,7603460,B
2153801278,8296710,B
2153825747,8283119,B
2153753473,8861086,B
2153747716,8947102,B
1608305252,7181452,A
2153579264,9529003,A
2153583715,8709373,B
1608647889,9083708,A
2154073220,5470733,B
2154066176,6326002,B
2154047492,9603522,B
2154053918,10155222,A
2154149210,10288610,B
2154115569,8024775,A
2154105002,4786593,B
2153910746,8138028,A
2153871811,7205106,B
2153983368,9290782,B
2153222474,8658358,B
2153207204,9123259,B
2153265419,7208265,B
2153254179,8044186,B
2153172839,9926552,B
2153165671,9731032,A
2153326986,6660042,B
2153325569,9164236,B
2153288431,9569699,B
2153041360,8962265,B
2153135109,8228329,A
2153147800,7208161,C
2153114715,8867634,A
2153531471,8041668,A
2153406820,6716600,B
2153406820,6692943,B
2153408936,6772119,A
2153484248,8198069,B
2153478200,9328328,B
2153477671,5583009,B
2153416115,9449225,A
2153456949,7802236,A
2150186686,7048872,B
2150248547,10800968,A
2150269158,6654928,B
2150226037,7151139,A
2150227870,7303917,B
2150210345,7348172,B
2149913551,8853888,A
2149869354,8143681,A
2149895209,10215758,A
2150039545,9950059,A
2150039545,9950059,A
2150055672,10085702,B
2150053749,10829558,B
2150016153,8165999,A
2150560626,8980955,A
2150510224,8396286,A
2150672974,7833533,A
2150674437,7813537,C
2150655309,10376532,B
2150659072,8007804,B
2150656456,7001720,B
2150578222,7358377,B
2150621953,6858709,B
2150612042,10314883,B
2150368001,7455969,A
2150388681,7835822,A
2150319141,9683996,C
2150348642,8268961,B
2150473800,7251603,C
2150490931,8687862,B
2149359360,9279160,B
2149469368,10383916,A
2149451199,6946450,B
2149450490,7916982,B
2149483835,5668988,A
2149450490,7555177,B
2149414166,10808255,B
2149416756,8405379,B
2149436258,7842673,B
2149435663,7501398,A
89674792,4722891,B
87083071,5800814,B
2149303105,7416851,B
2149300253,9224963,B
2149300064,9012153,B
2149300064,9012153,B
2149730913,8892444,C
2149763726,9283389,B
2149763726,9283389,B
2149756345,6809845,B
2149751454,5831864,A
2149696320,5828688,B
2149827273,6789127,B
2149835613,7488394,B
2149848470,7734071,B
2149805957,8673629,A
2149510569,7790187,B
2149654949,7025729,A
2149641630,9983110,B
2149603369,8850574,A
2149597135,7718575,B
2149597507,8633671,B
2149610637,6830920,A
2151431008,8455208,A
2151462182,6252540,B
2151427645,10316060,B
2151473667,7303752,B
2151476187,9602311,B
2151359866,8611302,A
1605382978,9780985,B
1606759639,6001621,B
1606919752,4808433,B
1606498020,5923782,B
2151746009,8127105,B
2151780554,6307122,B
2151615469,9624502,B
2151615469,9624502,B
2151704876,7550270,A
2151730142,8798377,A
2151718025,8755429,B
2151640189,7312331,A
2151636965,9012162,A
2150865760,9455057,B
2150829466,7473822,A
2150982562,9880165,B
2150955332,5559920,B
2150953051,4199748,B
2150947283,9574015,B
2150947283,9574015,B
2150705960,6174670,B
2150692003,7394947,A
2150781706,7655240,A
2150815514,7388089,B
2150738278,9469878,B
2150766563,7273698,A
2150764734,7598354,B
2150753579,5595866,C
2150749999,6872569,B
2151241561,7611845,B
2151223858,9540646,B
2151223858,9540646,B
2151251040,7538728,A
2151189970,7399977,B
2151310326,9665684,B
2151069458,9777330,B
2151016044,8188563,A
2151045065,8980571,B
2151045902,6853386,A
2151052207,7823215,B
2151149788,6441186,A
2151171807,10239953,B
2151164793,7998739,B
2151090458,7386739,A
2151090559,9420770,B
2151090559,9420770,B
2157892560,9127056,A
2157892560,9127056,A
2157903131,4840816,B
1616161146,9512400,B
2157744971,6304349,B
2157733005,7956807,B
2157724882,6633797,B
2157842992,4553099,B
2157833274,8795964,B
2157855883,5994115,A
2157787916,8277819,B
2158067829,6381053,A
2158086631,9476098,A
2158088874,8457900,B
2158161694,7745693,B
2158206794,8367333,B
1618001767,7166448,A
1617647019,8147562,B
1617724914,10178756,B
1618608923,5543498,B
2158023121,7112663,C
2158031413,7750633,B
2158019319,11241655,B
2157963818,8652827,B
2157955053,7647220,A
2157977273,8073549,B
2157135427,7820793,A
2157125891,7858590,B
2157177210,7257085,A
2157085489,6921535,B
2157224906,8911940,B
2157195033,8352194,B
2157216919,11160458,B
2156941821,6027899,B
2156929671,8188563,A
2156886862,6174501,C
2157058776,8399383,B
2157035009,5969524,A
2157079370,7715928,B
2157070455,11000520,B
2157505099,7218190,B
2157492758,7972770,B
2157502851,6226418,B
2157540270,9661299,A
2157526854,10084124,B
2157669002,9540439,B
2157603089,8486391,B
2157631793,7470430,B
2157276749,8116391,B
2157312680,6852907,B
2157451466,7611868,A
2157434053,10086061,C
2157438672,10485255,B
2157472632,8272056,A
2157476995,6933365,B
2157394658,10114023,C
2159094759,10092645,B
2159073550,8249316,B
2159133324,5994292,A
2158872707,9428731,A
2158850252,7943357,B
2158837806,8545888,B
2158838322,7635673,B
2158964347,6579974,A
2158979830,10541046,A
2158925892,8053556,B
2158905481,6384826,A
2158942980,6936458,B
2159435711,9765345,B
2159438055,7759106,A
2159377712,8921655,A
2159398380,10590403,B
2159402281,7585643,A
2159493388,6911308,A
2159269304,9441255,B
2159242046,8163709,B
2159193724,8604174,A
2159216649,8861356,B
2159345390,9139625,C
2159345390,9139625,C
2158419925,9169355,B
2158417770,11160458,A
2158451848,7075493,B
2158463772,5910482,B
2158500759,8623353,A
2158263882,7174044,A
2158261678,7733562,B
2158258345,9885015,A
2158258345,9885015,B
2158274143,4784948,B
2158294902,9708664,B
2158281384,7455843,A
2158237675,5623568,B
2158233796,9494591,B
2158346543,10604543,B
2158312570,5806029,B
2158326572,7033772,B
2158335912,6916610,B
2158683023,8155938,A
2158721036,8158595,A
2158795061,8001405,B
2158723247,9818607,A
2158776862,7463712,A
2158622349,8571214,A
2158622957,6368594,B
2158628029,6329628,A
2158570043,5806027,A
2158588521,6600830,A
2158600706,8595480,A
2155209772,8892625,A
2155237417,9446113,B
2155022431,9738709,B
2154944835,8267865,A
2155068268,9517261,B
2155502547,8908638,B
2155593846,10564160,B
2155508779,5752241,B
2155540986,7779009,B
2155524666,9454962,B
2155323589,6946133,B
2155309157,5846768,B
2155277883,6544517,B
2155394810,8006150,A
2155416917,6366884,B
2155419928,7539663,A
2155419301,8391548,B
2154423000,7790383,A
2154455745,8637506,B
2154360214,9139638,B
2154360214,9139638,B
2154367406,8787203,A
2154382259,10103057,C
2154521730,9279011,B
2154543102,8216526,A
2154496845,5773278,B
2154195838,7815918,B
2154329712,6410300,B
2154321679,8481054,C
2154256231,6801356,B
2154312202,7354710,B
2154312202,7354710,B
2154293914,9412727,A
2154818210,6385454,A
2154765648,5994108,B
2154774779,9683268,B
2154781427,7371533,B
2154906423,6519282,B
2154919411,9992471,B
2154892242,6403306,B
2154607131,6911637,B
2154593367,8883014,A
2156280917,5121453,B
2156246407,9924923,C
2156263973,10741863,B
2156364191,8787852,A
2156725745,8698899,A
2156698992,7712080,B
2156613209,6420149,B
2156643487,6391567,B
2156633474,5454377,B
2156570843,8892208,B
2156661315,7782787,B
2156654543,8822661,B
1611849347,10107883,A
1612939159,7678503,B
2155728979,6651010,A
2155733789,9834754,B
2156097955,6529861,A
2156049013,8073630,B
2156173431,9246842,B
2156167738,8232058,B
2156144879,8642277,B
2156140279,9017661,B
2155882858,7491866,B
2155877895,8508132,A
2156009291,8515758,A
2155943302,10471699,B
2155951093,5447851,B
1722555722,10279170,B
2343495497,10982286,B
2343542763,11125227,B
1731073298,6475718,B
2343342290,10409220,B
2343195587,7381542,B
2342683208,10280197,A
2342710380,10752876,B
2342698913,10557042,B
2342740611,10287585,A
2342741654,10858706,A
2343068321,11397741,C
2342104347,10403007,B
2341909854,10229212,A
2342124050,5429923,B
2342159388,10925543,B
1711294379,7482436,A
1713499638,8507890,B
2347186599,10525060,B
2348403352,9966656,B
2354029907,11014834,A
2351861838,10668017,B
2346830803,11135280,B
2346938619,10424894,B
2346751707,11286501,B
2346744210,10983112,B
2346781166,10172362,A
2372557991,10805075,A
2368013889,11357862,A
2375319127,10032950,A
2358913542,10090910,B
2356450261,7521181,B
2366735616,11147502,B
2346266138,10591462,B
2346264816,10106861,B
2344763581,10087547,A
2344833400,10487446,B
2345043933,10634557,B
2344328023,10235606,A
2346227371,11065272,B
2345911841,11479805,B
2345914382,10988514,A
2345461271,11459597,A
2335996666,10386288,C
2336039551,9717438,B
2336039551,10194821,C
2335837029,10830758,B
2336243811,10682314,B
2336141395,10478818,B
2336161240,9636664,B
2336161240,9636664,B
2335699992,9303075,A
2335690990,10584319,C
2335638724,9895454,A
2335733486,9469773,A
2335766382,11001581,A
2337018380,10254250,B
2336849334,10253131,A
2337332253,4140761,B
2336517269,11002679,B
2336349608,11229712,B
2336828812,10167457,A
2336828812,11214780,A
2336737201,10954527,B
2335073407,5579774,B
2334807853,10752590,B
2335469511,6285968,A
2335501205,9530535,B
2335540407,7608269,B
2335205378,9627633,B
2335193893,10130708,B
2335328623,11185067,B
2335353069,9727677,A
2335353069,9659120,A
2340271797,10973433,A
2340645620,10991517,B
2340640658,10238701,A
2339984594,10137189,B
2339784500,10265315,B
2341896804,9958362,B
2341896391,10218418,A
2340954483,11010687,B
2341289363,10385336,B
2338241584,10329262,B
2338509281,10642652,B
2337475816,7521063,B
2337865551,11627691,B
2337663708,11279643,A
2403211866,10212185,C
2404854754,9279810,B
2404196815,9881630,A
2404196815,9881630,A
2404269771,5225540,A
2401400448,11474105,B
2401334874,10905749,B
2402308125,5591629,B
2401859490,10710070,A
2407697950,10533997,B
2407760237,10138481,C
2407152758,10739111,B
1738338042,5804413,C
1734175804,9198891,A
2405659553,10837130,A
2405000242,6156316,B
2406725268,10309879,A
2406962855,9758781,B
2406962855,9758781,B
2395973888,10370488,A
2397072110,10662446,C
2396813794,10336815,B
2396844848,10634803,B
2393387183,8057795,B
2394566891,11034933,C
2394868049,9980055,B
2383005638,10402289,A
2391020986,10385893,C
2395089617,10267736,A
2394995010,11013795,B
2395270687,10512904,B
2395306488,10367144,A
2399872800,9440934,A
2399939467,10744449,B
2400122764,10364471,B
2399329612,5428039,A
2400803738,7422883,B
2400857699,10544228,B
2400238434,7487050,B
2397851084,10278002,B
2398268898,11129851,B
2398151908,10413226,A
2397309860,10633623,A
2397655928,10222324,B
2399227976,10563226,B
2325182701,4092425,C
2324880813,9868752,B
2325739279,8996195,A
2325911851,9127267,A
2325398706,10475346,A
2325350928,9443632,A
2324129405,11135586,A
2324074064,10605810,B
2324283757,8846974,B
2324181667,9809694,A
2323891262,8716304,A
2323895497,9353089,A
2324554402,9611146,A
1687775674,5698764,B
2326962677,10023889,A
1688381890,5741689,B
1700821190,6051552,B
2326291108,9691998,B
2326065432,10525472,B
2326748211,10577395,B
2326751431,10504625,B
2326672917,9882222,B
2326672917,9882222,B
2326529942,9847487,B
2326475761,9983206,B
2321372803,9950986,B
2321372803,9950986,B
2321033437,10463688,B
2320971929,9950082,B
2320971929,9950082,B
2320970146,5429923,B
2321100100,8883676,B
2321691486,9512155,A
2321823181,9416456,A
2321814696,6086902,B
2321771552,10301621,B
2321494747,10987431,A
2321442794,10472670,B
2321577685,10534005,B
2321575858,9272994,B
2321503226,6150120,B
2321503226,6027902,A
2320251714,10072048,C
2320050688,9863048,B
2320103404,6627401,B
2320759818,5856127,B
2320517364,9676680,B
2320517364,9676680,B
2320668455,9347143,B
2320549943,9777313,B
2322965718,9737205,A
2323096163,9074098,B
2323075242,9285319,B
2323075242,9285319,B
2323644426,9672271,A
2323635624,8875485,B
2323750896,10416068,A
2323438700,10774099,B
2323488049,10350329,B
2323570170,11491227,B
2322277282,9714173,B
2322330773,9901636,B
2321941382,9194802,B
2322078153,9133245,A
2322493426,11028367,B
2331861054,10544191,B
2331956320,9597674,B
2331976727,10078082,B
2331595641,9563964,C
2331621354,6297154,C
2331529572,10765748,B
2331722871,9006452,A
2332327801,9902623,B
2332327801,9902623,B
2332529623,9388498,B
2332528120,10556926,A
2332124813,10006166,A
2332117081,10059596,B
2332011590,6864066,B
2330785784,6114112,B
2331178818,11047009,B
2331458239,10577395,A
2331049146,9630161,B
2331049146,9630161,B
2331097088,8537638,A
2333966473,8993793,A
2333966473,8993793,B
2333946045,9255008,B
2334018297,7258687,C
2334115475,8941828,B
2334054897,8880380,B
2334160756,11617804,B
2333651890,8815707,A
2333783772,4663167,B
2333710818,10065154,C
2334509136,6307036,A
2334498296,10103057,A
2334494964,8501484,B
2334595755,9776895,B
2334595755,9776895,C
2333551459,9938157,B
2333551459,9938157,B
2332943728,6544972,B
2332905381,9527872,A
2332805685,10208033,B
2333378961,9101093,A
2333349394,6114112,B
2333524490,9206209,B
2333172915,9995761,A
2333172915,9651477,B
2328051227,10099967,A
2328073532,10247523,A
2327797296,9676771,B
2328247076,9562927,B
2328282773,10316432,A
2328402075,9527041,B
2327077105,9077869,B
2327160388,10648918,C
1705982290,11624053,A
1709736778,7208161,B
1709107675,10835955,B
2327291427,10207013,B
2329793605,8920981,B
2330010152,10031138,C
2329963727,10352891,B
2329759883,6082635,A
2330451514,11371996,A
2330543728,9708351,A
2330490140,10145669,B
2330527528,10738134,B
2330058553,10647733,C
2330058553,10118169,B
2330270720,10113130,A
2330312270,10035841,B
2330248224,5958892,B
2328933502,8866542,A
2328907563,8695350,A
2328889142,10358470,B
2328965931,10208033,B
2328876383,9409141,B
2329066638,10287332,A
2329166030,9315531,C
2329155900,10551999,C
2329155900,10277645,B
2473938606,10253370,B
2474282698,10410380,A
2473468364,10821160,B
2473538519,11253511,B
2473668207,11286531,A
2473644042,10397829,B
2474930182,5417987,C
2474924864,11202840,B
2474894284,10770239,B
2474793623,11473104,A
1761516993,6621884,B
1759226048,11673125,C
1765472003,9271123,A
1765472003,9253608,B
1765472003,9185529,B
1765618892,4328209,C
1766217355,9121044,B
1762837646,10182097,A
2480544051,11738087,B
2479828741,11477981,B
2478712512,11249071,B
2479276668,10955407,A
2481008554,10126652,A
2476887811,11135186,B
2477344106,9969998,B
2477344106,9969998,B
2478137169,10197715,B
2466277437,10062392,B
2466915948,10323243,A
2466892528,11244742,A
2465745391,10733791,B
2465995582,10493172,A
2468065543,11199533,A
2468115520,10550487,B
2467052508,10806739,A
2467473356,10899699,B
2463750678,7647092,B
2463961321,11103613,B
2463475606,10864210,B
2463183759,10522732,B
2464893849,10266503,B
2464716238,11041147,A
2471494121,11168347,B
2471742689,10391480,B
2470889211,10171638,A
2471041275,5318891,B
2473043255,10163932,B
2472848919,9823174,A
2472898939,11390835,A
2473215322,9845334,A
2473215322,10508233,B
2472200183,10335045,A
2472126777,9759709,B
2472559782,11021760,A
2472573833,11124553,B
2472582738,10364457,B
2468966126,10016432,B
2468959534,10683277,B
2468522711,9884888,A
2470435301,10876210,B
2507833553,10103974,A
2507769150,10232342,A
2507537088,10807960,B
2507645096,10654898,A
2508248075,10842861,B
2507979412,10602416,B
2508073957,10538579,B
2508027063,10383849,B
2507318226,10729738,B
2509523536,11339361,B
2509637163,9676737,B
2510122239,9969828,A
2509957310,11259704,B
2509938835,10881322,B
2509851538,10363299,B
2508798274,10787646,B
2509124212,10865336,B
2509089751,10135540,B
2503597067,10611801,B
2504013739,10331700,B
2504074192,11220689,B
2503986998,10596257,A
2503867515,10190058,B
2505636029,10096088,A
2504631516,10480009,B
2505222127,11414489,B
2505308776,10980744,B
2514622527,10685434,A
2513825140,10792857,B
2516592316,11274126,B
2516196978,10915672,A
2516853624,10534057,C
2516667080,10609057,B
2515466408,10421783,A
2516006429,9657660,B
2516083370,11278608,A
2511310589,10407343,A
2511324585,10610857,A
2511675459,9354180,B
2510335982,9868870,B
2510876866,10961338,B
2511023170,9639777,A
2511023170,10248884,A
2512670873,10322937,B
2511866649,11213512,B
2513328261,10953393,B
2513308195,9862696,B
2513308195,10392360,B
2513056697,11013803,A
2512201854,10457646,C
2489748048,11021854,A
2488160447,11367824,B
2488532204,11278608,B
2488532038,11066711,B
2492172102,10195175,A
2490764824,10420845,B
2485847574,9830506,B
2486068312,11124785,A
2497700444,11246853,B
2497871723,10704052,B
2501160820,10702197,B
2501155544,11149253,A
2499492956,10526417,B
2500103949,10424804,A
2493146871,11834494,B
2496218001,11065616,A
2496438474,10568870,B
2495437202,10345572,B
2495308702,6919062,A
2495556799,10338205,A
2413704286,10111722,B
2413526631,9309537,B
2413526631,9309537,B
2414235588,10117871,B
2412087944,10953393,B
2412314700,11235050,B
2412911046,10544197,B
2412707253,5198356,A
2416036494,10474690,B
2416130666,10436815,A
2416458263,10838192,B
2416704236,11452746,B
2415067039,9498539,B
2409564029,10174161,B
2409275160,9285370,B
2409492078,10550435,A
1746408125,10329481,A
1748306974,7803565,B
1740517800,7582680,B
1740109327,5180813,B
1742837665,9733179,B
1742837665,9733179,B
2408289839,10019438,A
2408286054,10467389,A
2411356063,10300073,B
2411347060,10078144,A
2411377232,10618914,A
2410886778,5407912,B
2410979882,11318139,B
2411747436,10914740,A
2411671330,10117948,B
2409761064,11162945,B
2410418118,9624191,B
2432000892,9924073,B
2431688277,11219645,B
2433250457,11298424,B
2436450428,10279044,B
2434153183,8244519,A
2424315767,10926000,B
2423271305,10322112,C
2429863584,10744488,A
2460657278,10424065,A
2460795238,10444199,B
2460158876,10262448,B
2460290347,10100082,A
2460430319,10040784,A
2461565061,11243217,B
2461426253,10060862,A
2461400034,10177271,B
2438086435,10910473,A
2438720760,9830558,A
2438469597,10072022,B
2441183395,10233234,B
2442323289,10540967,C
1750728818,10639350,B
2418175002,9938149,B
1752560369,10338526,B
2417099649,10478800,A
2417139914,10647581,B
2416959334,9960599,A
2417489909,10195022,B
2417477528,10515400,A
2419090480,10792275,A
2420685474,10604801,A
2419455054,9962686,B
1755257910,5894987,A
1755636270,8565435,C
2418597951,10604759,A
2418317631,5561070,B
1758518275,11702672,C
1758692241,9253740,A
2182404781,9986723,A
2182277827,6650919,B
2183950487,10057103,B
2183410113,10067909,B
2180566880,10149635,A
2180035969,7094576,C
2180122327,10175195,B
2180293476,11007154,B
2181984518,8790711,C
2181984518,8784896,C
2181984518,8685462,C
2181984518,8501241,C
2181042732,9507367,B
2181289826,11156599,B
2181129638,10724100,B
2186211270,9899516,A
2186211270,9899516,A
2186225955,11305002,B
2186440040,10578569,A
2187529641,10158682,B
2187031771,9753484,B
2184128003,5055159,B
2184268845,10362488,B
2175435732,7332611,A
2175404699,10739355,B
1659675654,6303016,A
1657827244,6432640,B
1658047882,6420335,B
2174044665,7065730,B
2174730790,10449221,B
2174590326,7271002,A
2174424607,7711402,B
2178739311,10070055,A
2177654551,9952227,B
2177654551,9952227,B
2179664742,10309880,C
2178973010,10304980,A
2178952939,10863217,B
2179080532,10442839,B
2176272660,10072046,A
2177166675,10963581,C
2177029630,5314726,B
2177131744,7080055,B
2177563328,4611915,A
2177434887,7595049,B
2176944720,7438915,C
2176920605,11617356,A
2176691344,4870159,B
2215544070,10611812,B
2215717357,10301597,A
2214297619,11434264,B
2214723459,4158049,C
2217027283,9546191,A
2210107001,10865336,B
2210413207,10786579,B
2209535620,10377991,A
2208347620,10646588,B
2209464357,11693017,A
2212434119,10458980,A
2213321155,7218105,B
2213111151,10858704,B
2220228867,11113084,A
2218874441,9983397,C
2218874441,10652444,C
2218692642,10597547,A
1665938856,6974671,B
1666602942,6509070,B
2218439814,10079189,B
1667658477,6935167,A
1667567520,10814032,C
2192043288,9994823,B
2191632257,11434264,B
2191976225,10858627,B
2191898358,10662191,B
2189367347,10675345,B
2195247981,11047855,B
2196496684,9995628,B
2193366185,11357827,B
2193704989,10188992,C
2192838961,10821195,A
2193225046,10889866,B
2194848886,9648876,A
2189131555,9946767,A
2202888892,10082506,B
2202603680,10851365,B
2207846996,10538762,B
2207662563,10045728,A
2198871676,9944940,A
2198735889,10234411,B
2198461543,10479999,B
2200922854,10626149,A
2201276240,9571270,A
2201276240,9571270,A
2199913863,11022601,B
1657210060,9131949,B
1653566113,7109019,A
1653248657,5638823,B
1651738511,7807370,B
1653019055,6903244,B
1656333297,10733661,B
1656333297,10318907,B
2170810106,10538818,B
2170855237,7779006,C
2170855588,9677056,B
2170855588,9677056,B
2170898277,5267021,A
2170561779,10344047,B
2170727349,7858770,B
2170758538,6842000,B
2170091567,6686921,B
2170079686,7704716,A
2169991758,7674608,B
2170037364,8331739,A
2170102584,6839560,A
2169880855,9932621,B
2169854732,7797603,B
2169854732,7647540,B
2169988628,9902713,B
2170468505,10196691,A
2170476006,5594328,B
2170411554,9223810,A
2170442815,9203207,A
2170431286,8674071,A
2170514420,9662174,B
2170492385,7216018,A
2170259515,6594808,B
2170252526,8349579,A
2170283157,5536497,B
2170234851,6225532,B
2170243611,7079956,B
2170232101,8476024,B
2170306797,8628912,B
2171952424,7039546,B
2171973865,7371527,B
2172058749,8767835,A
2172050068,4881234,B
2172016549,8178297,C
2171812329,8700338,A
2171812329,10131947,C
2171847332,9644042,B
2171829791,8460647,B
2171932934,10478491,B
2171880812,8722878,A
2171866452,6438398,B
2171891929,5686601,A
2172501404,10900027,B
2172390093,7635703,B
2172245049,6301049,A
2172262465,6103872,A
2172268285,9517257,B
2173125443,9682060,A
2172755583,7759331,B
2172926550,5867297,C
2172121343,9051359,C
2172110238,8886331,B
2172239823,8159295,A
2172191413,8239140,B
2171226149,8283114,B
2171346315,11279926,A
2171342967,8921108,A
2171264569,10596237,B
2171263217,6110750,A
2171268838,7056735,B
2171306031,4589736,B
2171292320,9334275,B
2171297427,7565346,C
2171042359,9803292,A
2171039193,9329190,B
2171125533,7162485,A
2171135463,6441276,C
2171151647,7239805,C
2171161334,8226929,B
2171089839,8799438,A
2171074396,8639069,C
2171602081,5469479,A
2171544123,8623651,B
2171574715,7400732,B
2171570549,8642791,B
2171717653,6673840,B
2171749496,8478748,B
2171749496,8478748,B
2171757354,5721348,A
2171666000,9332770,B
2171666383,7667114,B
2171426009,8748091,B
2171367630,6589752,A
2171445065,8280877,A
2171460421,9670495,A
2171460421,9670495,A
2302021427,10208098,A
2302385053,11170302,A
2302430074,10664249,A
2300802354,8797532,B
2301078099,10023809,A
2300971307,10961503,A
2301485043,10215821,A
2305948467,5939254,A
2304374703,11360097,B
2304151032,10304604,B
2297169127,10640774,B
2297205079,10598682,A
2297033705,11326196,B
2297480719,10022327,B
2297375584,10400119,C
2300507085,10906169,B
2298611000,10639280,B
2298515442,11790597,B
2299181842,10744116,B
2312571686,9376461,B
2312571686,9376461,B
2312266525,8471199,B
2312367806,9567432,B
2312367806,9567432,B
2312677183,9833174,B
2312605775,11167006,B
2312656853,9540546,B
2312656853,9540546,B
2312897384,10351958,A
2308136332,11420922,B
2309539461,10128341,B
2306994132,10105455,B
2307964423,10137189,B
2310976863,11035850,B
2290886880,10714272,C
2290661108,9873673,B
2290607482,10937978,B
2291070371,8627483,A
2290989786,10760893,A
2289739609,9583650,B
2290004719,10666380,B
2292416504,10519443,A
2292580866,9748430,B
2292469280,11097130,A
2292523963,10599700,A
2291623144,10467474,A
2291957660,9644007,A
2291766606,10726532,B
2285916053,6849454,B
2286057204,9925160,B
2286053108,10207919,B
2288998254,9963346,A
2289580824,10167196,B
2289495393,10746736,B
2288332990,10228284,B
2288076324,10162857,A
2288761599,9748430,A
2295581249,9710925,B
2295580495,10126558,A
2294772914,9878305,B
2294690275,10849974,A
2295186412,10800874,A
2295098825,10023777,B
2296748806,10537403,B
2296558066,5219729,A
2296635170,10271905,B
2295954653,10787666,B
2296171931,10835873,B
2296058748,11141410,B
2293433220,11066641,B
2293378764,7212197,A
2293646973,11092608,B
2293546752,8930365,A
2293277594,10528687,B
2294477548,10544265,A
2294556465,10947267,A
2293879246,11013753,B
2293881818,9454460,A
2293703294,7636128,A
2293968535,9600231,A
2293968535,9600231,A
2317524704,10099993,B
2317473879,10788499,A
2317647611,9741945,B
2317644227,10544191,B
2317418395,9988434,A
2318002866,10294416,C
2317857706,8008333,B
2317857706,8008333,B
2317936361,10653803,A
2316746470,10086331,A
2316745777,11169138,B
2316721490,8886283,B
2316932871,9249023,B
2316990808,9677999,A
2319514008,7374935,B
2319430767,9895714,C
2319655491,4335107,A
2319638030,10251550,B
2319640681,9725786,B
2319765040,8700233,A
2319756452,10105380,B
2318408757,9448316,A
2318213864,9533887,B
2318213864,9533887,B
2319065582,10214609,A
2319202377,10396808,A
2319100232,9777041,B
1677482006,6914396,A
1677482006,6617810,A
1678377825,4956844,B
2314288050,8132443,B
1677149932,10832374,A
1677286384,7771880,B
1677149932,10832375,B
1681998518,5256534,B
1681983208,5211923,B
1679977058,6992639,A
2313106728,8695350,B
2313350272,8946113,B
2313350272,8946113,B
2313371282,10647733,B
2313291334,6783972,B
2313994460,5034515,B
2313991536,10017794,A
2315713965,9329191,A
2315794948,8399939,B
2315494151,5641656,B
2315476283,10830851,A
2315447499,10635924,A
2315523562,6468983,B
2316306375,10069095,B
2315962431,8993766,A
2315972969,9359394,A
2314762075,9079870,A
2314831386,9248202,A
2314831386,9248202,A
2314532096,4618497,B
2315219141,8833175,A
2315195728,9708236,A
2315200117,9751071,A
2315158967,10077242,A
2252611736,11193127,B
2252070015,11062228,A
2253974108,10722250,A
2253803285,8874262,B
2246005346,6258533,A
2246005346,5858671,A
2249003109,8218150,A
2258981719,10961590,A
2259578665,11198850,B
2261623367,11793405,B
2260746044,7460730,B
2261175747,10716519,B
2256054781,10253131,C
2256225531,5972617,B
2255688436,10301624,B
2256502890,8130171,A
2255051461,7541034,B
2254864826,11306308,B
2255004596,10519239,B
2255469197,5834183,B
2255546061,11148389,B
2258077752,10239923,B
2257409067,11639506,A
2230586084,10591478,B
2230281891,10260067,A
2230235534,9968555,A
2230935458,10174221,B
2229124923,11038197,B
2229116671,10852298,A
2233134558,9869648,B
2232009094,10322184,B
2232005825,10739356,A
2231596876,11169155,A
2231831983,5591770,B
2232752356,8442892,A
2223871079,9997644,B
2224498017,11085044,B
2222531233,11339442,B
2222424943,11305038,A
2222724259,11161801,B
2222738577,10000477,B
2226721679,11666580,B
2225806460,10995134,A
2225927091,5162223,B
2242688182,9865404,B
2244684328,7146059,A
2244836606,9441154,B
2236530815,9886190,B
2236787634,10240875,B
2234448540,10912827,B
2234632689,10297413,A
2235876033,10004135,A
2238867838,10303768,B
2238093709,6103879,B
2276785282,10478476,B
2276866860,10953393,B
2276208450,11069888,A
2276184075,6994852,B
2278571582,10499245,A
2278075669,10655158,A
1672623619,9093190,C
1672515113,5919688,A
1676639987,6392024,B
1676593775,5416327,B
1674478883,5591838,B
1675755394,5877176,B
2283220043,8377404,B
2283817508,10903532,A
2282913390,10895528,B
2282972239,10866184,A
2285099499,10654875,A
2285693399,9655077,A
2284944133,10400262,B
2284859533,10684418,B
2280091941,10976705,B
2279983270,10526339,B
2280386000,10627469,A
2280309826,8969036,C
2279123229,11674144,B
2279141420,10260054,B
2279268939,11698378,B
2279227668,10039858,B
2279655243,10901058,B
2282259832,10550364,A
2280912651,10947537,B
2280834194,9980055,B
2280798795,10301719,B
2266570683,10494365,A
2266862177,10479004,C
2265587392,10388888,A
2268270438,9867787,A
2262757894,6156317,B
2262757894,6074645,B
2263161098,10549997,B
2263079359,11627691,B
2262974530,11015226,B
2262204097,7332200,B
2262120394,11045874,B
2261966018,11773448,B
2264448579,5618917,B
2264483710,10786805,B
2264162621,10900964,B
2268604949,10360088,A
2273999031,5837467,B
2274319364,10294213,B
2273130951,5171227,C
1670226482,6723506,A
2270052372,10392665,B
2270337160,10534001,B
2270498673,11065362,B
2269582226,11268153,B
2272296023,9619754,B
2271755367,10053494,B
2271313650,10591474,B
2271308908,11268111,B
2270879391,10301377,B
2271605406,10640550,A
2120864200,6528269,A
2120852824,7605197,A
2120797070,8789092,B
2120797070,8627359,A
2120939533,8777860,B
2120912410,7451415,A
2120649999,7888008,B
2120654454,7168953,A
2120683688,8490049,B
2120595074,5731419,B
2120601101,10724014,B
2120737812,8367055,B
2120693447,8456162,A
2120716743,9621268,A
2120716743,9621268,A
2120712941,7204992,B
2120712941,7204992,B
2121237309,9238149,B
2121156579,10189878,A
2121171016,8492238,B
2121339929,6476957,A
2121336607,10361907,A
2121347018,7595417,B
2121347108,6872523,B
2121250532,8883480,B
2121069121,8402018,B
2121066557,5596742,A
2121054813,7150990,A
2121005435,8144833,A
2121111130,7239396,A
2121150314,5364783,B
2121091193,10087486,B
2120124077,8428957,C
2120124077,8428957,C
2120172812,8945943,B
2120100434,10758209,B
2120085910,8119788,B
2120245614,9730582,A
2120250680,7221455,A
2120279308,10927365,B
2120212141,10869939,B
2119940607,9487757,C
2119930875,9107813,B
2119960238,9017960,B
2119946908,6573432,B
2119888464,7485655,B
2120039085,9852816,B
2120035070,7662595,A
2120008386,8502815,B
2120496959,9109049,B
2120494127,10238755,B
2120492514,6228603,B
2120458733,6843991,B
2120558518,9406132,B
2120533372,5908756,A
2120380902,6683168,B
2120377744,6338859,B
2122090620,8218612,A
2122087792,7257293,A
2122060463,7368285,B
2122165059,7802220,B
2122116331,8787501,A
2122109972,8795629,A
2121946460,7765719,B
2121869329,7103522,A
2122031375,9403781,A
2122056449,10233292,A
2121962198,8117063,A
2121987905,8645115,B
2121965895,9102983,B
2122418911,6226790,B
2122370526,9981043,B
2122383897,10288704,A
2122497259,11147847,B
2122453033,10590393,B
2122447355,9993504,B
2122465970,9089520,A
2122461327,4759928,A
2122266426,6190631,A
2122228330,8870780,B
2122321762,10966381,B
2122314449,7910362,A
2122293981,9150887,A
2122291965,8808612,B
2122296485,8995279,A
2122312238,9834459,B
1583616930,9127282,B
1583616930,9127282,B
2121393355,7974477,B
2121513761,9974846,A
2121457477,5886166,B
2121759027,10204163,A
2121739577,6345279,A
2121701144,6140085,B
2121726340,9117113,A
2121725980,7672786,B
2121819501,5437951,A
2121848648,9601784,B
2121836779,8396788,A
2121841512,9255912,B
2121812495,9458466,A
2121568860,5768307,A
2121605403,11028403,B
2121539092,8987474,B
2121545434,9870871,C
2121647317,6514735,B
2121657437,7170954,A
2118092037,9520110,A
2118092037,9520110,A
2118090703,8200034,B
2118082971,8828657,B
2118176630,8357616,B
2118165982,7534819,A
2118153741,8117288,B
2117929568,7078507,B
2117894736,5742814,B
2117876453,8180766,B
2117884743,7259292,B
2118009486,5495555,B
2117979814,9650447,B
2117975017,9374887,A
2118434577,10133739,A
2118409138,8067209,B
2118468250,6492064,B
2118567854,7745177,B
2118526880,7449311,B
2118522871,6903244,B
2118518474,8808992,B
2118255447,10156043,B
2118245501,8663522,B
2118389662,7737789,A
2118382926,8145669,A
2118300139,7176181,B
2118325805,7213230,B
2117378847,6392089,B
2117386612,8509613,B
2117464520,8187208,A
2117468361,5365528,B
2117467324,10174307,B
2117487426,7739284,B
2117439152,8821402,B
2117227053,9701627,A
1579661048,8111722,B
1579901097,6433494,B
2117259705,10261098,B
2117251208,8601417,B
2117241830,8909967,A
2117272458,9808527,C
2117753040,8048627,B
2117817724,10618819,A
2117802048,9765169,B
2117767097,8153773,A
2117577182,10842749,B
2117562245,10231695,A
2117557092,6310967,A
2117595290,5908748,A
2117681468,6501364,B
2117685065,6777388,B
2119311209,8416400,A
2119309397,8518491,B
2119345877,5973575,A
2119308163,8235231,B
2119278037,8835358,A
2119278037,9315857,A
2119424711,9121806,B
2119423172,7398507,B
1581289874,8389207,B
1581998318,5939429,B
2119727918,8476407,B
2119733834,7256007,B
2119778363,9162294,A
2119784281,9370628,B
2119682332,6009220,A
2119711460,9707289,A
2119835702,8716017,B
2119680857,9074034,A
2119680857,9074034,A
2119596518,8762189,B
2118844383,7659314,B
2118698788,8409888,B
2118713144,7902206,B
2118713144,7612199,B
2118659631,5164727,B
2118646921,9562002,B
2118778308,7953690,B
2118723490,7585623,B
2118763814,6660274,B
2118742923,7405050,C
2119156836,9340762,B
2119156836,9340762,A
2119184329,8606424,A
2119195901,6927320,B
2119190279,9009649,B
2119166977,5778336,A
2119253330,9279139,B
1580438740,7609808,B
1580426270,9717222,B
1580426270,9717222,B
1580300316,6404890,B
2119011303,8019079,A
2119018160,7883870,A
2119037560,5817487,A
2119060770,10081592,A
2118965172,8046317,A
2118994197,10073084,B
2118983001,9434699,B
2125957366,8081816,B
2126003552,7714862,A
2125908928,9205047,B
2126042838,6643279,A
2126014520,8017345,B
2125766915,6489538,B
1587474983,8332645,B
2125792818,9809797,A
2126358662,5453336,A
2126363270,5546209,A
2126294698,8168202,A
2126410803,7031980,A
2126143232,7541898,A
2126147950,9828603,B
2126147950,9828603,B
2126248170,9537112,B
2126248170,9537112,B
2125481488,9336870,B
2125511606,9593344,C
2125511340,7574340,B
2125174779,6118626,B
2125204050,10132798,A
2125276050,9489582,B
2125281751,6798817,A
2125324618,6236738,A
2125341333,10499651,B
2125313416,5763169,A
2125231927,7223844,B
2125256208,6423491,B
1586407854,5364783,B
1586812950,7069287,B
1587084060,7941218,B
2125566337,7790448,B
2125558097,7368430,A
2125579852,9601103,B
2125536646,7018827,A
2125695042,5301683,B
2125692869,7763778,B
2125707784,9554081,B
2125691342,9005968,A
2127399089,6871011,B
2127384727,8691552,B
2127430579,5973575,B
2127237672,9407164,A
2127237672,9407164,A
2127280898,6479255,A
2127287920,6495740,B
2127730755,5930753,A
2127751870,8315958,B
2127702274,9322008,A
2127702274,9322008,A
2127718709,7242793,A
2127827980,7977072,B
2127834952,7994783,B
2127801604,7465549,B
2127559925,7916384,B
2127575841,9797005,A
2127531923,7362969,B
2127649797,8447407,B
2127666911,6956898,B
2127609327,9399666,A
2127630397,6507684,B
2126711569,8158677,B
2126664660,9334560,B
2126677285,5196358,B
2126686227,5411914,B
2126817554,8685660,B
2126787644,8916205,B
2126780067,9683215,B
2126780067,9683215,B
2126471526,5374717,B
2126501440,8799882,B
2126502502,6938484,A
2126615439,5214730,A
2126576871,10370717,B
2126574237,9878296,A
2126598492,9816102,B
2126595119,5874221,A
2126593560,10782295,B
2127073034,10106583,B
2127039746,8888969,A
2127157516,5849571,B
2127180234,8208666,A
2126907894,9311403,C
2126865761,8153773,A
2126845908,9441045,B
2126954122,9312545,B
2126957197,7005270,C
2126958442,10456449,B
2123496769,9764016,B
2123496769,9764016,B
2123500370,10227581,B
2123478003,7601536,A
2123500370,9359599,B
2123430087,7135607,A
2123562763,8043812,A
2123518700,8828981,B
2123280892,8735407,C
2123306028,8323918,B
2123370218,8008018,B
2123375990,10035127,A
2123398097,9068181,A
2123400135,6783943,A
2123369384,7132292,B
2123660543,7555011,A
2123681495,6791410,B
2123738251,7906283,B
2123749084,8329430,A
1584232106,8748386,A
1584396058,8000508,B
1585200975,5580727,A
1585082252,8911733,B
1585390765,5173403,B
1584837735,6962787,B
2122700797,8354884,B
2122673439,9856533,B
2122673439,7504214,B
2122721828,7253339,B
2122710825,7744887,A
2122794487,5652338,B
2122742194,9572497,C
2122762058,7449562,B
2122528641,6331702,A
2122528641,6331702,A
2122586603,9198733,B
2122547513,9778249,A
2123084145,10231383,B
2123031393,4997763,B
2122901568,9804883,A
2122907368,7824685,B
2122893310,8916175,B
2123005444,6365372,B
2122920174,8815231,B
2122932285,6965434,A
2124695272,7787030,B
2124735709,7668588,B
2124803813,9294280,B
2124671339,5053083,B
2124679784,7200630,B
2124649587,8082130,A
2124634096,10900093,B
2124631193,6978425,B
2124665464,8885021,A
2125030782,7929937,B
2125040475,7257711,A
2125105410,7803919,A
2125068279,5679783,A
2124899581,5436992,B
2124860623,5624803,A
2124890511,8962333,B
2124998337,8345990,A
2124944120,6148095,B
2124942935,7081231,A
2124176538,5859050,A
2124173870,5859601,A
2124095578,6163877,A
2124105148,5566078,B
2123793021,9464319,B
2123770984,6885779,A
2123816550,5783412,B
2123909869,8866340,A
2123908500,9157123,A
2124367513,8293244,B
2124387466,8204904,A
2124387466,8204904,A
2124517999,9272018,B
2124521218,8483351,A
2124476970,7707207,A
2124245034,6154572,B
2124262378,10072297,B
2124258497,7314926,B
2124218694,4054627,A
2124344446,4698330,B
2124339485,6387662,B
2124283853,10232039,B
2124314470,9659120,B
2124299377,9072692,A
2124299377,8623924,A
2124299377,8617886,B
2109807852,9368670,B
2109807852,9368670,A
2109929310,10114040,A
2109689694,9627434,B
2109689694,9627434,B
2109628662,8703424,B
2109635530,7359526,A
2109755562,7162402,B
2109753027,9694063,A
2109792315,7274822,B
2109791062,9963486,A
2109791062,9963486,B
2109727894,10562913,A
2109737643,6346732,B
2109748450,10229492,A
2110218499,8062651,B
2110379511,7217526,A
2110374615,9363190,B
2110365094,7575707,B
2110364290,7943357,B
2110276289,8718467,A
2110282218,9610061,B
2110311904,8920791,B
2110309669,6881821,B
2110104287,9307048,B
2110044349,7192755,A
2110121771,7558762,A
2110159545,9465067,B
2110159545,9465067,B
2109176931,7981656,B
2109152856,6885192,B
2109146380,9283299,A
2109138149,9765934,B
2109219878,7577992,A
2109280271,8476419,B
2109182426,8275649,B
2109196821,7754703,C
2108946761,8859532,A
2108921375,7136553,B
2109043396,7668134,A
2109057935,5847102,B
2109004473,6740636,B
2109015027,6936708,B
2109618512,10150841,C
2109546606,8862914,A
2109583860,7541186,A
2109588766,7840053,A
2109383320,6921643,B
2109381127,8103495,B
2109323956,7831090,A
2109285311,7756772,A
2109426336,9618531,A
2109430274,7570074,A
2111234047,8890115,B
2111231008,8012949,B
2111218629,6183715,B
2111208057,6670194,A
2111288248,7511881,B
2111280862,8260067,A
2111277838,6560213,B
2110999048,10428305,A
2111050128,8813043,A
2111037255,7026112,B
2110954768,8420092,B
2110951885,9234885,B
2110977934,9081018,B
2111120246,5858765,A
2111130489,5073486,B
2111607578,8507448,A
2111545927,8548815,A
2111569875,6577785,A
2111731663,10300137,B
2111658605,7588900,B
2111404134,6927286,A
2111390810,6355777,C
2111430686,9051354,A
2111356874,6458362,B
2111363307,9232217,B
2111502615,7013033,B
2111507324,8541755,B
2111456897,8579073,A
2111455996,10738134,B
1573502398,10379189,B
1574040499,6060400,C
2110429104,10472448,A
2110401393,7479482,B
2110534048,8697369,B
2110530327,8668905,B
2110543874,9899877,A
2110474226,9743020,A
2110815409,9902713,B
2110828143,6458929,B
2110784496,8062889,A
2110863828,6093806,B
1574587683,6516306,A
1574631190,6811776,B
2110715605,5389356,B
2110734403,9862991,B
2110730328,8952333,B
2107325876,6723543,A
2107365509,6964866,B
2107366127,6890525,B
2107418859,8119132,A
2107424029,9103727,B
2107445402,8549486,A
2107433260,8883452,A
2107440097,5305235,B
2107407821,7980853,C
2107110875,10711021,B
2107171515,6570893,B
2107171515,6570893,B
2107176425,7579373,B
2107182480,9222142,B
2107632694,7923430,B
2107610392,9696311,B
2107598666,7326782,B
2107615815,7329502,A
2107720194,7998487,B
2107516741,7666817,A
2107520546,8900816,B
2107454306,8501692,B
2107480668,7527932,B
2107587681,10137196,A
2107591486,9147566,B
2107563230,8673319,B
2107577262,8631269,B
2106542322,7820879,A
2106541027,10392629,B
2106545917,9371514,B
2106671957,7920923,A
2106673057,9198934,A
2106586369,9987309,A
2106586369,9987309,A
1493638,5215916,A
5153118,5205871,B
4257239,6023161,B
4215287,8315446,B
2106930808,8530167,B
2106945255,9040233,B
2106950427,8805877,B
2106900139,8625012,A
2106891910,8438189,A
2106903949,8772029,B
2106982413,6291226,C
2106687445,7638297,A
2106846323,8552253,B
1571821840,6957341,B
1572702182,5186933,B
2108514825,5341474,B
2108537085,6055250,B
2108490906,9318946,A
2108584604,8664279,B
2108581465,11002741,A
2108813868,8679888,B
2108777199,8268288,C
2108768863,9737546,B
2108768863,9737546,B
2108869098,7689412,A
2108833512,9417298,B
2108833512,9417298,B
2108607068,6849417,B
2108602909,6271443,A
2108689621,8379485,B
2108728550,7572449,A
2108737159,8237130,B
2108650254,10045499,B
2107983142,5962264,B
2107988377,9334230,B
2108090914,5051647,B
2108091908,8019862,A
2108072797,8741583,B
2108042216,7553656,B
2107752044,6022897,C
2107752044,5939442,C
2107932973,7214859,B
2107916430,7444838,B
2107866138,9107236,A
2107881300,9106650,A
2107880914,6455759,B
2107897128,10633639,B
2107883152,8822540,B
2107889588,7314747,B
2108366666,6858709,B
2108295854,7783962,B
2108321235,5410045,B
2108403352,4461750,B
2108435398,6922054,A
2108422586,7018836,B
2108171903,4511206,A
2108134904,5541060,B
2108119746,8898215,A
2108119746,8898215,A
2115365534,6167438,B
2115342542,7919093,B
2115476193,8420678,A
2115435991,9991512,B
2115415650,5550953,A
2115413409,6416753,B
2115413115,8161438,A
2115157794,7803386,B
2115192631,8344724,B
2115167285,7039546,B
2115118209,9638717,B
2115207187,8030475,A
2115226907,6233550,A
2115211381,9005677,B
2115255831,8460672,A
2115775347,7444515,A
2115704819,8440808,B
2115800975,6916635,B
2115860567,8822420,B
2115805224,5371763,A
2115823593,8620082,B
2115585977,5866323,B
2115588799,9421397,B
2115522776,10624943,B
2115661927,7405868,B
2114800969,4312943,A
2114824072,7388371,A
2114767865,9403893,B
2114914493,9556281,B
2114831533,6955716,B
2114862191,7246335,A
2114605895,8627421,A
2114701076,7635879,B
2114698327,5434952,A
2114738804,8051056,B
2114741940,8530151,B
1578096869,6096514,B
2115021872,7912278,A
2115048931,8685727,B
2115039603,5923687,B
2115041898,7262075,C
2115071709,9914760,C
1576912925,5311600,A
2114985300,9988380,B
2114982844,6724770,A
2115013648,9492500,A
1577422435,4772557,A
1577524453,8503755,A
1577089226,6858135,B
1577223901,4643899,A
2116938310,10290125,A
2116870358,8445941,A
2116850184,4507391,A
2117035911,7006767,A
2117035911,7158722,A
2117027043,9092424,A
2117052877,9122777,B
2117014924,5989513,B
2117013761,7402660,B
2117009494,11390885,A
2116716918,5831621,A
2116653001,8687563,B
2116826431,5936488,B
2116772253,7323337,B
2116769617,5278901,A
1578533568,5706400,B
1579034878,7459022,A
1579174962,8769516,C
2117092114,9193816,B
2117177041,9568377,B
2117154045,8131550,B
2116107077,4924285,B
2116146198,7749700,B
2116145592,8440449,C
2116058337,9200082,B
2116058070,9299880,B
2116058070,9299880,B
2116060427,9952205,B
2116198620,7858756,A
2116236018,11421046,B
2116160028,7211424,A
2116191523,7825085,B
2115944078,7488714,A
2115944078,7494978,B
2115944078,7488716,B
2115944078,7488715,B
2115873364,7034108,A
2115873176,7267975,B
2115870645,9738753,A
2115887269,4987077,B
2116041407,8344233,A
2115969888,8203487,A
2115956491,7601366,B
2116517185,6444439,A
2116461407,8546071,A
2116586125,7220852,B
2116629722,6865526,A
2116616082,8150790,A
2116337084,6068844,B
2116368558,10391081,B
2116375659,6776986,A
2116393805,6850543,A
2112660358,9551721,A
2112660358,9551721,A
2112672837,7166320,A
2112604162,4460503,B
2112777549,9962409,B
2112777549,9962409,B
2112776923,5541912,B
2112699470,9376311,B
2112433316,7620077,B
2112420768,6111577,A
2112391736,9938253,B
2112417191,9048852,B
2112532555,5519840,B
2112542793,7495313,B
2112575953,5771895,A
2112545433,5781702,A
2112544679,7725784,B
2112486185,8671407,A
2112477024,7132648,A
2112876062,9510756,A
2112876062,9510756,B
2112961117,9028258,B
2112961117,9028258,B
2112953952,9575072,B
1575133032,9748837,B
1576171104,10736939,B
1575557365,6442439,B
1575714113,7052915,B
2111999986,7262770,B
2111933279,8619168,C
2111914104,9979972,B
2111914104,9979972,B
2111938041,7047055,A
2112041130,6268214,B
2111902916,10004723,B
2111827258,8954366,C
2111819461,7632822,B
2111819461,7595305,B
2111837579,9970056,B
2111837579,9970056,A
2112259007,10662478,B
2112250215,6175120,B
2112360757,7514415,B
2112325348,8232007,B
2112145198,9157070,B
2112100340,7882121,A
2112203309,5585344,A
2112203058,7472314,B
2112190900,9013430,A
2114025285,8614090,B
2113993299,8168604,B
2113993299,8030292,B
2113993299,8030291,B
2114150205,10198792,A
2114136969,7381958,C
2114040612,9863935,B
2113830858,10106854,B
2113827448,8729059,B
2113795250,7282482,B
2113782547,7160720,B
2113899713,8094118,A
2113938102,9876931,B
2113938102,9531914,B
2113868537,7485455,B
2113870945,8624471,A
2113884154,4990001,B
2114431242,5995255,B
2114429793,9832648,B
2114358919,8071560,B
2114380308,9515310,B
2114374954,10697017,B
2114374600,4411888,A
2114496328,7514219,A
2114476364,7993657,B
2114168449,8580102,B
2114191153,8986933,C
2114324686,7084868,A
2114317863,10779964,B
2113240591,9833174,B
2113247975,8338624,A
2113179714,8492329,A
2113201323,6131181,A
2113330038,8865399,B
2113348668,9291736,B
2113348668,9291736,B
2113321570,8008011,B
2113325900,5133052,A
2113352588,8372436,A
2113052154,5802083,C
2113170011,9005619,B
2113073664,8603491,B
2113071301,8426569,B
2113095977,7169942,B
2113644092,10268523,B
2113569765,7700738,B
2113705643,11124605,A
2113696846,9074993,A
2113471222,8824534,A
2113471558,9701592,B
2113470060,7955796,A
2113401648,7611454,A
2113401648,7204802,A
2113537485,7355033,B
2113535335,8797540,A
2113550962,8470779,B
2142183323,7638481,B
2142223308,8993532,C
2142210663,9846160,B
2142210663,9846160,B
2142137533,7211424,B
2142174774,5531990,B
2142176630,6458319,B
2141927100,9676621,B
2142097475,6376176,B
2142036307,5871997,A
2142049046,7317770,A
2142555588,9759797,A
2142555588,9759797,A
2142514248,8691765,A
2142498662,10072048,B
2142535346,9009530,B
2142640478,8354377,B
2142661102,6415403,B
2142583500,9109212,B
2142630056,7381958,C
2142389038,6545201,B
2142389038,6235975,A
2142320210,9758827,B
2142451577,7093179,B
2142428119,8285766,A
2142473492,7091324,B
2141382475,10111962,B
2141358924,10300065,B
2141527138,8318684,A
2141447199,7596534,A
2141440482,8852861,B
2141128879,8465883,A
2141178521,8501190,B
2141222064,7144723,A
2141251564,7355215,C
2141540383,8140466,A
2141752310,9593347,B
2141888144,9252929,B
2141913030,9664606,B
2141877163,7320857,B
2141870909,8014847,B
2141855734,10202593,A
2141858927,9593981,A
2141618988,9013430,A
2141643419,10093947,B
2141630197,11015225,B
2141581974,6627188,C
2141718183,8189302,B
2141704631,8003326,B
2141702828,7495215,B
2141695271,5617430,A
2143500395,8232055,B
2143500395,8232055,B
2143601055,9136773,A
2143513370,6262035,B
2143515332,9409153,B
2143554497,8747310,B
2143296478,9719068,A
2143244132,5448087,A
2143275635,9432591,B
2143394441,8015144,A
2143359494,8293533,B
2143830156,10329577,B
2143835903,6989674,B
2143899188,7601511,B
2143908769,7430490,B
2143660994,7192783,B
2143684129,9187413,B
2143633033,10000469,A
2143740322,7833748,B
2143757321,8407192,A
2143690596,7312734,B
1599501164,6916603,B
2142691093,5104222,B
2142778065,9202044,B
2143123320,9783496,B
2143123320,9783496,B
2143099874,9499529,A
2143099874,9499529,A
2143154993,4295002,C
2142921994,7668135,B
2142869987,9309500,A
2142892531,8796907,A
2142885693,5432627,C
2143022663,6596495,B
2143021806,8422570,C
2143018999,7704720,C
2139182464,7069506,B
2139188291,9988612,A
2139158372,5969524,A
2139171390,8553797,B
2139163274,7517531,B
2139165539,11007441,B
2139278109,9840515,A
2139278109,9840515,A
2139246668,8513491,A
2139090880,10647670,B
2139089798,9122296,A
2139077608,7644162,A
2139098818,6081717,B
2139549280,9585633,A
2139562399,7286079,B
2139531926,8365110,A
2139531926,8365110,A
2139680494,9357911,B
2139590337,9964680,B
2139591918,8384990,A
2139342290,8969314,B
2139365733,5019721,B
2139311441,9964482,B
2139311441,9964482,B
2139301092,6368830,B
2139437304,8207294,B
2139436431,9765077,B
1596659824,6225112,A
1596586791,7216136,A
2138442302,7504257,A
2138442302,6875607,A
1595593492,5134232,B
2138467652,9708199,A
2138467652,9708199,B
2138473191,8223626,B
2138834826,5951479,B
2138834168,8445000,B
2138780647,10126306,B
2138784057,7081337,B
2138769717,8088395,B
2138800660,9893375,B
2138918717,9468670,B
2138918717,9468670,B
2138935288,8931953,A
2138867026,7422873,A
2138616826,5227292,A
2138670269,7606455,B
2138663678,8039247,B
2138590604,8018010,B
2138567003,7524503,B
2138722034,6333447,B
2138751932,6900021,B
2138749418,6753411,C
1597519043,7892567,B
1597493507,5357041,B
1597488900,9846348,B
1598039328,5876985,C
2140727436,4447153,A
2140533162,6106825,A
2140562005,8679888,B
2140546048,7309495,B
2140545144,6304689,A
2140497538,10314914,B
2140519688,10395756,A
2140519688,10248757,A
2140619393,5759811,C
2140622956,8685755,B
2140650978,7382840,B
2140595022,7446526,A
2140574166,8737245,A
2140985219,7889009,B
2140963174,7580931,A
2141071700,4994565,B
2141032550,7593820,B
2140807512,6806057,B
2140749638,9987089,A
2140775408,10590419,B
2140902312,6677155,B
2140886327,7879545,A
2140846573,5528717,A
2140872369,9315868,B
2140872233,7608272,A
2140857824,6861220,A
2139976683,8648198,B
2139970361,11408007,B
2139921583,5717069,B
2139939070,9096659,B
2139932456,7687482,B
2140105282,6641526,B
2140028276,10316367,B
2140065103,7332280,B
2140058857,7504473,B
2139767135,5075216,B
2139747953,10035830,B
2139832445,6384018,B
2140361413,7211654,C
2140320479,9567376,B
2140471643,10676735,C
2140405585,8095860,B
2140197077,5231693,B
2140188249,8078974,B
2140151434,5995805,B
2140144076,7559054,A
2140156866,8142809,A
2140237757,8825640,A
2140251882,8612134,B
2147554364,8883480,A
2147533602,7641614,C
2147571293,7972816,B
2147582934,7487050,B
2147670156,7991070,B
2147634989,8655640,A
2147627803,8548577,B
2147347134,6660750,B
2147344587,10160956,B
2147516046,8765403,B
2147460160,10640752,A
2147924310,10417367,C
2147909833,6613787,B
2147913041,8270527,B
2147901574,7502521,B
2148014473,6355777,C
2147766268,9637521,A
2147759258,9002210,A
2147759258,9002210,B
2147758955,7851486,B
2147789376,9991391,B
2147789376,9991391,B
2147711651,9028871,B
2147719621,8913686,B
2147737431,8548231,A
2147874932,8509506,B
2147809815,8864846,B
2147794515,8568707,B
2147804220,7271260,B
1601765624,10135500,B
1601919985,10121657,B
2147033857,9913875,B
1602654871,7224715,A
1602568023,8058065,B
1602568023,8278104,B
1602734804,10638981,C
1602446144,7238493,B
2146908947,9190701,B
2146917249,7833726,A
2146904870,6713284,B
2146831098,9250113,B
2147000771,8062849,B
2147153843,7164702,B
2147163420,10010560,B
2147189124,9381247,B
2147173818,10132811,B
2147145409,6708146,B
2147126871,7674612,B
2147254926,6438398,B
2147061679,9681646,B
2147061679,10004765,B
1603273291,5675576,A
2147104499,8452133,B
2148029272,8060808,B
2148986503,4974036,A
2148932942,7579453,B
2149070465,8715610,B
2149020136,6526551,A
2149017424,5414623,B
2149007204,9856457,B
2148838582,6924104,B
2148775531,5526444,B
2148927212,5843647,B
2148874328,7653867,B
1604400733,8391547,A
83944954,8986511,B
1604836384,5837484,A
1604703647,10044444,B
2149172274,9285370,B
2149126773,6295247,C
2149122169,6458550,C
2149106795,9096906,B
2149151801,9556248,A
2149131962,8133724,B
2149137804,6410508,B
1603847510,5916563,C
1603718849,7523304,A
2149237924,6594620,B
2149249019,7535222,A
2148300524,7700729,B
2148291485,6223171,B
2148305112,7279169,B
2148034969,7142364,B
2148035608,6798537,A
2148062464,8019079,A
2148222027,6767712,A
2148154295,7162485,A
2148668993,9623052,A
2148668993,9623052,B
2148593566,6140129,A
2148741136,4843011,B
2148750928,7826975,C
2148474445,7440659,B
2148490163,7910372,A
2148558849,5299148,B
2148571067,10294531,B
1600810137,8124103,B
2144960267,9301980,B
2144973331,7807157,B
2144818438,7700356,C
2144840682,8742083,A
2144769244,5418892,A
2144918562,9499856,B
1600400442,10719133,A
2144871683,6350572,B
2144846257,9006556,C
2144854630,9416369,A
2144854630,9416369,B
2144850369,8058906,B
2144895095,6691312,A
2145201531,8772187,B
2145230191,8858930,C
2145159460,8309534,B
2145309677,8218880,A
2145303222,7198791,B
2145322488,9326939,B
2145285067,6569837,B
2145285067,6566344,B
2145273166,7295513,B
2145003990,9457045,A
2145003990,9457045,B
2145067130,8745082,A
2145100388,10251920,B
2144234138,7619395,A
2144220441,5371077,B
2144156696,7966655,B
2144185179,7030231,B
2144322010,9623080,B
2144253712,8284788,A
2144269124,8346800,B
2144261285,7791432,B
2144261285,7492241,B
2144038313,7893034,B
2144005171,10169413,B
2144094755,9519650,A
2144133200,6875741,B
2144535736,6796447,A
2144530843,5935783,B
2144719976,8402397,C
2144705142,8890890,B
2144725196,8687862,B
2144644257,11155871,C
2144400208,7599542,B
2144420455,10544461,B
2144451432,6847682,C
2144477551,6235871,A
2146294658,6908921,B
2146405041,8394770,B
2146391103,9532769,B
2146108183,9676737,B
2146258713,8209083,B
2146240095,6855801,B
2146274064,9115354,B
2146274064,9115354,B
2146267286,7945448,A
2146689431,8340151,B
2146616508,8884759,B
2146616508,8884759,B
2146645223,7509596,A
2146795298,7524464,B
2146794940,11191815,A
2146780267,8715921,B
2146717374,7676159,B
2146697584,10011877,B
2146697568,8106157,B
2146505413,9804159,B
2146459618,7653867,A
2146435671,6403864,B
2146440506,9278374,B
2146555288,7629308,B
2146560932,10393813,B
2145559734,6472512,A
2145559734,7390637,A
2145591296,10596246,C
2145541530,10787607,B
2145662152,9061494,A
2145662152,9061494,A
2145665157,7087021,B
2145679017,10239877,B
2145642736,9079970,A
2145642736,9079970,A
2145388767,5733893,C
2145410762,6846970,B
2145383567,8745572,B
2145375024,6658285,B
2145370671,5536497,B
2145476394,9416165,B
2145476394,9416165,B
2145457212,9630990,C
2145985654,7413856,B
2146018911,7138277,A
2145926526,8835153,B
2145918703,7483615,B
2145925556,9696138,A
2145925556,9696138,B
2145947338,8291396,B
2145947127,7567740,A
2146093522,8835909,B
2146093522,8835909,B
2146042218,9650644,A
2146042218,9650644,A
2145771786,8668647,B
2145868022,8190402,B
2145910029,9303042,A
2131230357,8379868,B
2131121612,7600211,A
2131163986,7707129,B
2131298480,5591838,B
2131246006,9221765,C
2131029473,9922746,B
2131029473,9922746,B
2131034218,9679110,B
2130996711,8765820,A
2131076950,7343270,B
2131041948,9262582,B
2131690895,5998154,C
2131741443,7534622,B
2131682431,11066705,B
2131376336,7223836,A
2131362176,8884759,B
2131362176,8884759,B
2131508280,10385347,B
2130459735,8076300,A
2130388047,8299211,B
2130446291,9987605,B
2130446291,9987605,B
2130541883,8129123,B
2130576545,7811761,B
2130570197,7820388,B
2130568079,7794712,B
2130516299,7052907,A
2130304062,8386412,B
2130285260,8020082,B
2130200446,5204258,C
2130263644,8621444,B
2130364940,7826975,C
2130364940,8027821,A
2130324121,9114192,B
2130881804,6143564,B
2130784467,8886518,B
2130810814,7906292,B
2130966426,7579144,B
2130916419,10154961,B
2130916298,9562269,B
2130889660,8501241,B
2130937119,6285980,B
2130769450,8795996,A
2130721915,7257563,A
2132380598,7358083,B
2132409870,5143842,A
2132362775,10330680,B
2132479628,10702868,A
2132449914,9237107,A
2132449914,9237107,A
2132250906,7334133,A
2132346336,7411919,B
2132323909,9045542,B
2132762790,7537765,B
2132868075,6238859,A
2132897471,7405202,B
2132819792,6559359,B
2132829528,7149637,A
2132586317,6764686,B
2132619562,9631239,A
2132605558,8470772,B
2132521111,8080251,A
2132556691,6841551,B
2132544687,9590278,A
2132672784,8765467,B
2132675769,5811240,A
2131924141,8709254,B
2132051882,9212381,B
2132048270,9056090,A
2132042949,6939691,B
2131824360,7041448,B
2131918703,8792972,A
2131918703,8792972,A
2131907301,6326395,B
2132140005,7125958,B
1592942929,8898022,B
2132214245,7811579,A
2132210078,5362649,B
2132175322,8402469,B
2132180848,7049062,B
2132102860,7193558,A
2128504735,7518207,B
2128526392,7611837,B
2128528631,10622099,C
2128246158,7367948,B
2128395874,9644179,B
2128395874,9644179,B
2128398159,6993463,A
2128319105,6740751,B
2128328355,6866997,B
2128305227,9992807,A
2128305227,9992807,B
2128354108,10622534,B
2128347847,8584046,A
2128850730,10428124,C
2128854450,9367766,B
2128853794,9310364,B
2128838222,6570991,A
2128836107,10472448,B
2128944537,9685097,B
2128884071,7978932,A
2128887382,9611295,B
2128614032,8192362,B
2128645045,4528134,A
2128750289,5411875,A
2128791522,7555689,B
2128746754,7826975,B
1588663000,9396523,C
1588663000,9396523,C
1588964908,10022060,B
76787895,7402429,B
75540113,7524821,B
2127927857,8075633,A
1588329928,5369025,B
1588593315,8412521,A
2128114769,7575865,B
2128058093,8741573,B
2128043404,9717775,B
2128167475,7606670,A
2128167475,6925394,B
2128158744,5226133,A
2128166584,8060253,A
2128143589,8426367,A
81757823,9074249,B
81245076,8227449,B
2128011037,6246982,A
2129914299,6174667,C
2129906755,8086465,A
2129926609,9488537,A
2129922939,9712273,C
2129971637,11090284,B
2129731177,7747395,C
2129710489,7897451,B
2129811905,7337019,B
2129767423,8282564,A
2130074389,7666999,B
2130074389,7413895,B
2130074389,7335482,B
2130074389,7332293,B
2130047940,8293685,A
2130035528,8716017,C
2130190477,9637765,B
2130190477,9637765,B
2130185623,6429010,A
2130121345,8408786,B
2130117364,10849975,B
2130143969,8507551,A
2130141352,9593347,B
2130128490,10280398,B
1590630614,4760022,A
1590308370,5424202,B
1591430481,9314505,B
2129979528,7846738,B
2129996517,6876755,A
2130000387,9663397,B
1591022300,7011951,A
1591013319,7346499,A
1591102435,7943231,A
2129132322,8153383,A
2129280925,8877476,B
2129316675,8825430,B
2129319296,7029861,B
2129026966,9828638,C
2128968395,9387344,A
2129125677,9228234,B
2129125677,9163282,B
2129065108,7289972,B
2129094250,9759705,B
2129612627,6846621,A
2129577287,9474759,A
2129575207,6312926,B
2129565593,8856047,A
2129671512,7230616,A
2129691081,7616575,B
2129397299,8519090,B
2129397299,8399603,B
2129339861,10247803,B
2129325667,10294277,B
2129322668,7037499,B
2129350203,8341112,A
2129356845,8778310,A
2129515861,6907460,A
2129537109,7087712,A
2129528860,8236480,A
2129526092,4784948,B
2129530584,9546383,B
2129460736,6304515,B
2129469867,5272755,C
1595272587,5369025,B
1595019504,5618685,C
2136452109,8492100,B
2136450506,7323337,A
2136453240,6646988,C
2136489317,8700394,B
2136431054,8637493,C
2136432261,9273083,B
2136422032,5480981,A
2136339082,7557668,B
2136273316,9891157,B
2136273316,9891157,B
2136265577,9409265,B
2136265577,9409265,A
2136259455,10035175,B
2136368337,6961954,A
2136364250,8535891,B
2136781454,6781033,C
2136722035,9910046,B
2136722035,9910046,B
2136736830,7992425,A
2136864122,6721454,B
2136874613,8181540,B
2136814496,10746706,B
2136827734,9359616,A
2136827734,9359616,A
2136558412,7388842,B
2136584496,6999378,B
2136540980,7398321,B
2136540571,7729538,B
2136664364,8796441,B
2136666303,7602331,B
2136710538,9148645,B
2136692920,9131949,A
2136616021,8828406,A
2136622531,7933442,A
2135808077,8733149,A
2135822894,8645061,B
2135825876,7120486,A
2135767707,8140533,A
2135780270,7355215,C
2135841040,5419907,B
2135843591,7287025,A
2135647846,9096840,B
2135656894,7171897,A
2136115636,6791992,A
2136130784,6692772,B
2136154655,8913074,A
2136205959,7966548,A
2136188768,7588892,B
2135967686,8461119,B
2135913684,4140761,B
2135933868,4092493,C
2135983073,6495669,A
2135981863,8036497,A
2135980240,7792982,B
2136023563,8741862,B
2136023563,8741862,B
2137904060,9220831,A
2137926910,8787501,A
2137925876,6233500,A
2137996552,8993232,B
2137748371,5955431,C
2137764582,7794998,B
2137826183,9887878,A
2137826201,10494645,B
2137854396,10584383,B
2137788606,9726114,B
2137775029,8351331,A
2137774205,8802420,A
2137794773,5760941,A
2137794836,7898731,B
2138266455,8728791,B
2138212822,9441045,A
2138234690,9322023,B
2138349336,6081779,A
2138054745,7229780,A
2138046055,8417658,A
2138162648,7053121,B
2138127071,9695455,A
2138126650,8541008,B
2137156660,7436880,B
2137096011,7666431,B
2137121087,9701948,B
2137127559,7070779,B
2137240612,6852842,B
2137246239,7238672,B
2137269663,7114080,B
2137191347,6277891,B
2137220814,7418371,A
2137211770,6326395,B
2136959508,10316361,B
2136922549,8786602,A
2136922524,9773967,B
2136920002,9111367,B
2137541144,8519113,A
2137536495,6959555,B
2137629831,6111477,C
2137637700,9931630,A
2137637700,9931630,A
2137669678,9556487,B
2137340845,7972600,C
2137363797,8118744,A
2137368421,6262239,B
2137293306,8735555,B
2137332003,9155398,B
2137332003,9155398,B
2137447370,7491502,B
2137409670,10323236,B
2133833211,11110079,B
2133826361,8165352,A
2133852246,9588255,B
2133837072,7620539,A
2133934946,7463769,B
2133934946,7450754,A
2133955925,5455160,B
2133884514,10647670,B
2133888839,7030098,B
2133747495,8507287,B
2133709716,7674583,B
2133818548,10001437,C
2133764171,7127109,A
2133757306,10493277,B
2134126077,8618357,B
2134139244,10457972,B
2134150403,8364462,A
2134170163,6377545,A
2134165308,6252287,B
1593057560,4405712,C
2134026469,6549853,A
2134026469,6549853,B
2133967392,9873889,B
2133967392,9873889,B
2134003809,5455889,B
2134063122,10622161,C
2134056721,10431325,B
2133128875,9469626,B
2133174223,8063270,B
2133285098,5456264,C
2133186428,8450099,A
2132961645,5108897,B
2132938540,7704503,B
2132954031,8551425,B
2133091545,6989265,B
2133564908,8772348,A
2133552547,9828638,B
2133514895,7010482,B
2133640159,7960435,A
2133647054,9592198,B
2133677697,5681706,B
2133357068,5760530,B
2133379098,9267946,B
2133302347,9579315,B
2133302347,9579315,B
2133322046,10414802,A
2135128039,5898029,B
2135106729,9421532,B
2135065206,6787311,B
2135180965,6610540,A
2135151522,9175070,B
2134902411,9669828,B
2134913638,6346406,B
2134912543,5939393,B
2134920945,10788492,A
2134916892,7576907,A
2134876147,9708625,B
2134876147,9708625,B
2134876121,4812995,A
2134999099,7079992,B
2135034094,9194798,A
2134948748,10016515,B
2134967344,4980289,C
2135449272,9283194,B
2135549008,7519454,C
2135220664,6795190,B
2135243823,8828406,B
2135241378,9267112,B
2135416448,7808996,A
2135399146,9987380,A
2135347849,7296246,A
2134320184,8168284,B
2134321579,8932771,C
2134321579,8932771,C
2134250091,8603738,B
2134271479,7431888,B
2134274275,9096644,A
2134443544,10294295,B
2134371342,10241110,B
2134361208,9207357,B
2134402164,7687482,C
1593526268,7214851,B
2134198072,7023209,B
2134818464,5840869,B
2134769933,6263435,B
2134511029,8425945,B
2134454856,5528604,B
2134599993,6147186,A
2134641691,6677769,A
2134645013,9895714,C
2134566626,7598055,B
2134582553,6485928,B
2134573951,8923661,A
2134566626,8932825,B
2134566626,8697394,B
2083539931,9241102,B
2081452775,5330911,B
2081052031,5773834,B
2081797563,7715604,A
2085490635,8343425,A
2085143384,10472448,B
2085968741,8455642,A
2083639971,7447639,B
2077763925,10082653,A
2077569527,7662582,B
2078256592,4986256,A
2078395608,8940783,B
2075923090,8542748,B
2076637236,11077215,B
2080396135,8263546,B
2080350448,10231651,A
2079027244,6683291,A
2079564084,4077699,B
2092651928,9891585,C
2092629639,7771630,B
2092485668,8804005,A
2093189534,8244743,B
2091086437,9702875,C
2091997636,7393855,A
2095380808,8013229,B
2095380808,8013229,B
2095610777,6528349,B
2094079563,5344923,A
2094313492,8183966,B
2094290984,8703902,C
2094250006,5038658,B
2086781104,4650907,A
2090095844,9641729,A
2089787575,6235278,B
2090390316,10208110,B
2090380769,9388055,A
2090380769,9388055,A
2089010576,8259585,B
1963558274,5316935,B
1963576753,7446933,B
1963520710,8426569,B
1963538134,9181530,A
1963537448,7473312,B
2062988160,8849728,A
2062978549,9827717,A
2063948289,10517626,A
2062074661,7014961,B
2062302478,7651847,B
2065383855,5328985,B
2066126751,6489357,A
2065840632,6009447,A
2064981015,4772467,B
2073063848,6387034,A
2073041425,5854710,B
2075089288,9513328,B
2075008742,8340177,B
2074940341,7812366,A
2074940341,7498182,A
2075794747,10214572,B
2075457099,7937269,B
2074467395,6518569,B
2073995677,5873056,A
2067270162,10370722,B
2068348777,9584245,A
2068382039,6734015,A
1963666965,7889103,B
1963672925,9370096,B
1963662047,8089682,B
2066685958,8665983,A
2070378283,8871446,B
2068806903,9245089,A
2068742063,9007088,B
2068918965,6367071,B
2069586904,9330210,B
2069436237,6333162,A
2069248067,9488483,B
2116845203,8062642,B
2111551466,9449096,B
2111783950,8549498,B
2112149804,3940711,B
2109801436,7514964,B
2110504778,8224681,B
2110504778,8195490,B
2110303579,8804005,A
2114114851,8005015,B
2114209148,5354575,B
2115146242,7884132,A
2115086266,8185389,C
2113263775,5795974,B
2113786355,8637653,B
2113717301,8369379,B
2113604703,6457864,B
2113569536,8929328,A
2123427850,8135718,B
2123525788,7989851,B
2123525788,7989851,B
2124000579,8574830,B
2122332501,6215766,B
2122704215,6201637,A
2122469762,8918866,B
2125303068,7609856,B
2125217644,8818923,A
2126227115,7680656,B
2125792150,8096119,B
2125949088,8304731,A
2124410633,6842735,A
2124863430,8250016,B
2118519673,8301219,B
2118980069,8810182,B
2117548906,5387864,A
2117666422,7745248,A
2120660881,7692647,A
2119250314,5784333,B
2120229762,7465581,B
2120349980,8051352,B
2120046783,6229161,B
2119769175,8477935,A
2119694357,8032588,A
2119657383,7078174,B
1963685068,8288354,A
1963683058,9346851,B
1963680471,6743579,B
1963705534,7981427,B
1963773294,8920296,B
2097348163,5969669,A
2096320349,8547286,B
2096146619,5642362,C
2096963464,8649629,B
2096701875,6090593,A
2096869422,5741961,A
2099760476,7091409,A
2098493135,9224071,A
2098643356,7512066,B
2099531983,7496498,B
2099168870,6188777,A
2107465486,8750375,A
2107184732,8590061,A
2105557012,8838162,B
2105183575,6947886,B
2105144416,8476451,A
2106092280,7593912,A
2109045723,9140767,A
2102308800,5831971,C
2102497689,10424342,A
2100426368,7158131,B
2100078159,5264794,B
2101146096,7546328,B
2101304791,7288261,B
2104337444,7068628,B
2102612290,5349514,A
2102595142,6731608,A
2102778287,8417891,B
2102884012,7292079,A
2103681028,9131295,B
2018921728,8301396,B
2017063205,5712402,B
2016638889,8126213,B
2017528947,9270277,A
2017466857,9580752,C
2020871648,9812954,B
2020871648,9748837,B
2019588415,4623245,A
2019285996,4504737,B
2020431634,6256328,B
2013463690,3983406,B
2013626668,5939073,A
2014011995,9865713,A
2014089336,7964439,B
2015768145,4529262,B
2016168700,9029321,B
2015820628,7865015,A
2015854972,9735783,A
2016041881,9253486,B
2014764918,9738688,C
2014660552,9333645,A
2014577207,9104525,A
2014873207,7924059,A
2027520315,8661394,A
2027706067,5912034,B
2027785852,5071867,B
2029509115,7269671,A
2029432597,5917033,C
2022820651,6188041,B
2023682929,5119388,B
2022368213,5110737,B
2022246275,9104770,B
2025511708,5037746,A
2025678932,8351672,B
2025093240,9846428,A
2025093240,9846428,A
2025958174,8441242,A
2026008618,9113043,A
2024498047,5637950,B
2023849523,8609382,A
2024890715,8192673,B
2002555447,8512415,A
2000367672,4732856,B
2000981884,8026841,B
2000038209,10354418,B
1957473088,11010682,A
1957170617,6204252,B
1956531938,7027965,A
1956475064,7050510,A
2008875545,7981303,A
2009039852,7262917,B
2007593987,4648991,B
2007857270,4440800,B
2007426552,9628905,A
2007426552,9628905,A
2008561741,8612833,B
2007939915,8268549,B
2008465545,5859867,B
2008380006,9234024,A
2011447624,9147125,A
2011676640,6337091,C
2011177324,4784948,B
2011888594,5762904,B
2010221384,9133040,A
2010221384,9133040,A
2009835316,5085749,A
2010469212,5545614,B
2003981282,6868425,A
2003021105,5389540,C
2006866233,6537211,C
2005632213,7636098,B
2048679171,8755876,B
2049574176,5479032,A
2047230902,9675633,B
2047920853,9516589,B
2051161523,9684827,A
2051710858,5264794,A
2051894711,7158545,B
2051050603,9509572,A
2043960555,6395474,C
2043706020,8663649,B
2042425614,8609902,B
2043075591,9245191,A
2046645747,6303355,B
2046645747,6365385,B
2044991777,9644612,B
2044550200,7203924,A
2059133472,7657507,B
2059359155,6180771,B
2059376792,8392190,A
2057647193,9661340,B
2057424655,8071841,A
2060582119,8638331,A
2061221411,9474084,B
2060001675,7885470,B
2057320839,7752233,B
2053538014,4003127,B
2052421937,4873555,A
2056285772,6438272,B
2056103673,9075060,B
2056243190,8487600,B
2056984726,9720437,A
2057282706,10208085,B
2056930022,7439492,A
2054914586,4870163,B
1963434023,9925251,B
1962363309,10296850,C
1962303650,6678656,C
2031055521,8704191,A
2033686334,9100514,A
2033584730,9652996,B
2033584730,9652996,B
2034149802,11364285,B
2033286649,7519613,B
2033074736,7372937,A
2032974390,9513240,B
2032974390,9513240,B
2038188840,7262917,A
2038061119,5810947,B
2038454272,9047679,B
2038538132,8697840,C
2038349123,9931121,B
2035284256,10181322,A
2034257514,7589222,B
1963494883,10370327,C
1963493384,9321823,B
1963493384,9321823,B
2034709965,8963579,A
2037563713,9842382,B
2037064308,9637779,A
2035737764,9644021,B
2035904776,4383261,A
2036271297,5071526,B
2496899299,11270479,B
2512722456,9939586,B
2512722456,9939586,B
2513898390,10073646,A
2512970438,11141403,B
2510300927,9976131,B
2508905069,10516533,B
2515278692,11408900,A
2516177097,10721670,B
1964267094,9011572,A
1964302063,8334239,A
1964236355,6289740,A
1964231696,8904535,A
2587961471,10491098,B
2585367509,10289509,A
2593337505,10680797,B
2565842466,10248201,B
2564700417,9865692,B
2564700417,9865692,A
2575842049,10565306,A
2575842049,10565305,A
2575842049,10558750,A
2613404791,10341201,B
2614318563,10947186,A
2613328025,10929674,A
2593635672,11633256,B
2605221279,10368047,A
2604787988,10144707,A
2603445054,10248664,B
2537324733,8774473,B
2536935267,10992705,A
2538405230,11083692,B
2536804003,7215301,A
2542998279,11393559,A
2560678344,10268679,B
2559156325,10033148,B
2543608540,5517122,A
2550679877,11497206,B
2327630133,9605078,B
2331075704,10916381,B
2325847683,10540536,B
2337115500,10074028,A
2342852036,11273217,B
2332290573,9614751,A
2335080353,10550431,C
2295448598,10235377,A
2318875388,10202478,B
2321320333,10081746,B
2316495912,10060889,B
2315429124,10843243,B
2464735068,11111274,B
2465142829,10595742,B
2461621749,10242266,B
2461101863,11045095,B
2441046553,10360146,A
2441046553,10346298,B
2483564578,10218418,A
2473965551,11449744,B
2344341975,10691836,A
2389316097,9995628,B
2377299861,10266631,A
2408125366,10115393,B
2953040907,10630045,B
2951470699,11668013,A
2951414083,11811380,B
2968202530,10940863,A
2975214911,10816531,A
2975157912,11163780,B
2969669606,11107199,B
2912317705,11181873,A
2914154006,11393341,B
2910225835,10923442,B
2917392008,11132174,A
2916904507,11783100,C
2916578444,11420040,B
1964558364,6706873,C
1964558364,6696242,C
1964558364,6287759,C
1964549963,8501464,A
2939758510,11282700,A
3006995704,11417339,B
3007973288,11780887,C
3007189462,11443347,B
2999547272,11276410,A
3004833156,10914575,A
3000981942,11786327,A
3013020706,11802147,B
3015440759,11475874,A
2769487258,11352878,A
2767681556,11501111,B
2777768498,11678842,A
2798918712,10728104,A
2804900762,10871445,B
2802192939,11258594,A
2803457757,11246522,B
2792559510,10892962,B
2790121820,11138272,B
2739489527,10713816,A
2735272320,11172839,B
2619948126,10377671,A
2759534403,10218145,A
2753525266,11009375,A
2754840833,10576421,B
2743618301,11223335,B
2740645528,11318131,B
1964444739,4432891,A
1964450108,8748822,B
1964451037,10647733,B
1964488211,8434867,C
1964520368,5994053,B
2889344053,11631009,A
2889212733,11174404,A
2890983311,10770063,A
2808987817,11468262,A
2811013362,11678842,A
2810554001,10970856,A
2883214330,10819164,A
2899323324,11636247,A
2897742936,10943401,B
2898753112,10644718,B
2904399753,10911151,A
2904399753,10951323,A
2902802838,11692228,A
2144154026,8378088,B
2144154026,8378088,B
2142744326,9450506,B
2142422928,10457972,B
2143458888,8498863,A
2143458888,8498863,A
2145686320,8903641,B
2145676171,8458240,B
2145854707,6915151,C
2145526132,8564997,A
2145243219,6167162,A
2139457267,7633940,B
2139607983,8838897,A
2139209105,6807372,B
2139850816,9410955,B
2138526536,8824174,B
2138526536,8824174,B
2138839197,9801911,B
2142296937,10165781,A
2142283813,8332945,B
2142053527,9745432,B
2140279540,8949710,B
2140913243,8329651,B
2141305438,8749587,A
2141205872,7363198,B
2153112618,7324935,A
2154175041,6677769,B
2154735663,8718135,A
2149044230,8716299,A
2148959501,9885652,A
2148595505,8589073,B
2148563264,5691837,B
2146584949,9015569,B
2150774654,8855196,A
2150673599,6687036,B
2150622706,5378686,B
2151635012,10496824,A
2149572519,8862472,B
2149478531,10266951,A
2149389741,8005140,B
2150315711,9438504,A
2150071360,8383888,B
2132619366,8018828,A
2132595925,8300900,A
2131018050,8655283,B
2130981276,5861346,B
2130791906,7485697,C
2131828827,8582639,B
2131759574,6009220,A
2131399926,7957953,B
1963887091,8546531,B
1963855871,10065924,B
2138146368,5976994,B
2127586140,9144083,A
2127690509,6968092,A
2127697997,7711152,A
2128192811,6528701,B
2128124574,5347161,A
2126746018,8228836,A
2128696435,7483569,B
2130438997,6642129,B
2128968870,9007262,A
2135385170,8392234,B
2135069368,8117233,A
2136026207,8934543,B
2135920312,7295137,A
2135920312,7256716,A
2133979191,5830855,B
2134743705,7756805,B
2134789228,8206940,B
2137716383,6550032,B
2137676727,5532860,B
2137867068,7693233,A
2136143711,8285649,B
2136197758,8131542,A
2137008936,6252903,C
2136960097,8281299,B
2136775697,9681132,B
2136775697,9681132,B
1963919378,7038450,B
1963905574,4610863,B
1963913631,7588827,A
1964033584,8275799,B
1964023306,6140054,B
2133598202,9968587,B
2133598202,9968587,B
2133756687,8856050,A
2133756687,8856050,A
1964003612,7205782,A
2171183523,6232289,B
2171145658,7379450,A
2172103589,7383504,B
2171869247,8158941,B
2171770233,7091409,B
2169671761,7606816,A
2169835088,7908275,B
2169832615,10497095,A
2169198005,7636380,B
129768452,8193377,A
2258550987,10140464,B
2288907727,7949252,B
2288174876,10569000,B
2293828611,8452087,A
2277865200,6356262,A
2283184907,9208572,A
2284317153,9828592,B
2199540515,7045833,A
2214105563,9802314,B
2214105563,9802314,B
2213809863,9824265,A
2213809863,9824265,A
2231039243,5001225,A
2162745438,6523016,B
2162598060,5845331,B
2163411228,9558318,B
2163667644,7967986,B
2161782627,8237124,A
2161739261,8814805,B
2161712687,8046725,A
2162159633,8271870,C
2162087046,10948394,A
2158003831,7460733,A
2157011636,8411932,A
2157304049,9021409,B
2157304049,9021409,B
2157443270,9175408,B
2160746069,11116795,B
2161107231,8239334,A
2161290246,8315306,A
2160919931,7479772,B
2159550320,8675780,A
2160349237,8576253,B
2160026253,8023710,B
2160158100,6785701,A
1964111587,6333178,B
1964114210,8394583,B
1964060390,7670556,B
1964200934,7599688,A
1964160852,7387644,B
2167084235,6731434,B
2165709287,7930510,B
2165596530,9594831,A
2165596530,9594831,A
2165282658,7869526,A
2166215896,7590519,A
2168832040,6859549,A
2167904232,7234126,B
2167970616,8311954,A
2522593599,10437648,A
2522215780,9701777,B
2525655650,10834400,A
2525079554,11351200,B
2516939745,10908094,B
2516252100,10897619,B
2517332700,10787672,B
2488170494,10226501,B
2489073301,10752876,B
2555723048,10338967,B
2558961081,7731966,A
2556468274,11222253,A
2556468274,11042796,A
2556468274,10839284,A
2547757942,10675558,A
2546070176,8300878,A
2549542099,11262359,A
2566809385,10074160,A
2569826227,11078413,B
2571419748,11329229,B
2533590861,8958270,A
2536251500,10498160,B
2531952511,11092441,A
2531950810,5987094,B
2528649743,10864299,B
2541847111,6239607,A
2541510369,7508701,B
2544688990,7603158,A
2541074243,9450022,C
2539853785,5559368,A
2416144529,9892543,B
2414469360,9428731,A
2414067042,5699810,B
2399989564,10476662,A
2400046774,10261574,A
2467287046,10989668,A
2443067917,10502578,A
2461571148,11452998,B
2469690627,11080556,B
2469690627,10310621,B
1931639407,9836671,B
1931627768,8992937,A
1931777688,7889804,A
1931766939,6055498,A
1932454789,7700295,B
1930686274,5754236,B
2424517262,10155786,B
2418182494,11097014,A
2804013256,11167037,B
2806333784,11160035,C
2806597708,11212459,B
2796004118,11041855,B
2798192731,11666637,B
2795644182,11629183,B
2798470324,11487827,A
2890773826,10957053,A
2890874193,10722582,B
2891552274,11461592,B
2889091917,10939205,A
2883712280,11027260,B
2883283076,11715002,A
2883138602,11190363,A
2885826154,10740968,A
2886523983,11119771,A
2767250022,11499981,B
2772944837,11345371,A
2774712455,11230599,C
2770114257,10829745,B
2765896507,11164593,A
2765753692,10922457,A
2765325683,11689566,A
2792033740,10896508,A
2791321713,10825674,A
2783056725,11103686,B
2783410960,11223335,B
2947781663,11328486,B
2903709268,11501446,B
2903257997,11357803,B
2907726580,11140155,B
2899010876,10875784,B
2898603644,10585986,B
2898812999,10962610,B
2897399830,11238602,B
2897987714,11621591,B
2901671478,11754704,B
2899364875,10892600,B
2931846233,11450405,A
2938486422,11170789,A
2938386503,11676619,A
2941228483,11653636,A
2941013947,11484531,B
2914670767,7567246,B
2913232925,11413606,B
2605565992,10663766,A
2605511634,10875860,A
2609910506,11157771,A
2626742025,10440394,A
2620882683,10720712,B
2616924719,10713400,A
2618084078,11401243,B
2621641683,10393909,B
2587180704,10407498,B
2586220357,11787848,B
2588432486,11266661,B
2581802775,10790586,B
2583628853,11095097,B
2598568612,10907139,A
2602430986,10590178,B
2594390768,10639510,A
2597510345,10049761,B
1935568763,8712179,A
2753814974,10946077,C
2735223773,11707530,A
2736564879,11087200,B
2734756775,10706079,A
2737388338,11829416,A
1933830148,7192774,B
2167846774,8055607,A
2167834800,6073092,B
2166643664,8803637,B
2167270209,7406396,A
2169049902,10186007,A
2168249484,6542869,A
2168230274,9386119,A
2164728228,5594175,B
2165048571,9984109,A
2165048571,9984109,A
2165145815,8946254,B
2165139231,8280643,A
2164989680,7260261,A
2165971729,5088036,A
2166415019,7283589,B
2165416243,7444260,B
2165294392,8895244,A
2165731615,6826300,A
2175485670,11414657,B
2172102798,7671344,C
2172427089,9843923,B
2170259515,6148433,A
2169950191,5808929,B
2170548432,9198621,B
2170548432,9198621,B
2170387980,8972177,B
2169790941,6922439,B
2169790941,6775321,B
2169790941,6525523,B
2171397842,8324347,A
2171375393,9445432,A
2171470544,6476192,A
2171743956,9330165,B
2171090143,5371789,B
2171196799,6285995,B
2157539593,8693386,A
2157297436,5469284,A
2156585821,7330593,B
2156744133,8972256,A
2159129180,7764846,B
2159079674,5990465,B
2158944066,6772102,A
1923177211,6493664,B
1923115158,9865042,A
1921760897,6898176,A
1924088822,10828399,B
2162497579,7200243,B
2162553180,9966966,A
2162396394,9272994,B
2161693931,8694249,B
2161549313,8705604,B
2163825371,9178100,B
2163705700,8238310,B
2162827023,8161090,A
2162804111,4981950,B
2163208162,8233570,A
2163233807,8230070,B
2163046219,5994132,B
2159708650,10132814,B
2159982335,5756875,A
2159220993,5888763,B
2159436007,7454253,B
2159393702,8704329,B
2160988214,7480879,B
2161419238,8406154,A
2160149182,7831592,B
2160281435,8365131,A
2160262468,9060713,B
2160753176,5748647,A
2160755460,8126594,B
2160564549,6311145,B
2160494719,9315618,B
2160494719,9315618,B
2312441416,10831949,B
2319656516,10093568,B
2319891603,9696317,A
2285845138,5098706,B
2292120221,10127993,B
2310429271,10365102,B
2339268922,10198624,A
2341017994,10439456,B
2334192343,9562210,A
2347045588,11219411,B
2347194397,10768150,C
2349190723,11098348,C
2323332156,9253719,A
2323557000,5869335,B
2325841060,10185046,B
2324814181,10773217,B
2333036089,4740456,B
2332863090,4653917,B
2329251826,10202478,B
2329095465,10294582,A
2330076322,10070381,A
1926593386,7238525,B
1928387150,10121064,B
1927625236,7020285,B
1927073318,6300101,C
1927625236,7543148,C
2199172934,5499391,B
2196668962,5523282,B
2186022498,10068185,A
2188225625,9231975,A
2282126532,10215715,A
2281740714,9036887,A
2278337674,9348891,A
2275507380,10337107,A
2251817389,10552761,A
2252701092,10378019,A
1797940162,5671419,C
1764674417,5468069,A
1767927283,10076503,B
1829528853,6800296,B
1735150698,10515301,B
1718337629,7228426,A
1966231103,9077314,A
1963512073,8339138,A
1964504203,8153155,B
1951599591,9405654,A
1951938199,7260265,B
1966390198,6177274,B
1966393458,8483521,A
1966822758,9471828,B
1902147145,6989787,B
1918694589,7570684,B
1883089835,7590250,B
1895504894,6934897,B
1935526712,8940479,B
1948054803,5200338,B
1948193777,6474162,B
1541463847,7151315,B
1542769445,6859802,C
1950090249,6654479,A
1950262670,6342390,C
1950537279,8280126,C
1950387943,10647977,B
1949070107,5777841,A
1948793966,6879226,A
1523389280,9708135,B
1520156161,9774191,A
1520156161,9774191,A
1510790526,9600778,B
1533936090,6564151,B
1533936090,6466874,B
1535585216,6597194,B
1530829742,6372463,A
1530684108,5202425,A
1582413787,10264334,B
1585511873,6559984,B
1585095072,9683987,B
1583180168,7712080,C
1575829284,5691460,B
1579300433,6978426,A
1579532832,10460491,B
1596923564,7215301,A
1594933992,5049499,B
1587151761,7508882,A
1551066755,5094108,A
1551293138,5525916,A
1545270572,6889358,B
1951305502,6010855,B
1951205152,4328209,C
1553503691,10282215,A
1571306249,4978623,B
1986326297,6020063,B
1986182734,8284585,B
1986182734,8284585,B
1985169898,10112153,B
1982580856,8311287,A
1981246965,9621425,B
1981246965,9621425,B
1980830791,9512405,A
1981726983,9336299,A
1981784551,5313266,B
1981580368,4521732,A
1984086994,9280848,A
1995533967,7486391,B
1996159802,5155094,B
1996005798,7381862,A
1995995464,8064392,B
1994690319,8907701,B
1994458808,8218859,B
1995124845,7098452,B
1997972646,8143044,A
1998250199,10740358,A
1998490521,9672631,B
1997216240,10270470,B
1997223309,9493513,B
1990443524,8512415,A
1990469424,8494115,A
1969109537,10549121,C
1968833346,7557196,A
1969333493,9809615,B
1968475932,8700233,A
1970953120,8518561,B
1970728400,9909104,B
1970728400,9909104,B
1970711355,9585106,A
1970711355,9585106,A
1970766824,9349072,B
1971403296,6468765,B
1969688272,8691116,B
1953315125,9985460,B
1953315125,9985460,B
1967477266,6618702,B
1954577415,10730932,B
1976613415,9043927,B
1976613415,9043927,B
1980507101,6728779,C
1978702638,9932621,B
1974014942,9572909,B
1974079705,5592226,A
1972377947,5608514,B
1972364287,5118796,B
1972300333,6858718,B
1972466761,4653062,A
1975917757,9009147,A
1974314408,9721002,A
1944289469,9740818,A
1944219048,6807338,B
1944180106,10891478,A
1942004826,6027887,B
1941198341,10261017,C
1943833960,9806164,C
1942221917,6210921,B
1939332053,6526373,C
1938105249,6331616,B
1938224903,6719973,B
2971673668,11362625,B
2971147782,11243559,A
2969442587,11396690,B
2972534181,11033617,A
2954045272,11853721,A
2963983744,11423548,B
2962860144,10387773,A
2963843276,10699697,B
1936974522,9311566,A
2977689372,11144023,A
2977689372,10983492,A
1936630560,6632935,A
3003213086,11703882,B
3007816982,11718868,A
2995363957,11790484,A
2996748260,11021441,B
3023039735,11634481,B
3028404128,11635607,A
3012298751,11492671,B
2981485444,11702501,A
2980257194,11475130,C
2980239827,9155764,B
1946972831,6933362,B
1946879166,5955354,B
1946855779,9683032,B
1947046237,7298315,B
1947031653,9824294,B
1947300223,5122362,B
1947334715,8617422,B
1945057783,5071742,A
1945770762,6032140,B
1944763996,11434264,B
1487619332,8942509,A
1491402441,10210737,A
1481298062,7612483,A
1498071142,3948875,A
1499132901,10551464,A
51551964,7409033,A
2323162269,10167516,B
2321913059,10464271,A
2300088497,10023777,B
2299567450,10465091,A
2293734897,10032444,C
2170277690,8161491,B
2169896292,9593957,C
2169896292,9593957,A
2172287080,9353171,B
2172287080,9353171,B
2167618896,10622534,B
2166608555,4940658,C
2187983948,9751899,A
2226652991,10744228,A
2588884840,10249047,B
2603715591,10954315,B
2612742973,10437664,A
2616626858,10877194,C
2413412899,5637323,B
2481884544,10509374,B
2467102752,11725216,B
2136848459,7735048,B
2137020446,7519828,A
2139052067,6626665,B
1966693374,9201397,A
1966709291,8324202,B
1966685737,9550829,B
1966685737,9550829,B
2124798705,7020305,B
2123136077,7650595,A
2133635208,8284627,B
2133420053,7516388,C
2129460897,6969991,A
2130595127,10059736,B
2130516215,8891625,A
2156285128,5659408,A
2151405298,7164967,B
2151209321,9717791,B
2162095173,6079267,B
2161937612,8370277,A
2160465664,6070256,A
2162691907,6945783,A
2156924215,9285534,A
2159491201,9739737,B
2159857630,6826300,A
2158671551,5457679,A
2158684257,10749170,A
2148405421,8150627,B
1966796830,9951097,B
1966727103,10421696,A
1966721382,4700150,B
2145494832,6114703,B
2144536571,6944350,A
2143055713,7964701,B
338360298,7626081,B
333155206,5147848,A
1505363124,7117465,B
1507776345,7639758,C
1440897814,9879980,B
1966960306,7729867,B
262695717,8521924,A
1967071229,9801539,C
1967025085,9090909,C
1967025085,9090909,C
1967015495,9813151,A
1967012479,7897135,A
1967012479,7897135,A
1967155346,9957253,B
1967182435,9751838,B
1967168354,9499796,A
1967138585,7663623,A
1967136550,5953356,A
1967227207,9483825,A
1967216468,8975384,B
1967214395,8816050,A
1967220305,7924608,B
1552146516,7973018,A
1531627498,7194177,A
1588072095,10158366,B
1557108572,6097959,A
2910798045,11293759,B
2889774534,11814169,B
2938880258,11745871,A
2957448074,11672810,B
1966931110,8017389,B
1966931096,9046697,B
1966932982,9063063,B
1966954239,8473278,B
1966944046,5474895,C
2783829013,11434286,B
2885998509,10937122,A
2885998509,10319069,A
2805650025,11730749,B
2804753789,11384092,B
2039192678,6878543,B
2021267232,7353148,B
2023522838,6754380,B
2019099603,7924423,A
2019606348,5251288,A
2019824584,5789183,A
2020413211,8501924,A
2023869169,9623083,B
2027491247,7639359,B
2027086893,7917312,B
2025306977,6872249,A
2055007978,6825974,B
2056306889,5766191,C
2062184990,6727407,B
2061843432,5442045,A
2059348147,9086510,A
2043960555,5539082,C
2044361825,5374318,A
2043284826,4940836,B
2042950072,5416862,B
2041138289,5449604,C
2040504177,7943731,A
2042045565,6483640,B
2049883735,6337091,B
2049388785,7728701,A
2046538549,10858698,A
2001954230,4497768,A
2004858482,9082011,B
2004142844,5989803,B
2004514071,4849339,B
2004842290,4956682,A
2006753895,7532397,B
1988764395,9616141,A
1990258852,9296086,B
1994071342,6333031,A
1995062121,7756646,C
2011136431,7372937,B
2012940626,8431689,B
1966420797,7396551,B
1966410745,7973566,B
1966410745,7863937,B
2015512691,9135698,A
2015512691,9135698,A
2013566419,7028074,A
2014479588,9487542,A
1966297174,9750427,B
1966327293,7691393,A
2009984147,4829528,A
2009289374,6915156,B
1966373715,5358596,B
1966397005,7084127,B
1966364288,8232996,B
1966360373,6179491,A
2085062369,4588698,A
2086582440,8681315,A
2082086655,9606056,B
2082859856,7813537,C
2086874570,8129064,B
2089220360,9872881,B
2089220360,9872881,B
2087560312,8461155,A
2073451994,10428387,B
2075376030,8629076,A
2074416222,6274550,B
2071044322,8378100,B
2076525112,8168353,A
2077009726,7683237,A
2075938204,7635485,B
2077389972,5043164,B
2106119541,5930753,B
2118421293,4762789,B
2117098034,7187809,A
2118594087,7194177,B
2120559540,4945044,B
2120713861,6757343,A
2119391846,6356262,B
2118803679,4593318,B
2118734033,8953684,A
2111956627,7558763,A
2112513583,8396558,B
2114343696,6320888,A
2115215982,8161046,A
2115203277,9872089,B
2095581411,8486640,B
2091597704,6146375,A
2091011546,8790953,A
2100852839,6634007,A
2100961570,7072515,B
2103459879,7601826,B
2102870730,9981237,A
2102870730,9981237,A
2097065797,9347929,A
2065354729,9793735,B
2063269981,6977253,B
1966479600,6030832,A
1966529586,10435668,B
1966547730,6046041,B
1966486664,3965351,A
1966485273,8399193,B
2085800565,9917632,B
2085800565,9425886,B
2086051877,5646246,B
2092430842,6436857,B
2079640191,7574248,A
2079416142,8735318,B
2079178639,8917444,B
2077290085,6862121,A
2077550539,5438873,B
2079024810,4623619,B
2082200955,7223444,B
2081809026,10078142,B
2082492005,8175873,B
2110241296,8111618,A
2109985212,8121877,A
2106653347,6833306,B
1967890286,9260326,B
1967888499,5180809,B
1967912854,5909278,B
1967879539,7244424,B
2099700843,5920773,B
2099293994,4892661,B
2098010463,7260746,A
2098467540,8974542,B
2094111096,10230137,B
2096156981,6634233,A
2104836772,8442310,B
2105423800,7296011,A
2100113359,8705896,B
1967635473,9181403,B
1967635473,9181403,B
1967626435,10080484,B
2062399768,7886577,B
2062340141,8468592,B
2064577744,5348863,A
2063358283,5962322,B
1967696341,8845995,B
1967662782,9302954,B
1967662782,9302954,B
2053455149,5047337,B
2053639410,9460478,B
2053639410,9460478,A
2061959150,7632596,A
2061171726,8291651,B
2058490559,9077314,A
2071888472,4774321,B
2072044178,8629158,C
2068956824,9064006,A
2069086884,8206940,B
2075256946,4756898,B
2075608977,9651548,A
2075890625,6451108,A
1967728772,6235967,B
1967733903,7613075,B
1967776406,5563032,B
1967786369,10071119,B
1967802938,8956688,B
1968035972,5412053,B
1967992457,6560354,B
1968077497,7964159,B
1968090956,8831760,A
1968040797,8034314,B
1968064690,7569217,B
2160502540,8530166,A
2164774194,7995810,A
2165455459,8792517,A
2162893304,7783342,B
2161507892,5553206,C
2280290540,4952496,C
2275624848,4962995,B
2291299225,9884921,B
2291299225,9884921,B
2218541975,10210858,B
2327194129,8741386,B
2314403677,4284622,C
2314241840,10556016,A
2312278574,10407535,B
2208842507,8024274,A
2167548363,7371527,B
2174272802,10158366,B
2169011026,7345460,A
2169823173,5116948,C
2119248683,9889194,B
2123033252,7602103,B
2121431769,8117496,B
2131774453,9539285,A
2131438131,8202968,B
2132979415,6803776,B
2130688853,10227649,C
2130215489,8542736,B
2130215489,8542736,B
2110417418,7601532,A
2116409564,7490084,A
2118308002,6627793,B
2118296581,8535725,A
2117649045,10180714,A
2112259105,8494056,B
2112820216,8524402,A
2115075004,6480879,A
2145850805,6027447,B
2146820038,8548195,B
2146593943,7196122,B
2151807713,8019728,A
2149897099,5219727,B
2143230071,9764006,A
2145212745,10407312,B
2141069865,5539312,B
2140213809,6407313,B
2141502545,7731670,A
1967412255,9295696,B
1967412255,9295696,B
1967441471,11395590,B
1967433758,5165994,B
1967394868,6699676,B
1967392800,5972782,B
1967368894,9647800,A
1967368224,8313950,B
1991587346,6268145,B
1988488600,4661176,A
1988082072,6869983,C
1967344300,8918388,A
1967331732,10800968,A
1967302009,6780871,B
1967309297,11013415,B
1967291353,6301049,A
2006685712,7944206,B
2005008931,7307149,B
2009160632,9074198,A
2007577950,9726143,B
2000100674,6270347,B
2000260992,8541543,A
2000250830,8515094,A
1964205521,8620420,A
1934065146,8588470,B
1925471093,5166057,B
1967392071,6620458,A
1969577194,7790845,B
1969532037,7741520,A
1968607211,9727991,B
1968607211,9727991,B
1966114737,8778186,A
1966638383,9932808,B
1712539575,10702207,B
1614829279,8516243,B
1841820351,5886909,B
1890323531,7292661,A
1775955075,5732008,A
1980242660,10158366,A
1981110675,5177634,B
1980747862,10042679,B
1985517501,8119392,B
1972705270,6865526,C
1972159891,9454060,B
1970066387,4443450,B
1977405020,7224458,A
1977850703,10302631,A
1975262853,5885958,B
1975143289,4859452,C
1976001517,10009626,A
1976038086,9412044,A
13893245,4615974,B
12448093,9183598,B
12448093,9183598,B
2034321736,8105772,B
2034219522,5824863,A
2033561509,6495362,A
143313402,5362864,B
142697413,7340388,B
2047566811,5122788,A
2044878310,6337385,A
2044858533,8805659,B
2044673646,8625888,B
2051792094,7848896,A
2051237131,8929650,A
2052850027,9913092,A
2038747720,7972770,B
2036251083,5089126,A
2036082581,5468733,B
2040549137,8700655,A
2042372326,5468978,B
2021487030,9121893,B
2021255476,5256595,A
2021061242,9876931,B
2019108544,7524674,A
2025028459,8305682,B
2024818470,7177544,B
2023799097,10035714,A
2013420172,9688994,A
2011519997,10021534,A
2012451945,9996925,B
2011796884,5667970,A
2011699532,5629188,B
2017466256,6134250,B
2016319577,7984404,A
1967556415,8030449,B
142037680,8259106,B
1967484288,6868099,A
2028284801,4389633,B
2028119970,9313465,B
2029724282,7830224,A
2029016849,9252712,A
1967501720,6633043,B
1967494143,9704288,A
1967517822,9134320,B
1965283425,6548277,B
1965278354,10137196,B
1965293991,7120344,
1965291044,9623102,B
2028226582,9910860,B
2029130826,9396302,B
2029130826,9396302,B
1965306170,9370318,B
1965306170,9370318,B
2027294860,8244071,A
2028009078,9830427,B
1965141016,7585630,B
1965144196,9524270,B
1965144196,9524270,B
2024937147,8741639,B
2024398449,4777661,A
2024493363,7618815,A
1965204107,6875851,A
1965193260,7601883,A
1965177521,10160654,A
2040451298,5499255,A
2041196794,10202897,A
2039460022,5548953,B
2043846071,5859224,B
2043473272,9537759,B
2044801049,10056602,B
2044917825,8809679,B
2045071846,5434074,A
2032683360,6597851,A
2032366276,7897129,A
2032093175,9061068,A
2031112809,5047952,B
2029679866,7768694,A
2037392033,7495767,A
2034658172,6280604,A
2035336350,8700126,B
2005238154,4042854,B
2002756111,9618445,B
2002756111,9618445,B
2002699303,8912352,A
2003157317,6223537,B
2003988723,8220310,B
2009783805,5942409,B
2006535096,9359422,A
2006404454,9636366,B
2007177608,4048500,A
2007235021,9329310,A
1997427234,5090254,A
2001779071,6852668,B
2001525957,9562939,B
1999168528,9299526,B
2000089152,7467369,A
1999458419,7514598,B
1999660152,6047080,B
2009893225,7854946,B
2019516090,9869616,B
2019440591,7910750,B
2017319597,9641853,B
2023138780,9394371,B
2022907084,6492064,A
2022747604,9712146,A
2012054050,5781009,A
2013038799,9197350,B
2010489806,5286739,B
2010952387,8589848,B
2010285927,5185253,A
2010220683,4163778,C
2011388730,4729652,A
2011444829,9690692,C
2015212543,4801575,B
2015476284,7738096,B
2013543639,5363054,B
2075795860,7485455,C
2075708502,8218895,B
2077308534,4232543,A
2076668889,10835148,B
2074774606,9988442,C
2074774606,9988442,C
2078497956,9675714,B
2077737242,8802045,B
2078992725,7480061,A
2078869999,9561498,A
2078869999,9561498,A
1965416558,7939734,B
2073723790,6194140,B
2073249175,6974898,B
2091969556,6924359,B
2090208003,7001708,B
2090563506,6218362,B
2094850820,5565324,B
2095046303,5710367,B
2093284392,5531990,A
2084309732,7949661,B
2084677747,5112460,B
2086667873,5730528,B
2088102598,8883416,A
2086514668,7991243,A
2054393776,9872374,B
2055122158,7532804,A
2053954227,8759363,B
2053534100,5744355,A
2056974556,8442108,A
2057424655,8138391,A
2047695955,7269313,A
2048151078,9331258,B
2046701861,8731255,B
2051308881,8197763,B
2048509547,5764665,A
2048937748,9244975,A
2049958866,5763190,C
2068962163,6306600,A
2067278340,8101302,B
2066727938,7788263,B
2068570668,5534619,B
1965347340,10738339,B
1965375056,10060932,A
2060023563,5426969,B
2064751148,6103695,B
2064512029,9169327,A
1496363505,8345863,A
1494301431,9709554,C
1018047830,10223500,B
1480393589,7590554,B
1512351123,7414023,A
1501827752,8358819,B
1541080002,6774106,B
1527575436,7183458,A
1529720487,9299010,A
1529720487,9299010,B
1532596011,8255405,B
1560820974,9998190,A
1558171043,7526123,A
1558171043,7526123,A
1964812502,10626179,B
1964798096,9795686,B
1964819974,8513452,B
1964771198,9957569,B
1964771198,9957569,B
1964900109,7790045,A
1964901903,6920398,B
1964894938,6767904,B
1964850962,6735581,B
1964846007,8541649,B
1964669290,8676302,B
1964613141,5416616,C
1964575026,8940142,B
147564659,4870163,B
135288629,5776692,B
16700791,7288324,B
1965032074,10421989,C
1965049187,6596497,A
1964991890,9175954,B
1964988197,9952204,A
1976729668,7241446,A
1976342493,6482553,A
1977496278,6003029,A
1974830671,7349005,A
1974876989,7858093,B
1978093920,7160684,C
1978216348,9679409,A
1978216348,9679409,A
1989514997,9015861,A
1991054305,7332572,A
1991170539,8842965,A
1993175786,7034945,A
1994065019,6399337,A
1983683645,7572925,B
1981250553,7271259,B
1983012121,7491930,C
1987878270,7718118,B
1986728683,9448289,C
1986728683,9448289,C
1986645368,9618555,A
1986645368,9562939,C
1986438556,10421753,B
1767774682,6044347,B
1743387624,7317878,A
1893528652,4329302,A
1828212129,5465204,A
1596439003,4765972,B
1635172332,7560855,B
1650018584,6088689,B
1969511937,7695917,B
1969515942,9609318,A
1967506805,7611835,B
1968662445,7417142,C
1968849392,4532211,B
1968061374,6614532,B
1973697445,5468978,B
1972873112,8267865,B
1973899622,9914960,A
1974236609,7141974,B
1972426309,4778261,B
1971967920,8908948,B
1946153984,10702377,A
1916385177,6184371,A
1914884504,5874565,B
1908077923,7239752,A
1965906101,9048330,B
1966392589,8946393,B
1966567896,10629993,B
1962683341,9536315,A
1963568712,9280551,B
3013085917,10931259,B
3013070327,11794462,B
3009700811,11225509,B
2997552745,11741555,B
2937266835,11161886,B
2899277016,10771208,B
2903004682,10428100,B
2970085812,11313988,A
2969429282,11162124,A
2953242213,5874577,A
2954636874,11318214,A
2985047055,11321837,B
2793845333,10758540,A
2793768786,10889678,A
2793295808,10512605,B
2786421904,11276814,B
2790590520,11072668,B
2751348345,10637360,A
2743624892,10911844,B
2747058966,11255986,B
2766049292,11118159,B
2770306141,11461618,C
1965858950,8357511,C
1965875863,9607362,B
2807573412,11667975,B
2802964673,11843123,B
2605127024,10089742,A
2722634805,11174288,B
2734510557,11492669,B
2731977090,9994601,B
2625836612,10969642,A
2614240391,10387746,B
2620741116,10367841,A
2883538319,10616596,B
2883538319,10542264,B
2883538319,10277895,B
2883538319,10757404,B
2892155976,11282654,B
1965913691,9777023,B
1965888648,9017960,B
1965883883,8268180,A
1965895067,7951531,C
132680443,6867180,B
1965959226,6492117,A
1965973428,6094049,B
1908224577,10023892,A
1878278841,5698394,B
1835379939,5546107,B
1824051579,7309757,B
1965256357,8739137,B
1964682477,7171061,B
1966972007,7968539,B
1937459287,6975666,B
1964482944,4180736,A
1966183056,5137822,A
1966193262,8268324,B
1966205973,4586185,A
1966216812,7330811,A
1966169120,6472147,A
1966228592,7399587,B
1966234833,5910434,B
1966238075,7678544,B
1966240013,10464989,B
1966249973,7310445,A
1982125317,8533681,A
1987173886,5756990,C
1987361930,5158933,A
1983576760,6741707,B
1970467661,9681220,A
1971842842,4117329,B
1967871912,7543255,A
1968660655,8153155,B
1968660655,8153154,A
1973342734,7742504,B
901759433,8098846,A
1193184257,10739356,C
1966050666,6692907,C
1966055810,7651998,C
1966071490,4143336,A
1966066354,10184933,A
1966065301,8759482,B
1966077111,5183602,B
1589511571,6937591,C
1691868325,8652061,B
1966147466,9460088,A
1520091057,6286022,B
1552311020,4927815,B
1545301666,6781284,B
2130851026,6017713,A
2131242389,9719127,C
2132145746,6754645,A
2129001596,7112322,C
2130279012,5784397,B
2136466505,9152735,A
2135809151,6184434,B
2137962168,7509300,C
2133834597,7226768,B
2133438103,7097832,C
2135441438,4929542,B
1965598293,9601789,B
1965618263,10149660,B
1965560731,8937167,B
1965585284,5317158,C
2127453362,4982647,B
2128097790,7562060,A
2127365348,8825648,B
1965635361,10521441,A
1965652496,5922585,A
2148754336,5436940,A
2148578075,10472635,B
2148847084,10431842,B
2149884386,7797140,A
2150071886,7005131,B
2147393391,8212492,B
2148380358,7804320,A
2152203125,7787030,A
2152375584,6989252,B
2153834107,9926532,B
2153809213,7514676,A
2150944771,7888000,B
2151944774,7826262,C
2142785166,6559126,B
2142321576,8549375,A
2138527776,8496926,A
2140231192,5145779,A
2140069239,7294496,A
2146102505,7702611,B
2145774285,6611823,B
2147057374,6763285,B
2144307231,7747100,A
2143324336,9351196,B
2143324336,9288718,B
2144664632,8348844,B
2144664632,8348844,B
2145081834,8792517,B
2145015532,6806065,B
2110574891,5294816,B
2110683310,7512582,A
2111967729,7324434,B
2109283000,6945114,B
2098675163,9518026,C
2098669942,11185596,B
2099118431,6300101,B
2097066872,5767155,B
2097361225,4789735,B
2097940854,7155058,A
2097825935,8449652,B
2103462388,5856869,A
2103573619,7592339,B
2104040005,8067053,B
2102208341,9624547,B
2102002080,7996343,A
2125126516,9163958,B
2125126516,9163958,C
2123113293,9565436,B
2124321702,7418455,A
1965517804,5412592,B
1965514871,7998744,B
2115461312,7890512,A
2117280310,8871480,B
2116490042,6743898,B
2113144894,5854903,A
2114998795,8775419,B
2119405901,9808505,A
2117958350,9163282,B
2118974166,8203602,B
2339464183,4371621,B
2327746020,10934345,C
2324987229,9061912,A
2324987229,9061912,A
2403652313,10902446,B
2399283909,9711201,A
2399283909,9711201,A
2293253767,10501549,B
2306220511,9996925,B
2275181360,10385098,A
2324009747,10241176,B
2513624014,10111928,B
2514468066,11661590,B
2553417768,11839195,A
2544761923,6414780,A
2534783800,10907092,A
2529992062,11052176,B
2541077418,7355215,B
2539724850,11167006,A
2539135751,5399074,A
2416027401,4474876,B
2409940686,10387746,B
2477316532,4643969,A
2166752834,8234116,B
2166129464,8792349,B
2171741282,6374271,A
2171614239,5965355,B
2171467647,8094841,B
2167292166,5606283,B
2156582908,7052837,B
2156537509,8110710,B
2156512653,9539256,B
2156504664,5495554,A
2156959175,9809858,B
2157465536,8341112,B
2157792708,8663637,B
2157792708,8663637,A
2157354264,10132810,C
2157270375,7970872,A
2157270375,7917574,B
2154422617,6097980,B
2154398219,7711047,A
2154846263,9256578,A
2158007382,8198416,A
2159922428,6560281,A
2160206808,7835568,A
1965759251,10083305,A
1965762347,8728430,B
1965766415,9280848,B
1965743713,9901256,B
1965737130,7884189,B
2256059162,10430272,A
1965780953,9239332,B
1965811518,9093925,A
1965800403,10160906,B
2192975131,9954085,B
2191492937,10076503,B
2205886515,9382320,A
2175477086,10002998,B
2173086864,7037520,B
2184917427,9710447,A
2243845726,7129943,B
2965920086,11164005,B
2966271759,11362575,A
2967299926,11840683,A
2967431359,11780969,A
2964150596,11005358,A
2964150596,10910824,A
2964224527,11378541,B
2964758013,11146445,B
2964361111,11771543,A
2964348228,11196594,B
2964321813,10917194,B
2964448830,11817911,B
2969526048,11206286,B
2969227602,11341372,B
2969354818,11111306,B
2970187632,11626486,C
2969859032,11118981,B
2968335130,11349482,B
2968353084,11383386,B
1826277484,8443205,A
1827212170,8826438,B
1824585754,5470729,C
1824528965,10155030,A
2963847269,11132617,A
2963882606,10107612,A
2963698419,11449384,A
2964004964,10246768,B
2963475663,11320455,A
2963625099,11480971,B
2979584579,11725215,B
2979401200,11622711,B
2979078846,11645572,C
2979365927,11118981,A
2979300210,11472923,A
2971928427,11719660,A
2972832815,11179416,B
2972825732,11119025,B
2972755966,11446636,A
2972517993,11786551,A
2970728886,11786587,B
2970990403,11245077,B
2970797918,11351368,A
2970796583,11693924,B
2970427296,11786569,B
2970338117,11413341,B
2971222905,10854395,A
2976925817,11623907,A
2974004033,11265040,B
2973112770,11279708,A
2974489745,11692982,A
2952555220,6803429,B
2952813308,11326162,B
2951891936,6673937,B
2951848516,10977773,A
2951884841,6794497,B
2951999921,8921580,B
2951821937,11719703,B
2951767800,11384367,B
2952336269,11846631,A
2952211153,11471520,B
2952146068,7288665,A
2952176601,11303722,A
2960313979,11148958,B
2960226759,11279708,A
2961882956,11146069,B
2961863584,11691878,A
2961995133,11001871,A
2955643198,11384029,B
2956442131,11695703,A
2958068914,11730386,A
2956835486,11345602,A
1823554250,5568142,A
2963418941,10851135,A
2963459526,8218150,A
1824340509,6845359,B
1824112222,6589751,A
2963047876,11271398,C
2963113157,11346013,C
2962874803,11811563,B
2962909976,11734892,A
2962884620,11325086,A
2963113157,11028493,C
2963229028,11332765,A
2963274139,11236380,B
2963173679,11790221,A
2963200875,10951292,A
2963190415,10027412,C
2953237953,7807832,B
2953213416,10915729,B
2953072960,11756651,B
2953952939,10997457,A
2954261220,11779612,B
2953817640,11411724,A
2953463250,11622966,A
3015540046,11845767,B
3014161470,11806342,B
3014088318,11622966,A
3014000833,11361967,B
3013838418,10973836,A
3017589214,11781698,B
3017303774,11631824,A
3020096200,11474264,A
3018478054,11624681,B
3009287944,11233744,B
3009778713,11823808,C
3007510053,11657405,A
3006646645,11069889,A
3012405657,11156734,A
3012950497,10747918,B
3013234079,11669984,A
3012105005,10947548,B
3011399142,11696155,A
3011770345,11736973,A
1831688559,6445747,B
3023917555,8623611,B
3023917555,8623611,A
3023162185,10867173,B
1828160669,6844852,A
1831401007,11214800,B
2989846724,10762725,A
2986818156,11691902,A
2985931765,11773205,A
2988340417,11830194,A
2990742692,11003908,B
2991499984,11388040,B
2991436278,11808564,A
2981249918,11130960,B
2980992355,11413611,A
2980853183,9017958,B
2981630236,11385450,A
2981496445,11484531,B
2980226387,11773034,A
2980173607,11244450,A
2981761893,11769876,B
2984638831,11100419,B
2984661092,11319368,B
2984707877,11325912,A
2983950820,11305007,A
2985708835,11421273,B
2985181871,11851383,C
2981832700,11718857,B
2981947400,11066364,B
2982032290,10961178,A
2981971375,11187797,B
2983092942,11658322,A
2982501796,11250601,A
3001161541,11762007,A
3000745273,11351810,B
3002031829,11719780,B
3000443753,11792381,A
2999278059,11696896,B
2999387020,11660574,B
3003566606,11468298,B
3005611127,10790854,A
3004856134,11693378,B
2998659158,11771805,A
2994934394,11351810,B
2993077347,11754481,B
2993705503,8216838,A
2998340949,11826495,B
2997575775,11626817,B
2995561411,11074728,A
2995769215,11369645,B
2995411942,8923661,C
2996706320,11354779,A
2996297015,11024790,A
2911753490,10810643,A
2912616608,11057053,A
2912514385,11082127,B
2912490552,11490149,B
2910845459,11273214,B
2911540814,11074256,A
2911412457,11388178,B
2913783720,11661476,B
2913877423,11411712,A
2913854092,11242421,B
2913051995,11788057,B
2912900352,11041018,A
2913395754,11297136,A
2913468595,11766446,B
2906189178,10859508,A
2906214699,10835590,B
2906210345,11799115,A
2906810948,11807679,B
2906442282,11725926,B
2905213054,11639364,B
2905332848,11421194,B
2909134018,10644718,A
2909011851,11194038,B
2908982964,11686885,A
2908875379,11730387,B
2910071029,11654166,B
2910018910,11318194,A
2909977372,10952993,C
2910222073,11664093,A
2909621742,10974443,B
2907177565,11414551,B
2907582765,11413611,C
2907543193,11717142,B
2908391177,10703791,B
2908374990,10815778,B
2921658973,11479760,B
2921242212,11471858,B
2921329644,11846041,B
2921881258,11633630,B
2921827007,11030780,B
2921808829,10979147,B
2919717584,11842794,A
2920039307,11260120,B
2920389233,11044161,C
2920389233,10841183,C
2920303604,11228180,A
2924677466,11374171,A
2924605582,11254156,B
2924889775,11680890,B
2925159601,11793854,B
2928832937,11679978,A
2927998553,11837681,A
2926447815,11203563,B
2925825557,11015444,B
2922673442,10864206,B
2923389432,10973836,B
2923255058,11293010,B
2923139450,11027019,A
2915630863,11629351,C
2915768184,11258314,A
2915251485,11760789,C
2915456238,11243141,A
2915504141,11754532,B
2915495369,11336492,B
2916162020,11458145,B
2916018164,11437501,B
2916059302,11451231,B
2914571707,11325919,B
2914365593,11690902,A
2915085314,7629475,B
2914930251,11482660,B
2917405238,11028418,B
2916956813,11709657,B
2916910687,11339440,A
2916508902,10824048,B
2916625095,11090628,A
2917057609,10984593,A
2895169604,10847948,A
2895164414,11260144,A
2896031581,11314210,A
2893860857,11834520,B
2893501387,11492671,B
2893577358,10766005,A
2894680735,11676750,A
2897237676,11081688,A
2897527114,11029416,B
2897537923,11722239,A
2896265302,11387651,B
2896773063,10971635,A
2890561721,11380422,A
2890362531,11328790,B
2891012798,11275749,A
2891110245,11633466,A
2890872166,11487827,A
2889762969,11236161,B
2889830381,11138989,B
2889540314,11779665,B
2890229078,11851712,B
2890215278,10845322,A
2892236409,11204409,B
2892229088,11003908,B
2892611636,11777138,B
2891453088,10960347,A
2891279701,10846875,A
2891249521,11414353,A
2902745594,11296271,B
2902914329,10877049,B
2902863091,10700234,B
2902726272,11368280,A
2901365714,10693565,A
2902094805,11410641,A
2904574097,11273147,B
2904572932,11426503,A
2904233109,11030737,A
2904347525,10963742,A
2904947448,11820800,A
2904741723,11699530,A
2904824998,10839223,A
2903018612,11269026,B
2903042102,11385183,B
2903083041,11702450,A
2903798735,10961266,A
2904000005,11217094,B
2904043540,11415950,B
2903639386,11227995,B
2898775017,11767508,A
2898569930,10845322,A
2899069561,11103686,B
2898857386,11099076,A
2898877847,11752221,B
2897924986,10958676,A
2898206942,10693565,A
2898365555,11668803,A
2900457367,6166379,A
2900083515,10945598,B
2900559154,11254709,A
2899227694,10882029,A
2899926698,11171225,B
2899985262,11382675,B
2899685011,10725045,B
2950235356,11312983,A
2950202934,8877718,A
2950079105,8692018,B
2950035795,7064105,B
2950481695,9346847,A
2950481695,9346847,A
2950493887,10017388,B
2950458873,11761042,B
2949638220,9650330,B
2949387001,11692173,A
2949416787,11358883,B
2949856067,10615566,B
2949812418,9573871,A
2951590829,6476241,C
2951526302,9266854,A
2951654134,5498734,B
2951462055,7250409,A
2950765278,8778689,B
2950834190,5861503,B
2950638012,6784283,B
2950663387,10566116,B
2951027085,6828347,A
2950883684,11361188,A
2944584528,11622727,A
2944249557,11251320,B
2943652716,11851648,B
2943597923,11684025,A
2943577705,11378466,B
2943711931,10720993,B
2943717183,11456698,B
2943129030,11157674,B
2943084874,11638753,B
2943943349,11319368,B
2944083325,11119025,A
1820092961,9873684,B
1818304349,10286009,B
2937192530,10946340,A
2937264423,11249082,B
2935924234,10991365,A
2935907307,10927100,B
2938190307,11242326,A
2938761422,11458440,A
2938737070,11268810,A
2937417041,11012802,A
2937836868,11781149,B
2937760456,11753337,B
2929750978,10952975,A
2934177382,11198871,A
2932500319,11091468,B
2932694651,11313348,A
2942013927,11124799,B
2942191047,11331656,B
2942647057,10873325,A
2939335898,11391711,A
2939026656,11724260,B
2940751361,11478466,A
2940131043,11676006,A
2948061062,11827858,B
2948746391,10930022,A
2948731281,11169427,A
2948927976,11384344,B
2949015502,11639369,B
2947239346,11311202,A
2947146099,10934536,C
2946842482,11637243,A
2947562522,11840720,B
2947571256,11301474,B
2947838112,10945955,B
2949242472,9045507,B
2949242472,9045507,B
2949351570,11098300,A
2949350344,11266706,B
2949286163,7119232,B
2949336566,11062502,B
2949322055,7414069,B
1822448375,4978623,B
2946420322,11260044,B
2946584893,11367239,A
2946281317,11617998,B
2946349475,11618019,B
2945751843,11617770,A
2944994739,11461688,A
2945007172,11338016,B
2945285557,11581130,A
1840638883,4398822,B
1839670155,5589174,B
1839679846,5591619,A
1839089902,10195241,B
1843099843,11060066,B
1843024137,9925254,B
1843024137,10500261,B
1842480416,5364787,B
1838662971,5187077,B
108906554,5780589,A
108476168,9370318,B
108476168,9370318,B
1847268139,6031914,B
1847147479,9770495,B
1847025406,8217941,A
1847025406,8022951,A
1846630191,10117935,B
1848511088,5321645,B
1849598672,5731419,C
1845472102,7256037,B
3025521550,11660335,B
1836429653,7947458,B
1836078613,6957331,B
1835239585,10814020,B
1837075717,5889891,A
1837531325,5837820,B
1834684491,6703494,A
1834129338,10557214,B
2567925589,11213020,B
2567508681,10630636,B
2568009389,10426949,A
2567220974,10374262,B
2567323392,5793230,B
2567058303,10057119,A
2570465105,9992587,B
2570422653,10615475,B
2570771570,10900035,B
2570907919,10744485,A
2569051573,11779656,B
2569970524,10933166,A
2569678346,10808173,A
2569652202,10319871,B
2569652202,10032949,B
2564925374,11306310,A
2564901475,10568908,B
2564375460,11712454,B
2564456634,11365388,B
2564526117,10852200,A
2566350192,10484350,B
2566336508,10892433,B
2566410933,11384364,A
2566667881,10907139,C
2566668638,11813123,B
2566687796,9750740,B
2565427944,11253993,B
2565647656,10301939,B
2565954200,10151588,B
2579829632,6440706,B
2580251035,10767164,B
2580237730,10823843,A
2580236688,10316078,A
2579041139,10740686,A
2581644107,10564512,C
2581641697,10598612,A
2582178220,10408416,A
2582084033,10049761,C
2580715127,10556798,A
2580698364,11299518,A
2573814393,7704687,A
2574424141,10828319,A
2574517334,11463113,A
2574532316,10949741,A
2572202815,11134259,A
2572403213,11371101,B
2577406526,10642056,B
2577015886,10662229,B
2578229589,11191850,A
2577870095,11318186,B
2575082881,10148721,A
2576664002,10683270,B
2559984896,11180651,B
2559982261,10381683,A
2559982261,10361454,A
2560012019,10552671,A
2560386047,11371023,B
2560368271,10590176,B
2560120411,10578580,A
2559767676,10860746,A
1776229948,4942122,B
2560408749,10590091,B
2560499949,11118048,B
2560652703,10583677,A
2556731147,11631502,B
2556429694,10183337,A
2556926466,11126766,B
2557010433,10364242,B
2557098743,10652096,A
2555624311,10497284,B
2555443965,11099126,B
2555325296,11459313,B
2555950968,10680508,B
2555950968,10601305,B
2556046361,10084287,B
2558778180,10821078,B
2558954127,10494328,A
2558387501,11619616,B
2558601763,10516089,A
2558697247,11208330,A
2559064311,10206920,A
2559243821,10345572,A
2557909221,11122758,B
2558151185,10552977,B
2558059405,10594261,B
2562256968,10494472,A
2562217067,11781110,B
2562726516,9645227,A
2562308585,9986723,B
2562506588,11351222,A
2561480765,10723774,B
2561468492,11311628,B
2561671868,10169870,A
2564061777,11672832,A
2564053471,10513708,A
2563912444,10776709,A
2563225896,10374274,B
2563218616,11191807,B
1780497578,10555995,B
1781556325,10180435,B
1778154044,6987176,A
1777472629,9780985,A
1779769590,4740467,B
1778766824,4851333,A
1778792884,10677869,B
1784299432,8962795,A
2561119724,11200496,B
2561086692,11214366,A
2598170510,10435343,B
2598370095,11300774,A
2598689715,11854666,B
2597494578,10052304,B
2597064996,11078272,A
2597315912,11322905,B
2598110464,10993937,A
2597711864,10517938,B
2600139053,11430577,B
2599186279,10901325,B
2594581793,11065252,B
2594580390,10493056,B
2594688743,10574268,A
2594013977,10733771,B
2593892063,10932662,B
2593755344,10731269,A
2594043475,10733771,B
2594093476,10774069,B
2596982648,11107557,A
2596666705,10672501,A
2595069044,10626463,A
2595812825,10873446,B
2595639136,11219876,A
2605570142,10882948,B
2605781488,11034996,B
2605003947,11028369,A
2605061698,10633420,B
2604853986,11186872,B
2605192666,11083751,B
2605150564,11090310,B
2606677947,11484521,B
2606549030,10640954,B
2606513249,11088316,B
2606591457,11730801,A
2606915822,10266887,A
2606915822,10266886,A
2606901121,10726256,B
2606320637,10889914,A
2606316518,10625204,B
2602235833,11045672,A
2602567987,10552435,A
2603195095,11293925,B
2602571930,11326192,C
2602938548,11474110,B
2602879557,11680086,B
2601349880,11459375,A
2601004093,11400279,A
2601031109,10601305,A
2601031109,10680508,A
2604433385,11320641,A
2604343829,10912801,B
2604618525,10808010,A
2604617259,10510920,A
2604601951,11066452,B
2604499807,11124575,A
2603721103,11066420,B
2603552789,9400412,B
2604019671,10096487,B
2587385466,10417329,B
2587392373,11701621,B
2587302961,10557810,A
2587681145,10116258,A
2586823735,11622710,A
2586573214,11730827,B
2586562210,10725209,B
2586647136,11730801,C
2587141595,10276179,A
2587026417,11301598,A
2588335075,7999077,B
2588613595,11123409,A
2588692501,10562975,A
2587955890,10183972,B
2587807030,10975167,B
2588091701,10648978,A
2588011101,11371736,B
2584473704,10161012,A
2584439220,11390865,A
2584143585,11155367,B
2583523942,11655610,A
2582725332,10823843,A
2582493896,10996496,A
2583171827,11099136,B
2583273198,10907216,B
2583405078,11210939,B
2585599064,11434190,B
2586297008,10724809,B
2586478628,10367329,B
2584678252,11725275,B
2585354454,11001681,B
2585155324,11309684,C
2592505101,11203695,A
2592803745,10528147,B
2592784119,10801016,A
2592142469,10395882,A
2593457177,10844397,B
2593285108,10526209,A
2593593666,11628239,A
2593117252,11801307,B
2593090407,11124761,B
2593248466,11017125,A
2589854741,11149266,A
2589779235,10723921,B
2588901713,10656144,B
2588943242,11123396,B
2588791993,11499981,C
2589008053,7993918,B
2590974264,11040019,B
2591534501,11166940,A
2591379092,10669266,B
2590214733,11091523,B
2590403902,10993433,A
2526330004,10206646,B
2525881448,6165776,B
2526420455,11173168,B
2525181959,11306611,A
2527776658,10864226,B
2527636586,10736972,B
2528158632,11814643,C
2526738316,11104964,A
2526795458,8790711,B
2526795458,8784896,B
2526795458,8685462,B
2526795458,8501241,B
2523099503,11254933,B
2523582151,9639777,A
2523582151,10248884,A
2523078400,11717480,C
2524461632,10273260,B
2524822131,11331027,A
2524213102,11754652,B
2532358725,11234613,B
2532482941,10793863,B
2532945253,7570182,C
2531572797,10236457,A
2531481161,9992786,C
2531507887,11207687,A
2531886224,11498062,B
2534051642,7777625,A
2533801509,10556895,A
2533805636,10408910,A
2533077049,9196047,B
2533226863,8761540,A
2528651437,10913776,B
2528930244,11149245,A
2530874255,11414708,A
2530851546,10658518,A
2530752265,10008749,B
2531277457,10253300,A
2530628223,9567396,B
2530014113,10431820,C
2530424018,10808084,B
2520704073,10225080,B
2520472295,10792272,A
2518061995,10427194,A
2519819282,10766071,B
2519797147,9544173,A
2519797147,10498557,C
2519077753,11402379,B
2519441605,10746651,B
2519405231,10246514,B
2520867128,11433141,B
2522321843,10568901,B
2522179922,10808024,A
2521075809,10660974,A
2520950275,10461935,A
1773613732,10416171,A
2545539348,11673125,C
2546302977,10696599,B
2546475807,9747413,B
2544670169,10328058,A
2544552424,7333850,C
2544874028,8213689,B
2545285971,8553433,C
2545214692,6646302,A
2545039571,10718756,B
2545134791,10314302,B
2547853544,10448901,B
2547716984,11034791,B
2547963687,11103496,B
2546845633,11021533,A
2546688770,11747271,A
2547069025,10605735,B
2547045813,11202587,A
2547085806,11041170,B
2541557299,7928896,A
2542107785,6107000,A
2543764929,10822355,A
2543997903,7157886,A
2544193636,6628453,A
2544107403,7319046,B
2542460421,5987468,A
2542344906,8848802,C
2552737552,10084282,B
2552535243,10874610,C
2553281238,10814319,B
2553150278,10656175,B
2553087624,9184589,B
2551496677,10873106,B
2551667199,11407792,B
2552145914,10697953,B
2552130641,10516398,A
2552057194,11632953,B
2554540404,10324135,B
2555052145,11299524,B
2555054553,11053301,B
2553640130,10169910,A
2553472355,11447495,B
2554528613,10093906,A
2549206821,11164997,B
2549354364,8895245,B
2548962135,10342864,B
2548935818,8335348,B
2549532065,7238496,B
2548210388,5912751,B
2548729622,11128658,A
2548650946,11235076,B
2548759840,8193505,B
2548512971,9342903,A
2550790024,11434301,B
2550952519,11376966,B
2550703660,9919973,B
2551329684,11213004,A
2551441780,10561745,B
2551369904,11493393,A
2551355962,10987434,B
2549963625,10781425,B
2550408398,10857187,B
2550226908,11401504,B
2538627350,11279643,A
2538648453,10524344,B
2538874655,9984962,B
2538772529,11680253,B
2538963568,8705484,B
2538963568,8705484,B
2540494898,5390110,A
2541110650,9014422,B
2540073704,10864296,A
2539991862,11293869,B
2535327350,10949620,A
2535400855,10890546,B
2535220971,6110226,B
2536047621,11230626,B
2534096409,11302455,C
2534820175,10490600,B
2537296909,8771189,A
2537133745,7842281,B
2537809882,11390656,A
2537585767,11806155,C
2536522640,7937179,A
2541184378,9320440,B
2541184378,9320440,B
2541447986,10766181,B
2787863806,10787436,C
2787960836,10377066,C
2788091542,11566993,B
2787097303,11332727,B
2786968255,11276478,A
2787631715,10777188,A
2788517680,11068474,B
2789494438,10593879,B
2789853803,10892520,A
2789972921,11344552,C
2789774528,11381812,B
2789760793,10336737,B
2788843856,11419899,A
2788633781,10722180,A
2789015856,11186820,C
2789171034,10905753,A
2784101923,11453882,C
2783934139,10818440,B
2784331266,11370822,A
2784508956,11497744,B
2784637175,10714651,B
2784206033,11746030,B
2783500624,10626099,B
2783703354,10498004,A
2783816243,10604737,B
2783794837,11349708,A
2783647977,10999848,C
2783599637,11482307,A
2786245220,11442697,C
2785763347,10874637,A
2785871231,10672405,B
2786649997,10851130,A
2784726823,11723988,B
2785356934,10572816,B
2785310437,11440887,A
2785254210,11716030,B
2784957321,10358422,B
2784905794,10903389,B
2785687289,11788057,B
2785431299,11331009,B
2793222747,11674128,B
2793205019,11083775,A
2793102714,11629367,B
2793385455,11378983,B
2793425294,10787489,B
2793487629,11180696,A
2793322825,10768185,A
2793321863,11778195,B
2793359586,11228547,B
2793359586,10666592,B
2793349369,11168322,B
2793349369,10392616,C
2792510630,10975107,B
2792784325,11440214,B
2792850478,11101616,B
2794314884,10913036,B
2794701126,11296271,B
2794651334,11678842,B
2794634409,11032061,A
2793790719,10831949,A
2793607182,11760701,B
2791188661,10655132,B
2791116289,11617768,C
2790256702,11407726,B
2790597722,11220549,B
2790589159,11723935,B
2790536909,11739305,B
2790316264,10847271,B
2790365688,10953086,B
2792052638,10719617,A
2791911918,11202652,B
2791905817,10738129,A
2791858592,11020590,C
2792239302,11702629,B
2792138005,11649451,A
2791238088,11629235,A
2791683947,11479581,A
2769025471,10347241,C
2769049661,11188825,B
2769470342,11258594,A
2769516386,11633142,B
2769212643,11440958,A
2769325850,10754959,B
2769263426,10907150,A
2769238896,6682611,A
2768676454,11325936,B
2768748694,10619172,B
1805037940,4713337,B
1805242326,5908924,B
2770765619,10020882,A
2771101929,10692189,C
2771101929,10685429,B
2771452315,11404180,B
2770894021,11072788,A
2769906108,11367551,A
2769691829,10999000,B
2769645408,11001557,B
2769664962,11806372,B
2770018320,11319600,B
2770188706,10218371,B
1798077826,6668325,B
2768055318,10376857,B
2767856024,10913036,A
2768413180,10940438,B
2768367424,11466010,B
1801751795,5324659,B
1803036763,7811821,A
1802693660,6611823,B
1798749130,8946172,B
2779874807,11236398,A
2779907736,11101615,A
2780323007,11834520,B
2781490399,10934551,B
2781305161,11453882,A
2780920928,11117808,B
2781597081,11185986,A
2777233499,10467523,A
2778648684,11300572,A
2778564739,11181482,A
2778169117,11440214,B
2778049835,11116830,C
2782868251,11452292,B
2782705826,10593879,B
2783196162,10850395,A
2783150544,10619134,B
2783027181,10333307,A
2783027181,10333306,A
2781978337,10745675,B
2782070529,11105932,A
2781653679,10636654,B
2781905124,11767367,A
2781769777,10918327,A
2781768394,11668777,A
2782414965,11261236,A
2773368957,11001606,A
2773021932,10941838,A
2773993757,11679180,B
2773727201,11259980,A
2773705531,10932741,A
2772071510,11666609,B
2772021362,11435399,C
2772587092,10767175,B
2772679281,11497744,B
2772231333,11384336,B
2775397285,11182833,B
2774312754,11778195,B
2775199657,10704093,B
2774904317,10909670,A
2774885454,10197486,B
2775137902,10934241,B
2884521265,11344511,A
2884034421,10911168,A
2884493365,10898484,B
1811899397,6714668,B
1811817270,7144569,B
1807715620,5618536,B
1807715620,5437951,B
1809540972,10101306,B
1808352992,4866166,A
2816607594,10858522,A
2812727290,11002693,B
2824115208,10749580,B
2848983148,11348693,A
2851597470,10722509,B
2826194452,10954315,B
2825472039,10527712,A
2810479593,11447882,A
2810445832,11208640,B
2810538423,10783612,A
2810563100,11400168,A
2878721160,11773407,C
2883349192,11273158,A
2883313923,11724980,A
2883280695,10177768,B
2887478002,11257665,A
2887703287,11235056,B
2887682856,10828327,B
2887744121,11624130,B
2886364685,11771543,B
2886453226,11112438,B
2886924760,10728139,A
2886890386,11739348,B
2887048650,11455438,A
2886978175,10757482,B
2886828013,11000991,B
2889108300,10913892,B
2888988521,11261471,A
2888931069,10874737,B
2889518618,11274859,A
2889249092,11739194,A
2889229548,11772052,B
2888243736,10490974,B
2887829963,11380895,A
2888609831,11763483,B
2888572484,10465198,B
2888567469,10961565,B
2888546371,11053520,B
2888497100,11241501,A
2888689487,11370988,B
2888345849,11085071,B
2888464907,11719703,B
1815197835,9938580,B
2885647718,11080776,A
2885606572,10804431,B
2885792248,11231420,C
2886022167,11220695,B
2885826087,11299455,A
2885047507,11444210,A
2884681453,11192791,B
2884671588,10710956,A
2884783182,10443075,A
2885207443,10523480,B
2885171375,11198884,B
2800292007,11496350,B
2800260581,11732172,B
2800233816,11211800,A
2800384031,10967363,B
2800571714,10656175,B
2800744724,11302924,B
2800113384,11286414,A
2800108104,11807679,B
2802002982,10875792,C
2801963291,11229253,A
2802453609,10620050,A
2802401356,11760733,B
2802401356,10844023,B
2802571559,11185567,B
2802072124,11628419,B
2802184895,10431210,A
2801062756,11834696,B
2801574648,11267873,B
2801574648,10829545,B
2801315954,10714688,B
2796309353,10829792,A
2796225699,11171297,B
2796415147,11655476,A
2796409016,11164312,B
2795942127,11674136,A
2796030304,11681201,B
2797059367,10219083,B
2796838432,10959670,C
2796826964,11278218,B
2795045151,11466437,A
2795865648,10811593,B
2795600567,10185916,A
2795560058,11386243,A
2798936443,11734910,B
2799447218,10392435,A
2799326804,10875792,C
2798059242,10752927,A
2797907857,11395140,B
2797837302,11712435,A
2797806857,11650479,A
2797757828,11713486,B
2797705783,11352417,A
2798772226,11842794,A
2798434869,11295223,B
2798365728,11409630,B
2807744070,10947116,A
2808028600,11402380,B
2808170167,11433371,B
2808150334,11311202,B
2806664373,11634699,B
2806191867,11117856,A
2807117162,11779609,A
2807242664,11472787,A
2807234183,11434217,A
2806924783,10940470,A
2809634452,11401387,A
2809206541,11634699,A
2809299793,10885379,A
2810260263,10501758,A
2810120606,11493667,B
2808468170,10994261,B
2808550603,10725175,B
2808263055,11251430,B
2808254707,11617558,B
2809058357,11164593,B
2803788284,11433371,B
2803569214,11026641,B
2804237162,10719069,B
2804200306,11357803,B
2804362346,11241510,B
2804342246,11148997,C
2804003118,11434549,B
2804025568,10978706,A
2802861040,7981215,B
2803325987,11697845,B
2803032578,11839467,B
2804390188,11821036,B
2805444933,11284826,A
2805503865,11154193,B
2805868597,11690900,A
2805849705,11105979,A
2805900463,11643335,B
2805926569,11364658,A
2804652964,11259980,B
2804741478,11415597,A
2804796581,11191752,B
2805067921,11045458,A
2805009218,11079371,B
2804983547,11774447,B
2804970352,11313814,A
2804945509,11617903,A
2624521927,11021516,A
2624519431,11738008,B
2624737815,10921397,A
2624238185,11654609,A
2625143103,10409888,B
2625303446,10333477,B
2623070500,11339420,A
2622678873,11254048,A
2622866724,10626180,B
2623534486,11701453,B
2623500277,10801027,B
2626832796,10808256,B
2642970747,10354642,A
2633784066,11345910,B
2625942371,10870749,B
2626594927,10931146,A
2620018196,9002857,B
2619996986,10955380,A
2620245693,11466169,B
2618568302,10664685,A
2619144349,11690900,C
2619296187,10984965,B
2621715610,11236135,B
2621714390,11435802,B
2621679013,11143603,A
2622520493,10875890,A
2622258133,11746346,B
2622151806,10294483,B
2620961655,10676363,B
2621159547,11826547,A
2730859341,11458431,B
2730393411,10577327,B
2726790408,10750943,A
2726768474,11279765,A
2727704977,10974202,A
2726271291,10640545,B
2726244132,11078491,B
2728059441,11499831,B
2728202749,10099981,A
2728363675,11484217,B
2734363851,10183080,B
2734353009,10264386,C
2734439325,10629833,B
2734952192,10656306,B
2731681260,10039713,B
2733397209,11848075,A
2733079353,10889688,B
2733070283,10206637,A
2685416739,11053209,A
2681242784,4931032,B
2700595004,11308387,A
2647385597,11172839,B
2722341990,11087043,A
2719995588,10935549,B
2724168908,10944232,B
2724136790,11092532,A
2725627050,10875860,B
2725178640,11311501,B
2711335539,10858581,B
2706019710,10272248,A
2704911444,10874745,B
2714194740,11149067,A
2611933816,10719649,B
2611719998,10655198,B
2611842268,10923818,B
2611757052,10854937,A
2611782164,10961342,A
2612463170,11246520,A
2612456346,11835611,A
2612186309,10383848,B
2611058239,11137408,B
2610925105,11786149,B
2611467245,11620772,A
2611575069,11171509,A
2611204511,11253570,B
2611198916,10713296,B
2611267947,6919906,C
2612688312,10490974,B
2613304904,11124819,A
2613233762,8145328,A
2613026858,10961312,B
2608225851,10760993,B
2608597522,10878964,A
2607277738,11091591,B
2607060903,11235076,B
2607490199,11234996,B
2610442760,11370830,B
2610190473,10150732,B
2610751324,10984030,B
2610732926,11693007,A
2610813613,11485954,A
2609237474,11702630,A
2610098014,10689461,A
2609533844,11447495,A
2609748597,11114623,B
2615287735,11306142,A
2615709841,11045493,A
2615933734,10986994,A
2615877008,10870749,B
2614073204,10735774,B
2613864493,11618924,B
2613858465,11485991,A
2613818761,10267694,B
2615001180,11435802,A
2614687917,10857032,B
2617352870,10429246,A
2617577231,11464748,B
2617228271,10725154,A
2618143950,10551283,B
2618247203,10249821,B
2617637142,11648559,B
2617637142,11292000,B
2617809162,10305250,B
2616321128,10554312,A
2616279709,11261430,B
2616047685,10409048,A
2617010335,11000486,B
2616677193,10420792,B
1790423369,9932641,B
1788133348,6171841,B
1789772299,11725216,A
1788382226,6031914,B
2613567505,10429175,C
2613761500,11394318,A
2613371607,10662191,C
2758716033,10432210,B
2758946207,11280790,A
2758575665,11642642,B
2759617622,10634696,B
2759590533,11098036,B
2759325774,11213591,A
2756792062,11054243,B
2756270348,10374385,B
2756541033,11688599,B
2757584973,11020425,B
2757490434,11370988,B
2757607174,10968430,B
2761851488,11389529,B
2761801854,11365294,A
2762206428,11161805,B
2760466629,11103861,B
2760915969,11214550,A
2761083139,11168347,B
2753884391,11241507,A
2754016659,10667701,A
2754014734,11161736,B
2753767282,10839255,A
2753617945,11079314,A
2754275691,11439674,B
2754322760,11365399,A
2754396422,10798238,B
2754088110,10064841,B
2752584372,10828365,B
2752521664,10635655,A
2752278096,10620503,B
2752173781,10262871,A
2752114543,10815486,A
2752385563,11193947,C
2753071814,10489908,A
2753058546,11246924,A
2752922284,11171297,B
2755406225,10726027,A
2755595107,11218224,A
2756003281,11789024,B
2756071038,11397183,B
2756044781,11295257,B
2755338132,11009375,B
2754872215,11092605,B
2754614134,11291637,B
2755255888,10332023,A
2755097774,10875339,A
2754924761,11074802,A
2755016866,11202797,A
2755008148,10159212,B
2762475403,10947221,A
2766424154,11239931,A
2766046281,11287536,A
2766096156,10333307,B
2766096156,10333306,A
2766352633,11756649,A
2766348652,11325991,A
2767343749,11235046,B
2767628771,11219892,B
2767767104,10738356,B
2767524834,11129885,B
2766890018,10677682,B
2766839491,10951596,B
2766832099,11478571,B
2766761882,11352336,C
2766966419,10604794,B
2767047321,11439615,B
2767110642,11094881,B
2767089929,10308950,A
2767033173,11191875,B
2765877930,10995260,B
2763799170,11207426,B
2763560012,10782464,B
2764195238,10513739,B
2764159986,11055625,C
2762680296,10947158,B
2762583307,10738099,B
2763391128,10753995,B
2763387607,11633466,C
2765498508,11365420,B
2765493348,11413579,B
2765581320,11308633,A
2765580445,11447834,B
2765791444,10513705,A
2765692793,10336737,B
2765264489,10780438,A
2765469831,10856735,B
2765461951,10915552,B
2740024147,11090391,B
2740288515,10696815,B
2740349387,10788495,B
2739474884,11299742,B
2739323872,11066479,A
2739641134,11467152,B
2741355233,10629833,B
2741325192,10494532,A
2741056151,11446315,B
2736153128,10149774,A
2736137830,10351606,B
2736686656,10975291,B
2736611505,11094043,B
2735396343,11135311,B
2735363562,11393137,B
2735448770,10529066,C
2735130172,10624111,A
2735974062,10579908,B
2736019557,11484630,B
2735645940,11459623,A
2735660862,10597289,B
2738411688,11795211,B
2738545246,11425357,A
2738542367,11773409,A
2738171447,11023789,B
2738260243,10947576,B
2738256613,11390866,B
2738701172,11224386,B
2737292381,11833131,B
2737078183,11419952,B
2737062659,10511853,A
2737041754,11453492,A
2737736503,11739326,C
2738131416,11690920,A
2737952040,11491136,A
2737330582,11474105,B
2749173320,10493558,B
2750012732,10941431,B
2749954635,11351545,A
2749853078,11813297,B
2749744642,10758511,B
2750038298,11142552,A
2750040013,10629833,B
2750116428,11325991,C
2749001670,10794894,B
2748720677,11009514,B
2748680289,11299630,A
2748568654,11020590,C
2750401541,10833570,B
2751540326,11468144,A
2751383512,10651687,B
2751355844,11113445,B
2751455738,10577665,B
2751557013,11235000,B
2751274923,10839539,B
2751876730,10669599,A
2751671374,10772953,A
2751726282,10662191,B
2750584761,11175627,A
2750482762,11618019,B
2750464792,10960070,B
2750634509,4421409,A
2751253405,11236355,A
2751190598,11028041,B
2744089120,11364566,B
2743985231,11396649,B
2744259283,11821003,B
2744242175,10537125,B
2744379637,11292000,B
2744379637,11648559,C
2742701562,11421247,C
2743329591,11084839,B
2743342377,10662445,A
2743399197,11046628,B
2746256752,10482353,A
2747415602,10242292,B
2747369917,10618959,B
2745028014,9937359,B
2745278185,11084781,B
2745065893,11408897,B
2745116890,11286502,A
2744668511,11063637,B
2744724495,10553026,A
2745762785,10725373,B
2745762764,10900067,B
2745366541,10188743,A
2745359471,11242249,B
2745534796,10850128,A
2061345139,5096733,C
2061288326,8916137,B
2061210167,8642317,B
2058448699,7452800,B
2058950402,9860022,B
2058925610,5633131,B
2058622854,6983034,B
2059783620,7042577,B
2059197758,4973112,B
2065296697,8874557,A
2065129462,8175361,A
2065487827,6790838,A
2064952738,4537064,A
2065796495,6208967,A
2065609734,10407757,B
1902154491,6927034,B
2061712899,7676484,A
2064443588,7144864,A
2063220782,7666590,B
2063041085,9108987,B
2063583478,7105832,B
2050645763,7082371,B
2050901525,6331637,B
2050794663,10017761,A
2050833508,8586007,B
2050085016,5221741,A
2049887954,6309996,A
2050334711,8611691,B
2051664733,5318676,B
2051404861,7158545,B
2048091718,9024708,A
2048172568,5290677,B
2048254957,6447887,B
117943607,9045211,B
2048578740,9470527,B
2048546747,9449026,A
2048546747,9449026,A
2048872556,8507845,B
2055856484,10952803,B
2055710769,8507274,A
2055932124,5841900,A
2055899967,9581627,A
2055144196,8149419,B
2055452255,8854365,B
2057200308,6871167,A
2057518652,7781724,B
2057246206,7706606,A
2056498116,9470818,A
2056294682,7645759,B
2056284934,8498046,B
2056256749,9236881,A
2052899505,6388099,A
2052789583,6879324,B
2054450126,6102968,A
2054413054,4182796,B
2053978587,8323664,C
2076689005,8265356,A
2077061749,8026065,B
2076096345,5693495,B
2076251641,10047091,B
2077925586,10397616,B
2077693819,8589360,B
2078032477,8411982,A
2077143670,7679615,B
2074072577,8149419,B
2075548200,7636522,B
2074981114,8830235,A
2074818733,9099083,A
2074818733,9099083,A
2082242284,8023423,C
2081205772,4762125,B
2083401450,6097188,B
2079218888,10857669,A
2078968559,6862734,A
2079029430,6444896,A
2079733011,7029915,A
2078757437,7439223,A
2080696342,8343938,A
2080663180,5962323,B
2079921510,8931490,A
2079854797,8719807,C
2067456238,9957472,A
2067456238,9957472,B
2066323463,4951286,B
2068243020,4488991,B
2068172152,7587374,B
2067659521,9018400,B
2068170551,7750637,A
1903800363,6727725,A
1904387231,9280535,A
1905682448,7358978,A
2072285503,7583894,A
2072548941,10407488,B
2072445298,6075836,C
2071542669,6701050,A
2071439425,8806565,B
2071439425,8806565,B
2071474563,9172245,B
2073108215,7563897,A
2069673519,8996622,B
2069534242,7357509,B
2070107641,5532156,B
2070274581,10230943,B
2070694684,9488739,A
2028224749,4852552,B
2028418915,8057857,A
2028880634,8268551,A
2028875676,5390110,A
2027762869,7289207,A
2027890966,9563964,B
2027667981,4970157,B
1895583853,10513692,B
1894884038,10928404,A
2025965230,9607362,B
2025599732,7978652,A
2025863726,7253287,A
2027259333,7356526,A
2027229485,4626504,A
2027069301,9101693,A
2026972832,7351975,A
2027484642,6649637,B
2026544727,6303362,B
2026564431,4886757,B
2026550600,8402420,B
2026550600,8402420,B
2031120567,4707442,C
2031164055,7464024,A
2032034496,6790673,A
2032381866,9209352,B
2031627916,9696468,B
1897515702,5096819,B
2029733795,9153073,B
2029825110,8895242,B
2029318354,6831196,A
2029436676,6248937,B
2029415008,5717070,B
2018252385,5440417,B
2018146992,8372888,B
2019789983,5338481,A
2019633508,9577956,A
2019518591,9222103,B
2016443173,7544626,B
2016854236,6783914,B
2015688877,8831946,A
2015417342,5341444,A
2016033669,8716017,B
2017990475,5032507,B
2017984436,5931780,B
2017901652,9556437,B
2017901652,9556437,B
2017400495,7076081,A
2023522838,7545965,C
2023925184,9416173,B
2022995384,10359473,B
2023035122,8306047,A
2023263797,7550299,B
2025006097,11203772,B
2024163939,7767886,A
2024579156,8116376,B
2024536104,9721373,B
2020990647,4255018,B
2020981054,9722110,A
2021474164,10001772,C
2020701433,10338567,B
2020694540,8924977,B
2020670893,6064917,A
2022198163,7528117,A
2022550142,7763425,B
2021660766,7590287,C
2021999231,8621330,A
2045904095,9273136,B
2045372110,10073840,B
2046600042,5811278,C
2046352797,9007262,A
2043886637,5372808,B
2043773380,6019981,B
2043260641,7732406,B
2044801049,9349544,B
2044801049,9362549,A
2044801049,9941709,B
2044049005,7400767,B
2044268800,5410033,A
2047578399,8771946,B
1898561716,5861241,B
1898934895,9340575,B
1898362271,4905286,B
1900201877,8067535,C
1901060454,10421782,C
1900766634,5162223,B
2035678028,5840542,A
2035109840,5639787,A
2035402439,9117279,B
2035133891,6077665,B
2036055068,7855273,B
2037096261,8278406,B
2033564613,10161939,B
2033966334,8024189,B
2032698433,7230125,B
2032964210,8938116,A
2040512397,5623352,A
2040991619,11249073,A
2041145345,7398119,B
2041145345,6961599,C
2041945405,9531780,B
2042309276,4533875,B
2041266349,10001772,C
2041525670,5731410,B
2041697116,8780112,A
2038376135,8891088,B
2038376135,8891088,B
2038067490,7488384,B
2038441381,9803065,A
2037728125,5674996,B
2037615838,9574001,A
2037615838,9574001,A
2037883542,10329294,A
2039620693,6884600,B
2039405433,6143950,B
2039713129,8958608,B
2131238404,7666673,B
2131683015,8231284,B
2131672738,9324007,A
2130897728,6624929,B
2130799744,9394327,B
2132395495,8290096,A
2132357649,5427101,B
2130240399,7817640,A
2127539404,9330165,B
2127252219,8860359,A
2127796512,7543999,A
2127759083,8582875,A
2127726907,7817698,B
2129544488,8478082,A
2130149982,7418374,B
2128946520,8280627,B
2133250872,8738349,B
2136874613,8272278,B
2136994779,5388206,A
2136492908,7885470,C
2136337200,8613096,A
2138042915,7620096,A
2137279681,8626443,A
2137324886,9094206,B
2137779937,5239222,B
2137926281,7662441,B
2134164054,8141054,A
2133996722,7382951,A
2134379151,6081221,B
2133432179,6226383,A
2133487501,7817841,B
2133319446,8791444,B
2133576332,8775352,A
2135499181,7653867,B
2134949078,8912319,A
2138514533,7584081,B
2120063396,7792982,A
2120250790,9051383,A
2121127744,4808409,B
2121750485,8443330,B
2120420450,9377683,C
2120420450,9377683,C
2120621219,5412620,B
2120447256,8832009,A
2120956034,8990760,B
1913188064,9828432,B
1913354275,10772330,B
2119714006,8039445,B
2119438615,5317755,B
2119449905,8072291,B
1914507546,10190104,B
1914658037,9990221,A
1914658037,9990221,A
1914347682,10555919,B
1915016592,6998239,B
1915016592,6835547,B
1915016592,6835547,B
1913643963,10443077,B
2125425054,5357424,B
2125857474,9001889,B
2125040869,6397371,A
2126718454,8000533,B
2127143191,5970440,B
2126586267,8285523,B
2122615439,7027401,A
2123011788,6711723,B
2122670380,7006568,B
2122787055,7381790,B
2122279599,8290273,B
2124548376,8417047,B
2124393652,6673020,A
2123361941,8232800,A
2123140629,8244534,A
2123618099,5964837,A
2123577204,8023423,A
2083563309,8983980,A
2150028966,7249013,A
2150017297,6799136,B
2149097237,6205426,B
2151106684,6204046,A
2151429078,10151756,B
2150894667,7355022,B
2150499713,10334845,B
2146964183,7925599,A
2146953974,6400763,B
2147654323,7361499,C
2147705630,6035714,A
2147658195,6869770,C
2147523977,6203844,B
2148622792,7653535,B
2148244839,8677313,B
2151572083,8836009,B
2155545232,7890115,B
2155492691,7727504,B
2154485512,6772114,A
1921127455,5229113,C
2156196125,9233960,B
2156181187,8700577,B
2152386976,8173179,A
2152478209,4170631,A
2152893862,6161219,B
2151869276,6832050,B
2152285212,6961693,A
2152285212,6959273,B
2152285212,6952667,C
2154356392,6906253,A
2153269523,8735649,A
2153284406,6291430,A
2153362282,5414623,C
2139483503,6681202,B
2139289040,5930369,A
2139376315,5827187,A
2139354505,8458226,B
1919939449,5426027,C
2140219245,10557898,B
1916576906,6934712,B
2138623315,7016980,A
2138558626,7181296,A
1919831913,9745561,B
2144355552,8111770,A
2144475623,6272363,B
2144469199,8135181,B
2144708513,5550376,C
2144832908,8594221,A
2144792853,6965831,A
2144554111,4973366,B
2144506761,4922507,B
2144673045,7966655,B
2145566490,8243630,B
2145766699,10160833,B
2145473818,7983898,A
2141664272,6690311,A
2143434740,8355890,B
2140974691,9669213,B
2140957972,7882151,B
2140957972,7783680,B
2141311720,8504353,B
2142969958,7381958,B
2143322880,7991961,A
2143286442,5060285,B
2142238016,9310406,A
2142208371,8975895,B
2142406598,9070047,A
2142381883,10353269,B
2093029576,8406556,A
2093301569,7263993,A
2092303854,10488424,A
2092707863,7293143,B
2092630500,6853925,B
2094697850,7289121,B
2094647270,4455379,B
2094348575,6714808,A
2093573996,7838223,B
2093561477,5811515,A
2094073313,8710193,A
2090727367,8374505,B
2091120336,10755220,A
2098674925,5394439,A
2098817692,8275622,B
2097921866,8599941,A
2097844473,6671153,A
2099720095,8127138,B
2099931150,8347162,B
2099871001,7659314,B
2099846818,6583751,B
2098895692,7644377,B
2098845407,8112732,A
2098845407,8091059,A
2097566203,5485409,A
2096186632,7567203,B
2095442272,9044596,B
2095506671,8495580,A
2083656264,6317198,B
2083834344,8816050,A
2084429764,5432018,A
2084322633,5408110,A
2084540101,7151172,A
2084577909,5980831,A
1906119226,6674103,A
1905857425,7146315,A
1906263998,7265752,A
1908362133,6823005,A
1907002851,6487004,B
2088473986,8229716,A
2089336117,5438411,B
2089458919,9349186,A
2089587667,9545340,B
2089587667,9545340,B
2088765230,8969288,B
2088916376,5475842,B
2086119574,6747009,A
2086249726,5189371,A
2085585704,6332017,B
2085794066,7435977,B
2087348284,9805880,B
2087529254,5987094,A
2086563714,6246895,A
2086774951,8938115,B
2111714314,5469284,A
2111042242,4703023,B
2110978209,8931953,B
2111349073,5861275,B
2111299261,8051061,A
2113250519,8605721,A
2113562011,6922694,B
2109178466,8908992,C
2108870121,6494039,A
2110476355,10597425,A
2110727289,7432090,B
2117328536,9213764,B
2117444879,11439712,B
2116585109,7729538,B
2116555540,9060975,B
2116539034,10517963,B
2118325845,6321186,B
2118411153,8263664,B
2118229812,6278989,A
2118597675,8156385,A
2118658856,8861601,A
2117848638,7461073,B
2117745860,7542893,B
2114787432,7343246,B
2114711660,4860184,B
2115061457,6256586,B
2115170471,5185589,B
2115150721,8224604,A
2114925438,9978374,B
2114925438,9978374,B
2113855180,8044631,B
2116283852,7673174,A
2116316001,8214196,A
2115407997,8645380,A
2115219389,8908992,B
2115276491,5420851,A
1911337242,5861285,B
1911944710,6831991,C
1911944710,6831991,C
2102157799,9284590,B
2102481563,7751325,A
2102555948,7141376,B
2101768888,8160063,A
2101156894,8435507,B
2100156686,6047391,A
2100528253,8094841,B
2100485384,5608904,A
1910662451,7010482,A
1910504678,7099525,A
1911077602,4868118,A
2106421641,9335332,A
2105500408,8878631,B
2105294423,6747029,B
2105349588,8352797,A
2105931875,8522125,A
2107068916,5993826,B
2106992993,6370504,A
2107174508,8992991,A
2103883690,7250405,A
2103023126,8812922,A
2103018717,8673904,A
2102853656,7533294,B
2102912251,8311973,B
2105020480,9499829,C
2105232465,10018707,B
2105076923,7860406,A
2104137227,8107883,B
2104117018,9188982,A
2104650379,5940534,B
1863049369,6091424,B
1863451475,4940840,B
301377175,5736627,B
1242065934,11247009,B
1865785905,11633458,A
1866163372,9999208,B
1866903156,9114099,B
1864635191,10266549,B
94550232,10758209,A
170302557,8634610,B
164047826,7668705,A
1540340974,7873689,A
1548111049,6292925,A
1550458165,6874135,A
1872578175,5371077,A
1873344990,6538793,B
1873289851,7367781,A
1872793579,7220822,A
1870949761,4394451,A
1581717402,7382794,A
1581055665,7450770,A
1563221445,7752613,A
1561488981,7308332,B
1563863838,9758047,A
1563863838,9758047,A
1560678360,5304484,A
1570386714,5363050,B
1570245632,10358477,A
1573024203,7319955,A
1567676770,9608826,B
1500989043,8422570,A
1502754931,8389474,B
1509564830,6728779,B
1483635811,6341960,B
1481710664,5995737,A
1482575566,7106796,B
1482663303,6526544,B
1869499770,9913889,C
1869061657,10365416,A
1868347993,6638908,B
1516877469,10108270,B
1517893728,8356000,B
1510530291,6845130,A
1509961153,5724252,A
1520056856,10234543,B
1520248310,10152416,A
1520123458,4973921,A
1521068217,10042852,B
1521362230,5821891,A
1520048352,5608843,A
1522803839,6538416,A
1854324009,6545127,B
1854161196,5757099,C
1854015783,7697683,B
1855184440,6703494,B
1854594220,8346686,A
1853587966,7488576,B
1851584058,6635473,B
1852077611,6855807,B
1849841455,5650320,A
1859476503,9180298,B
1860141269,6719969,B
17575016,8565435,A
1857076294,10501331,A
1858181314,10588955,B
1858234318,4488991,B
1890253021,8355576,A
1891286077,11466255,B
1888691442,6282299,A
1888401150,6139836,B
1889818475,5273902,A
1889285734,7095872,A
1993176916,6863942,B
1992768296,9844684,B
1992768296,9844684,B
1992126239,5574738,C
1991944254,7410998,A
1991561423,8956978,B
1991408379,7790407,B
1887331866,10377988,B
1886835838,5777841,B
1996677172,9623083,B
1995724938,5135908,B
1995707507,7098295,B
1996136496,5440920,A
1996057585,6627188,B
1997494499,5037745,C
1997779333,5550630,B
1997852757,6495352,B
1996968708,5415850,A
1996985664,5870754,A
1997059947,7970189,B
1997276357,6828092,B
1994086322,6060253,B
1994111783,7574340,B
1994493971,5413991,B
1993752106,5966677,B
1995214208,4912095,A
1994853715,4516239,B
1984776359,4694071,B
1984137993,7947268,B
1985811619,8218933,A
1986146687,5324599,B
1985310514,5919720,B
1982048725,9251402,C
1982374380,9462306,A
1983445282,5516884,B
1982697612,9024507,B
1982669880,9190701,A
1989006361,5145829,B
1989850241,5818585,C
1990192833,8233742,A
1990241931,6349001,A
1986929110,6673328,B
1986488942,4907851,A
1986306831,8165393,B
1986291658,9705075,B
1986592394,8637010,B
1986623821,5858313,B
1988266538,5933355,A
1987534021,5646016,B
1892553944,6577995,B
2009928192,9791385,A
1891694420,9988463,B
1891730745,10084639,A
1891730745,10033574,B
1894233513,6061706,B
1893574932,8908921,C
2008083071,5877032,B
2008408032,7709728,B
2008396516,6589944,C
2007510046,6495352,A
2007587216,5638469,B
2009382735,7206488,B
2009587164,10660192,A
2009550219,8230292,B
2008629312,7983008,B
2014013638,4605428,B
2013529103,4029963,A
2013256941,6855506,B
2011305155,8339184,A
2011198083,6177231,B
2010545476,5861346,A
2010505196,9123943,B
2011921241,9635088,A
2000319729,8178517,A
2001406903,9782452,B
2001623470,8732163,A
1998817512,8588501,B
1998369673,7411698,A
1998538992,9442917,B
1999869503,6885762,A
1999279596,7858763,B
2005225520,6352803,B
2004639220,8606424,B
2005172332,5162064,B
2005029480,8716021,A
2005029480,8716021,A
2006705602,6901189,A
2006590639,10235126,A
2007002062,6990282,B
2006390897,7498592,B
2006382651,9109042,B
2002937040,8067175,B
2003282589,6714672,A
2003385706,5279723,B
2004211666,10078763,A
2004445056,8440430,B
2003690049,7358383,B
1879981224,5890110,A
1876033015,8763103,B
1852101032,6099842,A
1861869817,6816100,B
1862712516,10306532,A
1861465509,6278998,A
1903820182,9805264,A
1884861722,5331234,A
1876506000,6421008,A
1875452386,10143384,C
1875372674,9622997,B
1875845630,7885470,C
1845173400,6078680,A
1847526739,9060714,A
1953155531,10256712,A
1953702030,5494795,A
1949890406,6650310,B
1959266544,6745094,A
1959638931,6754177,A
1956100039,10044444,B
1964722916,8484980,A
1965165716,10880357,B
1965127033,8172998,B
1965165740,6493023,A
1965172982,5388909,B
1965180215,5547454,A
1920416369,8204232,A
1917707771,6080606,B
1908034516,7640475,A
1915933348,9454755,B
1940238485,5055400,A
1926510755,5787105,B
1928712541,11004008,A
1936342032,6680198,A
1936342032,6541255,A
1936342032,6528306,A
1932632320,6434489,A
1934710281,7045617,A
1629235680,8324810,B
1666706302,6278906,B
1659349535,10395115,B
1653566113,7105491,A
1598681950,8127794,C
1596707540,4907602,B
1596437127,7122359,A
1602443919,7116115,B
1604336571,8527316,A
1675339804,6081597,A
1815080316,5832430,C
1809275831,10732234,B
1800041360,5513648,B
1874175590,10618983,B
1874327257,8843492,B
1874327257,8843492,A
1874317695,6933422,B
1873622604,9355826,A
1690269198,6611913,B
1680836279,6373864,B
1691900654,6980697,A
1761663441,7027733,A
1765304091,6297003,B
1885129878,6192387,B
1976579219,8936650,B
1976579219,8900862,B
1976564808,8742347,B
1974662699,8563008,B
1975135547,5556786,B
1974907760,9158965,A
1979977768,9293553,B
1979650807,9272994,B
1981261636,8465858,B
1980534531,6037136,B
1977675881,9294296,A
1977511759,8674034,B
1976938767,8990132,A
1976938767,8990132,A
1978888783,5185253,A
1978104052,6093549,B
1978324604,8467099,B
1968315532,6803477,C
1968588998,6872471,B
1967925925,8395777,A
1967788629,8383794,A
1968087380,5024934,A
1969461196,5976553,C
1969572145,7687494,B
1970009031,9896836,B
1969309498,8748130,B
1966307839,6596774,A
1966170976,8571845,B
1966103866,7037657,B
1965952695,9119804,A
1967631064,9644076,A
1973268713,9090928,A
1973268713,9090928,B
1972843518,6377721,B
1972843518,6210910,B
1972686510,5523285,A
1974136668,8673120,B
1973740145,9730153,B
1973740145,9730153,A
1973717092,5686745,A
1973847681,6080579,B
1971014079,8477611,A
1970329447,10645934,B
1970048176,9284590,A
1970592116,7435503,A
1970481311,8679855,B
1972176873,8968996,C
1972233265,7226702,A
1891959637,7124069,A
265840965,7124069,A
2098110751,6665849,B
1966669239,8541571,B
2113553543,8541571,C
2252359586,9508648,B
2192267732,9847298,B
2009216385,8463014,C
2022852971,6211977,B
1648225392,5227069,B
2006447254,6211977,B
2171739959,6211977,B
2030172394,6912074,A
3011870092,11091779,B
2075424686,8976364,B
2050373540,4251686,B
2139921367,7069506,A
2162409520,5473165,B
2172217737,5656819,B
1483970971,5532495,A
2318029554,5473165,A
2145294169,5656819,A
2084369983,5473165,A
2132507815,6259552,A
2416100614,10011598,A
2101731812,10002230,C
2902982722,10465196,B
2097645991,6856520,B
2907629946,RE49280,C
2016173592,8753468,B
1591046254,6563019,B
2058944071,5074941,B
2321238201,9566354,B
2089991557,8952984,A
2089991557,8988461,A
2046556804,6956001,A
67100934,10316302,C
2095195627,7361729,B
1989444478,6551773,B
2070825350,5747661,C
2001858936,7045315,B
2155882942,6911537,C
2155882942,6984773,B
2410720565,9913820,B
2083536037,10744232,B
2099248441,10744232,B
2101057616,4054538,C
2059340457,4870158,B
2112884935,7345325,C
1838396874,6692908,C
2147679735,8114586,B
2117105620,8114586,C
2140406478,8114586,B
1998644281,7091324,C
2166631291,6432151,A
2038588668,6432151,B
1482366236,7105186,B
2783956761,10093680,B
2020020716,8513213,B
2020020716,8513007,B
1970230429,6771325,A
2018409247,9976536,C
2018409247,9976536,C
2061428918,9976536,C
2061428918,9976536,B
2060036073,9625403,C
2055378795,7666658,B
1969338731,6271015,A
2050302779,8252902,B
2010869158,6309881,C
2037411233,9738719,B
1969246442,5397700,B
2083950692,5254468,B
2132252105,9592198,B
2132252105,10434065,B
1974568507,5726751,B
19032761,6007775,B
2061932961,6541213,B
2010586806,6007775,B
1993118087,6277641,B
1522573339,4950471,C
1649441379,6277641,B
2155073648,5094819,B
2096955835,6150972,C
2324255739,4005077,B
2031934671,8374800,A
1967753957,4532247,D
1966210348,6679105,B
1997981586,5932100,A
2119142820,6415821,B
2014029537,6541213,A
1972554422,4990291,B
2122973314,7271007,B
2074330525,9046368,A
2034993498,9046368,C
2322291870,9403186,A
2138319435,8026487,B
2073666097,9611307,B
2611595231,10864520,A
2097354837,10835513,B
1796307963,6392855,A
1884818510,6392855,A
2396782511,10131922,B
1986151963,8698496,A
2100543212,7783459,B
2014526176,8093031,B
1972295129,7478190,A
1517327608,6188964,B
2567236694,6088689,B
2540253713,6088689,B
2146786881,4544500,B
2090371936,5733757,B
2038843255,5079152,B
2017423606,5573905,A
2952325184,5733757,A
2025373999,10655124,A
2040846175,4879236,B
1977366439,7582466,B
2899874681,10507738,B
2967781245,10910835,A
2933412441,10686810,A
2897853536,10507738,B
2807862826,10676744,B
2001187903,6064205,B
1994344883,4949287,B
2157029049,6235898,C
2781963812,10640482,A
2062671529,5533399,B
2092214460,4909976,B
2161373678,6827773,B
2106925411,5767648,A
2006429441,9657318,B
2604813613,10155964,B
3007535093,11319556,B
2122997043,8539585,B
2122997043,8156559,B
2109604217,5590242,B
1554595467,7373300,A
2486673205,6202047,A
1998966049,11547300,A
1847390053,5946656,A
1937009460,5737489,B
2110075857,7181399,A
1999955319,6202047,A
2128946969,5737489,A
2784160852,10339362,B
2107251604,7197460,C
2073467855,8095844,C
2002835143,7813258,B
2067778184,7746757,B
2161828911,5983007,A
1496352327,5657240,A
2125420575,5365528,B
2100913238,5257268,A
2129272639,6131181,C
2033753693,5144052,B
2067216595,9861958,C
2067216595,9861958,C
2053919838,9861958,C
2053919838,9861958,C
2761424377,10809128,A
2166067006,5499249,A
1620963342,5606567,A
2135794938,5228040,A
1671314208,5043986,B
2135129887,5043986,B
1971340897,7825736,A
2117498410,7825736,B
2001442495,6706900,B
2020810317,6028102,B
2179515848,6479826,B
2147261290,6479826,B
2964793879,10832659,B
2314764115,10213416,A
2162536793,10532100,B
2564030151,10229604,A
2038523721,4843059,B
1982363554,9883810,B
2076061064,9883810,B
1992868980,9883810,A
2972343969,11514325,B
2890328787,11287705,A
2023224142,7704720,C
2048810712,9249485,C
1987857872,9175340,B
2152195632,6175120,B
1997496825,8519350,B
2132605158,9463261,A
2987917523,4222115,B
1605685994,9622993,B
3020409176,11406697,B
2113239832,8661484,B
2407334816,10847324,B
2001123757,7569308,B
2061366322,6677469,B
2067950440,7569308,B
2170574782,7569308,A
1984031388,4529600,B
1851832408,9625403,C
1984364478,7993575,B
1996410469,8641995,A
2068978961,5945315,B
2124593050,7413853,B
1983826897,4921963,B
2066317871,6333401,A
2097724305,6489441,B
2068110028,7413853,A
2146383800,5906920,B
2003928686,6489441,C
2157906581,6756491,A
2157906581,6809178,B
2066636198,6984773,B
2066636198,6911537,B
2061755261,6437486,A
2320820606,5552073,B
2023739303,8679227,A
1580414212,6166269,B
2106226426,9521560,A
2055709444,9722720,B
2055709444,9722720,B
2109686246,7949318,A
2134567243,8619918,A
2798356629,10292059,A
1994770732,9338693,A
2002756084,8059733,A
2762819682,10346655,A
2090309671,8660077,B
2090309671,8532051,B
1988185030,8750358,B
2127210492,8059733,B
2046579341,8750358,B
2989613562,11209436,C
2027360015,5130415,A
2055305319,5712090,A
2103171057,6162435,C
1569668348,6329436,B
2767143271,10339537,C
2185315078,6015700,C
2129810176,7674612,C
1595841096,6458937,B
2088181163,10227369,A
2081885803,10827410,C
1494879100,8529885,B
2078596716,5383359,A
2064292369,4931649,B
1871282613,5635370,B
1572045755,9658318,A
1572045755,9384447,A
1973992434,7186978,A
2155567724,9633157,A
2103208588,6088653,B
2166556525,7244585,C
2121502190,8692053,C
2121502190,8692053,C
2051377446,8692053,C
2051377446,8692053,C
2068062264,8680364,B
1517964673,5567603,B
1503018576,7452705,B
138356460,6133313,B
2752635829,10355348,C
2082429377,9504417,B
2084915264,5216684,B
2034093047,5216684,B
1973565557,9329308,B
2036743134,6643053,B
2130180299,6643053,B
2906261488,10683554,B
2074268786,5629161,B
1989910566,8704134,B
2076321233,8317949,C
1971161380,6322794,B
1980958806,4547464,A
2075318332,9119812,C
2328590167,7433043,A
1490510554,6804405,A
2170719169,6804405,B
2155821648,6804405,A
2043141927,7837881,B
2150638839,6066324,C
2064488780,8564785,B
2322355897,8564785,B
2314918178,9557219,C
2013001892,9557219,B
1998377056,8564785,B
2047669285,9557219,C
1987106343,4451755,B
3000641962,11172011,B
2280697770,9896509,B
2498044626,5342922,B
1969863709,7217860,C
2087876594,5342922,B
1980333986,8617707,B
2029229178,9632075,B
2025673256,8003106,B
2092575401,6697665,B
2403246732,10542613,A
2036643580,5506150,B
2116645744,7496395,B
1981089845,5731179,B
1970648242,5106832,B
1989183603,6262818,B
255519803,6262818,B
2130677993,6943924,B
2802841716,10637386,A
2898410325,10637386,C
2292018975,9981923,A
2931940689,11468000,A
1989286658,10996538,B
3023678618,11480736,A
2004557398,6678618,A
2001791590,6678618,B
1795045837,9919274,B
2469323039,9919274,C
2144136905,7462691,C
2144136905,7485296,C
1591246616,6746659,B
1591246616,6585952,A
1591246616,6843977,B
2226564535,4665044,B
2128539791,6843977,B
2093640851,5712402,B
2117294325,6528034,A
1974086454,6869906,B
1607811940,7273615,B
2092645441,7435538,B
2186155880,7090824,A
2041448865,8372933,C
1976210588,7155087,A
1970870715,7092138,A
2137157580,6303330,A
2149092807,6190895,A
1991972396,5746998,B
2898155805,10838129,B
2808661948,10838129,B
2075882886,6263096,A
2155920206,6263096,A
1600895246,6771732,A
2127756447,7423430,B
1996837496,7402417,A
2007010450,8859268,B
2155151210,7655427,B
2158256867,5068816,A
1981347922,4880694,B
2811096106,10584342,B
1984954427,5267176,A
1988080642,5587393,A
1571324174,5202247,B
1492269561,5202247,C
2076184881,5202247,B
2114803004,5928917,B
2081507292,6649166,B
2169045871,6649166,B
2101440759,6941557,A
2884191983,11267904,B
2293874733,10786415,C
2023629381,9361963,B
2023629381,9361963,B
2044820175,7611853,C
2158709883,6526379,A
1999487753,4388708,A
2155789233,7035937,A
2095126583,6585405,A
2140863009,5989555,B
2165750561,8713655,B
2091994037,4437031,A
2050885306,5891628,C
2039995496,9566281,B
3012243534,11385450,A
2616913841,10257776,A
3022018702,11441160,B
1978638254,8690331,B
2126463439,7107403,A
2002775999,6950823,A
2045029627,10338567,B
2102689840,7107403,A
2131098545,7625469,B
2124075814,8416730,A
2134561558,8416730,B
2094748183,6455735,B
2509821088,10103069,B
62049161,6743952,B
2322407127,7898005,B
2322407127,8440453,B
2163295026,10065154,C
1570398644,8463008,A
2114131343,10579928,B
2074898839,8318820,B
1970060933,5011495,B
2965493955,11018552,A
1986363529,8648052,B
2090838983,9499496,B
2090838983,9499496,B
2008563568,8759031,C
2887564295,10661079,A
2061708033,10898089,C
2127071500,5523566,C
2022713185,10934324,B
2165507762,8634924,B
2165507762,8634924,B
2082184738,5671042,B
1965809871,8848249,B
2085939214,4949389,B
2154545634,9579639,B
2135624142,8729059,B
1970319941,8537423,B
2026256006,8861038,B
1993915825,5252544,C
2127487162,6902896,A
2127251468,9340575,B
1602743992,6355782,B
1996030537,4516980,B
2006219541,5376788,A
2019285525,5376788,B
2061037030,5589481,B
1837701685,5344768,B
1983212481,6699189,A
2106753404,7868610,A
2061437600,9868966,C
2051301916,5329837,A
2902721334,10712659,B
3011561529,11075934,A
2034426139,8203719,A
2002645161,6359137,B
2086812155,8691557,B
2056613300,9441226,B
2981197923,10665030,A
1977999278,9449249,A
1977999278,9449249,A
2118105142,8304397,B
2501839333,10274481,B
2081632438,9539431,B
1971761947,8934030,A
1989801431,8861038,C
2112322230,9642922,B
2112322230,9642922,B
2103126725,9206237,B
2323039062,9206237,C
2115687134,8797901,B
2031267053,7375185,B
2133761016,6995300,C
2080429247,6639125,C
2046886521,5912413,A
2006818685,7569748,B
1970985233,6225527,B
2114326881,5747291,B
3010839043,11119129,B
3010839043,10942204,B
2092923737,4734493,B
2196555355,6195631,A
2139895384,6233544,A
2097798654,6569292,B
2544949468,8290212,A
2077541254,8160819,A
1965115961,7691396,A
2058456142,5055453,B
2120573525,4337312,A
1992584776,4259319,B
2325582758,4245045,B
2765513257,10698121,A
2606010169,10698121,C
2041738125,7442510,A
2307019567,4925795,C
1970559495,4956291,B
1776397063,9528137,B
1776397063,9528137,A
3009890745,11136574,A
2081192945,9951392,C
1990530150,9528137,B
1990530150,9528137,B
2151148056,9528137,A
2151148056,9528137,B
2122695394,9225601,A
2153868210,8205132,A
2152215094,8416729,A
2012540688,8663630,B
2094613098,7495998,B
2103361723,5992215,B
2154944398,8611271,A
2095155416,5328904,C
1999109219,9700742,A
2128715362,9153203,A
2407715397,10176401,A
2162355453,7191178,B
2104837959,7792770,A
2807766400,10577100,A
2029136337,5707863,B
2162874261,8660326,A
2105955861,6969693,A
2051242530,8077747,B
2950365390,11321837,B
2002338069,8717669,B
1562648202,4350661,B
2143576830,9550012,B
2111419948,8179848,B
2172106254,8792367,B
1967129778,8460925,B
2063439039,6099760,B
1739990524,9481930,B
1739990524,9481930,B
1576225817,7888003,B
2517702090,10640752,B
1999775506,7937634,A
2148366556,8006150,A
2112129823,7937634,A
2116580242,5792605,A
2106858983,9598473,C
2612011384,10538860,B
2077861409,6013780,B
1993378013,8785614,B
2142037231,8841922,A
2541997775,6473212,B
2160297668,6008932,B
2096443202,6049416,C
1976613831,6049416,B
2044161629,6025941,B
2564509292,9916678,A
2564509292,9916678,A
1989989849,6146623,B
2151139410,8976933,B
2005716537,9412480,C
2032242729,9412480,C
1601512961,9042620,A
2090786449,6465247,A
2056461632,6465247,B
2056461632,6761883,C
1440170429,7300760,B
2030566923,6761883,B
1990364137,4962042,B
2006934789,4474945,B
99886386,4144329,A
2065979124,7157144,C
2418355630,6423529,C
1560895878,10610163,B
2036803086,7081371,B
2141275628,5488038,A
2058120714,5003055,B
2041358315,5028627,B
2073403484,8758616,B
2017972130,8003633,B
2017972130,8003633,B
2121374095,8309541,B
2315323530,5683689,C
2564279223,11510593,B
1412161755,11401552,B
2399102366,9034161,B
2072622486,4987078,B
1984721194,4977092,B
2791316107,10680712,B
2325391656,10205521,B
2297447389,10205521,B
2325391656,10003402,B
2011010646,8625999,A
1969787537,7705284,B
2594558465,11231608,B
2168000739,8338795,C
1981139816,4144341,C
2052049975,5429948,B
1986406328,8304529,B
2154736819,7078387,B
2066478217,6297220,B
1969703266,7061008,B
2008693143,7002166,A
1587144071,7061008,A
2029193507,6844197,B
2082680618,6844197,C
2172572454,7002166,B
2098871803,7002166,B
2100561499,6894991,A
128258058,6278701,B
2087461041,5230343,A
2082859968,6074667,B
2166733185,6278701,A
2166106919,7773229,A
2166106919,7773229,A
1985432260,7052865,B
2335477756,7052865,B
2028526608,9458431,B
2149255267,9458431,B
1992816164,8828720,C
1985424146,8691569,B
2042092963,5544127,B
2052015097,5300564,B
1889806645,5644652,B
1986098518,7946823,B
2601936374,10035810,A
2601936374,9926335,A
2052867969,10174265,C
2159875179,8030299,B
2039516561,9727672,A
2046561537,8686992,A
2111457672,7860509,A
2050016815,5524040,A
2964313340,10984173,A
88107024,5998601,B
19552541,5998601,C
1607793753,7426067,B
2008553222,9723851,B
2052511842,6254830,B
2086261010,6326213,B
2070314688,6326213,B
2149873099,6326213,C
2114082871,5656749,A
1553222710,10016421,A
2120677002,4176338,B
2544071624,5360388,A
1546643833,7558405,B
2043142563,7283716,A
1913240846,7283716,A
2098809010,5178790,C
2090546879,6750072,B
1992901692,6576490,B
2152449724,6750072,B
2152449724,6576490,B
2092311799,8563936,B
2936320490,10840348,B
2536352753,9489475,C
2536352753,9489475,C
2151071075,6890709,B
2084515090,5366728,A
2547585974,10431897,B
2128957481,6262523,B
2013503393,6262523,B
2046860454,6344746,A
1982575777,10617869,B
2049031553,8000796,B
2010071591,5196524,A
2150811635,9764477,B
59127150,4959344,A
2164638294,7791029,C
1613295270,5147851,C
1981419005,5599599,B
1508920988,11215700,A
1934870139,10672112,B
1988326981,10672112,B
2069217873,7791150,B
2066878525,4931547,B
2134543125,8835644,B
1971312738,7519029,B
2104187219,7519029,B
2112283667,8054837,B
2142171517,8054837,A
2103484093,8054837,A
2125975871,9371519,A
2114221777,7768366,B
1975429065,7745417,C
2097099115,9017656,B
1580859983,5877274,C
2139652091,8343475,C
2166290770,6906035,B
2008618006,6290037,A
2226476423,10943345,C
2200290088,10943345,B
2605474968,11549115,B
2022794398,10211923,C
1729017708,6057291,B
2080086899,9017656,B
2079375923,6297215,B
2079375923,6465429,C
2098483760,6337317,C
2953347747,11415419,B
2324598477,9557053,A
2031342902,8432166,A
2006420660,4981977,B
2000670394,5039522,C
2052713638,5039522,C
1482264408,9987307,B
2111206904,5268274,B
2166991901,6750381,B
2062982429,8303482,A
2167090261,8303482,B
2165111767,7840066,B
2145744030,7840066,A
2028666279,7679060,B
2096194977,4915917,A
2099527256,5440726,A
2109192777,5715386,B
2570904215,10879453,B
2083677818,6200747,B
1969114460,6200747,B
1998309581,8717558,B
2329911013,8717558,B
2014191882,6803565,B
2060805965,6787760,C
203189154,7132290,B
2010126361,6379943,C
2034462829,6855534,C
2034462829,7132290,C
2034462829,6756226,C
1968762056,7588906,B
2945046115,11121965,B
1964091691,6165461,B
2098853705,7514148,C
2150103255,5113424,A
2087334603,9724598,A
2047183024,6827579,A
2950080486,10788488,C
3024468677,10788488,B
2111139064,7603621,B
2110864981,9299485,B
2062677094,9724598,B
2098089040,6827579,A
2575030933,10245368,A
2025042181,4305882,B
2076742582,4305882,B
2366655530,5440020,C
2003458492,6850062,A
1965668344,5763199,C
2082248307,5854005,A
2951977592,6043248,A
2109809291,5931959,A
2006188263,6748083,A
1980601413,4791135,A
1991158003,5281597,B
1981167895,7179986,A
2748685846,11506666,B
2745675914,10421975,C
2728491309,11286494,B
2039976715,8110656,B
2796781048,11065332,B
2404389888,10744170,B
2104465685,9492564,A
1557898514,9353418,B
2171026968,9695400,C
2171026968,9695400,C
2074105722,5523084,B
2058145769,9695400,C
2058145769,9695400,C
2811300508,11506666,C
2500125550,10437945,A
1603164989,6200926,B
1964847983,5648872,B
2022356016,5920430,A
2078777599,10255357,C
2104997354,6904305,A
1991454305,6904305,B
2007920198,9288045,B
1990239015,9954620,A
1959395786,9326687,B
1996680987,10092359,C
2003784698,10092359,C
2739902650,11008290,B
2797632268,11053205,B
2988105076,11598868,B
2037434047,5776776,B
2095231536,9828623,B
2333606639,9828623,B
2050996471,7883874,B
1991447989,5625124,B
2084636563,5087671,A
1980094565,6156693,A
2050709941,8248688,B
2127632100,7803234,B
2152442995,4951292,A
1982118360,6649772,A
2754675499,10951897,A
2781778461,10373321,B
2133920177,8557244,B
2017508660,6538744,A
2024126824,6455043,B
2008347963,6281315,A
2791119888,10491974,A
2010934527,7247403,B
2002099380,7744813,B
2836283720,10550155,B
2041854776,7744813,A
2058678518,7744813,B
2044331946,7754144,A
2044331946,7754305,B
2028409042,7754144,C
2028409042,7754305,A
2080600328,4454097,A
2036242498,4654200,B
1519112430,9590088,B
1519112430,9590088,B
2079123854,4116798,B
1963555654,8583598,A
2107994169,8583598,A
2030248041,9250169,B
2030248041,9250169,B
2558163778,10682602,A
2087022533,8679019,A
1885580328,6090547,C
2167947130,8158667,B
2327787600,9173915,B
2145618318,10779799,B
2923370183,10839306,C
2064139989,8158667,B
2079841927,4765486,B
1492371726,6685932,B
2088398920,10152504,A
2125093810,8202848,B
2170191823,10272137,B
1964231221,8965078,B
2126626169,8468162,B
1990816255,7271147,A
2155443441,8226712,B
2168192071,5837534,C
2063679739,5837534,B
2021860877,6706686,B
2021860877,6946441,B
1587632330,6946441,B
2728181470,11547551,B
1751020166,8470526,B
2046847292,9170049,B
2068491070,9170049,B
2091435220,6291740,B
2134923333,8798348,C
2323113905,10221243,B
2969665055,11533214,B
1970302608,4975704,B
2120921897,6703233,B
2019252587,9446113,B
221405718,4977320,B
2761032585,11456392,B
2116940411,6406881,B
2038219576,5270206,B
2124565836,5606588,B
2067849074,5797967,C
2004276563,7231242,A
2898998505,10195437,C
2898998505,11097106,C
2015662278,7119081,B
2060855184,5891620,A
2915243933,5610145,C
2022477950,9580459,A
2133105169,10392610,B
1973109666,7119081,B
1984925832,8148415,B
2071782760,8653020,A
1987712240,6653103,B
2094403332,8334139,A
2055584669,8273954,B
2047460370,5024733,C
1933889532,10131953,B
2011315295,8483463,C
2061484794,9196061,A
2519545037,10153062,B
2530060368,10830758,B
2968956085,11378597,C
2602861186,10340856,A
2890668257,11160977,B
2887649851,11160977,A
2767347478,11160977,A
2955288059,11154707,B
2955288059,11241577,B
2087757222,5773253,B
1993066726,7515266,C
2058560506,7101986,A
2089984131,4829016,A
2105581794,5068203,A
2072888618,5521077,A
2045893698,5843718,A
2045893698,6022731,B
2045893698,5830750,A
2133731427,6939691,B
2156360858,8027542,A
1997641875,9844514,A
2083226740,10011820,B
1969840353,9890202,B
1443086519,5998596,B
1603621583,6111452,A
1975081828,8083983,B
1531267945,7303871,B
2059633299,7462688,C
2570848768,10210620,B
1996384141,5686306,B
2063982630,7411390,B
2054425479,7335376,B
2015271852,7508505,A
2050003093,7508505,A
1967135627,5686306,B
2027578305,5278627,C
2958759586,11426704,B
2052233370,8207299,A
2020710008,9249208,B
2020710008,9249208,A
2022744011,9249208,B
2022744011,9249208,B
2076339488,8241856,B
1971915288,9617297,B
1971915288,9617297,A
2107927982,6476413,A
2083612825,6566333,B
1968968207,6120799,B
2085830302,7871459,B
2030883519,6383989,B
2143063758,5989807,B
2030289273,8472486,B
2233426808,9804093,B
2233426808,9804093,B
2097342690,10463685,C
2113618284,10463685,B
1992388470,5942428,C
2055149726,5115096,B
2129550414,7125980,B
2129550414,7125981,B
2129550414,7094893,B
2147272273,7746789,B
2007161198,6770419,B
2038676888,8878340,B
2008547484,9383312,C
2120558278,4346343,A
2109112822,8536321,C
2069147501,4843011,C
2099149221,8609382,B
2130361333,9926535,D
2313292414,9809594,B
2313292414,9809594,C
2323560958,9809594,B
2323560958,9809594,B
2094595216,4552758,A
2120191514,9809594,B
2120191514,9809594,B
2894907591,11341645,B
1983222931,4535205,B
2021715065,4676981,A
2113678192,8706208,A
2095631289,8139835,B
2095631289,8139835,B
2171148344,9176860,B
2132996868,6511430,B
2960288531,11497476,B
1935526712,8227184,B
2119347432,6548734,B
2622483386,11466327,B
2765484031,11466327,A
1757588781,4809554,B
2095112739,5596436,B
2018757721,5596436,A
2023108024,9526514,B
142702157,7553483,C
2747433482,10699415,C
2909105059,11076786,B
1978869747,8715940,B
2092185044,9474798,B
2127320223,6958627,B
2149534087,6958627,A
2121585416,9537679,A
2123825310,5838438,A
2016732297,5838438,B
1965352019,4360271,A
2091866169,9855370,C
2091866169,9855370,C
2088373632,9771400,C
2030151574,9771400,C
2330454837,9352146,B
1996162773,7723687,C
2114288881,7723687,C
2019753927,7723687,C
2049394590,6921909,C
2545223144,8405035,A
2087798525,6962792,C
2071898876,8895254,C
1177147952,9925295,B
1982289256,9720927,A
2327485918,7118888,A
2022537392,9360611,B
2022537392,9684106,B
1986076142,6684219,B
1986076142,6985929,A
2023623752,9074187,B
2023782245,9198934,B
1967554269,10395411,A
2049462432,10395411,B
2142474387,5422240,B
2037695550,10310020,C
2063107735,8025167,C
2010420961,9556006,B
2003526930,9939377,A
2003526930,9939377,B
2034276272,4134843,B
2008746305,10004688,A
2043466892,4217601,B
2012527778,8624599,A
2153686024,5864166,A
2124984438,5413881,B
2095888426,9878885,A
2095888426,9878885,B
2031540632,9276948,A
2118162868,4833383,A
2169202563,7565231,A
2516321377,9368938,A
2147363233,9587265,B
2170376806,9587265,C
2069875004,6911437,B
2069875004,6627785,B
2441046553,10102120,B
2944240329,11138266,A
2286595332,9920100,B
2136444525,7565231,B
2038790579,7148474,A
1979389925,7491930,C
2061738114,7449683,B
1974287152,8263930,B
1991033357,8263930,C
2119894507,4947637,A
2055383231,8671409,B
2147240632,6247279,C
2054329609,5372939,C
2090206340,8390618,B
1790711334,8086972,A
2086599114,7401305,B
2071600938,6052485,B
2127365717,9754608,A
2892124901,11551667,A
2890817076,11551667,C
2899018221,10864479,C
2732727805,10414781,B
1980771900,4672110,B
1843024137,9999591,C
2293926441,9999591,B
2967374062,11400297,C
2058823640,9829554,A
2315741400,10670758,B
2053937884,5074658,A
2080523173,8721893,A
2789737443,10864479,C
2039952838,7281605,B
2164305916,7028074,A
2320066004,5091413,A
1990380367,9271661,C
2047703043,9271661,B
2096622538,7298490,B
2088114019,5986077,B
2950021720,6399583,A
2126117838,6399583,B
2021079088,6399583,B
1645968138,6274339,B
1645968138,6713277,B
2050786163,9700212,A
2028548230,9700212,B
2030108326,9694067,C
1980056644,5589614,B
2002085672,6066949,A
1972089774,9513357,C
2952157365,10778972,B
2027381039,4614714,B
2002060519,8383868,B
1882946118,8372594,C
2606968376,10788499,B
2039720442,7972437,B
2001439468,8263291,C
1563901185,6800284,B
2287466453,5798241,C
1993907537,6800284,C
2105855967,6287837,B
2462607464,6287837,B
2057985330,5671085,A
2163893440,7412103,A
2142443695,5656538,B
1997671042,6569293,C
2955482515,11614402,A
2944116713,11614402,A
2023142635,4239595,B
2075756252,4013978,A
2099753169,8416150,B
294523074,8296082,A
1997086271,8745696,A
3006121264,11354752,B
2490709653,10190271,B
2781270467,10370805,B
2322790172,11253546,A
2056757475,7964843,B
2056757475,8067730,B
1979515324,8084734,A
2315354517,8829426,A
2127390995,5597380,B
2315776233,7171272,C
1971795295,3968254,B
2557521583,10125059,B
2767601659,10125059,C
1983553816,9453160,B
1992180332,7909980,A
2163179126,8600525,B
2046371391,5471515,A
2778601930,10453662,C
2036443538,5945403,B
2036443538,5837682,B
2063023474,11266083,B
2072928113,5733876,B
1963776052,5945403,B
2019703059,6346510,C
1491779086,5223606,B
1491779086,5149781,B
2015330557,7611519,C
2007159385,8876306,B
1999657540,8876306,B
2075780259,7495089,B
2041498159,5928871,B
1973283223,5543413,C
2133130607,9844605,C
1981203912,6734015,B
2015735925,10787644,B
2951084010,6342501,D
1988579458,6342501,D
1988579458,6093698,C
1998567171,6413944,C
1971453288,5543413,C
2951674925,6342501,C
1927836186,6647160,B
2056843622,7582584,A
2038118870,6962910,A
1997583730,7876901,B
2068395379,6962910,B
2093977810,3957945,A
2160507331,6698919,A
2016865253,5001056,B
2548574285,10682402,B
2606352476,9205140,B
2606352476,9205140,B
2346996488,9566319,B
2596308860,7642238,C
2057200210,7459437,C
1995253238,7459437,B
2013045611,8389999,B
2067504200,4593095,A
1979238003,4494995,B
2137176091,4494995,B
2108988641,8148095,B
2099608235,4289673,B
2156456343,8071304,B
2082856465,6156504,B
1968514983,5482608,B
2963426332,11335093,A
2130336012,8689180,B
2016541340,7695052,B
2040522787,4427263,A
2064484418,5814610,B
2175824590,10150850,B
2099224813,7076117,A
2117438724,6584221,A
2112616289,6584221,B
2042753204,8420362,B
2166868187,6216212,B
2314651671,9833744,B
1990975445,5326860,B
2054903048,4332719,A
2209472394,9315637,B
1171037957,4332719,C
1979564680,5457274,B
2031489989,5457274,B
2770392975,10644801,A
2567739394,11471825,B
2083128668,4180627,B
2084246939,9129519,A
2136546144,7456009,A
2963373029,9767876,B
2122806839,7528456,B
2001878168,7532008,B
2163545617,9185173,C
1998099520,9185173,C
2063893698,9207207,B
2063893698,9207207,A
1969157273,7428086,A
2044551404,5626627,C
1997555047,5626627,B
1990809476,5626627,C
196581644,6177262,B
2140064906,8636981,B
2109740502,7485616,B
2294164866,9566319,B
1973036934,9205140,B
1973036934,9205140,B
2753690947,11293925,C
1983681913,8808666,C
2127915510,7485616,C
2752294240,10046050,B
1989166338,8808666,B
2079434211,8337812,B
1851075415,5069707,B
2005194532,4443621,A
2743209601,10685374,A
2072040612,7741612,B
2025502318,7358252,C
2566940719,10718673,A
1607687256,6156235,B
2137974660,6156235,B
1990746017,9887356,B
2343974169,9887356,B
2121706766,6222498,B
2954286177,11346770,A
2157031985,9242101,A
3025104221,11173477,B
1840225007,5912720,B
2053376503,9826240,A
2018242788,5551431,A
62558866,9125850,B
2159568235,8431688,C
2159568235,8431688,C
2089157216,9589205,B
2153923800,6565611,A
1973886263,7555718,B
2044092664,5592568,B
1491947711,7555718,B
2120679476,6404925,A
2028186856,5598507,A
2546268644,9317478,B
1601995684,7555718,B
2071206385,8606083,B
2112192925,8832119,B
2150528049,5199077,B
2034684421,10226435,B
1984015030,6008004,B
2047493440,5009892,B
2128534823,8785187,B
2124800145,7846688,B
2574620073,10793851,A
2036444063,8383153,C
2159513473,7615544,B
1988465245,4711831,B
2037740164,9854168,B
2315471375,10111606,A
1528551608,5540926,A
2962802655,11177823,B
2076719525,8478057,B
1993809999,9424338,B
1996284177,6686491,B
2300638780,9643385,B
2016584341,7595430,C
2113735033,4843328,A
2007516858,8884027,B
2007516858,8884027,B
2157726229,9555103,B
2090457661,9555103,B
2402604025,4865984,B
2128973774,7691823,B
2028832209,5835314,B
2126330798,9038026,A
1993354361,9187784,A
1216602061,5556954,B
2270889623,11474102,B
2540081824,11187698,B
1993868754,10526628,A
1189473876,11474102,B
2026891778,4622650,B
2270763779,9938588,C
2034983223,7714122,C
2068778527,5968738,A
2756116499,11397031,A
2142404966,6543110,B
2085761656,7049732,B
1545301666,6376971,B
1545301666,6543110,B
2491208999,6940211,B
1964218617,4474742,B
657848321,9840423,C
657848321,9840423,C
2025414397,9650257,C
1975577625,9650257,C
67480729,9743397,B
2950371687,6867303,C
2031397891,7647096,B
2047352508,7756306,A
1974033238,6040165,B
2073908163,5935832,A
1982013111,4725544,B
2039106686,6788763,B
2038311099,4725544,C
2060830536,4725544,B
2005554643,8369598,B
1998832340,8369598,A
1834467574,7756306,B
2060186760,6190315,B
1576040672,4396762,A
1965151118,6190315,B
13972067,4591496,B
2016388200,9114009,C
2016388200,9114009,C
2123624166,6007845,B
2067776623,8618162,A
2067776623,8618162,A
2056010472,9676680,B
2056010472,9676680,B
2150001879,7310799,A
1905076469,5268973,B
88378180,6122956,A
2051542237,7313306,C
2110256987,6721092,B
2121579803,8434064,A
2086881398,4059763,B
2583139065,9757684,B
2916064082,11180783,B
1976978214,4088754,A
2960443414,11291659,A
1976553133,7645845,B
2058232104,9995719,B
2767189426,11092562,B
1975200901,9563833,B
1975200901,9563833,A
2077853219,9406307,B
2495449387,7453626,A
2020307701,7453626,B
2004658102,4560630,A
2058267664,9667372,B
2145539666,4829000,A
1969078964,6197751,C
2039920355,7453626,B
2130416988,5355528,A
2130227563,5717834,B
2007120634,5717834,A
2049275721,8765686,A
2288042330,9771395,A
2739291753,11118018,B
2984335937,11434339,B
2984335937,11306189,A
2980994933,11518891,B
2068672057,5881554,A
2899982127,10845798,B
2026287575,10377986,A
1977663329,8088908,A
2050041515,6960443,C
2050041515,6825326,C
2117680513,6258939,B
1967366986,6881822,B
1967366986,6825326,C
1967366986,6756036,B
2021749518,7485296,B
2021749518,7462691,C
2424981254,9813287,A
2165280652,6482384,B
2507169165,9805296,B
2507169165,9805296,B
2119336724,7288136,B
1530328639,6158816,B
2142238864,7288136,B
191263944,6547854,B
2114810168,7947479,C
1573040585,6593104,B
1573040585,6417342,B
2107555330,7947479,C
2134841035,7947479,C
2771011851,10485844,B
2042946036,9466285,B
2407398888,10446133,A
2572596195,10867019,B
1506581564,5361628,B
2077207144,8337860,C
1536803043,6950937,B
2336314900,9959053,A
2963166995,10228550,B
2168392705,9783787,C
2168392705,9783787,C
2002842630,7560118,B
2552810306,10008020,A
2118371253,5539769,A
1994557739,5413992,A
2040372154,5482865,B
1967460207,5214525,A
2143908492,5465418,B
2078790658,7767841,B
2039745621,8023767,B
2038611747,9392986,C
2005174661,9364191,B
2949142973,7442800,B
2030529184,8383793,C
2048383450,6075836,C
1993656053,7643605,A
1989241753,6618466,B
2430373631,10913986,B
1525509607,7329744,B
2200458744,10640775,B
2179530413,6642381,B
2077174867,8880388,B
2077174867,9015031,A
2142140274,6573041,B
2092208212,7102810,B
2061798671,5045462,B
1832604395,10184152,C
2021383841,8940224,B
1994187167,6228598,B
2162121092,8801953,B
1983144194,9416013,A
2042418341,6084979,A
2167953651,6084979,A
2048879478,9474299,A
1965581780,9036883,B
2145686973,8592291,C
1990384083,7381391,B
1987201985,4929553,B
2064909620,9091652,B
2158008190,4220854,B
2030862253,7183263,B
2106258164,5771894,C
2115123711,5771894,B
2547954812,10630590,A
2122927773,10078075,B
2051436221,5622176,B
2050308629,5622176,A
2003989647,9156600,B
1565247711,7935481,B
3022476456,11225508,B
2096024255,5625692,B
1603832532,5999919,A
2765405085,11329145,C
72387354,4803639,B
2058467841,8969823,B
1975117431,8969823,A
2999414730,11257682,B
2033305865,6524258,B
2212968290,5771894,B
2032672625,3980076,B
1596749866,10275857,B
2013424564,6846840,B
2040257536,5015742,B
2019426369,7223835,C
2154900633,7223835,A
2074655072,10125400,B
1572400628,7739313,B
2115793628,9272016,B
2076324249,9272016,A
2053929709,7334126,B
1980829286,5948622,A
1980829286,5925545,A
1980829286,6437109,A
2076520350,6437109,C
1971934866,6294385,B
1985913745,6238880,B
2311782090,6139891,B
2022224630,7943396,B
2085319657,RE37224,B
2039855448,4918164,B
2047155290,8178098,C
1970603728,6550209,C
2945373572,10983003,B
2056558535,6238861,B
2003652431,7177071,B
2277356412,7177071,C
2333257253,9993656,B
2333257253,9993656,B
2019532541,9907616,C
2337544415,10569876,A
2140023800,9132198,B
2032231611,8890524,A
1964063724,5420032,A
2245974268,8194169,B
2030224871,8822367,A
1998335098,8026911,A
1540158283,6341960,C
2978800380,11432016,C
2967212126,11561421,B
2116424655,6282561,B
2156607561,8094907,B
204938859,9953439,C
2025413754,8238634,A
2063791807,5617028,A
2978158867,11320506,B
2059222673,9116145,B
2080666629,9116145,A
2056907035,5607670,A
2619453345,10037458,C
2956739943,10268879,C
2956739943,10262198,C
2767899514,10037458,C
2725654677,10002301,C
2725654677,10055660,C
2040118336,9241913,A
1985353690,10022324,B
1624683854,6600566,C
1515717009,9555095,B
2040454631,9212207,C
1987138662,7582630,B
2152517014,6584341,A
1968399175,8306608,B
2057411842,6584341,A
2121691917,6584341,B
2098928962,7495942,B
1969203422,8934676,C
2280010109,10245105,C
1489518672,9005189,B
1489518672,8282631,B
1987635577,9005189,B
2139174650,9791368,A
2084957027,8259101,A
2034909618,5432172,B
2018478001,8786078,B
2018478001,8643173,C
2128667195,7545640,B
2136990872,8262835,B
2010221452,8262835,B
2010974904,9619027,A
2040464349,9619027,A
2161381121,6235481,B
1976939698,8308926,A
2549608848,5937006,B
2096939137,6211663,B
1954674809,7321641,B
2745262473,10533905,A
2619430715,10271991,B
2127370427,9637550,C
2027322928,9637550,B
1984801800,7186563,B
2000265967,8282631,B
2056003398,9198733,B
2779274750,11033321,A
2886817841,10828086,C
2886817841,10828085,C
1947261965,10245105,B
2019725492,5874626,B
2157847022,7186563,C
2046449631,8926606,B
2018760160,6908770,A
2018760160,6680206,A
2090589979,4443545,B
2063543894,6326020,B
288621939,4906474,C
2062164427,9114009,A
2062164427,9114009,B
2069042287,6190893,B
1966751543,7020355,B
2754883020,10731162,C
2593658960,10783904,B
2056732521,8122366,A
2049416910,9298538,A
2050391880,5495851,B
2022689137,5675504,B
2883920595,11606284,A
2902893896,11606284,A
2991803014,10917338,B
2792691449,10917338,B
2158413776,5029220,B
1997682533,5030719,B
2095165446,5199299,B
2166672644,8799922,B
2160856498,5154081,B
2129146237,4961252,B
1953600030,4961252,A
2023356023,8486847,B
2327730411,3951740,B
2066908611,6004775,B
2017131846,5182375,C
2165069304,5182375,B
2047432038,6004775,C
1966749786,4571332,A
2141240228,7505800,C
2041731105,7505800,C
2017680126,6946125,B
2155372226,11193154,A
2985373839,11542538,B
2749916029,11198178,B
2978837948,11552976,A
2065361984,6590995,A
1965238522,7767884,B
2104400819,7289972,B
1966189928,7831106,B
2162486914,7035317,A
2034926893,6885779,A
2185681627,9999661,C
2051741965,4277308,A
2268638544,9999661,C
2782475844,11224615,B
2606162559,10110275,A
2574894588,10110275,A
2942165257,11004269,A
2098182866,6795591,A
3003282584,11434474,B
2990793476,11434474,B
2167460703,8680058,B
2058281803,8609608,C
2018547804,8609608,B
2018547804,7713927,B
2098144345,10973842,C
2416539627,10705074,C
1989796989,8030077,B
2034711850,9920387,C
2034711850,9920387,C
107373889,6041020,B
37406354,6041020,A
2061614556,6041020,B
2333333269,7336359,B
2802026963,10790631,B
2154035912,9861090,B
2154035912,9861090,B
1986367740,7973456,B
2142408236,8986936,B
1773675152,7911590,A
1978594291,8699787,C
2605110898,11236177,A
1965718484,7081336,B
2164107470,9231246,B
2035260334,7984635,A
2073345189,6040521,A
2010502585,8242795,B
2010853485,6093543,B
2146893143,9187526,B
1951084020,9673960,B
2556319343,10631475,A
1644188304,11529205,C
2039285212,9721559,A
2058641082,9262724,B
2153141912,9196243,A
2040599474,6669925,B
1557033289,5598343,B
1582707555,5598343,A
1972806807,5561030,A
2565305208,10726330,C
2049053907,4477435,B
2021405028,4722609,B
1493623692,5498885,A
152867562,6599697,A
2622572331,10947302,C
261809659,7393994,B
22206575,6300093,A
1157155601,11101018,A
2080949995,7393994,C
2131710583,7393994,B
2007872287,10210964,B
2084495085,5178445,B
2045066247,5178445,B
2164693610,8749619,A
2155033624,7262414,B
2164628761,7737399,A
2312381581,10730932,A
2166540435,8798025,A
2043793347,8798025,B
2148009818,8798025,A
2759960500,11442030,B
2107667579,9673015,A
2041069226,6846775,B
2154553787,6009326,A
2013732902,5985538,A
2051966519,8540997,B
2041952388,4497769,A
9971744,4389568,B
1560280502,4389568,B
2586607680,10709342,B
2042309646,9681529,B
2313126425,9681529,B
2040660068,9420234,A
2081242195,6364845,B
2139037446,6772119,C
1494090584,7162641,C
2128391065,7039587,C
2043835419,8912186,B
1622426426,7569552,B
2054215063,7358734,A
1969061981,8716254,C
2066991033,4992371,C
1968312083,4880746,C
2807834723,10947302,B
2064754442,4880746,B
2087873683,5175108,B
2249771711,6364015,A
1985503627,5539637,B
2017865306,5023174,B
2068264575,8152980,B
2045833385,8012323,A
1991733014,8786602,A
2007310127,7215856,A
2883277047,11041154,A
2549314610,10792088,A
2156847247,8732712,A
2112629511,8863104,B
2775110697,10872272,B
2964317462,10872272,A
2097061393,8863104,B
1555851341,8863104,B
71210784,5601418,C
1996360405,4405829,A
2078715898,9464064,A
2047505951,10101258,A
2036534296,6970070,A
2094224945,9062353,B
2312499874,9062353,B
2158892171,6556689,C
2018307008,5493593,B
2038655920,5740224,A
2026569084,5543960,C
2017046702,5691155,B
2765206362,10062392,B
2772230940,10062392,C
1969890869,9870909,A
2039295699,5071743,A
1984899331,5405765,C
2155794405,7224845,B
2095041821,7820130,B
2092951964,7405830,A
2056482894,7405830,A
2139826846,7405830,A
2793596719,10953087,C
1892259310,7125533,B
2074491813,9048633,A
2006311375,6133505,D
2009344496,6133505,C
2066302496,5194332,A
1987212881,8542231,B
2326016027,5699163,A
2344940588,9130502,B
2043886054,9103904,A
1983266875,9103904,A
2135184239,7888645,B
2059503691,7495218,A
2344235784,10084495,B
2020239889,8760795,C
2292336988,9390759,B
2292336988,9524741,C
1984684009,9056346,B
2145657314,7469251,B
2047695423,8576510,C
2788216009,11000579,B
2078175271,8576510,C
2088603790,7876521,C
173744892,8563626,B
2044091938,8563626,B
2135716834,10211040,A
1983492750,7059206,B
2038066915,4055782,A
2767948720,11296587,B
2104687839,8669049,C
2126574774,9439909,B
2126574774,9439909,B
2739920249,10736601,B
1817056769,6902317,A
2889016010,11093037,A
1980518219,10528683,A
2082254676,8565909,B
2963216850,11003994,A
2963216850,11030529,A
2608509310,10744372,A
2019049282,8075489,B
2022253290,5834590,C
2022253290,5834590,C
1989773698,5834590,B
1989773698,5834590,B
1989773698,5840531,B
1989917237,6206851,A
2081773773,6206851,A
2072506955,6206851,A
2029706340,4760071,B
2039795052,6096437,B
2020898458,6096437,B
2313303786,9120947,B
1996743648,7893040,B
1978893802,4139758,B
2156801977,9492528,B
2500224538,9593052,B
2500224538,9593052,B
2068554288,4714526,A
2010655560,4845368,A
2001237412,5948486,C
2762708522,10621704,A
2151727574,6617148,B
2792588457,11383240,A
2150926001,6847220,B
2150926001,6740984,B
2167882862,10364328,C
1946673481,9902983,B
2522931122,10655118,C
2914238902,11504386,B
3007264885,11475130,C
2980257194,11609990,C
2980257194,11514297,C
2031229382,8212241,C
2557521583,10011540,B
2571835842,10407364,B
2528935608,9984284,B
2341478364,4769320,B
3022413593,10364328,C
2028181034,9487770,C
2133768599,9902983,A
2795180899,10678680,A
2967341500,10853230,A
2103636514,6261788,C
2763500716,10506930,B
2774388102,10506930,B
2765228305,10506930,B
2983632320,11467150,B
3009588202,11445933,A
2805878056,10859582,C
2121713269,8012936,B
2113750989,9260754,B
2113750989,9260754,B
2807255231,10859582,B
2888184930,10859582,C
2163801227,6937899,C
2126241662,6977938,A
1997680986,7696486,B
2036405531,4399360,A
2560527804,11158939,B
2213993066,9363127,A
2103215282,7993412,A
2152615668,7993412,B
2078905068,7993412,B
2963097539,8213084,B
2127586824,6667498,B
2963121829,10818043,B
2121630776,9128059,B
2153681721,9128059,B
1975722400,6238933,B
1592656678,5118793,C
1587033309,5102995,C
2161577045,7768366,B
2094106793,8617644,B
2920880416,10970840,B
2136595507,6136546,B
2144515562,6294392,B
2143623591,8229671,B
1992034579,7314550,B
2078537047,7314550,B
2047902000,7314550,B
2098987732,7027401,B
2078459804,5623510,A
2524154373,11382561,A
2548326739,11382561,A
2525349527,11241167,B
2066209597,6027918,B
2066911213,8819018,A
1517331674,6759869,B
2150626176,6049872,B
2910043444,11610760,B
2015219565,10512691,B
2108094049,8609661,A
1499772187,5430868,A
2038516932,5093233,A
2048578282,10132816,B
2067285213,8753391,B
2968681366,11492398,B
2047477866,6899107,B
1995117992,7169191,C
1983624837,6708531,A
2083167797,6708531,A
2971828241,11379991,A
2156802654,6957554,C
2034202387,6708531,C
2019061390,8712132,A
1840175275,10039844,A
2237975343,10019006,A
1910184311,10019006,B
2004457956,7528239,C
2004457956,6642358,C
2055950575,6441214,B
2054078002,8431587,C
2745296631,11613768,B
105617651,7403713,B
1602377791,6182085,B
2112682097,9110021,B
1967316210,9110021,B
2807259892,10902650,C
2126853480,9594262,A
2809290664,10681476,B
2051918313,6096263,C
1880688310,10008162,B
2168540086,9564918,B
2113786635,8122217,B
2063744307,5790709,A
2006977140,5847827,B
2086991539,5847827,B
2048557323,5847827,C
2064035276,11147899,B
2017075573,8563513,B
1948477526,9862957,C
2535621455,7790009,B
2016123750,6147186,B
2483876039,7153951,C
2056390664,10004791,A
2080957617,5952236,B
123814391,10388178,B
2056587480,8220989,A
2043982398,8797198,A
2043982398,8797198,A
2021765203,8797198,B
2021765203,8797198,B
2033268723,6093668,B
1996834031,5628933,B
1656692034,5993947,C
1978852737,5982034,B
2402504795,10084639,A
2031215760,9577956,C
2402504795,10033574,A
1819370686,9577956,C
2171832133,6127552,A
2068829661,PP16801,C
2027810997,5736323,C
2122203017,7477572,C
2020463298,5997945,A
2146651180,8324183,B
2579412189,6381488,A
2783126437,11022888,A
1970556445,9142889,A
2409109564,5847076,B
1547382703,5847076,B
1999432219,6893966,C
2797969454,11524292,B
2808443795,11186877,B
2054911418,6067113,C
2129179923,8929114,B
2090230498,8957666,B
2163772235,8929114,C
1986273109,7695687,B
1985774590,6893966,B
2788424288,10866149,B
1981853750,6159444,A
2059334495,7053610,A
1841423244,7994783,B
1991191783,4886878,B
2761748973,11521081,A
2138082612,7747841,B
2768595584,11278721,B
2092864686,9952870,A
2051608676,8133686,B
2148802162,8133686,B
2128922124,7771861,A
235324452,6252138,B
2318353088,6146641,C
2612217791,10138252,A
2612217791,10087190,A
2773264999,11013933,B
2787931859,11231371,B
2933583648,11013933,A
2321970843,10301664,B
2063775990,5590246,A
2043880039,5855753,B
1969305880,5855753,A
1833045643,6351466,A
2044111876,7110878,B
2766691398,10240910,A
2979307182,11335975,B
2029816607,5013842,B
2777634859,10307469,C
2007854110,5416861,B
2178137249,9896450,A
2178137249,9896450,B
2605489107,10627408,B
2766617829,10627408,C
2220305334,10225039,A
2047568638,9302413,B
2001429862,9165362,B
2126755149,7085789,A
2134585967,7512938,A
2046222057,5240864,B
2079578299,5240864,C
2020510563,6741743,A
2156248658,8404635,B
2144473676,7250304,B
2123283357,7250304,B
2005773701,7820784,A
2005773701,7723303,B
2088892125,7250304,B
2084932614,7723303,B
2084932614,7807640,B
2084932614,7531514,B
2133212390,7042004,B
2990972434,11055625,A
2982430299,11057053,C
2938346405,11057053,B
2033098486,7723303,C
2033098486,7807640,B
2033098486,7820784,A
2033098486,7531514,B
2049294538,5360790,B
3001240268,11543429,B
1988696092,5663482,B
1898359608,9429520,C
2042021259,5658929,B
2140284275,9714435,A
2140284275,9714435,A
2409770495,10988481,C
2071379530,8772308,B
1973040201,8772308,A
1997592404,8980908,C
2070714099,8980908,B
2937290901,11184783,B
2920051226,11610111,A
2990159459,10651524,A
2111752839,5739274,B
2908492678,11051714,C
1562607772,6410256,A
1562607772,6326190,A
2556169250,10617822,C
2410376912,10617822,C
1573467696,10617822,A
2316722220,10507284,C
1830668443,10507284,A
2327788912,8504329,B
2098534961,7928356,A
2056984726,9851742,B
1499968048,7682956,B
1966063036,8501409,C
2327477206,8344123,C
2964205637,10762620,B
1761802751,10206612,A
1931621786,8193384,B
2092267054,9048756,A
2092267054,9048756,A
2043559347,8929114,C
2072513313,8957666,C
2089546922,8957666,A
1987764356,7486418,B
2331299799,9846160,B
2331299799,9846160,B
2106337363,6362495,A
2991421530,11119169,A
1989210993,8247136,B
1548822658,5498413,B
2158285876,8586046,B
2093957681,8088894,C
2153170228,6794109,A
2022993545,7195901,A
2001678083,8520727,C
1969021964,9659098,A
2578849805,10533941,A
2109503948,8498133,C
2792663718,11168335,C
1605302895,5656450,B
2171186721,7650266,A
1978273850,9281764,B
2019280761,7790068,B
2019280761,8252209,B
2009574377,7790068,B
2027973647,8198099,B
1991304321,8252209,B
2147564146,8252209,B
2082360106,5854030,B
2345712701,10645505,B
2102638170,8895309,B
2530130883,11332756,C
2460818557,11332756,C
1999451112,7847280,B
2092880828,7847280,B
1523518149,7889912,A
2025022344,10425634,B
2643157324,10479999,C
2401008733,10564248,A
2327019662,7920267,A
1996142082,7791150,B
2023144596,10179112,A
2053675500,9782357,B
2053675500,9782357,B
1986648114,4286216,A
2126785123,5895856,B
1862689176,4364012,B
2482431271,10349859,B
2318390184,5788421,A
2069733129,9362549,A
2192393232,10205166,B
2014473908,8333941,A
2550342886,9939409,B
2550342886,9939409,A
1569138176,6154033,C
1996443049,5762925,B
1998986285,6539460,B
2068213452,9493890,B
2070053010,6187772,B
2032503723,8658616,C
2115010021,4358448,C
1976168346,6800272,B
1555300833,7491828,B
1970368176,6087116,C
2067096974,6475756,B
2008248174,6043059,A
2624590002,11077189,B
2340049620,10245431,B
2313292577,9714174,B
2091067056,7785827,C
2064058142,6072922,B
2078160034,8866997,B
2171108415,9040583,B
2021822305,7365234,B
2137727290,4482707,B
2160830727,8445253,A
1906302610,10155313,B
2071037412,8292965,C
2045100630,8292964,C
2595012610,7765091,A
2028205550,7765091,A
2029793439,8507217,C
2300772832,10123705,B
2021043580,9102931,A
2394731734,10216602,A
1974175978,7485591,B
2016388038,9980906,C
2061384507,6387052,B
1974877270,5616466,B
2133427302,5549898,C
2807165271,10844025,B
1805763996,5549898,C
1993297674,5478724,B
1493725111,7552442,A
2157151396,6818144,C
2007063696,4482491,B
1977190431,4872744,B
2143941290,4872744,B
2079328178,7932177,A
2110365457,7183261,A
2008231706,4148697,B
2032797218,6965864,A
1976349544,5333275,B
2793165949,10545200,A
2126810316,8661200,C
2117230470,8581171,B
2146365100,6831575,B
2972441979,11266980,B
2136420282,9258217,A
2136420282,9258217,A
2129692534,9275140,B
2147462636,9541512,A
2112664728,9658301,C
2090632315,9166721,A
2078411566,8822263,B
1877863381,6882619,A
1877863381,7158474,A
2148325323,6258364,A
3009686472,11595125,B
2021511416,8364034,B
2099581009,9395369,B
1999007830,5393909,C
2102777859,10662481,B
2905499160,10807932,B
2171677906,9655884,B
2153376397,6423039,B
185398216,6776164,C
2323633385,10335041,B
1878880424,4882271,B
2039758203,6522411,B
2051224445,8198038,B
2591676480,10770239,C
1542280593,8645184,B
1890897274,5200899,A
2082222018,7152165,A
2035387845,4073624,B
2046530228,4073624,B
2523477148,10554384,B
2335697980,9978285,B
2549864283,9978285,B
2521007340,9978285,B
1968890800,5790727,B
2011248940,8509919,C
2254718226,9630010,A
2058727113,8942824,C
2081688506,9042981,B
2048839541,8673949,B
2053372875,5054489,A
2016395697,5054489,B
1967227976,6710020,B
2537637907,10695581,B
1500585087,10695581,A
2496130466,10695581,A
2546635824,10177574,B
2075793512,7757190,A
2047278824,6741707,B
2058553350,6741707,B
1989314762,4536565,B
2122026483,8130045,B
2081366910,7884333,A
2159507384,7117488,A
2037760046,5510356,A
2148229962,8940655,B
1984891876,6019914,C
2589583640,10471047,B
2067995683,6262232,A
2077317088,5747321,B
2786300997,10050731,A
2063720985,8724598,B
2143518122,8372222,A
1970215456,4607344,B
2013286067,4505544,A
2122671690,7391740,A
1944085696,7335681,C
2105837877,7582442,B
2105837877,7319015,B
2127634711,8346595,B
2001991280,9873905,A
2587661962,10876143,B
2578888125,10876143,B
2093461578,4628463,A
2745267660,10876143,C
2095818033,8249344,A
2114683127,7720316,A
1593670972,7105355,B
2025215832,8216789,C
1967245452,5098899,B
2116547710,4965529,A
2962837436,10773382,A
1980192511,4796475,A
2042014130,7457655,B
2605382612,7457655,A
2051965894,6617850,A
2769942087,11058398,C
2162450406,8510741,B
2774033530,11058398,C
2054862978,8564593,A
2019766274,8897515,A
2799981923,11589840,B
1500136727,6617850,A
2752285373,11589840,C
2772101345,11589840,B
2082829054,10087422,B
2004196333,10293023,B
2153418628,10357780,B
1458394058,9089734,B
1458394058,9089734,B
2800009680,11591213,C
3013019105,11162867,C
2911440134,11162867,A
2084605980,9127255,C
2107091848,7277850,A
1973706988,10317992,B
2161482971,7149687,A
2139659117,10317992,B
1600684195,10317992,B
2069005360,10717788,C
2979458288,11308623,A
2124928930,6198782,A
2897577324,11566801,C
2129614488,10209232,A
1586880433,5720858,B
2002052677,5720858,B
129221458,6100807,B
2191292005,10093898,B
1976514712,4604355,B
2044080505,5202251,A
2326712508,4689075,B
2158885329,8846577,A
2809521961,11551239,B
2400732662,10557042,B
1994299103,6627314,B
2076310602,8318384,B
2041521882,7014941,A
2091019582,10037312,B
70980823,5995864,B
2068716682,6219794,A
2041736508,5639750,B
2084756409,5011687,B
2896517303,11518793,B
1989317317,8830469,C
2133004102,6692744,A
2023233902,4404188,B
2083767363,11084860,B
1975527793,9791449,B
1975527793,9791449,A
2189090040,7522019,B
1950368804,7522019,B
2120428265,9607815,B
2136374105,5913194,C
2163483866,9238814,A
2751257268,5586160,B
2134041027,5586160,C
2588596701,10849936,B
1999102365,5959177,B
2563398881,9487831,B
1536396357,9487831,B
2121647317,6589775,C
2121647317,6232106,B
2065523602,4579818,B
2075900848,8053264,C
1997727097,4011565,A
1981844528,9602178,B
1973414182,5968910,B
2142350201,8242178,B
2039339438,5838867,A
2329745947,6514979,B
2036764502,8157886,B
1973677655,8157886,C
1973677655,8696787,C
2056898682,8222259,C
2148478074,6732056,B
2091006272,7521141,B
2114539677,5932783,B
2103031218,8410562,B
2088288742,5958815,B
3013987947,11001088,B
2028579456,10414864,B
2963967185,11583239,B
2057965282,6129831,C
2102698428,4859965,B
2066172632,5198783,B
2043867029,4859965,A
2138994907,4859965,A
2800706828,10768199,C
2019187820,6156217,C
1984412182,6518872,B
2547432699,9738753,B
2054236174,8835965,B
128202511,8808369,B
2739348406,10695442,B
2729859843,10695442,B
2414027405,10238635,A
2073392832,8050351,B
1968577068,5470733,B
2963577893,11575544,B
2007381960,9556432,B
2007381960,9556432,B
2133454692,9556432,B
2133454692,9556432,B
1983256995,7343095,A
2886945478,11476435,B
2885689830,11515491,B
2898366291,11515491,A
2152786727,8023710,B
2974418410,11583239,B
2007678807,7440601,A
2094338176,6553356,B
2052020924,6553356,C
2003735613,5141721,B
2034314931,6156522,B
2034314931,6232289,B
2021104522,6376197,C
2003450769,6376197,C
2039905146,9347042,C
2039905146,9347042,C
2984357728,10657413,A
2381103452,10279318,B
2086463203,7935745,B
2060800163,7479368,B
1976499829,7705280,B
2066860359,6171592,D
185934230,6531136,B
2319470614,8661484,B
2989834528,11095564,B
2019532515,8445941,A
2111254391,6456869,B
2068512092,6343296,B
1976077851,9690161,B
2561301291,11586075,B
2192409683,9690161,B
2047684066,5419200,B
2140653228,8098890,A
1970508965,8098890,B
2095046027,9750741,B
2095046027,9750741,B
2170363892,7480575,A
2978046604,10979635,A
2532291985,9780803,C
2558106708,4303679,C
1973781835,7294370,A
1571817303,5492839,B
2004771964,5492839,B
1977603461,7186381,B
2574137304,11231381,B
1978336752,5066716,B
2083712747,4291498,A
2788039509,11160911,A
153619874,4581527,B
2053080970,5985556,C
2017172287,4570068,B
3022399793,10969436,B
2017843836,6548307,A
2944773515,11209383,B
1996088152,5825670,C
2405841222,5644512,A
2165005243,7101369,A
2151343368,7101369,A
2079291010,6403360,B
2064634170,6746144,B
1572219834,7915315,C
1993823131,7888527,C
2084313181,7567721,B
2162252112,7567721,B
2058488883,7886151,A
2131898294,7567721,A
2234773907,9708351,C
1984543678,7786173,B
2091740975,8867823,C
1976894997,5991019,B
1969627876,4603398,A
2036141593,4692885,A
1982332750,4633427,B
2073682641,4592004,A
2120501716,6165716,B
2144331651,9717695,B
2144331651,9717695,B
2077008609,9717695,B
2077008609,9717695,B
2082748819,9717695,B
2082748819,9717695,B
1894493322,7226908,B
2912959061,11345659,A
2101099179,5268080,B
2073792288,6841128,B
2045276114,4971677,B
1984591810,6387235,A
2008965264,6224733,B
2028944746,5032576,B
2169313400,7991799,B
2538323120,10050696,A
2765638029,10111615,C
2765638029,10555698,C
172578326,8832643,B
2051584003,7897356,B
2146139438,8230292,A
1967716386,8230292,B
2022365865,7859308,A
2135938279,8482284,B
1983942653,7141393,B
2989699085,11051123,A
2000473473,10161925,B
2059113151,9525117,B
1963634756,7457338,C
1963634756,7457338,C
1964881167,8685767,A
2053100213,10115859,C
374523529,9764510,B
1998041589,9473700,A
2033674726,9473700,A
1974652547,5246864,B
2325104830,9685349,A
2325104830,9685349,A
1568116247,7256417,C
2791964947,11566801,B
2084568608,5869038,B
177263471,5869038,C
2082239491,6828789,A
1971059555,6255069,B
2034203637,9449225,B
2027142382,9023984,B
2027142382,9023984,B
2164147979,10433755,B
2043002420,10512708,B
2070052416,8273373,B
2033065987,9642914,B
1999448603,7437762,B
1516745919,5055401,B
1968882531,8396558,B
2016083371,5236840,A
2070278138,6054309,A
2120164573,5355474,B
2077303183,7291711,B
2107371929,6719782,C
1965066799,8927038,C
2153623070,10100325,C
2070349398,4148888,B
1971674769,5387235,A
1568314436,3983847,B
2331170715,9539338,A
2317402410,9539338,B
1987410796,9539338,B
2954771128,11153535,B
2898352493,11327476,A
2124110338,5413908,B
1968246748,9249175,B
1968246748,9249175,A
2024881754,8326660,A
1875956924,8086708,A
2311028422,11369681,B
1969891195,9142021,B
1969891195,9454796,B
2156598602,8160400,B
2098816579,6642924,A
2752490028,10493172,B
2788211087,10493172,C
2963210183,10467768,A
1973813992,8797020,B
2136160323,8858938,C
2033604002,8858938,B
2107193844,7988971,B
2060617197,6649166,B
2560224956,11488270,A
2598108580,10657376,B
1974216005,8859509,A
2423486893,11210601,A
2129883407,9467223,A
2129883407,9467223,A
2074801406,8153817,A
1976877494,8133971,B
2339470130,5298414,C
2092630582,10299719,B
2057022157,4112802,A
2798926543,11397712,A
2103148757,5789040,C
2153071703,9034055,B
2962522375,11341649,C
2917676422,11341649,C
2106572211,5733759,B
2199211191,10174292,B
2151255971,7000167,B
2146003884,5031195,A
2156435007,6665349,A
2144007891,8027111,B
2998797382,11346799,B
2969816430,11557449,B
2743196108,10643810,B
2028190026,8395042,B
2051583809,9696306,B
206783335,5248506,B
2111705563,6094653,B
2009274154,9012870,B
1963624219,7353214,A
2414269620,10426870,B
1990358880,5871997,B
1974357121,9688836,A
2094420073,6605453,B
1973897713,9498521,A
2155493374,7238345,C
2072364695,7912327,A
2281489091,6252138,B
2310208313,9630019,C
2018191744,10633417,C
2063548639,5261410,C
2725499676,11209454,B
2072682289,9556020,B
2123492523,9689801,C
1996473525,7858206,B
2078600227,8336371,A
2140955007,5614738,C
2064657414,9849150,B
2080087016,9409780,B
2080087016,9409780,B
997794767,9576745,B
2087796744,7539872,B
1562525406,7539872,C
2045804667,4356497,B
2164678342,6556689,B
2062341755,7150003,B
1823526187,6697779,B
2125217291,8975453,B
2770372249,10775429,A
2109672828,9201042,B
1972570650,9864007,B
2781928015,10391015,B
2781928015,10406056,B
2807174038,10775429,C
2109834102,9201042,B
2025231668,6740290,B
2022474925,7622045,B
2334423230,9984283,B
1841220820,9951118,B
2143940929,6197301,C
2811122631,11210570,B
2150867825,5764765,B
2160687044,8620340,B
2160687044,8620340,B
1501664116,6156316,B
2809843144,10918713,B
2055097396,8609617,B
2125015454,8462786,C
1968002881,8897151,A
2020864403,10576603,C
1976812241,8907069,B
2315705156,6544759,B
1978745013,5112775,B
2010142879,5223721,B
2011889131,5223721,C
2057328138,4318581,A
2320463689,7233395,B
2007732434,4318581,B
2091621900,4987458,A
2048791383,4318581,A
2055267171,4987458,A
1973895759,4970563,B
2044418445,5886212,C
2068578169,6172131,A
2479380918,11045672,B
2012468513,5116735,B
2040011965,5886212,B
2054220965,6172131,B
1996425218,10220183,B
2156216516,5640429,A
1836473195,7339109,B
2139108269,7339109,B
2084125020,9284577,C
2019337251,4416871,B
2131344626,5197482,A
2002980568,9636075,A
2077089896,7947800,C
2010210500,8057390,B
2076221879,10209017,B
2022278434,9012685,B
2022278434,9012685,C
2404136550,10705589,B
2043431778,9012685,A
2043431778,9012685,B
2912311416,11119786,B
2990512925,11119786,B
2164575900,7419794,B
2088557547,8835153,B
2057605930,8557163,A
2059843231,9784748,C
2059843231,9784748,C
2115531366,9784748,C
2115531366,9784748,C
2121297764,7288244,B
2609264000,10848515,B
2746210484,11271497,B
1975860867,5959110,B
3025091880,5665549,B
3025091880,5721098,A
3025091880,5856097,B
3025091880,5965362,A
3025091880,5976790,B
2083189046,8283181,A
2005985114,8116009,B
2168103157,6673610,B
1977806794,6100444,A
2921528950,11559556,B
2792876690,10446703,B
2435210554,9484488,A
2185067410,9484488,C
2017350004,7342124,B
2514461908,10384064,A
2514461908,9974957,A
1507466738,10835146,B
1987165271,6907304,B
2776370874,10145737,C
2029458934,10959966,B
2078206395,5350835,A
2139267086,5688511,A
2028111913,6538091,C
2028111913,6111022,B
2028111913,5945491,C
2028319758,5872271,C
2014719227,8063930,A
2038043793,9561215,A
1594025644,5382429,B
2183208539,10668119,B
2302714844,9987328,B
2620989619,11603568,B
2739995497,11603568,B
2171026463,9092566,B
2017586916,8785055,B
2055016437,5686288,C
1971588395,5686288,C
2180435502,10108270,B
2122341181,10108270,B
2000816726,6087043,A
48910951,4996034,B
2132136556,4381509,A
1996669486,4377343,A
2614042289,10294155,B
2005548728,8658350,C
2941913726,11453865,A
2170238281,8630310,A
2573797057,10546207,B
2407088723,10546207,A
2071812297,5514707,B
2544667623,9824753,A
2051545111,5422246,A
2149635602,6892343,A
2049853614,6458362,B
2766338876,11195137,A
2041944841,10613084,B
2956552144,11446641,A
2800558637,10840925,B
2918071969,10840925,B
2016707767,8343066,B
2161299887,8085024,A
2107558658,8937818,A
2098375591,8796012,A
2092995872,8796012,B
2155802702,8420076,B
2906373504,10688317,B
1992703473,5864836,B
2133169085,5487075,A
196617835,7396537,C
1990695403,4553810,B
2168563867,8519845,B
2152003526,8519845,B
2064493176,8896441,B
2224026628,9459148,B
1999566614,8896441,B
2020328369,5590148,A
2030144309,4324566,A
2889779019,10948492,C
2088527270,8933780,C
2342599605,10948492,C
2115263378,10948492,B
2083112939,7524664,A
2017482922,6133498,B
2091436477,5813232,A
1995040061,10307527,B
2140615337,8367386,B
2901476991,11302003,C
1974794066,6153410,B
2125247340,9145549,C
2125247340,9145549,C
2165481043,6902918,A
2118280926,7524664,C
2055751049,7220563,A
2117206005,8343744,C
2904574097,10806719,B
2904574097,10441570,B
2904574097,10806720,B
2904574097,11230523,B
2904574097,10865184,B
2904574097,10654809,B
2760948449,10806720,B
2139924928,9321829,C
2045191653,8977530,C
2766462115,10648005,B
2065845093,7936802,B
1993577147,10208107,B
226329141,10208107,B
1988669016,7936802,B
2022636024,9566255,B
2971435138,11230523,B
2109797722,5150436,A
1913470824,6946827,A
2542377282,10171919,B
3006538702,11103153,B
1503437029,5238645,C
1993160597,6385286,C
2114511189,9125226,B
2047824783,4905162,B
2575705757,11400587,B
2039921819,7438472,A
1963605956,4575259,B
2541741471,8084127,B
3015629149,11162083,B
2153467860,5651021,A
2021938343,9800509,B
2021938343,9800509,B
2110635842,9800509,A
2110635842,9800509,A
2038867605,6562587,C
2417985911,9982015,B
2103593354,9175357,B
2319967173,9376465,B
2065617142,7449544,B
1989429277,6747449,B
2087277202,7683737,A
2796055314,11382989,C
2066793838,4053460,A
2346395279,10003776,A
2561081527,10627509,A
2084161605,7323338,B
3023704438,8984297,A
1965888994,7359135,C
2615587991,11474510,B
2802649075,11391710,A
2183012949,8045444,B
2165458884,8280136,B
2539541966,9471470,B
25746269,8995797,B
2032155451,8995797,B
2011105391,8663655,B
1992485820,5952329,B
2091646369,8623906,C
2020154235,8623906,C
2053285599,8466157,A
1968364727,8623906,C
2039625431,4334048,B
2099121165,7169197,A
2147087899,7169197,B
2137144675,7657309,B
1983068642,7657309,B
2159610514,5077667,B
2060677598,5077667,A
2571767353,11224409,A
2736518286,10708995,A
2046978289,10190166,B
1593726783,10725018,B
2097612170,9664606,B
2342509398,11150173,B
2342509398,10359361,B
2601735187,11150173,B
2601735187,10359361,B
2519582475,9623013,B
2519582475,10039751,A
2606162066,10612891,A
2074965193,8521444,B
2018643745,4881236,B
2145769112,5390202,B
1905143510,5390202,B
1994233332,7763155,B
2146645406,6314208,A
2160635842,6016354,A
2055311039,7447337,A
2021138238,7248693,A
2015248609,4367225,B
2887903119,11540714,B
2801951202,11540714,C
2802128258,11540714,B
2010905675,8361470,B
2010905675,8226948,A
1967348040,4045734,A
2077115844,7274724,B
1990405707,5815250,C
2079000183,6229151,C
2023894506,7174282,B
2084926825,7174282,B
2990647796,11458012,C
1868154009,6625180,B
2162433094,7680536,C
2095257115,9044335,B
2005931124,9831957,B
1986376299,5137588,B
2153336944,11286582,A
2117334905,9982265,B
1965643801,7695772,B
2085899486,9418069,B
2522168116,10513529,B
1650514271,5778065,B
2086093382,5729608,A
2021219491,8486981,B
578643134,7449180,B
2156594793,8131011,B
2464314685,10410431,B
1672764189,8263821,B
2000367301,7435792,B
2006224980,9519040,B
2266172904,5830681,B
1991240017,3958189,B
2167742960,4224576,B
2115112313,4533875,A
1987519998,6765216,C
2030528312,9988413,B
2897137444,11364022,A
1996247821,4462103,B
1927016848,7356420,B
2047995273,8323618,C
2034061060,8975079,B
2072938391,5875384,A
2777763979,11049142,A
2415555158,6365385,B
2415555158,6303355,B
2117905498,4849244,B
2025696469,4849244,B
2023231846,4849244,B
2038103875,6916584,B
2065269746,6521443,C
2079484473,6521443,A
2134791861,8149066,B
2334033949,9718861,B
2759773112,11572399,B
1942969496,6661789,B
2141217973,6721315,A
2015991221,6721315,B
3014578381,11292776,B
2042968952,6623960,B
2085931496,6060253,A
2410184021,5071979,B
2082523390,5916570,D
2159621109,8258274,C
2159621109,8227583,C
2155760844,8258274,C
2155760844,8227583,C
2039295031,8071307,C
2050673026,9598460,A
2118114303,9770997,B
2118114303,9770997,B
2048880932,10230137,B
2398641322,10422293,C
2075275692,9429096,B
2297293378,10422293,C
1995079561,9944757,C
2028629892,6103081,B
2060133048,5951981,B
2063644292,7193070,B
2116805270,6492168,A
2172664868,10596376,B
2914832694,10968464,B
2107636159,5572999,C
2086283017,9241693,B
2135730254,5642273,A
2119193950,6936830,A
2073453169,7231017,B
2050140768,8859232,B
2532299961,6951603,B
2122754121,6744727,A
2992450836,11380469,A
2528895290,8030077,B
1986336020,9181616,B
2337615793,10017777,B
2059171208,5940534,A
2062101096,5940534,B
2884573239,10376508,A
2110133351,5369708,A
2160295095,8981001,C
2021080712,8847177,B
2021080712,8847177,C
2070949965,4877035,A
1968986957,4877035,C
2032618854,7291689,B
2113312959,7932088,A
2100039127,7932088,A
1978765653,9113543,B
2035108077,8452778,A
1995785806,9678023,A
1995785806,9678023,A
2092216090,9158511,B
2094503381,4661118,A
2156176134,7865339,A
1521294226,10445323,B
2101229326,10417367,A
2126594109,7979666,B
1981170513,7979666,B
2120212369,6139648,B
2116149220,10092676,B
1979345919,5658834,B
2115887767,6025611,B
2773881924,10177303,A
2177276833,9276040,B
2044194028,9324938,B
2044194028,9324938,B
2139205574,4957773,B
2339966390,9790192,A
1984317490,7268937,A
2076032623,9334387,B
2041380880,9334387,B
1971644943,9334387,A
1995581401,9400244,B
1995581401,9400244,B
1972846750,9037717,A
1989745618,8345335,A
293728827,9816157,A
293728827,9816157,A
1964376941,8112802,A
2169448602,6907845,B
2167614869,5853719,B
2113426701,9784804,A
2003496220,6870235,A
1558347272,5161694,A
2068085655,8357309,B
2094276022,7807677,B
2102646147,7807677,C
2311816734,10252927,B
1987760423,8889364,B
2107227022,4292403,B
2169673273,10689808,B
2120317677,10689808,B
1988662027,8987097,C
2937381973,11472915,B
2058359126,5050130,A
2067291656,7479963,B
2904211960,10864206,B
2955799648,11446497,C
1584021532,6696251,B
1584021532,6423538,B
1981394138,8372636,C
2016135321,5408110,B
1974417250,8134702,C
2092178015,6423316,B
2012137823,6956381,A
2151630962,7242470,B
1980077447,7242470,A
2074451549,8143600,C
2080504257,9988665,C
2080504257,9988665,C
1969933519,7811825,A
2004385270,7811825,B
2009878843,5200183,B
2035014256,9020613,B
2035014256,9020613,B
2941500054,11067458,B
2888876958,11204921,B
2105970723,7026467,B
1964569952,4411896,C
1634917816,10349127,A
2103302249,8502815,A
2566600232,9979895,A
2137461792,6759488,C
3002682974,11551817,A
2123292855,8340746,A
1938023765,6771802,B
2979702796,10936909,B
2429379631,10070111,A
2780912374,10264229,B
2960236945,10950037,B
2113553941,5227635,B
2770707331,10924687,B
2146452289,9418447,A
2478065401,6528642,C
2508819920,4385932,C
2031483210,4385932,C
2012975823,6153967,C
2079377246,6153967,C
2105786208,7660441,A
1551783624,7886283,B
2166372627,7886283,A
1990271521,4562589,B
2072822491,5756990,A
1984384662,5756990,A
2002005382,8046361,B
2023044450,8645780,C
2030448207,8285094,C
2080818541,8464115,C
1967660531,8464115,B
2523174222,10752655,A
2999400057,11396527,B
2133767982,8327304,B
2959904017,11172721,C
1610063570,4724117,B
2137412369,4724117,B
2094370925,9057091,A
1983828141,8891198,B
1952920692,9564161,C
2001197379,6638730,A
2162830318,6495362,B
2068672941,6495362,A
2550276128,10255942,B
2116091101,8589364,A
2064484277,9429096,B
2072536859,9429096,B
2791051389,10347282,B
2075229449,8982500,C
2075229449,9449638,B
2038070596,4159226,B
1983223611,4935340,B
2014467472,9324161,B
2077396218,7273611,B
2171656154,6287574,A
1947525407,5013664,B
1964086533,5013664,B
2036715876,8501954,B
1965189954,4512009,A
1980996151,5834185,B
188923969,4477569,B
2741351432,10627812,A
2013262555,9293536,B
2013262555,9293536,B
2281699867,4310638,B
2135853085,6251397,C
2110368057,6251397,B
174197957,7424149,B
2168569754,7276353,A
2100072399,7279166,A
2288928506,10620102,A
1925710965,10338178,B
2258936534,9255222,A
2258936534,9255222,A
3008982256,11565027,B
1786075958,9417068,B
1786075958,9417068,B
2170375152,7999394,C
2038442832,8214006,B
2155410188,7458065,C
2028322409,8003652,A
152889500,9750709,B
152889500,9980933,A
152889500,9579300,B
1999970915,9180107,C
2113119071,7952395,A
2164556573,8224093,A
2077628943,6855506,B
1975009460,8673904,B
1994009311,9328328,A
2163136037,8809036,A
2163136037,8809036,A
2575665088,11241283,B
985478138,5618533,C
2009426357,5618533,B
2132883707,8693893,A
2018791912,6197301,C
1995212642,5747294,B
2171111838,6890530,B
2029859962,9703019,B
2545846537,10744371,B
2545846537,11278765,B
2238349374,10259824,B
1986812747,5912127,B
2746230914,10856763,A
2032499046,7179784,B
2104306407,7179784,A
2024692232,7179784,B
2082928364,9860443,B
146149464,10299683,C
1968733745,10299683,B
2254655171,10287876,B
2078066426,9455791,C
2078066426,9455791,C
1995189554,9331879,A
1988688040,6750044,C
2167347121,6690750,A
2533695099,6970417,A
2533695099,6097696,C
2002233008,5928883,B
2081496297,8093217,B
2088634892,9498526,C
2088634892,9498526,C
2220832663,9603815,B
2467534782,7709134,B
2010192368,6437044,A
2326998627,10623126,B
2314344086,9783978,A
2889090624,11080179,B
2329373102,10044589,B
2090070089,5453271,B
2117311005,8108744,A
1999307138,6300061,B
2068272676,5336488,B
2033716804,5336488,B
2939302994,11069352,B
1988009150,9792823,B
1482980132,10355192,A
2578010521,10302557,A
2578010521,9752980,B
2143905969,5842194,B
2149372690,8260133,B
2095726855,8532137,A
2184535733,8532137,A
1582204098,8150257,B
1582204098,7859993,B
2113882297,7450516,A
2001668986,6271665,A
2033994200,4489237,A
1536744793,11020551,B
2160786483,11020551,B
2300484881,10345572,C
2074023787,4486682,A
2078896026,6901360,B
1608560430,10260043,B
1983497801,10012648,B
2090879738,7672916,B
2063715632,5905258,B
2516734073,9842045,A
2049092359,8872928,A
2597203947,10084970,B
2921273614,10720993,A
2980377823,10720993,A
2138455721,8264623,A
1985593343,9146550,C
1985919047,10175215,B
2132709761,10175215,B
2062143124,6488790,B
2807521104,10370345,B
2744391604,10393685,A
2226019229,10278976,B
2586340550,10393685,B
1605173033,10930486,A
2015623553,4554153,B
2779191761,10951134,B
2288679121,9375407,A
2151736290,6115656,B
2139656900,8429953,B
2070775065,4367474,A
2049977221,5346989,B
2082118079,5840313,B
2132159895,6304607,B
1480577960,7340671,A
2101993234,5745392,A
1584436892,7199281,B
2087420336,9746356,B
2023989861,8405393,C
1995168596,5648209,B
2002811567,7569573,A
2559769990,9856317,B
2901787206,10640674,C
2940916467,11369261,B
1998553328,7230717,B
2121655494,5398112,A
2061617136,5398112,A
2134517075,5693376,C
2331286496,7747041,A
1481442086,9058663,B
2512357240,10214559,B
1977985452,4397822,B
2334903164,6474153,B
2105113802,8745082,B
1989503831,9069808,A
2131760692,9069808,B
2026102093,9280583,A
2906954249,10385122,B
2012187915,9796764,B
2019972422,4905297,A
2745170548,11292029,B
1525524043,9883262,B
1988414065,9883262,B
2019078158,8748778,A
2151729938,9136606,B
1970236791,4595588,B
1987385324,8881005,B
2991264830,11516614,B
2909274693,11516614,B
2320092071,6801814,B
2135543822,9339498,B
2110931762,7553932,B
2031524474,6630674,B
2031524474,6610984,A
2024445922,4839339,B
2330282425,9146239,B
2166261482,8921057,B
2533647324,9477312,A
2020209786,9477312,C
2121404628,9477312,A
2093589419,4068630,A
2155503251,8666206,B
2142612037,8666206,B
1975230322,8666206,B
2114461872,8875702,B
2158238536,7394842,B
2149975349,7609743,B
2186414010,11520105,B
2108001203,8509578,B
2104721748,8509578,B
2054415483,6673497,A
2151856262,10093740,B
1948038836,6947521,A
2082237619,4422003,A
2107880577,5166907,A
2069263761,5276657,A
2116464189,5276657,A
2463027054,10161797,A
1968902663,9989677,B
1968902663,9989677,B
2094994734,8509578,A
1976296510,9732091,C
2084876736,10042091,B
2025233253,9989677,B
2025233253,9989677,B
2087268373,9989677,B
2087268373,9989677,B
2140439261,8823374,C
2105058102,8171043,A
2074084814,10996959,C
2014529312,10300259,B
2108426362,7423265,A
1570192897,8055020,C
2030428805,9652830,A
2050299492,9652830,A
2192429181,9661334,B
2066627709,6113983,A
2171958540,7781350,A
2970606380,11139961,B
2756495022,11590483,B
2038479214,8309936,B
2717425987,10651872,A
2104397702,8386880,C
2295170376,4160024,B
2290138168,4160024,A
1729661800,10013657,A
1992982600,8246931,B
2396044539,8728735,A
2902792499,11308210,C
1967407498,8234538,A
2093543591,8891964,B
2145486290,8386879,B
2093132678,8260140,B
2048978131,8832608,C
2058217663,8832608,A
1969202466,8832608,A
2013765703,5244884,A
2783990226,11091775,B
1979677185,8135828,A
1577514608,6570893,B
1577514608,6570893,B
2092388050,9896728,B
2092388050,9896728,B
1975568179,6150171,A
2087802581,7896830,B
2087802581,7828761,B
2107104215,5713932,C
2131067882,8110898,B
2044117519,9494715,A
2056749803,5045514,A
2103636788,6375944,B
2604854432,10597640,C
2061084699,4929547,A
2315931778,10597640,B
2057519617,7910461,A
2025675043,9120712,A
2025675043,9120712,A
2141837666,7101708,B
2620816002,10993985,B
2091057983,8982340,A
2110814332,7673261,B
2782524968,10077391,B
2782524968,10266738,B
2900780105,10833995,B
2166556618,6345497,C
1919665734,5980886,C
1996770594,5980886,C
1901002830,6303362,C
1986940374,8962331,B
2131926648,5980886,B
2162013743,6303362,B
2089781867,7045344,B
2144864742,7888516,B
2064312591,9468203,B
2101419910,8389728,B
2765294076,11302917,A
2728417873,10910674,C
2027512330,10198533,B
2155715037,5806520,B
2134945169,5806520,B
2601066903,10207402,A
2148721783,5399624,C
1984027552,7173007,C
2591789372,10513471,B
2138701767,6480282,B
2059032931,9339519,C
2034627511,9339519,B
2103966382,8995708,B
2056892835,8398569,B
2064425701,7510669,C
2169275384,7510669,C
2148439069,7510669,C
2126432160,7612162,B
1970507875,4654806,B
2052132700,9963781,B
2078176299,6077519,C
2007610332,6077519,B
2027824165,9767258,B
2765157730,10317774,A
1983065022,10145968,A
2077612180,10416068,A
2046603876,10145968,B
2016496593,4387717,B
2076023807,7518780,A
2060903718,7665844,B
1997652627,7518780,C
2065877038,7665844,A
2095204965,7942527,C
2059577849,8379794,A
2076655264,7829342,A
2517153324,11125827,B
2775818656,10621102,B
2092097322,7685576,B
2110244190,7671037,A
2124775529,8396270,A
2058359882,8396270,A
1996228624,5182210,B
2991593990,11293992,B
2803547071,10440553,A
2964451863,11616471,A
2964211601,11586905,A
2799177929,10440553,A
1893031899,9852541,A
1893031899,9852541,A
2117541395,6320033,A
2143012642,6239995,A
2006627462,6914072,B
2006627462,6974835,A
2006627462,6448288,B
2617872437,10598155,C
2038898938,5885797,B
2415387746,10081596,B
2795351183,10377695,C
2168376645,8017938,B
2338698301,5162223,B
2103792304,8424005,A
2002899358,4145295,B
1618095550,4792724,B
2606002226,10512593,C
2769692389,10512593,C
2070758470,10922140,B
2781982782,10430991,B
2155027729,6494832,B
2161859645,10076669,C
2156041375,10076669,B
2139638364,8416819,A
2028575807,10258242,B
2078422370,8197820,B
2025481082,5418380,B
3015736758,11558248,B
2577041194,10754694,A
2383117258,4175048,A
2082298078,4175048,B
1968431546,6358492,B
1970058280,5380848,B
2546013233,5469742,B
2103505454,9470693,A
2103505454,9470693,A
2000834633,7620500,C
2020054483,8030287,B
2038080288,8030287,C
2121509067,9422318,B
1981099253,9422318,B
1978488765,4698318,C
2114990995,5260206,B
2100347471,6361770,C
2761639206,11467152,B
2120408259,7943138,B
2076819914,9567611,C
1964550638,6785317,C
2083227776,6785317,C
1989446521,6785317,B
2737444374,10031231,B
2096940467,7286085,B
2019525337,9879985,A
2164501028,7064195,C
2049295129,6962704,B
2168102333,9052448,B
2133157165,7317574,A
2001059360,5656400,B
2001059360,5578421,A
2171760344,6329112,B
2056826659,7019339,A
2015088123,7311776,B
2024848986,9714285,B
2024848986,9714285,B
2167878579,5989198,A
2402948774,8954397,C
2100399825,6921535,C
2078946419,8510934,C
2762394669,10000500,B
2762394669,10428075,B
1971043787,9284362,A
2048104873,8269039,B
3005008108,11044051,A
2281419758,9749086,B
2281419758,9749086,B
2970863778,11555927,B
2044865569,9738697,A
2044865569,9738697,A
2402289038,5385589,B
2159767261,8027513,C
2077639649,8027513,C
2755862584,11155802,C
1984083957,8920567,B
1984083957,8920567,A
2234725626,9674406,B
2134569016,9094383,B
1623034960,5950228,A
2602406156,10653771,B
2576594667,10463712,B
2110955233,7224827,C
2067246160,8055047,A
2098965712,5485085,A
2067456058,5309100,A
1990031190,8667062,A
2118488517,8667062,A
2137612198,8129887,A
2761604597,7292613,B
2969346676,11611207,A
1493576607,7698125,B
2061834823,8778988,B
2947132426,10653975,B
2018287013,9760537,A
2171526610,9217036,B
2144034288,8246541,B
2108212245,8246541,B
2030262638,8538916,A
1553983967,10494602,A
2052159842,9175311,C
2033249348,7218659,B
1988865416,7218659,C
2030672759,7440535,A
2017884756,8326086,C
2608873842,10514770,A
2154369589,7289958,A
2154369589,7289958,A
2006529921,8334096,B
1499260602,5909026,B
1970794490,5793322,B
2146110147,5886659,B
1980061526,5949483,B
1879165657,7030356,B
2127417618,6466709,B
2102489279,8355606,B
2053282628,6534798,A
2987566926,11467468,B
1537309426,9595812,B
2279613108,9595812,B
2052186528,6466709,B
1988603573,6944384,C
2203958915,9595812,C
2097029837,7778296,B
1979307575,8355606,B
2050387132,9525858,B
2078278467,9525858,A
2171114940,5126239,A
1505091033,6917985,A
2130618489,8263385,B
2155376275,8263385,B
1537112912,7002949,B
1991486966,7533377,B
2036111977,7241453,C
1990995255,9135242,B
1983592970,5091890,A
1586020992,5340934,B
2071935633,5869349,A
2170536761,8023742,A
2124332348,8165406,B
2152528000,8447704,B
2040070956,4900404,B
2053053887,5965124,B
2013423545,4006318,A
2007766577,9534219,B
2007766577,9534219,B
2122518344,9500658,B
2128115980,6781599,A
1994761503,10195304,A
2077082129,10281451,B
2119869435,10091094,A
2532967167,7705524,B
1991179725,5230346,A
2810505115,11569777,B
2119827557,8224583,A
2027776285,7645613,C
2005890771,9714943,A
2005890771,9714943,A
1983775458,8986576,B
1986612644,5670320,B
2084947365,6013858,B
2094649523,9217058,A
2056390136,6179611,B
2099663410,6179611,B
1509620915,6179611,B
2165118477,6936637,B
2597431239,11185304,B
2279433036,6725828,A
1968246309,10185799,A
2545870424,10773079,A
1971901271,8911852,B
2165250474,10134808,C
2292764711,10134808,C
2037489639,9737247,C
2094663728,7203274,B
2094663728,6816564,A
2120725196,7203274,A
2120725196,6816564,B
1971790423,8159235,A
2280380428,10717672,A
2069997605,9036898,B
2165691101,8111386,B
2165691101,8111386,A
2096600162,6967767,B
2036383891,6990270,B
1987783735,6990270,B
2047828277,7826499,B
2037638747,5778102,B
2134450273,8846321,C
2168095967,8846321,B
2078589905,7132617,B
2499847556,8132740,B
2140842960,7527972,B
1967202396,5545716,B
2528993041,11090649,A
2093110112,8861552,A
1008220112,8861552,A
2046944521,8861552,B
2165471232,10258251,B
1572640019,4431708,B
2075867799,4431708,B
2031472730,4431708,B
2739904892,10401358,B
1606123737,6374595,B
297249988,6069007,B
2050992506,5144019,B
2028461097,9290045,C
2041783188,9340776,A
2030760610,6495091,B
1565992774,6374595,B
2166556618,6374595,B
2085572463,6358653,B
2160533442,7804456,C
2117843877,9405124,B
2294781200,10529059,A
2086162946,9380221,B
2009420378,9405124,C
2963441822,10853970,C
2819476901,11074711,A
1858933122,5743936,A
2014488017,6891864,B
2024550673,8917444,B
2464830972,11002856,B
2549943622,10591643,B
2119967924,9380221,A
2168790157,8848006,A
2294828132,8848006,A
1970335283,4943137,B
2889134696,11524063,A
2559980017,11278250,A
2980501212,11589834,B
2798401174,11589834,C
2264841466,10829423,A
32350394,4267019,B
2077249101,10605900,A
2077974959,8932782,B
2161753292,8932782,A
1999822145,10254405,B
2530724435,10726097,B
2011526661,10028723,A
2013145257,9293887,A
1993033412,9246529,B
2125841407,6100034,B
2152316008,6304050,B
2035783114,6304050,C
2032409749,7769071,A
1967585272,6891864,B
2137851009,7236664,B
1997178436,4929041,A
2122422353,9246529,B
2098632838,9293887,A
2158112947,7847669,A
2136268807,7337671,B
1593536571,7360423,A
2095834124,7767484,C
2155687892,7847669,A
2147287527,7176770,A
2140954816,7511870,B
2014064421,7847656,A
2034680282,9318998,B
1485993462,10191079,A
2779613249,10830790,A
2037771288,7176770,B
2060568557,7755826,B
3005464418,11532795,B
2908686782,11532795,B
2188647963,8763441,B
2134677387,10393525,B
2019823387,9302242,A
1969600723,9691989,C
2010579553,10352907,A
2157704344,9154263,B
1968567053,9154263,B
2067494171,9154263,B
2016715895,8329636,C
2134811962,6869767,B
2117606422,7337671,A
2140440089,7812692,B
2126213414,7511870,B
2022175581,7082371,A
2004064461,7082371,B
2016524069,6903184,B
2009690173,5057279,A
1980375617,7791780,B
1964979627,8107150,B
2169185412,6143494,B
2007206698,8901175,B
1973678089,5902586,B
2127077913,5902586,A
1830300067,5576002,C
2076156491,8274578,A
2061691710,6022696,B
1577118233,6547564,B
1987105067,6022696,B
1980243405,5854388,B
1544673707,9069736,A
1502302752,7825659,A
2079429298,4546398,B
2012084590,5717388,B
1989308787,4902776,B
2074761988,6650303,B
2089770759,7852866,A
2143756451,7852866,A
2080097473,9503374,B
1989870823,10129181,A
2024287692,9503374,A
2162071647,9455996,A
1967933376,8923294,A
2009838020,7588954,A
2136880026,8119208,B
2022618247,4138896,A
2066333942,8665146,B
2317370214,10668272,C
2327287356,9670257,B
2058915754,8420815,D
2058915754,8362047,C
2156828155,8362047,C
2782412512,10748287,A
2152400951,7326360,B
2415947172,9910109,B
1976957262,9014653,B
1990812907,9014653,B
2767724162,10973774,B
2015379655,9586971,C
2007463963,9586971,B
2055947968,9150417,C
2055947968,9150417,C
2919048290,10837890,B
2156659936,7365533,B
2060656616,6352649,C
2118933331,7947134,B
2567389052,10066323,B
2322340445,9194967,B
2407240130,10244250,A
2129735832,9883576,B
2054734906,7326360,B
2061742938,5856158,B
1669388010,5759835,A
2113715368,8062224,B
2016692416,8528582,A
1991724935,9274271,A
1991724935,9274271,A
2152581747,8528582,A
1595614682,6384948,B
2055393118,4737005,B
2073901406,6580818,C
1578114982,7668358,B
2791167518,11045539,A
2140828740,9061077,A
2062724266,9061077,B
2066383899,7547506,B
2204401701,10724034,A
2038270325,5513276,A
124964997,10724034,A
2108003509,4782065,B
2040192735,4472832,B
2821387941,11270501,A
2113067867,8455431,A
2092395757,9333240,B
1967495422,10642975,B
1964508932,10330673,B
2090131476,8409374,A
2761797209,10455618,A
2049451429,5895814,A
1999185682,8650204,A
2884261807,11143091,C
2888957329,11143091,C
2831738004,11143091,C
109536563,8661394,B
2611498806,10049295,B
2081899042,8629708,B
2093896143,7214372,B
2162381150,8222629,A
2154320911,6900054,A
1973972775,6235527,B
2259471424,9162979,A
2007905614,7384574,B
2109077450,9423480,B
2159026602,9423480,B
2011585608,4654306,C
2057588202,4654306,C
2737440646,10439433,B
2623911754,10439433,A
1996308704,9072760,A
2545165891,7949430,B
2766504728,11419320,A
1569328622,9685214,B
2038888338,7800278,B
2067538743,9730783,B
2099561080,6008324,B
2137048316,6124525,B
2991158473,11492329,C
1996183144,6197578,C
2096939179,6197578,C
1975094254,10246505,B
2040695008,9844504,B
2040695008,9844504,B
2084509786,8168208,B
2013157601,8168208,B
2148922140,8374512,C
2217895792,10002415,C
2035892576,8457405,A
2035892576,8280703,B
2131773286,7263403,B
2000609779,9626584,B
2140615813,9292941,C
2798999055,10776671,A
2033710914,7160634,B
2014446006,4362672,B
2012061666,6784318,B
2012061666,7038086,A
1986149868,9450373,A
1976600664,9170367,C
1976600664,8798422,C
2091874548,9170367,B
1995668213,9170367,B
2080831652,8486179,B
1574523391,8486179,A
2246664447,10552730,A
2194288565,9576073,B
2168729706,10115115,B
2181494072,8494771,C
1920501755,8364717,C
2117522609,8886573,B
154362522,9576073,A
2095677000,8364717,A
2139430401,9443034,A
1520740947,7774734,A
2023694574,6309352,B
2043771802,11160456,B
1975788758,6309352,B
2068003824,7740585,C
2050410666,6405069,A
1989518028,11160456,B
2044264272,9493522,B
2044264272,9493522,B
2168912979,7230096,B
2047993957,7572863,B
2028044069,4927512,B
2755946900,11551103,B
2061776028,9784737,C
2028682219,9784737,C
2336112008,10285420,A
2801009637,11257856,A
2560521583,10802180,A
2030109209,10679755,B
2560646444,10802180,B
2513952895,10671784,B
2520855150,10671784,A
2336002088,5413931,C
2116686692,6846488,B
2057000815,7005072,B
2053954906,6994782,A
2159676134,8158089,A
2032369203,10321988,C
2143467030,5233017,A
2070070981,11103586,C
2552649920,10784097,B
2023791709,6549801,B
2059107848,7400754,C
1970194066,7016048,B
2055689741,6782716,B
2051437182,6682859,B
1603373712,4925562,B
2119965631,8629681,B
2037316389,5554935,A
2005603821,8629681,B
2488967808,5554935,B
1978768284,7016048,B
2147853872,7016048,B
2051033051,6140087,B
1977115095,5820868,C
2123527623,5457754,A
1990064793,7651632,C
2004647249,9353001,B
2004647249,9353001,B
2032436774,9163967,B
1991056255,9163967,B
2537517747,6326150,B
2114194280,10207299,B
2105546454,9423308,B
2112742515,7674626,B
2538195497,6731151,A
1533644409,4547572,C
2152519169,9447315,B
2192664494,9873828,B
2922398519,11270010,B
2097923541,6403103,C
2096650463,8379485,B
2035513799,9854644,C
1631578086,9967952,C
2154506625,9854644,C
1517087857,9967952,C
2097152146,9967952,C
1978211337,6281301,C
2146172411,8195006,C
2119486125,8715748,B
2129424218,4079127,A
2261805383,4543340,A
2059800302,8660322,B
2031590351,9355303,C
2143954169,5807114,B
2170595832,8206267,A
2056475746,6012926,B
2121798019,8941826,A
1603671189,9946344,C
2065052782,9946344,B
1948402885,9946344,C
2055144118,8718416,B
1989642010,8718416,B
2032574753,9031658,B
2211679376,9898650,B
2085707242,7056431,A
2036928632,6875337,A
2057128960,7588773,B
2510102196,10602925,B
2077534272,8485109,C
2164724679,9336604,A
2086942955,9288232,B
352670848,10695540,A
435151737,10695540,C
390242025,10695540,C
2127126181,6537762,B
1997656080,10473692,B
2124011293,6528795,A
2555921245,8481953,A
2984195392,11323489,A
2051459836,8765136,B
114216128,8574591,B
2052387773,7204990,B
2068309446,6929918,B
2147106132,8241856,B
2006428715,5399494,A
2012503323,6485805,C
2113032822,8838520,B
2109064594,8838520,A
2157362434,6528795,B
1981892916,5519362,B
2104634907,5519362,B
2009458165,8101238,A
2002572540,6008376,B
2026950518,6911932,A
2611548764,10288729,B
2013609390,6911932,B
2108246992,7397418,A
2149707774,7685824,B
1992015518,5411709,B
2806442905,11327187,A
2971095342,10911151,C
2971095342,10951323,C
2035737284,6535153,A
2321135336,9653734,B
2321135336,9653734,B
1987062107,8852461,C
1987062107,9077039,C
2063657437,9653734,B
2063657437,9653734,B
2290845925,9622086,C
2058453170,9622086,B
2092268438,9136925,C
2159220022,8411784,C
2745246440,10911482,A
2112681550,7623687,B
2108258308,7623687,B
2010719245,8457410,A
2069602349,6399641,C
1973229957,7919673,C
2017899940,8678760,A
2062099417,8659007,B
2062099417,8648331,A
2141575289,8209279,A
2107586115,4337194,A
2005741974,4108983,A
2114320441,9542763,B
2022499870,5485016,A
2032997281,9587265,A
2083121005,8184506,C
1979359279,4794075,A
2091444006,5351006,B
2039439383,6723344,B
2128279483,5351006,A
2750992636,10499861,B
1969057150,4768881,A
2080378928,4768881,A
1977129933,8592949,B
2208401755,10660916,B
2083891134,5250303,B
2894705404,11500099,B
2951517617,11494937,A
2894705404,11221413,B
1592362980,5589174,B
2119663701,9534042,B
2003067937,9534042,C
2170633897,9480618,A
2013106018,5124358,B
2988915675,11375194,C
2963652593,11468575,A
2043780915,6285739,B
1971932800,8445428,A
2018580978,6958349,B
2057847904,6380224,B
2121860740,7183411,B
2022256806,6380224,B
2803625993,11079718,B
1907392735,9636369,B
1907392735,9636369,B
2136848239,7112322,B
2318660636,9968259,A
2318660636,9968259,A
1981674636,9968259,B
1981674636,9968259,B
2046336598,9968259,B
2046336598,9968259,B
2102189859,8719291,A
2148059416,10601227,B
2041540671,6687847,B
2618898480,6687847,A
2105360160,6687847,B
2321103317,9894920,B
1580057937,9894920,C
1999861833,8766198,A
1963794006,7618905,B
1539495916,7225012,B
1504880285,7659812,B
2088271097,8618009,B
2064344048,8071164,B
2105462353,4974236,A
2112587444,7853042,A
1974698702,4681450,B
1913906670,8295935,B
2150875451,9025152,B
1979177747,9025152,A
2158533153,7795033,C
2072920261,7795033,C
2014090254,6261813,B
1993800885,9588121,B
2155211928,7756325,B
2124326261,7099504,B
2165688580,6804391,A
2124088680,9249170,B
1999748098,5312940,A
2981035667,11069921,B
1980501669,6515084,B
2749469930,11407726,B
2031792526,6635668,B
2020308493,4708818,C
2097458594,9173994,B
2765224461,10436895,B
2045913948,7345300,B
2903376590,11566242,B
2039934128,9637425,B
2426315233,10731164,B
1988552825,8349457,B
2092092688,7979812,A
2544922295,10872158,C
2136865103,7670601,C
1780555974,7668354,A
2012349033,7877130,B
2063198729,7877130,B
2023381398,9721209,B
1750226670,10366339,A
2129487958,7853589,A
2152112458,10287457,B
2796950727,11395838,B
2797443945,11395838,B
2609164312,11185067,C
1977365391,5651953,B
1987702059,5651953,C
2739729868,11395838,B
2024635981,6946268,A
2128765001,7054067,B
2745403509,10624959,B
2067987848,9129146,B
2067987848,9129146,B
2791667956,10624959,B
2777652460,10624959,B
2890561632,11322622,A
1964218206,9047429,B
2013973825,4535058,B
2138703789,7397829,C
1972577644,8354291,A
2324795592,6346887,B
2111011604,7456260,B
58698926,8699658,B
2066798134,9036771,A
2001690563,7801265,A
2067825508,8290232,B
2110583914,8396375,A
2084661923,9156696,B
2084661923,9156696,B
2139574528,9228069,B
2139574528,9228069,B
2058138902,9228069,B
2058138902,9228069,B
2070346219,9155814,A
2076038408,7074493,C
1979409476,4098778,C
2024808412,4038222,B
1969176764,5092885,B
2086470196,5092885,B
1999669918,8722634,B
2117355090,5902283,C
2744091972,10206875,B
1984520891,6762406,C
2069151104,6762406,B
2021702335,8790594,B
157946329,7482123,A
2045279481,10074996,B
2885113459,10797684,B
1995638550,4595014,A
2135738040,10545144,C
2103288559,5206223,B
1974306987,5434344,B
2588505354,10386447,A
2613046893,10386447,A
2085899806,4970434,A
2468898331,10404457,A
2529090470,10474690,C
2143414350,5382914,B
2033228536,11412975,A
2072878238,8551954,B
2030160502,6377341,A
2082795977,10933173,A
2009783154,9603243,B
2009783154,9603243,B
1965701811,6914273,C
2319454263,6406843,B
2027851709,5459097,B
2056270427,6914273,C
2548780836,9957236,C
2222533963,9957236,C
2018430740,10527547,C
1637180475,10527547,C
2016420122,8949674,B
1639956611,9853997,C
2401303391,10314483,C
2138374300,8949674,B
1969168578,6306988,C
2006152951,9096519,B
2077783557,6486279,B
2902699996,11581582,B
1966284437,8871879,C
1966284437,9238709,C
2144775514,8076451,B
2099383402,7127000,B
2801477363,11229710,B
2530267922,11229710,C
2020623253,8703909,B
2137306592,9289508,B
2019687919,4290697,B
2084398316,4329588,B
2120483974,4329588,B
2157569688,5245191,B
2143682621,6498189,B
2124068825,7842244,B
2039369248,4572206,A
2136731410,5177994,B
2021118218,5177994,B
2070394271,8921038,C
2142319170,8124337,B
2009441924,6486279,C
2555224455,10259831,B
2133186266,7999633,B
2021660701,8183966,A
2089518911,4264771,A
2471706874,10170940,B
2049168770,10381876,C
2733207410,3953188,A
2148042435,8923225,B
2514937118,10604501,A
1988662887,6441233,B
2083008771,6850543,B
2141393790,4968603,B
1950922889,5055400,C
1828274049,5055400,A
2152858188,8952192,B
2183462403,10379170,B
2465431026,11116795,B
2087684737,6359129,B
2015830323,6068837,B
2077333708,4287087,B
2054275563,4145185,C
2022576356,6573373,A
2027094517,6828436,B
2143231439,5649032,B
2004096762,7259286,A
2921143168,10977794,B
1536055832,6201638,B
2599482904,10048567,A
2611945087,10316295,C
2271583810,10316295,A
2913779201,11339375,C
2045115278,5681738,B
2559956750,11049238,B
2606954399,11049238,B
2338847393,11049238,B
1537304053,10059624,B
2152771541,9243985,B
1968487694,7758841,B
2010447029,5447849,B
2031557653,4518547,B
2069157381,5843671,A
1999217201,8828981,B
1993054759,8825481,A
2123861623,8060494,B
2122902929,8060494,B
2116176297,7239731,C
2032118286,7680853,C
2077463582,8043622,B
1998570400,9545196,B
1981842254,8155403,C
1538240198,8155403,B
1835326614,6466687,A
1970378963,6466687,B
2093600896,6466687,A
2169776750,7215704,A
2143944689,8155403,A
2032999587,9428813,B
2032999587,9428813,B
2313397448,6701050,B
2006674346,4812301,B
2064410736,7364296,A
2561293181,11233249,A
2101834636,6873285,A
2032373534,8054091,A
2981022382,11162960,B
2044789744,9149544,B
2031827067,8476382,B
2126419751,7009036,C
1971119448,7060281,C
2542980879,8363853,A
2130950221,7720237,B
2130081072,8077880,C
1983450178,8476382,C
1994518622,8696952,B
3001925567,11424271,B
2062227071,5545520,C
2073557556,9458224,C
2123071102,7716271,B
2000477256,9005694,B
2058958457,6214969,A
2319833989,9580756,B
2090830150,9144824,B
2060973515,5026715,A
2908225547,11578355,B
2919199182,11578355,B
1990894378,6927286,A
2081219935,6927286,B
2037029919,10028669,B
2001143502,9360617,B
2067473358,9360617,B
2159536054,5822218,A
2039161783,5822218,A
2010270685,10028669,B
2113853304,6131181,C
2106858176,8832659,A
2093344524,4696819,B
1989974742,5524212,A
2047913600,9434945,B
2565919573,11614751,A
2104372315,9579349,A
2104372315,9579349,A
2303640726,10393287,A
2115127386,8673565,C
2152491655,7725662,A
2105021218,7684331,B
2329285985,9176252,B
2118898550,6291194,B
2021312747,7122668,B
2038720383,8889101,C
2009358076,5834293,B
2036522397,8025932,A
2011907249,6414004,C
2616798177,11597909,B
2026553683,6479296,A
1973408623,8675346,B
2079385857,8675346,B
2080378988,9627199,B
2005132669,9526749,A
2103521924,5935888,B
2290310756,9728636,A
2014025668,4351787,A
2122980421,7103669,B
2153292692,7957309,B
2078096652,7684331,A
2742349409,9641803,B
2075287893,4919991,B
2979874885,11043259,A
1964947310,9309287,C
2088230067,9191579,B
2088230067,9191579,B
2104539548,9418839,A
2104539548,9840024,A
2284097954,10392520,B
2071665028,6943012,B
2149347375,6007998,C
2042187995,9084217,B
13114043,8681986,B
2127752881,6766344,B
2023930719,9255040,A
2053734232,4409256,B
1964935470,6192352,B
1913011716,6192352,A
1966297508,7955808,B
1723665297,10017527,C
1980091422,6290183,A
2152997076,9251473,A
2315486260,6749571,B
2140083383,7275439,A
1995365473,7166075,B
2107506320,8574914,B
2107506320,8574914,B
1985966591,9763891,B
1985966591,9763891,B
1996567787,4008899,A
2087455825,8563704,B
2546019691,11343278,B
2037520358,4733189,B
2910508450,10754959,B
1539865086,10387208,C
2469377607,10387208,B
2143541212,6945658,A
2006809723,4362607,B
2132540940,7829299,C
2147917005,9938324,B
2039511544,9938324,B
1480928884,8168403,C
2100733931,8718778,B
2123859930,8114631,A
2051619249,5955520,C
2074184225,8598321,B
2082734948,7700738,B
1853208315,11085080,B
2129317658,5866553,B
2024964268,6384018,B
2789430859,10611851,B
2084693372,9473974,A
2131002272,9000137,B
2060284126,7090733,B
2002024419,7601403,A
2520610328,10040052,B
2030565922,9925622,B
2134447692,5338625,A
1926843044,6529092,C
2156711436,5844991,A
2079124122,5163617,C
2027105635,5163617,A
2053512949,7834331,B
1992216512,7723047,B
2149155465,9741100,B
2751042822,10520714,A
2952321007,10520714,A
1570969286,7112418,B
2021248782,9696534,B
2021248782,9696534,B
1998937672,8651168,B
1554526767,5736513,C
2020191618,9148186,A
2074915604,4536841,A
2076228786,8993317,B
2548664743,10082736,B
2033348183,7989421,C
2162739621,9012240,B
2140574084,9012240,B
2023013783,7389857,C
2097286866,9862971,B
2097286866,9862971,B
2773834020,10829149,A
2116558404,8084647,A
2176910277,7901673,A
2036601962,7659067,A
1984320149,7659067,C
2982468232,11531982,A
2059858788,7741357,A
2896941166,11163705,B
2989583077,11362482,C
2972752938,11362482,B
2574245894,10279044,B
2044514403,5538833,C
1993056927,5858662,B
2735562195,11523768,A
2080322962,7098276,B
1971522659,8515011,B
1976903197,8515011,B
2049118801,6023967,B
2017843489,8802401,A
2093411723,7445909,B
2155369569,5429923,B
2116427154,10869926,A
1526771362,5843757,C
2126269666,5866340,B
2152241467,9476095,A
2125523949,8586725,A
1802480460,6344322,B
1995856480,5362623,B
2026861011,10869926,A
2015519364,5519118,C
1981112371,5492808,C
2067028787,5693470,C
2067028787,5837443,C
2067028787,5591826,C
1967137553,5851775,B
2139964075,5702886,C
2054640781,6498013,C
2008184405,8444963,A
2073363614,8048446,A
2157212231,8628964,B
2127500462,8628964,A
1999228669,7972561,B
2149374025,9093581,B
2089422642,6393290,A
1970174108,5401828,A
2152514935,9466362,C
2152514935,9466362,C
2002687983,9490815,B
2963548896,9876503,A
1969747706,9490815,B
2998030583,11356100,A
2144462120,6008502,B
2807014195,10354380,C
2280420890,10157466,A
2043732412,5212290,A
2763159004,10662445,B
2023756666,8716701,B
1487628896,5729623,A
2606469429,9903804,C
2606465190,9903804,B
2328170999,7010970,A
2559891771,10620145,A
2801505079,10620145,C
2077243484,5929331,A
2122383272,5548515,B
2130064071,5740047,B
1993977651,6730762,B
2025543014,4661446,B
1969978379,6383577,B
2058885232,7632784,B
2026403989,8603223,B
2028917452,8093046,A
2033395894,7655464,B
2033395894,8092805,B
1964809542,8575095,B
2141089852,10022713,B
1587108297,10022713,B
2164852228,8461354,B
2074059421,6483130,B
2557057431,10563013,B
2807756527,11169036,A
2040598257,8461354,B
2042522777,5660746,B
1992241018,4847205,B
2102582779,4847205,A
2500311716,7691394,B
2137359273,7468290,C
2953572380,11358125,C
1994515616,5770589,B
2156725898,5955267,A
2324277437,10711310,A
2009297032,6180788,C
2065128848,8200466,B
1966278918,8007782,A
2027043713,5852198,A
2094277829,6372215,C
2551376060,10695574,B
2091671077,6975458,B
2087872380,10145818,A
2541629513,9207193,B
2541629513,9207193,B
1436444243,10180505,C
2104980075,6999530,B
1832102873,10434238,A
2331812474,10434238,A
2614524324,11499248,B
2148569307,6594627,A
2068506694,7238777,C
2031773897,7238777,A
2334236216,9365600,C
2172658446,10076503,B
2810438802,11378403,B
2098694464,8121740,B
2165308495,5773695,A
2906535275,10759774,B
2905617072,10759774,B
2338727887,10463881,A
1595621710,8916116,B
2048088283,9701727,C
2514268372,10140447,A
2892754254,11168084,C
2604238549,10662177,C
2129695707,5454039,A
1996764654,5442778,A
2339803592,5407796,C
2013189569,4495280,A
2058527659,6087166,B
2973906180,11473897,B
2579928628,11157828,A
2006508040,4722903,B
1995121935,8183534,C
2012348801,8183534,B
2038043418,8735828,A
2086740674,8183534,B
193859494,4841685,C
2022909534,8873837,A
2022909534,9235902,A
2086373542,9235902,A
2086373542,8873837,A
1976217264,9235902,B
2037325199,9196048,B
2913314970,11426408,B
1559971191,8334404,B
2111037984,8334404,B
2043601652,8334404,B
2154178826,9292888,C
2056706988,7452555,B
2091407931,7446037,B
2089528639,6750124,A
2020742771,5628044,A
2143454458,6365337,B
2029900219,8280643,B
2120504051,6083695,A
1992740058,4333928,A
2021572503,9611502,B
2021572503,9611502,B
110821003,6475793,A
2092358916,5882926,A
2029821251,6750124,B
1977548799,9911235,C
1977548799,9911235,C
2112550585,9758802,B
2112550585,9758802,B
1984775688,7924728,B
1491358752,7924728,B
2058734893,5580491,C
2148768534,7286963,C
2070191324,7286963,A
2469113771,10882886,B
2174590326,6723551,A
2098625695,9567361,A
2016994959,7063958,B
2016994959,7084252,B
2016994959,7148004,B
1991716192,7973320,B
2032227010,7687428,B
2054092253,7687428,B
2000413951,8526702,A
2000413951,8526702,A
2550894701,8003105,B
1967365031,8526702,A
1967365031,8526702,A
2122790024,7006514,A
2112457831,7046661,B
2112457831,6940851,B
2112457831,7006514,A
2129004123,8861539,A
2122469625,7843908,B
2122073749,8861539,A
2562688548,11268967,A
2087045665,8071087,B
2503873164,10444160,A
219578248,10444160,B
2090599158,6136307,B
1980309655,6811775,B
1980309655,6576234,B
3011838964,11297103,B
2091874548,8798422,A
2042172082,5171578,B
2063769938,4885172,B
2138751028,8085659,C
2162984079,8085659,B
2170540710,8601024,B
2752626513,10419062,B
1991180538,8749441,B
2131195467,8509077,B
2166136292,8243547,B
1992036365,9500932,A
2969725775,11150671,B
2068918586,9580689,A
2810278567,11360046,B
2806160867,11360046,C
2031975829,5401805,B
2256397012,8482206,A
2773496674,10232343,B
2462873746,11015141,B
2465856790,11015141,B
2291850718,11015141,B
2057385471,7116104,A
1978450784,7307142,B
2155858441,4992378,B
2014810793,7405215,C
2093230855,5393883,B
2030605069,9631146,B
1970229786,9829433,B
1984829116,9662025,B
2209736670,10226173,B
2094966479,10123697,A
2134971542,10226173,C
2005779626,10107904,B
2060051631,8841415,C
2006453868,5585264,C
2047678524,7833533,C
2150248180,8515753,B
2014964854,7510141,B
1561306587,7510141,B
2064561506,7749502,B
2151026811,7262271,B
2014432837,7749502,B
2063423572,6340587,B
2410027099,4337273,C
2434094369,10005801,C
1971589127,4556950,A
2056455905,4556950,A
2121290976,6611645,B
2042373666,3954322,B
2063528659,4868768,A
2048606952,5821219,B
2522101198,10526624,A
193639067,4826649,B
3024712122,11491348,B
1987313140,7695834,B
1989049273,7695834,B
2067524144,7695834,C
2109201699,9231865,B
2126506003,11317955,B
2949246756,11149245,A
2119196483,6380819,B
1864417553,6356163,A
2142772107,5936016,B
2043850275,6177401,B
2886451786,11130132,A
2792443570,11130132,A
2146052572,8405256,A
2055172186,8405256,B
2066381236,8405256,A
2127117965,5814475,C
2169897800,5578601,A
2147363126,8008842,B
2124037390,8008842,C
1630624920,7972527,B
2751630460,10918628,B
2328579399,9518896,B
2005690775,5474591,A
2783891915,11137310,A
2113247650,10449216,A
2055219658,6406903,A
2317688530,10422023,B
2088041666,6727237,B
2163091796,8846096,B
1983922358,5953678,B
2788978324,10885442,B
2034430078,5953678,B
2009721027,6525068,B
2236549678,10370789,B
2083069772,9315937,B
2083069772,9315937,B
2122129796,5748901,A
2949657936,6667278,B
2619328064,10960359,A
2983970254,10650839,A
1975135499,6777229,C
1649382602,8326386,C
2103527532,7541049,B
2038515691,6180758,B
2066053899,6180758,B
2026373241,9270198,B
2130238778,9653219,A
1964708960,9653219,B
1983164409,5200838,B
2051804158,7811577,B
2038563479,5210018,B
2276309105,7811577,B
2004567602,7132276,C
2581178587,11406736,B
1901189324,10735755,C
2143172905,7569575,A
1883153639,6387262,B
2067126876,4585756,B
101991909,4409139,A
2093943347,4740587,B
2137430715,10316354,B
2333619490,4603218,A
2055315280,6670297,B
2329967789,5637421,B
1978992496,5733683,B
2050620572,4740587,B
2023280507,4280953,B
2950420787,5541080,A
2169788244,6121706,C
2329125074,4783408,B
2023078100,6582941,B
2021173100,8785725,B
2095335004,8785725,B
2122507575,7253293,B
2106297308,8318562,B
2026050857,8597557,B
80632284,6747291,B
1997320488,8555270,A
2143502438,9053210,B
1984991693,9263139,B
2150481406,9053210,B
2036184515,7269456,B
2118508180,7769118,B
2118508180,7769118,B
2612168748,10992411,B
2329887037,9620242,B
2080727786,5838428,A
2768931819,10792518,A
2770965101,11397167,B
2277021946,8593237,A
2883033975,11397167,B
2009693890,10444406,A
1556531268,6753462,B
2007164847,6759571,C
2132733716,6853194,A
1966817003,6970086,A
2064791500,7030759,B
2147099224,9567581,C
1972717887,9567581,C
2007609627,8333994,B
2766586999,11447550,B
2120055940,8649629,B
178123866,7265091,C
1995503390,9340423,B
2950812752,9340423,B
2082519660,4908316,C
2303611664,10036817,A
2504167902,10774044,B
2085276160,9557549,B
2015012313,9557549,A
2031931113,6642052,C
2109241881,6210922,B
2130114112,8216821,B
1501218393,6291226,C
1965386541,6063409,A
1926124481,4966847,B
2058461208,6558553,A
2946003342,10443132,B
18398505,4983519,B
2152002288,6700482,A
2017554292,9406298,B
2075581860,9406298,A
2601277777,10526578,B
2025509590,9249195,C
2143494574,10201168,B
2754252129,11533521,B
2523941803,11533521,B
2180663511,7666883,A
2151206573,7362831,B
2072631737,8396320,B
2323523494,9850300,A
1506896627,5530396,B
2124318670,5329439,A
2132083994,5432695,A
1994364515,9175153,B
2335228830,9626404,B
2012738654,9659120,B
2335533788,9331882,B
2792857121,10511145,B
2941738405,11431150,B
2941738405,10992108,B
1977367901,10422004,C
2073246506,10028063,B
2052618793,10028063,A
1970950147,4633255,C
2086839262,7274769,A
2011885612,9911974,C
2007110771,7129034,B
2537131760,10506969,C
1991690216,6278040,B
1992395280,8305257,B
2159554945,8305257,A
2167368453,8305257,A
2304974788,10272093,B
2102086059,7892519,B
2149333240,8351481,C
2149333240,8351481,C
2096163668,6041133,A
1981363238,6287819,B
2095166926,9422179,B
2054373139,9422179,C
1976903328,8351481,C
1976903328,8351481,C
2791642493,11490975,B
2104851455,7587236,B
2003593907,7587236,B
2029928474,9076258,A
2029928474,9076258,A
2015169348,9377404,B
2117623139,9449417,A
2076731234,5529934,B
2170139658,6223316,A
2002339134,5987636,B
1943736618,6467058,B
2077154905,9646363,B
2092911194,9927362,A
2312198241,9927362,A
2469737710,10273215,B
2155466478,10273215,C
2605296740,10472670,C
2334804100,9296909,C
1975955054,8165522,B
1657638615,8054159,B
2050210913,5838924,A
1603133956,7904498,B
2056981636,4222760,B
1987296038,5234904,B
2330503271,5234904,B
1970476430,6358392,A
2897404963,11510817,B
2058547865,6358392,A
2035389557,4004975,A
2014412383,7400736,A
1965296515,9066937,B
1988334109,7269263,A
2100972653,8154455,A
2078501781,7611863,B
2020023873,6570196,A
2101990588,7769574,B
1979104257,9278961,B
1804133702,9459335,B
2044815402,4542459,B
2076492343,6278273,B
2162104089,6462545,A
1969946123,8334694,A
1543830028,8889857,B
2154688969,5301167,B
2030723634,5303207,B
2126699986,5559757,C
1968857380,5301167,B
760233869,5301167,B
2097225154,8889857,A
2339416265,11044121,B
2292957477,10881664,B
2022722754,9651541,B
2023915042,9489973,B
2060350728,9489973,A
2937833637,11072344,B
2328916301,5288214,B
2471612261,11225505,C
2008918987,8748429,B
2028485920,8198419,B
2028485920,8618269,B
1984668363,9254266,B
2011034455,10067913,A
2049636749,7906460,A
2396508369,8198419,B
2078859984,9879043,B
1526410132,10306013,A
2047780354,9260570,B
2921122044,11081798,B
2096746743,8618269,C
2027265711,9879043,A
2035478593,8170368,B
2085253474,6368402,A
2509707979,10300438,A
2736741156,10388059,A
1987931234,9597643,B
2062904068,9138719,A
2479344183,10438400,B
2113782869,8738376,B
2081245420,8738376,A
1973520293,8642348,B
2960062801,11067806,B
2084468415,10713838,B
2084468415,10008034,B
2551546500,10438400,A
2209771092,9934714,B
2209771092,9892669,A
1522599302,7428683,B
1532888190,7412343,A
2145847909,5991907,B
2164817320,7428683,B
2069171954,7428683,B
2157009629,5991907,A
2124403117,5991907,B
2236107066,10959447,B
2136754526,9090512,B
2136754526,9090512,B
2169251929,9397366,B
2017522785,6999988,A
2010682604,9340837,A
2302995145,11248270,A
2059615481,6593894,B
124796445,6593894,B
2041536119,6593894,A
1967470707,6041856,B
2327759272,9959949,B
2123369816,7253871,B
1866120104,7253871,B
2015309652,7253871,B
2127774712,6980351,B
2742959595,11116445,B
2036040900,7153905,A
1553198783,7383076,A
2148680889,10274490,B
2005211060,10557847,B
2051406620,7505130,B
2048652162,7301625,B
2293364903,9997134,A
2617059654,10380802,A
2161237417,6757068,A
2171266321,6797829,A
2070882610,8190241,B
2035004000,7907712,B
2156817008,6160883,A
2095897790,6826275,B
2020565186,6160883,A
2071959308,7907712,B
1562858765,6627748,B
2076577069,8951571,B
2108510473,6627748,B
2117922312,9617280,A
2060394650,4911952,B
2275045402,11056705,B
2064105524,8048895,B
109784665,9527823,B
1979505706,7476679,C
2078089149,7476679,B
2020927372,5624795,A
2010142212,8048895,C
1827097242,7391900,B
2084102620,9523101,C
1965251627,8802418,C
2116834406,9523101,C
2001519180,5985497,A
2171099341,9018172,B
2921664367,11279734,A
2950183479,10117948,B
3014325233,10988504,B
3014325233,10889613,B
1657684626,9829880,B
1657684626,9829880,B
3004129452,10940863,A
1897419004,8993327,B
2170541567,5317673,B
2091359957,6226611,B
3006110097,11513056,A
2164810574,6055498,A
2117419173,5317673,A
2070133242,6226611,A
2054886036,7940485,B
2415829409,10418549,B
2292840346,10608177,B
2738114186,10940587,A
2022356912,5519111,B
1995330883,7264762,B
2118573662,8290716,A
1604152949,5629936,B
2293945808,9903820,C
2293945808,9903820,C
2153600813,7259701,B
2050665485,6870178,B
1966773187,6870178,B
2129638008,6870178,B
1985993967,9903820,C
1985993967,9903820,C
2481102708,10570444,B
2584520886,10101315,C
2023916683,8476335,A
1981221800,9409322,A
2344484388,10202261,B
2048533744,9409322,A
1977035955,9545527,A
2045191439,8334239,B
2000379970,5519111,B
1991073384,5519111,C
2096586994,5556700,B
1802442082,10126163,A
2627063456,10514909,A
2057468664,4091336,B
2130235328,8951639,A
2070853013,6003319,B
2898178460,11168220,A
2619971935,10487446,C
2025741640,6107517,B
1812581977,7932074,A
2052205735,7431931,C
2184934692,10677455,B
2104307146,6749831,B
2207609795,11370845,B
1970871238,6970483,B
2799158414,10347760,B
184009671,4751080,B
1572640958,7150984,A
2133729485,7150984,C
2167479866,5311310,A
2000455734,10557847,B
2039026859,7383076,B
2047567850,7087726,B
1963529565,8790953,B
2106118844,8506969,C
2011213256,9382517,C
2786765196,10257100,B
2113427021,8220591,B
2626158242,10257100,B
2042109667,8600123,B
2170072261,5790077,A
2141272972,8220591,A
2469044795,10505853,B
2469044795,10257100,B
2207538520,10639251,B
2031761299,7081565,B
2463064449,10421975,B
1498281580,6205444,A
1513998118,6205444,A
2744937512,10166204,B
2083716046,8543595,C
2165831076,7558789,B
2020102918,8543595,A
2792265547,10235568,B
2101672301,8372888,B
1969311551,7487050,A
1998218891,7405434,B
1969834273,6031611,B
87933458,9076240,B
2963741128,10628736,B
1661698559,5214577,C
2011303243,5214577,B
2414185824,11040025,B
2048765644,9663614,B
2134394930,5905024,A
2058148628,4811349,C
2129968884,5517516,A
2790507404,11505598,B
2145123557,8865873,C
2536601389,9998260,C
2085165500,4706497,B
2502355266,5280492,A
2461108098,5280492,B
2006996993,5541948,D
2060861409,5526369,B
2134049434,7450947,B
1916348453,6466334,B
2138464613,8384613,B
2756219123,10935261,B
1964642459,5463600,B
1983034365,6855204,B
2167233005,7728218,A
2004621758,6855204,B
2118558547,4447547,B
2080548419,8338871,A
1991833526,5824647,B
2151738183,6889333,A
2078069481,9244615,B
2078069481,9244615,A
2138788758,7634813,A
2165100126,7603715,A
2252849412,5075288,B
2106512742,9856165,B
2146917745,7166468,A
2112796553,5541836,C
2000998614,7477362,A
2143625835,5493141,B
2120856107,8067424,B
2041066358,6507774,B
2612759037,11051210,B
2056434400,7288382,B
819770474,10488368,B
3000446917,11369645,B
2227922876,10666773,C
2156955698,6821954,B
1978465846,6465613,B
1730022493,10611880,B
1971284949,4959323,B
2279160186,4317815,B
2053747890,9288679,A
2053747890,9288679,A
2045484784,9148849,A
2081713104,6326202,C
2043651119,9148849,A
2097050668,9226252,B
2097050668,9226252,B
2015515547,9365691,B
2000520150,7049010,B
2090697502,7049010,B
2020218114,7049010,B
2089272566,7172872,B
2604245573,11312676,B
2624710712,10512647,B
2342608812,11312676,B
2058546047,7407908,A
1988924428,9855321,C
1988924428,9855321,C
2172130406,6876703,B
2101686759,6876703,B
2133584988,5851783,B
2057660274,9005666,B
2034037710,8285145,B
1987633709,8285145,B
2081481244,10208377,B
2047131770,5552282,B
2025559841,6001816,B
2167119720,6107025,B
2133628830,6579684,C
2107332877,7670599,B
2055857758,6087452,B
2029427244,10478526,B
2055136022,4431635,B
2582172319,10542927,B
2148407523,9606415,B
2560756134,10451580,C
2766423195,11447809,B
1967170239,7651546,B
2720720893,11519021,A
2885364756,11519021,B
2725317476,11560566,A
2151214035,4226018,C
2131476027,6067472,B
2018808621,6136619,C
2049209682,6136619,B
1978128522,6136619,B
2221976755,9801893,B
2950183003,11208640,B
2035221639,9577173,B
1997818236,9577173,A
2024392623,7847085,B
2064165866,8279666,B
2253967852,10184140,A
1503866863,6241986,C
2157821646,9611146,B
2789532771,11305003,C
2885259903,11305003,B
2009884096,4702604,B
2333035097,10233087,A
2117987350,8697879,B
2284759421,9951014,C
1981030196,7994326,C
2327507093,9145424,C
2327507093,9809556,C
2058926430,5936138,A
2908619255,10934270,B
2908619255,10501435,B
2160461435,8557552,A
1191133043,9603820,A
1986053289,6480333,B
2010982623,5393634,B
2120435341,7070928,B
2345218814,11524983,B
2068324530,6274557,B
2023363265,7381748,A
2314451786,9416106,B
2212950599,9120750,B
2088400953,8697879,B
2507501607,10167270,A
1994175112,7732107,C
2088106012,9090589,A
2075742363,8969521,A
2068423076,6514709,B
161348589,7479266,A
1985135510,9568456,B
1985135510,9568456,B
2067824277,9405886,B
1999069134,5773219,B
1650017481,7262834,B
2067386072,7262834,B
2164603958,7408026,B
2067531716,10175251,B
2006119598,4313925,B
2046540439,5118488,B
2097639356,6977079,B
2066989636,6977079,C
2106114908,9127261,B
2087160109,5130661,B
2067034367,5130661,B
2147945052,5130661,C
2050481520,5476921,B
2068166570,5713965,B
1940829588,4446122,B
99593175,4939240,A
2159865878,5185147,A
2077187448,4414187,B
2042343391,8021799,B
2138743998,8021799,B
2054194980,6844099,A
2054194980,6589680,A
2156972464,8021799,B
1966899242,9044157,C
2184582172,9687483,A
2184582172,9687483,A
2118308543,5859866,B
2094247905,8945722,A
2094247905,8945722,A
1992587640,9184402,C
2077684130,6420031,A
1977357917,7826693,A
2608097190,10667745,B
2036924072,6037448,B
2053829702,8729232,B
2053829702,8729232,B
2964173781,10356789,B
2585201773,10356789,C
2078393266,7409042,B
1967299939,7693262,C
2140837567,7088457,A
1977692095,7009773,A
2064917402,7390999,A
2049963703,7522344,A
2083667429,7009773,A
2085954247,8873049,A
2057439698,6804066,A
2057439698,6731434,A
1985345107,8616712,A
2014909526,6731434,A
2005204240,7619191,B
2005204240,7525076,B
2315828665,7088457,B
2739840191,10444069,A
2141893729,7302124,B
2981849749,11605787,C
2109838880,5374935,A
2333328929,4611385,B
2161313920,6045930,C
2161313920,5981306,C
2067747335,9113535,B
1988557782,4876209,B
1993966345,6548956,B
1993966345,6596134,B
2031961767,4876209,A
1938614495,7302124,B
2078274995,8150183,A
3023044847,9432282,B
2104855527,4419446,B
2083384059,7935718,C
2747475791,11174734,A
2907094680,11384153,B
2078699483,9396544,C
2023866307,9938507,C
2000434264,4162397,B
2022519402,8786708,B
2171528132,9360408,A
30110277,10176294,A
2132910427,7407807,B
2153696347,8163557,B
2236062965,10090034,A
3016006013,11587551,A
2141001701,8457967,A
1572971848,9999756,C
2141300590,9768992,A
1984819139,5569808,B
2343233090,10644503,B
2065476499,9762145,B
2065476499,10218289,B
2065476499,9374020,B
2509175051,10536068,A
2588096724,10250216,A
2748541391,10536068,B
2589073831,10250216,B
2086296205,9374020,A
2086296205,10218289,A
2086296205,9762145,B
48839415,9586058,C
2071403014,8299448,C
1981203968,5185254,A
2071923959,4333021,A
2891792276,11372224,B
2953225546,11372224,B
2783043663,11372224,C
2255600267,9556454,B
2020374917,5976066,B
2002587551,5976066,B
2035582208,5976066,B
2123139967,9374020,A
2123139967,10218289,A
2123139967,9762145,B
2145093033,7783132,C
2300443219,10916381,B
2153173522,8411952,B
2340947372,11219392,B
1979491356,8846866,A
2324813540,4999191,A
1879503128,4808537,B
1578096869,7063950,B
1968124094,5407820,B
2075162730,7063950,B
1965609254,9653793,B
2951069250,10620161,A
2951069250,10481129,A
2027272338,6623718,B
2115650832,6787318,B
2098119218,7589182,B
1499601963,7250559,B
2765363921,11491231,A
2009993736,8252756,B
2069784383,5747037,B
2115846167,8367070,C
2115846167,8383790,C
2059960222,7001982,B
1484793323,9908923,C
2600935377,10537613,B
1988060134,7781199,B
2617937678,10815522,B
2100343475,7585959,A
1858218633,7150992,B
2038014675,9968672,B
2935821006,11611330,B
2942105967,11611330,A
2969506575,11611330,B
2478823450,11390908,C
2513896518,11390908,C
2100763636,10718774,A
2728615466,11268021,B
2067178786,6287788,C
2089160284,5336937,A
67730575,5766879,B
2128220751,6287788,A
2128220751,6368812,B
2547495456,10456113,A
2332035643,5342737,B
2094037283,4339433,B
1493702629,7052834,B
1563012803,6897290,B
1563012803,5545619,A
2464229851,5514787,C
2020664480,4265510,A
2015501025,4043885,A
1988846466,9242024,A
2620443034,10393901,C
1994304076,6067852,B
2164181200,8998584,A
2050072953,10280465,B
1580022290,10018697,B
2903636869,10932741,B
2049551741,7052853,B
2101990354,8034564,B
2084870620,8538122,A
2740641758,10563266,B
2548351229,10563266,B
2476660844,10563266,B
1844198786,9983288,B
2143488385,9939509,A
2143488385,9939509,A
1550330528,5747323,A
2080466382,4379146,B
2068964887,6060457,B
2124684679,8174276,A
2118942571,7639208,A
2104089406,7639208,A
2147201699,10505833,A
2027355980,9349102,A
2524375541,9983808,B
2524375541,9983808,B
2083682214,9946475,A
1651703031,10191803,B
2083040745,9230652,A
2083040745,9230652,A
2030020498,9946475,A
2025850747,8232046,B
2967975754,11181383,B
2910539599,11408847,C
2599381897,10244962,A
2521779457,10488236,A
2033925546,6051272,B
2039619031,7745708,B
2140898147,7838491,B
2163668642,8748569,A
2163668642,8748569,A
2243323470,9417127,B
1999760507,5402231,B
2015822637,7627363,A
1985614842,7627363,B
2963486118,10109673,C
2062963269,9417127,B
2063269691,9417127,B
2014174443,6335524,B
2035118625,5869835,B
2080649104,6144026,A
2608435448,10854885,B
2079014952,6221676,B
2081336517,6221676,C
2103003626,9138411,C
2532199148,10392270,C
2790522927,10722713,B
1993374756,6667298,A
1993374756,6544969,B
2010977342,9617488,C
1896669216,9617488,B
2984143879,11566809,A
2982081108,11566809,B
2087799466,5922554,B
2187911644,5922554,B
2589943916,6587701,A
2138719396,5561050,B
2401815099,10388260,B
2044000269,5079642,A
2517714368,10555919,B
1986057074,7369991,C
2139728537,8057398,A
2343647285,10042852,B
2309515914,10443054,B
2044104892,10357558,C
2527534199,11298413,B
2064384308,9235060,C
2064384308,9235060,C
2075041610,6054111,B
2096576254,7890903,A
2010179280,6723748,C
2127296893,6486912,A
2167458860,6486912,B
2324495677,6486912,A
1993337833,7364354,A
1538164971,4207308,B
1853688072,9776140,B
1853688072,9776140,A
2769069578,10481906,B
1991325219,7709202,B
1981256684,7709202,B
2012219447,8158548,B
2319051097,9906189,A
2005197453,9906189,A
1519991849,10326359,A
1969221592,7996440,B
1969221592,7970767,B
2097597177,7996440,B
2097597177,7970767,B
2020510544,7945473,B
2025581986,5814295,B
2086677963,6207775,A
2405022506,10620610,A
2088204908,8105632,C
180066789,8105632,B
2980011481,9155764,B
1508082942,8105632,C
2026727890,7450158,A
2011444168,8884022,C
2031252261,10036652,B
1789412032,9696340,B
1991619555,10036652,A
2166486841,10036652,B
2078828266,8094841,A
2052598957,10398763,B
2965018937,10962509,A
2770635333,10554049,B
1983504477,6251878,B
2104886511,8199662,A
2168702774,7177808,B
2535514538,7177808,B
769440803,10012491,B
2101659058,7846909,B
2127647309,9127947,A
2081826473,6270737,B
2002525583,6678705,A
2127454465,5966706,B
2020036204,5067098,A
2097496529,8449875,B
2047560976,8449875,B
2114717414,8449875,B
2050502887,5039663,B
1988877609,8735173,A
1967355953,7615224,A
2157281323,9328114,B
1965792736,9328114,B
2947926959,11307208,C
2726806239,10689282,B
2039883274,9852478,B
2005548731,6853426,B
1980562817,7978287,C
2497269569,10335514,B
2903128041,11210967,B
2141992519,8586963,B
2187005411,9635473,B
2086461119,8679766,B
2064487054,7323177,C
2146096674,7273608,A
2125103489,6685850,B
2009040055,7202037,B
2091851273,5686478,B
2153169257,10016494,A
2070858110,4603575,A
2499231612,9745635,B
1522971697,7920050,A
1889504152,6266704,B
2964059663,11283002,A
1989795594,8346682,B
2107383745,9637465,A
2782183686,11377697,B
2028490235,5656474,B
2902568381,11377697,B
2146838209,8229716,B
2127270675,5272704,A
2009269241,8861655,A
2058928725,5118654,B
2037605145,6509000,A
1966477630,5763725,B
2081414037,4897542,B
2040850582,4897542,A
2146351747,8483296,B
1554731837,8194799,B
2004814483,8958750,A
2159764637,8194799,B
2766441399,10386481,A
1892873241,10902468,A
2024735358,6355953,B
2008652897,8586725,B
2088674496,6345058,A
1504936139,6345058,A
2505846766,6224874,C
2012635537,9214041,A
2134897517,8444994,B
2134897517,8444994,B
2053915790,7303752,B
2758521906,10359522,B
2054181906,8447141,C
2101187263,9340819,B
2154387014,9340819,B
2145041871,9340819,B
1495825691,10201688,A
2169146573,7916919,B
2119026656,8116548,A
2116338354,10793892,B
2004186039,6384105,B
2048412474,6306821,A
2334523411,5522895,C
2039235941,6884778,B
2117504488,6063561,C
2915804069,11239931,A
2062034184,9364660,B
2018397994,5793595,A
2049555893,5786448,B
2020500640,6861523,C
2107266887,9188627,A
2133723583,8352774,B
2014142464,4387162,B
2125911669,8610511,A
1863066227,5966032,B
2099571693,5966032,A
1986602661,6930175,B
2313180978,6930175,B
2148873890,5623483,A
2076597013,4339441,B
2086788897,8406849,A
1986575524,7820009,B
1919282702,5328837,B
2009027332,9090636,B
2018980668,10463304,A
2807242060,11378570,C
2972720145,10883341,B
2064042294,7914988,B
2063148034,5667968,B
2073061689,10029215,C
2182375420,10432409,B
2182375420,9946858,B
2160748558,6753499,B
2033673571,7974067,B
3008815204,11179047,C
1977471369,10136823,C
2056116757,10349838,B
2766445384,11179050,B
2172045809,8273031,B
2989854092,11179047,C
2120714791,8343061,A
1999152925,8273031,B
2109803080,6426203,C
2109803080,6403081,C
2109803080,6652847,C
2064773291,8785209,A
2168121605,7164702,B
1973975186,7164702,B
2460829212,10379020,C
2022846946,9018444,C
2004147894,4840902,C
2006091918,5641671,B
1568913968,5641671,B
2127053034,5641671,B
2345076418,10493168,B
200605659,4355106,B
1992993824,4840902,B
2605210561,10311624,A
2604884735,10311624,B
2565850160,10147023,A
2608284766,10147023,B
2165269428,9636362,A
2165269428,9636362,A
2007626581,9655967,B
2049911818,9655967,B
2077146886,8513257,B
2027413588,9905647,A
2027413588,9905647,A
2312637615,9300315,B
2312637615,9300315,B
2171573274,7666144,B
2565986458,11179050,A
2889312301,11179047,B
2889312301,10398324,B
2067285354,7666144,C
2399174931,11179050,A
2078768207,10349838,A
2155969195,9300315,B
2155969195,9300315,B
2790680409,10398324,A
2008169280,10136823,B
2058126384,5462734,B
102561174,7743967,B
102561174,7696453,B
2107882268,7149666,B
2162230540,7149666,A
2167988588,7676351,A
2155780237,7149666,B
2559641637,9954085,A
2917898015,11376305,B
2231987179,9069971,B
2126870276,9552509,B
2126870276,9552509,B
2068705727,7288532,B
2049107169,8791239,B
1972794829,8562809,A
2098706349,7097975,A
2100991130,8828357,B
1974227609,9340588,A
1573027401,4645738,A
2053737145,7046405,C
2581108279,11046826,B
1547943040,4882422,B
2142876833,8219874,B
2175302754,7420053,B
2476561030,9851799,C
2118645863,7825153,C
2086217992,5859233,A
2171309029,5811291,B
1831076809,7117754,B
2134704572,6773704,B
2037324437,10683378,B
2008348097,6156376,C
1772027050,9995748,A
2042729833,9995748,A
1977890193,5087435,B
1980819198,4863881,B
2047898363,8497371,A
634813441,10610493,B
2950771738,10588867,B
2014033503,6733725,C
2005302882,6251349,B
1965084016,5952147,B
2112336067,7094425,B
1814087720,6207411,C
1844667028,7985559,B
2135456455,7830224,B
2132247719,8198956,A
2097090001,10308990,B
2052498246,5331962,C
2169923451,6207411,B
2051521662,6833150,B
2951816694,10970531,A
2563042530,10268931,B
2610790008,10268931,A
2079578919,5750504,B
2072044050,7074896,B
2076195478,8490095,A
2291746045,11406280,B
2582274207,11318304,B
2051061255,4855911,A
2106794495,4855911,A
1864158721,10456073,A
2187283884,9419319,B
2626494066,10123983,B
2483273542,5442458,B
1998008888,6083869,C
2024539533,5800598,B
2013824679,5033309,B
1992686988,9655967,B
2123222325,9248049,B
2116129645,8586305,A
2322412384,9428530,B
2024866700,9073957,B
1970147059,9199005,C
2050963868,9199005,B
2022959621,4975387,B
2109827178,5994080,C
2031018845,5994080,B
2467721870,9433649,B
2467721870,9265802,B
2467721870,9433648,B
1888649758,9433649,B
2102773142,6136559,A
2027072734,4545147,A
1968559411,5975201,A
2103830280,8987327,B
2103877480,10017784,B
2253511917,10017784,B
1987316682,9437183,B
2085318197,9437183,A
2046627027,9437183,B
2579990199,11500128,B
2801030339,11103594,A
1993734224,4845729,B
2040960163,6451108,A
2806251429,11123715,B
2047087066,9902757,B
2136414558,7478008,B
2038925318,7478008,A
2027921893,6195870,B
2093646218,6858709,B
3004248899,10793906,B
2073482550,5849571,B
2043546058,5849571,B
2154849525,6084068,B
2168512189,8359173,A
2133773857,6935165,B
2072826649,10634687,B
1794992826,10634687,C
1970296857,8304247,B
3017634642,11122573,A
1994906289,9607904,B
2962964084,10350597,A
2313159280,9400412,B
2062756851,10011547,C
2057185205,7828735,C
2088988268,4608339,B
2068336213,10201587,B
2001051743,9844336,B
2018080214,8974788,C
2012008547,7758941,B
2062195276,7078034,C
2315181387,7078034,B
2591702244,11084850,B
2029144061,9403763,C
2014756967,4832489,B
2809999733,10832658,A
2132844390,6631332,B
2143107202,7617893,C
2137442474,4727349,A
168179658,6935165,B
2114659148,6935165,B
1967110885,9291567,B
2802480734,10541506,C
2078374709,7206462,B
2530328844,9698561,C
2058200527,5162503,B
945415965,10280366,A
2108664265,8542365,A
2330998032,9395177,B
2076534685,9315078,B
2182507303,10364224,A
2924359993,11091437,B
2924359993,11098014,B
2924359993,11198674,B
2055856274,5844709,B
2157390667,5300782,C
2410581071,9985460,B
2410581071,9985460,B
2149959539,5229993,A
2001356006,5229993,B
2761240402,11234988,C
2546541690,9985460,B
2546541690,9985460,B
2133432855,8491665,B
2184167325,10354192,A
2560315235,10647004,C
2124064924,8066088,B
2123676049,8491665,B
1992588475,5084115,C
2603993496,10276310,B
1988659709,5744311,B
2333632348,8695345,A
2333632348,8695345,A
2037691378,8491665,B
2950485871,6087364,C
2106989818,6636823,A
1548809664,4572896,C
1779000590,4764459,A
2102684383,4572896,C
2153011797,6356600,B
1977144637,6899871,B
2075816261,6899871,B
2106657180,7529151,B
2030454391,8512709,B
2034371420,5936985,B
2080504771,5936985,B
2005526270,5840499,C
2970032913,10881727,C
2901676640,10881727,C
2319310583,8796454,B
1677328973,5576323,C
2166012243,5674714,B
2162393059,5323262,B
1593424326,10540211,B
2024750663,7118606,A
2162380590,7094398,B
2114417847,6184031,B
2567016555,9982276,B
2567016555,9982276,B
2093895415,4608255,B
2014306822,7998668,C
2163389297,7998668,C
2003840374,7998668,A
2073176005,6609119,B
1564788673,5217865,B
1975693637,8440952,A
2765188531,10475103,A
2020546464,5231468,B
2067865040,4854320,B
2071018769,9133259,C
2055327839,9824874,A
2068013034,9133259,B
1963921468,4764504,B
2070824480,4849940,B
2482161748,10662063,A
2134884567,9336611,A
1972881826,6815163,B
2484408163,11365292,B
2614109478,11365292,A
2077925031,4649388,C
2033722266,5049499,B
1987577842,5143827,B
2009588423,5143827,B
2559542173,8568974,A
2074550235,5552295,A
2787644587,10241041,B
2101163593,6404497,A
1967332972,9678007,A
2314653885,9678007,A
2027415486,9145376,A
2105263498,6925213,B
1976098386,6925213,C
2004885986,6925213,B
2078588179,5754578,B
2094109959,9896384,A
2094109959,9896384,A
2532887449,9967028,C
2003471585,8594961,A
1989399546,5422746,B
2165676292,4588255,A
2037618299,4809105,A
2902136131,11369261,B
1583271986,7822801,B
1707628848,6980518,A
1556955310,7822801,A
1954692074,5740184,A
2541111513,9509511,B
2147792643,7576627,A
2112586768,7187169,B
2147266701,5740048,A
2079997600,4160205,B
1588544668,6872871,B
2042399308,8911215,B
2085620372,4342833,C
2015680259,7608433,A
1984051213,7427496,B
2396196390,10004903,C
2174986658,4481531,B
2065095883,9206199,A
2800554341,7065971,C
2567669590,10480033,B
2309137057,10192117,A
2127357147,7296231,A
2081425524,8401292,B
2067232934,8625904,A
2056325151,7340676,A
2017749564,9196853,B
119707112,6037457,C
2236430343,7420166,A
2901748306,11583178,B
2142119520,4499303,A
2046932428,8785380,A
2015344052,7011837,B
2077224166,7390452,B
2113596596,8519110,C
2167892056,8519110,B
1977596883,8301428,B
2006648837,5030453,A
1802129575,4564599,A
2773894386,11482679,B
2018080611,10290824,C
2018080611,10230064,C
2300552854,10389526,A
2290240246,10239982,B
1990657317,5869706,B
2471781373,10389526,C
1984102163,8075922,B
2574862048,7329543,B
2120182098,6627738,B
2919358556,10911168,B
2915731440,10911168,A
2000253628,6552542,A
2082502489,7720851,A
2140637654,8548256,A
2149862993,6097773,A
2172008520,7776925,B
2154131641,8326088,B
2009642066,9342883,B
2108985830,5843760,B
2039878265,9783809,B
2039878265,9783809,B
2083106544,6608030,B
1972096189,9937205,B
1965771018,6608030,B
1989443495,10535685,A
2072058245,4473835,B
2130940939,5172385,B
2017082347,6396860,B
2891868430,11605787,C
1986286962,5479032,A
2045316849,9062368,B
1963956383,9978968,B
1963956383,9978968,B
2078628662,6330262,B
2033299121,6030700,A
2052329392,6830828,B
2534193434,6515298,B
2159278027,6381380,B
2156621137,7964439,B
2158447918,5859866,A
1983894946,6972431,C
2022960341,6972431,B
2157510744,7826693,B
2031180271,6330262,B
2012142329,9768402,C
2012142329,9768402,C
2112980000,6381380,A
2116572163,7009338,C
2024210747,7674531,B
2059059534,6552181,A
2164924497,6789544,A
2125982686,7924739,A
2585120216,10280152,B
1981243198,6765193,B
1982703938,8095085,A
2982322244,11495886,B
2902305907,11495886,A
1992226890,6316649,B
2079293191,6548066,C
2049153108,8852596,B
637397656,5801532,B
1996194071,4988699,C
2135707184,9863935,B
1995890242,9867580,B
1995805767,9867580,C
2984466255,10852421,B
2099128769,8431399,B
1538951169,7401304,A
2042529379,7635583,B
2147322027,8259806,B
1980491680,8765920,A
2888012200,10966978,A
1975505859,5756546,B
2020647032,8389018,B
2137999616,8389018,A
2088263466,9656900,A
2080721137,10685150,A
2916508902,11314144,A
2003546990,4689151,B
2045562270,6297003,B
2045562270,6392028,A
2473454670,6127116,B
2473454670,6392028,B
2473454670,6297003,C
2116928281,8724733,A
2031603396,9003187,B
2345456441,9830506,B
1967495724,7847460,B
2165063908,10712277,B
1966502128,8341437,C
2308440851,10942136,B
1967396591,8160317,C
2078467799,7300915,B
1963667957,5739359,B
2008387198,7984031,B
2075102466,5763340,C
2159084611,6108187,A
2115261485,7329486,A
2115261485,7368232,B
2089076311,9925223,B
2079675168,5577165,B
2009530630,5747258,B
2019085618,9668804,A
2753735661,10993634,A
1966370881,6678048,B
1980217128,5763340,B
1587777046,5578708,C
2035240788,5812517,C
2160053415,7038249,A
2007902396,7582672,B
2007902396,7582672,B
2121108322,10519101,B
2583233430,11473148,B
2052434067,8050473,A
1987397071,5812691,B
2910370437,11443433,B
562440266,4319483,B
1980889847,9740925,B
2148249638,8982986,B
2153846856,8982986,A
2768514491,10768214,A
2070865018,8597883,C
2899374330,11038706,A
2070150491,6160921,A
2742986912,10196977,B
2295769636,9804849,C
1968298040,8175827,B
1983200223,8175827,B
287184544,8175827,B
2336189239,10644314,A
2080770365,7990496,A
1998923975,8454986,B
2123686037,6936261,A
2044342990,7063949,C
2002657136,6642354,A
2127194736,6642354,C
2072785035,7504254,B
2134322626,7063949,C
2810731017,11160500,B
2327459259,8357732,B
2147589486,5351116,A
2971410756,10751294,A
3021898884,5930202,A
2092193553,6178141,A
2470961722,10073176,A
2036709808,8999378,A
2102493018,5341228,A
2065698731,9453908,A
2029469831,9453908,A
2136530675,5419331,A
2996686564,11562483,A
2957493611,11562483,A
2080696262,9172471,A
2049233749,9768876,B
2004025927,9172471,B
2118777157,4316011,B
2621877040,11402367,A
2032034528,5295397,C
2021378968,7525100,B
2094050447,5068535,B
1966585199,7141238,B
1986863976,7147863,C
1975766417,7141238,C
2077292033,6365630,C
130327661,6942870,C
1998575976,5266307,C
2020518988,7268148,B
1965975095,5750570,B
2000976891,4009282,C
2061422048,6942870,C
2034293258,8716002,B
2043172656,5624904,B
2041652022,9518298,B
2017284272,6924870,B
2290564586,10634881,A
1970352099,5643875,B
821907552,10145845,B
2056194047,8980571,B
2142389038,6320102,B
2155861738,6102690,C
2003026703,9261745,A
1989456811,5550662,B
2843531452,10459293,B
1992299063,7289189,A
2768931672,10459293,B
2083730433,7289189,B
2095352503,4752582,A
198709078,7543283,A
2020899974,4438513,C
2075688881,9494472,A
2003159164,6309850,C
2117328536,9037860,B
2141242738,7785605,B
2029955166,8207658,A
2009433555,9431565,B
2152842031,9174344,B
2274689151,10647584,C
2681814698,10920668,B
2528996360,10651820,A
2094397982,9211078,B
2011382921,5914129,B
2003136232,8291872,B
2014455822,8922636,B
2072163967,8922636,B
1972416403,8922636,A
2169237074,6824971,B
2013928497,7444273,C
2126488893,7632918,C
1968564497,7632918,B
1996385375,9360416,A
1996385375,9360416,A
2109704634,7433730,B
1997788618,10258364,B
2346776279,10632003,A
2139033211,8355767,B
1557652812,5837810,B
2101324253,7746266,B
2041654684,9482626,A
1991749706,9175700,B
2091636405,9175700,B
1600133697,6529931,B
2568451401,11332600,B
2012874239,9217171,B
2170706540,9968681,B
1559802847,9482626,A
2893516565,11319556,B
1973194122,8187208,B
1973194122,8419659,B
1975352887,5892228,A
2089432333,8570507,A
2133782445,8895207,B
2079798854,5788963,B
2017806371,5788963,B
2283922892,10919939,A
2756380000,10919939,B
2068538936,4690935,B
1966913265,4906646,B
1969152654,4595676,D
2074692241,7238775,B
1194231151,5169932,B
1972320042,4215038,D
1966795225,4490364,B
1982304619,7238775,C
68430918,4864019,B
2053457468,5169935,C
1985524265,5750499,C
2101889545,8426130,C
2046087413,4415558,C
2049090800,4864019,B
1472451706,4415558,C
2063587143,4563352,B
2063086429,4563352,B
1807295484,5015729,B
2066639785,6579967,C
2329063793,9372151,C
2329063793,9372151,C
2796244782,11401241,B
2750801151,11401241,C
2000551948,9372151,A
2000551948,9372151,A
2137435551,8244743,B
2144505971,7751509,A
2168348531,7751509,B
2069916120,6502039,A
2019572247,9394254,B
2029889010,7927883,A
2162534829,4532515,A
1972809300,6304588,B
2166129060,8699787,C
2000018522,6814849,B
2802579009,10598612,B
2594422085,10598612,A
3002155336,10952604,B
2752437134,11378570,B
1570774394,6519586,A
2035539511,8273578,A
2158157364,7738086,A
2085542022,8263411,B
33355249,6211780,B
2101709592,8911937,B
1909595960,7133865,C
2091197257,4614923,B
1979161806,6706481,C
2036864888,9988612,C
2292169570,10557160,A
2007214289,6706481,C
2040116105,4214902,A
2029880826,4214902,B
2156796771,5303419,A
2591747788,6067050,B
1964780057,8394613,B
2086940753,9935355,B
1839300275,5495532,A
2056317902,9598486,B
2168664318,6582719,B
2110020396,6526356,C
2050959396,6526356,A
2065394459,8384024,B
2090709581,6690004,C
1994823832,7462825,C
1996936222,4512349,A
2161767006,8409565,B
1871524645,8409565,B
2165533679,5946649,B
1965692419,7558715,A
2313346833,9905371,B
1999371974,9905371,B
2003226577,7031533,B
2023541669,10266990,B
1987648924,8401242,A
1989115446,8071329,B
2004144557,8071329,B
1521118824,6290652,A
48429378,4821577,A
2225535431,11510993,B
2028056050,8629393,A
2054554861,9951374,A
2100566650,5257276,B
1570657880,5257276,B
1986889299,5257276,A
2794724931,11208342,B
2101174622,7154433,B
2101174622,6809682,A
1973181458,6087111,B
2055224057,6518413,B
2064217024,5972609,B
2054963293,6518413,B
2261215219,6344445,B
1987312485,9903870,B
2054810155,9903870,B
2160932402,5638127,B
53859697,4830834,C
2028705328,6627458,B
1516805242,7060118,B
2094572026,7616735,B
2908733219,10927396,B
2094278873,4232004,A
2083606062,4264449,A
2983160918,10885455,B
2166125504,5919682,C
2084456057,4035155,B
2581149382,10331947,B
2970434525,11526174,A
2328999529,9041183,A
1971390830,9041183,B
2092483417,5161216,A
2894241764,10593125,A
2039287910,9431577,B
2120528285,8462238,B
2969916794,10739378,A
2624324752,11060092,B
2063553865,5984510,A
2036880033,9873115,B
1608791497,4886747,B
2028979338,6857283,A
2782763801,11035737,C
1986458619,7151116,B
1987694553,6412509,A
1997975520,8309584,B
2007868012,8309584,B
2033420938,8309584,C
1865897512,7848923,B
1542325172,5310893,A
2061232098,7589240,A
2301248207,10147553,A
1995849235,7589240,B
1641702516,5567944,A
2125736017,9150928,A
2064308439,8156451,A
1602815565,6537830,B
2102440051,8652838,B
2126080257,9662035,B
2143146380,9243250,B
1554763469,5212296,B
2900473430,11237103,A
2156981425,7510536,B
2050421405,7417219,B
2100030105,7417219,B
2112421143,7417219,B
2170471606,7070565,A
1980963921,6716184,B
1992242315,7686763,C
2168143678,10689459,C
2923801385,10978706,B
2762726415,10978706,B
2048377067,6008899,A
2035639050,4078053,C
2117335119,6008899,C
2111447750,8494627,B
2034710772,7101991,B
1968178987,7491424,B
1987240271,7423778,B
1970862339,7297684,B
2093889847,10041123,C
1965301793,5421129,B
2899336529,11375897,B
2743834506,11375897,B
2531390133,10541661,C
2443436673,10587938,A
2803516420,10989865,B
2793641374,10989865,B
2080774908,10547280,B
1968348191,4716147,B
2070902743,8263002,B
2149760335,8263002,B
2142064341,8263002,C
1987387871,10451402,A
2047342608,7609392,B
2038828895,7609392,B
2024502892,9909203,B
1988429098,8311649,A
2131226168,9486404,B
2042142431,9398290,A
2605776094,11169055,B
2564709311,11169055,B
2053810670,5736398,B
1586835215,8370798,A
2076552518,8278246,C
1583685756,6727070,A
2105438002,6562337,B
2011877175,8278246,A
2023941531,7001755,B
2077458890,5783411,B
1572726797,6562337,B
1667348892,9103833,B
110557443,4150567,B
1075196302,4150567,B
1804192902,10041767,A
2889216963,10666054,B
2024132256,5334530,B
2885904044,10666054,A
2038510181,7731957,A
1892556832,6221619,A
2004967103,7572919,B
2028911415,5512580,B
2057906876,5512580,B
2596217949,11581059,A
11150067,6103955,A
1981309920,6103955,B
2342492630,6103955,A
1983706639,6586246,B
2461267934,10670771,B
1992120149,8158363,C
2742009068,10127323,B
2742009068,10019525,A
2086462709,10342814,C
2097737999,5744340,A
1984194828,7985367,B
2104376042,5625049,B
1964494205,7304732,B
1999765549,7304732,B
1504029104,5887093,A
2052213089,7074340,A
2332689157,7786024,B
1974220953,8580130,A
2047724634,8580130,B
2082878513,6210931,A
2083519153,8946254,B
1998085087,4675385,A
2005250254,9933430,B
2138820057,11006651,B
2100451405,5495852,A
1583410801,7304732,A
2064461433,8395021,A
2800766746,11132922,B
1981175768,5080771,A
2059653795,7580604,B
2145116662,5151956,A
2561195474,10531838,C
2071277914,6843850,B
2027424913,9284609,B
2027424913,8580509,B
2027424913,8969527,B
2921356077,11418285,C
2113966797,8114626,C
2150516335,7245380,A
2942494631,10817738,B
2941516811,10817738,B
2941516811,10885364,B
2171389789,8212291,A
2171389789,8212291,A
1990632434,8212291,A
1990632434,8212291,A
2127470843,8313896,B
1975599966,8530886,B
2055832940,8460929,B
2164903823,8688419,A
2164903823,8688419,A
2981685070,11591634,B
2067328691,9759824,C
2067328691,9759824,C
2007737876,9759824,B
2007737876,9759824,C
2327252383,9759824,C
2327252383,9759824,C
2999892220,11193940,B
2024847774,9002286,B
2064152568,6152612,A
1964964177,10046065,B
2069630437,10046065,C
2073038820,5720976,B
2081235448,9240613,A
1944190358,5891828,B
2114893214,9049871,A
2007760176,5476781,B
2016606367,7432061,B
1985736805,9145548,C
2150665743,9237761,B
2150665743,9237761,B
2592958909,10660932,B
2902655641,11266732,B
2098593412,7541032,C
1980140633,7541032,B
2037613922,9793830,A
2316488360,9793830,A
2135032717,8056420,A
2067808666,8056420,B
2169808628,9870376,B
2169808628,9870376,A
2059228273,9908972,B
2052114538,9908972,B
2304681261,10774186,A
2419356070,10774186,A
1994599419,6473179,B
2024643353,6473179,A
2061606485,5652673,B
2164369569,5162990,A
2098247393,5652673,B
2028868915,9189732,B
2162827630,9189732,B
2129936377,9189732,B
2531215806,10982232,C
1966249820,5728739,B
2952296561,5334611,C
2022589709,5866117,B
2083278865,9884105,C
1849501612,6654361,B
2095707335,6654361,A
2146903532,6771604,A
2075472207,6248537,B
2043459010,9019591,B
2182724005,10090933,A
1989005337,9180203,B
2034365540,9180203,B
2754843959,10179192,A
258260172,8961983,A
2067205539,5663207,B
56446406,4874706,B
2105426660,8281039,B
2012207090,8112005,A
2105640635,8112005,A
2012097588,5559912,B
2107022971,5940545,A
2033287120,5343542,A
2418524583,9777380,C
2410535790,9132153,B
2410535790,9132153,B
2163468765,5370890,B
2164770520,5370890,B
1943723887,6879969,B
2163322713,9447432,B
2538514274,9956214,B
2538514274,9956214,B
2183337389,9518026,A
1923639829,7141026,B
2001493684,9307932,C
2083518442,9931777,B
2083518442,9931777,A
1462344000,9931777,A
1462344000,9931777,A
1996656331,5780271,B
2063247751,6525276,B
2005935965,4135892,B
2040687623,6329184,A
2074089196,7363165,B
2899913323,10894743,C
1999670354,8780335,A
1999670354,8780335,B
2131623806,5998133,B
2086454961,5998133,B
2061918402,8343142,C
2032272480,8343142,C
2056936019,9040073,A
2097278820,9040073,A
1997952289,9040073,B
1989218872,5891617,C
2811389613,11477981,B
2843832283,11474023,B
2597353048,11477981,B
1965793190,8358818,B
2323603457,5780847,A
2785820657,10982300,A
2023593471,7729740,B
2139464659,7573268,B
2092826569,7573268,B
2084435322,7573268,A
1959319902,9597833,A
184363531,8816850,B
184363531,8816850,B
2210995657,8587414,C
196391788,8587414,B
2108382976,7884525,B
406434165,9644193,A
2042677884,5455221,B
2113530405,8252538,C
2567337104,10400227,B
2561260190,10400227,B
2014911979,6423680,A
1980552600,9115184,A
2916601208,10553751,B
2916601208,10892379,B
2158572262,8669544,B
2416892899,10351963,B
2018213588,11502219,B
2032848062,11502219,B
1972455270,10351963,B
2579269796,10312082,A
2889600723,10625204,A
2781588268,11473168,B
2010323829,5583030,B
2095235497,10107768,B
2014888501,11502219,B
2127998657,8313966,B
1566814755,6686334,C
2146796006,7514160,B
2108660168,8278060,C
1967799118,8439283,B
1979898439,8946429,B
2040163521,9116432,B
2090913462,9993522,B
2034677177,10411293,B
1878623416,7929700,B
2081459733,7929700,B
2166929662,10197556,B
1989284455,7251384,B
2130605029,7860566,B
2334016440,5366599,B
2133335592,5769084,A
2510567329,9702946,C
2510567329,9702946,C
2111303946,7623912,B
2029212171,7623912,C
2072177824,7718130,B
29120077,6585658,B
1991478520,5719126,A
2028198252,5583046,C
2080696565,8080654,B
1986066132,7973040,B
2140231399,8828930,B
2016966302,8383345,A
2767443648,11478214,A
2092862508,8801953,B
2333099437,8995223,A
1972357512,7742971,B
2152117226,4060779,A
2737879863,10679403,B
2066375261,9396970,B
2111058933,5646016,B
2166325055,7917302,B
1989934799,7888372,B
1899123775,7888372,B
2129679049,9454060,B
2345593164,10253314,A
2082700213,5067801,A
2072286547,6096944,B
2132370819,5271003,B
2165891579,7121946,B
2033373463,8980838,B
1993084349,9861674,B
2009537834,8552408,C
2911918646,11043920,B
2885938148,11043920,B
2019102315,5262523,C
1991174902,7829448,B
2754567099,10921519,A
2956364301,10921519,C
2136847031,4082500,B
2103252068,4871370,B
2165466770,4067689,B
2058273556,7899538,C
2160876813,6853386,B
2167196104,6853386,B
2015602170,6545137,B
2429266942,10487016,C
1502904879,6591808,B
2013179954,9587304,B
2018658167,5298419,B
2460256171,5043281,A
2058782306,5298419,A
2575585029,10566007,A
1923297673,5672672,B
2160033656,5672672,B
2076389391,8575141,B
2076389391,8575141,B
2093277640,10231991,B
2020563598,8315970,B
2137401677,9962540,B
2429510775,10496643,B
2106758253,9711674,B
2587341100,10906169,B
2121659651,5886166,C
2113891839,7060868,C
2626297230,11258285,A
2793706035,10909684,B
2902753352,10909684,B
2031474103,6975894,B
2026361699,8756693,B
1496561151,5885794,B
2016654760,9834222,A
2491147894,11215675,C
2107886177,5101480,A
2464297382,10171638,A
2607962891,10735206,A
2148230671,8508191,A
2088739204,9696165,A
2088739204,9696165,B
1977687024,9829577,A
2399398198,11437829,B
2099318468,8330419,A
2099318468,8330420,B
2935441578,11215675,C
2605830599,11215675,A
2966151382,10991292,A
1876098200,5594103,B
2059070566,10682442,B
1562467541,5422344,B
2052710802,7417054,A
2120631617,5594103,C
2042611818,10148971,A
2032803904,7115161,A
2012240574,7767666,B
2164869719,5438630,A
2035636904,5848191,A
1989345787,9057698,B
1989345787,9057698,B
1991892063,6911933,A
2130444007,6911933,A
88261619,10725054,B
2547554061,10537106,B
190493228,9574241,B
2339123837,9574241,B
1529405382,4325707,B
2308381528,10683547,B
2041664909,8526520,B
2132218397,7138075,A
2043307626,7223353,B
2139820381,7065272,A
2153137584,8795181,C
2147368081,8795181,B
2148931148,7078166,B
2018659750,5478728,C
2141259737,6664372,B
2071546928,5187086,B
2137433289,5759803,A
2105015918,9527384,A
2091150693,9527384,C
2761149042,10908108,B
2996187684,11119386,A
2001787444,8411950,A
2120371229,5906946,B
2037604854,6232353,B
2131432916,7136559,B
2147803494,6968107,C
2043562907,6968107,C
2120916540,6968107,C
1973126110,5680423,B
2307472648,10357939,A
2119392681,11020020,C
2075688921,6766509,A
2990887978,11524292,A
1990620027,11020020,A
2734521297,10541843,A
1549863447,5995214,B
2079463296,5656218,B
2077336640,5514802,B
2004807060,10519502,B
2044361144,8053199,B
2160235731,6332030,A
2164681142,6332030,B
2549712224,10688164,C
1566724368,6660926,C
2027970326,6069312,B
2108700227,5747728,B
1979055137,8704413,B
2084660366,9715663,B
2283578090,10392270,C
2622582564,10603635,A
2732854725,10843982,B
2087147430,7561998,B
2972652035,11168325,B
2793200284,11381054,B
2139751264,8841434,A
2331137136,9091788,B
2064484950,9910042,B
2131446858,6589732,B
2131446858,6696295,B
2141286748,9309542,B
1975535652,5541060,B
2078071241,4696915,B
2076929587,4716148,B
2049386427,4696915,B
2339535398,10653819,B
2117828918,9285446,A
2117828918,9285446,A
1984485872,5990277,B
1974995373,7921100,B
1994354282,7849091,A
2478120571,11448557,B
1977451944,5759572,B
2134325943,6160828,B
2325526785,8536776,B
2035187974,5953587,B
2113497778,6160828,B
2117802626,8449125,B
2003579543,8308848,C
2054581554,6451415,B
2031180271,6160828,B
2078447005,5986268,C
2132590531,7714965,B
2100047165,5498732,B
2104772449,7526964,B
2932675979,10839792,B
2197060396,11374133,B
2006068735,4319194,A
1966135972,7428045,C
2090991151,6002476,B
2159266673,8702939,B
2775187878,10746550,C
2130256666,4028673,A
2588430349,10351435,A
2113128219,7374752,B
2026971948,7374752,C
1520380662,7117502,B
1993147176,6974801,C
2076276481,6139627,B
2151026044,7783962,A
2153197924,7222302,B
1514102573,10751533,C
1979903031,10751533,B
2037555082,9702016,B
1975053700,8268326,B
2017621698,6051237,B
1511498289,9629357,B
2481157861,10590483,C
2734339988,10620415,B
2734339988,10139608,B
2323541887,10139608,B
2002005078,8911935,A
2020601423,7816102,B
2045030809,4997673,A
2126642041,7124635,B
2581618860,10428100,A
2901981287,10428100,B
1995608846,5208458,B
2088902834,8227151,B
2128284051,9700637,B
2124948118,10269465,B
2080145534,9284272,B
2080145534,9284272,B
2136996386,9598381,B
2027202217,10045050,A
2022449135,4987071,B
2147109875,6534272,A
2002608644,10045050,A
151874272,5975084,B
2149958200,6815422,B
2058089771,5749867,A
1991217043,6086579,A
1991217043,5975084,B
1995808420,6467906,B
2069433019,5975084,B
2125147395,7384740,B
2097134340,7539978,A
2116704889,6300131,B
2007702988,4461018,A
2560281959,10689691,B
2149827215,9060718,A
2080202054,6403808,B
1975964315,8124722,B
2296489240,10179822,B
2107696359,7229934,B
2892232242,11574039,A
2953125000,11153026,A
1965782808,7595326,A
2057335029,8733843,B
2312672826,8753844,B
2592115622,10921457,B
2763583160,10830026,B
2488012951,10907159,B
2150920111,8738391,A
3011648356,11441464,C
2058301453,10095719,A
2164776338,7454892,B
2335305887,7425127,A
2462608667,10832595,A
2000418620,7122801,B
2025665097,9162984,B
2025665097,9162984,B
1737815586,10536682,B
2031031638,6437334,B
1991401042,10440446,C
2069287490,6269176,A
2201285087,10690653,B
2130384587,8205612,C
2032270870,9233368,C
2032270870,9233368,C
2012928524,5883294,A
1995172980,7524460,A
2766544714,10852872,A
2519850405,10071145,A
164327694,7351549,B
2483974890,11311543,B
2340841151,5665422,B
2037587754,8679365,B
2283831109,5544656,A
2120100228,8829443,C
2021192460,5618830,B
2006044941,6235759,B
1966153484,5693284,B
2006396739,8861800,A
2156602973,4924229,B
2052874505,4924229,B
1976051475,4924229,A
2012805192,6402820,A
76376182,5837457,B
2117627843,5939603,B
205587206,6528802,A
2033394953,6528802,A
1555474672,10522737,C
2015685022,8524247,B
2154590149,5491079,A
2171758248,5491079,A
1985155194,8685360,B
2077409352,8673164,C
2011217313,8525185,A
1718301446,6771081,A
2095890245,9548394,A
2170158556,5920716,A
2137592249,8093812,B
2954315412,11026236,B
2622055490,10778547,A
1978085863,9176310,B
2039248838,10182757,B
2953738589,11275865,B
1985085839,6653112,B
171113314,5800814,C
2120737429,5449742,B
622109953,11027273,B
1983583774,4780281,A
2049547178,8864972,A
2904952671,10277120,B
1584062665,8381285,B
2497409637,9702006,B
1986860018,6172205,B
2077201829,8503754,A
2784186642,11246948,C
1855118297,6157755,B
2106977857,10046087,B
2060477931,10046087,C
2010945696,7033759,C
2009248881,5446186,A
2166995068,9594837,A
2166995068,9594837,A
2771311617,11547753,B
2012334756,6703771,B
2018820111,4831248,A
2018775499,10070914,B
2056806428,4916303,A
2620159083,10680124,B
2612787126,10680124,A
2316912308,9290470,B
2019148061,8667611,A
2019148061,8667611,A
1975452313,5624489,C
1976775227,4466914,B
77857513,6483012,B
1981797771,7663123,B
2999237150,11056791,B
3010472596,11128383,B
2071425575,5799300,B
2000473687,5724573,A
2112173399,5978794,A
2016814974,6606612,B
2046626713,8357500,B
204084674,5051394,B
2006594271,7892799,B
1973626416,10065520,A
2084211202,5403351,C
2075038589,9700637,B
2051754045,5595684,B
2015462679,11101021,C
2037325971,10063374,A
2162914356,6304678,B
2981219946,11207525,C
2914816337,11207525,C
2057835832,5141856,B
2053543766,5993764,B
2065302928,7932782,B
1971827175,7932782,B
2065205051,5921678,A
1657846610,5921678,A
2145130602,6524589,B
1996170931,4176660,A
2062295440,7638225,C
2012014680,5980942,B
2073600016,6399086,B
25047210,5470559,A
3011586445,10892600,A
2097764943,7892846,B
2065242185,4611915,A
2042663178,6103869,B
2021847088,7067321,B
2006298998,7067321,B
2075465151,8551730,A
2010159335,8551730,B
2034213337,8551730,A
2995811496,11078471,B
1552403127,4308536,B
2127753422,8471396,A
2131420345,8471396,A
2067946587,9517941,B
2557864218,9517941,C
2333378961,9060466,B
2152528000,8170656,B
2000105909,9659225,B
2874077703,11227726,B
56622235,9259169,B
2013613342,7448269,A
2058013701,7155959,A
2004685090,10581062,A
2025869937,8846078,B
2944871046,10833767,B
2962956728,10833767,B
2049165903,8423998,A
2151039528,7448269,A
1972907529,6108645,A
2250934874,10581062,B
2010394923,6020462,C
2177184392,6222018,B
2073292880,6222018,B
2114032717,6222018,C
2050442786,6020462,B
1996968660,6989542,A
2985104260,11407725,B
2945227740,11577112,A
2253010931,10358651,C
1997303085,5691133,B
2324843029,8536518,B
2060924564,5838030,B
2150418339,6482623,C
2161067071,9429521,B
2161067071,9429521,B
2052266928,5885665,A
2511042267,9955238,A
2074193627,6589506,A
1974920417,6589506,C
2043809826,6009342,B
2083818847,5525154,B
2009099129,5744356,C
2148307697,5802353,A
2951580066,10316014,A
2155006147,7163591,B
1956846407,5517086,A
2212897984,10100366,B
1983627503,6235969,C
1968978118,6235969,B
2017998892,6613212,C
2017998892,6485626,A
1991974261,6812203,B
2015567193,3984361,B
2933375146,10965156,C
2907459018,10965156,C
2914503084,10965156,C
2767443973,10770969,A
2072653730,9057111,C
1999650397,7232474,A
2013123034,5432274,A
2012496435,5491130,B
1994649977,4638049,B
2157020640,7715729,B
2143463779,7715729,C
2101400514,5354774,B
1915909070,6994934,B
1976337336,6589334,B
2076579403,6589334,B
2000680079,5888496,C
2113444502,5888496,B
1515835798,10185799,A
1951488836,9944682,A
2028891585,6159478,B
2073491919,5784333,C
2154419929,6286022,B
2077409330,6671821,B
2146384899,6671821,B
2035484851,9814637,B
2035484851,9814637,B
2791600389,10736566,B
2332565142,4147771,C
2152151720,8200487,C
1601683444,10049774,A
2416417357,10049774,B
1984296869,9997261,B
2160898683,6309867,B
2018496622,5414782,B
2149252451,8572746,A
1999598464,8301257,B
2050461122,7666606,B
1985118646,6867042,B
2099015633,7910700,B
2013481208,7074980,B
2546299440,11236150,B
1977538383,5003567,A
2963399130,10924418,A
2075399283,7687237,B
2154648717,5310671,B
1978305606,5374558,C
6008555,4746484,B
1978464765,4626400,B
2828674445,5495562,B
1968342420,6074971,B
2091189316,6838428,B
2049870382,4465068,A
1997535214,5013720,C
2963345932,11049562,B
1506905771,10163510,B
1606302035,5387746,C
1992873875,6343266,A
1997420744,7925493,C
2055522652,7925493,C
2021674095,5506101,B
2238737620,10791718,C
2332729465,7310428,C
2024495990,4647144,B
1537357592,7310428,C
2034118943,4393517,B
2460987370,5212151,B
2141085093,8082538,B
2171989099,6327474,B
2112794094,7041443,C
1988259968,10034934,C
1973434006,8035083,C
2133874948,8035083,C
1508195517,7822291,B
1977275664,10401327,A
2148760394,8563585,B
2148760394,8680125,B
2056938916,8107708,B
2045980921,9074179,B
1928630823,8615131,A
2098352380,9096853,B
2028833792,5747322,B
2002977115,8388931,A
2568870496,10919092,A
2557089755,10295959,B
1603011689,5668821,A
2789022823,11492413,A
2601060967,10948410,B
1989437504,4312012,B
2142378923,8588759,B
2168861413,6466721,B
2172159809,7158131,B
2334444809,10310123,A
1973147111,6660379,B
2080319328,7566783,B
2136177286,7408984,A
1504269120,7953852,B
2127494141,9345662,B
2036991144,5196709,A
2099232690,6381018,C
2112637948,6660995,A
2029616088,6381018,C
240559612,6740794,C
2048522232,6269200,B
2766572115,10930048,B
2942226338,11423549,B
2532669794,10467794,A
2005872581,9734618,A
2015998376,9734618,A
2796574471,10463715,B
2797744182,10463715,B
2320631874,10463715,B
2110349149,6834335,B
2120971743,6834335,B
2120971743,6813700,B
2120971743,6907511,B
2103700666,8094118,A
2140706481,6813700,B
2139723630,7613942,C
2121677505,6834335,B
2567890703,10890550,B
2062760617,4745564,A
2059920897,8465929,C
2064629994,10012492,A
2029648121,9054497,A
2066249447,8644358,B
1964918845,9698286,B
2086775937,9698286,B
3013092106,11115095,B
3014410200,11115095,B
2026149173,5419887,A
2071639722,5707863,B
2080734737,6030595,B
1978924650,8555265,A
2051846628,9850135,B
2742064660,10729752,B
2020726673,9983984,B
2929851352,10864302,A
2117814603,11566332,B
1964249573,7061007,B
1999243612,9829306,B
1999243612,9829306,B
1661936836,4932255,B
2054197037,6083969,B
1999383711,9901256,B
2025604929,8867803,B
2910624242,10888230,C
2157922554,8563955,A
1966226984,4600660,B
2012380532,10030733,A
2068839318,6845190,B
2075734604,6975898,B
2133035446,6867753,A
2056981482,9901256,B
1974269937,8339897,B
2133136862,7649805,A
1510019183,8402319,B
2112375556,8546533,A
2010702963,5369016,B
2057497217,5646264,B
1980144710,5760201,A
2082073609,5760201,B
2544081818,7642666,B
2060587802,8658608,B
2055294918,6391590,A
2030752820,5565554,B
1964005287,6985885,A
2113807797,8884228,B
2113807797,8884228,B
1986316867,6001585,B
2013370859,4455662,B
2507708049,10577591,B
2334261800,8748504,B
1681960515,7499861,C
2156515964,6057338,B
2047441263,9121947,B
2047441263,9121947,B
2113273971,7931187,A
2113067612,9040432,B
2074151892,8558188,B
2949137613,5932568,A
2120003927,10952415,B
2122878782,7638310,A
2765297705,10768194,A
2092176691,4618580,B
2152427099,4619939,B
2481801101,9953443,B
2509909357,9953443,C
2482635258,8582203,A
2158463514,7451486,A
2026623815,10283363,A
2077822073,10425040,B
2007808918,6516214,B
2007808918,6577884,B
2152773915,9753792,C
2152773915,9753792,C
1979197207,8441633,B
1977568660,8441633,B
1987615883,7814547,A
2036445978,8795733,B
2796321767,11385232,B
2591844450,10660974,B
2118554426,9599602,B
2118554426,9599602,B
2904535850,10936897,A
2060424041,4478747,A
2131106408,8798936,A
2736184655,10876166,B
2296441632,10395272,B
2129031022,8140518,B
2921089558,11260596,C
1976052370,7588105,B
2004827880,7371766,A
2049055721,10273214,C
2048714785,6329178,B
2033134651,6602695,B
2143197030,9752188,A
2029865373,8075680,B
2078754138,5587514,B
2792407191,11155869,B
2792407191,11130996,B
2792407191,10570451,B
2792407191,11098359,B
2792407191,10385393,B
2792407191,10370713,B
2792407191,11198907,B
2792407191,10287631,B
2792407191,11242562,B
2026175352,9597501,A
2026175352,9020612,B
2026175352,8909345,A
2026175352,9656078,B
2269591241,10500414,B
2152629310,10500414,A
2002695432,9857226,B
1995229464,6783920,B
2017847566,5114911,A
2124032736,9342632,A
2094229515,5505204,B
2092590115,8584352,A
1605803883,6405159,B
2323277608,6405159,A
2110271254,7133816,A
2068492560,4119166,A
2430543258,10453360,B
2053730882,8623784,A
2766346191,11175392,B
2132629062,8067205,A
2189539791,4458328,A
2079249139,9406488,B
2075175974,7764854,B
2119307941,8923678,B
2119307941,9195000,A
2008727741,9195000,B
2115451928,7257293,B
2313462718,7272287,B
2469579467,10348576,A
2107469542,9965520,B
2613811373,10178161,A
2102654168,8762297,B
2101143086,10231618,B
2409727687,10231618,B
2060643157,9411058,B
1909968230,8796631,B
2331192773,9107396,B
2597606580,10991867,B
1990547112,8598915,A
1981531842,8256954,B
2048062630,4685799,A
2008515267,6482945,B
2044385899,6285345,B
2045420125,6970808,A
1967553832,6359586,A
2094800817,9508612,B
2894167785,11466096,B
2170358493,5010471,A
247218308,5527460,B
44690767,5527460,B
2965966558,11201058,B
2142879462,9588245,B
2159329525,7363280,A
2132722756,5818383,B
2128587608,7006368,A
2146446525,7739206,A
2078732484,7006368,A
1261420173,6712846,B
1993850993,5857810,B
2069048287,4735765,A
2116617724,8557095,A
2339307028,9753066,B
2888878349,11060033,A
2149429684,8085438,A
2344759738,10876146,A
2110052743,6324496,A
2061320681,6399332,B
2087429349,6608036,B
2214683327,10198529,A
2606920884,9797905,B
2606920884,9797905,B
2066738664,4933371,B
1989435262,4309362,A
2315109309,4663556,A
2170956071,6458453,C
1680328618,9082976,B
2807633418,11217738,B
2612882773,10175547,A
2964576883,11217738,A
2038369854,6009359,A
2088255876,5446548,A
1971332578,9213100,A
2483795609,11325980,B
2041602825,8545543,B
2418050418,5266588,A
2558120460,9862762,B
2103693928,5929220,A
2139676754,5929220,C
2254852038,9570240,B
2083144543,6261582,A
2783906326,11335485,B
2017818060,4151042,A
2123358160,6713400,C
2110502951,8142994,B
1993521476,9165051,B
2168386304,9165051,B
2130416896,9165051,B
1999364517,9006661,A
2127687979,6101300,B
2127687979,6130969,B
2615567838,10709758,B
2095142211,8449864,B
2585844248,10706523,B
2158754803,5622933,B
1966117377,9504934,A
1966117377,9504934,A
1971973703,5673566,A
2018788752,8256898,A
1976062275,7098599,A
2009246673,7785441,B
2134718502,5039957,C
2160670528,5039957,A
2024224438,4338324,C
2051558409,5288502,B
2194172371,10130651,A
2140069336,7186408,B
2094412116,7608389,B
2081227427,7608389,B
2089680825,5963029,C
2003028072,7092100,A
3014734582,11612876,B
2041563709,7383246,A
2145037882,6665663,A
2073893626,7493319,B
2004921881,5382304,B
1993952440,5114669,C
2105252819,7562090,A
2108066195,5682262,B
2050830265,5682262,A
2001881651,4885171,B
2092204943,4012237,B
2184961116,4578351,B
2971092046,11401212,B
2093890101,8659363,B
2162550812,7988685,B
1582029722,7988685,B
2252463703,10395499,B
2126163864,9919059,C
2168783815,6642000,B
2064904201,6795599,B
2165210192,7360080,A
2077261460,4988676,B
1838818166,4855463,C
2514724665,9986915,A
1836322115,10109760,B
2038270346,9011818,A
2107798346,8084254,A
1990473997,4518693,B
2140472670,9842156,B
1974574007,7146204,B
2147474134,4952843,A
2100857980,9842156,B
2009254266,5013578,B
1972026849,6670141,B
2167505806,6490088,B
2032187623,9764109,B
1613350503,7809860,C
1613350503,7447151,B
1965363859,4376892,B
1529646916,5169930,A
2161741847,6274148,B
1591716890,6165993,B
2155967342,9446088,B
2050968620,4264587,C
2086262213,6800730,C
2583417426,11207414,B
2118792529,9423388,C
2886771046,11395852,C
2144635878,6658287,B
2728974037,6658287,B
2143776609,6658287,C
1598562144,7550620,B
2059794650,8334232,A
1520104210,4376634,B
2626632314,3993749,A
2036020252,7675628,B
2316612707,6647727,B
1969183711,9527734,B
2259712558,10512633,A
2944865407,11576571,B
2118041483,6005362,A
1979720034,8821716,B
2046435980,9285367,B
2032916536,6455838,B
2000322871,5714682,C
2000322871,5825020,B
2000322871,8087288,C
2031958859,7966866,B
2010583758,5825020,C
2013463310,7878987,B
2001680934,RE34708,B
2887199270,10826786,C
2895180691,10826786,A
2019571309,9944936,C
2019571309,9944936,C
2060419270,5430386,B
2092324383,7833533,C
1968896148,10087205,B
2124887804,5389837,A
2126597679,4976266,A
2537298201,5065205,B
2606451696,10821417,B
2986592825,11370805,B
2986592825,10766911,A
2273815525,10597408,B
2163682172,5869093,B
2031374900,7870670,C
2051830398,6917883,A
2059196610,7368439,B
2010514465,9612257,B
1980646459,8484759,A
2016913493,4496395,B
1654160588,9783454,C
1891694420,9605082,A
2046905622,9341568,A
2984858187,10986325,B
2152973499,7535133,A
2111707791,7535133,A
2051889467,8216148,B
2151781970,8229180,A
2266988004,6096540,B
2043121450,6777567,B
2133285837,9439729,C
2009366608,4883752,B
2321881734,9606189,C
2121298564,9141832,B
2121298564,9141832,B
2149435533,7589605,A
1527298331,5380377,A
2141923577,6787090,B
2070818764,6875442,B
2114411231,7541381,A
2048613912,7627156,B
2107560605,5726011,C
2497442208,6596912,A
2139690418,7110099,B
2101597140,5929430,C
2038966665,8239968,C
1984794867,10544667,B
2155927311,7525471,B
2162823091,8274264,A
1996950085,7525471,B
2145303922,8487600,B
2158294157,7759921,B
1656598615,5411937,B
2106671887,5411937,C
2963832956,11068593,B
2154367733,10192057,A
2015292363,5929430,B
1937775400,6859774,A
2152423908,6586699,B
2135981587,9341604,B
2001384339,10557898,B
1495931369,6827870,B
2137274278,6827870,B
2496448898,6619123,B
2142673582,9440302,A
2160875989,9110282,A
1969293553,9644019,B
1969293553,9644019,B
2594408608,11480573,B
2797031148,11480573,B
1549854018,8185487,A
2142827832,10017813,B
2132250906,6973190,C
2098991975,8625777,B
2463135305,10986998,A
2169185843,9028843,B
2004896101,8808712,B
2059751553,9028843,A
2166823629,8774952,C
2585013216,10914703,B
2786636341,10914703,B
2115359803,8405564,A
2137059847,8405564,A
2965487428,10944179,C
2909331305,10944179,B
1976655078,9108190,B
1976655078,9108190,B
2017220736,9108190,C
2017220736,9108190,C
2749724247,4479380,B
2790556484,10583190,B
2161516870,9075111,A
2766313768,11564970,A
2949806765,11564970,A
2088147866,7122622,B
1966527666,8333809,B
2108970879,5278444,B
1969554801,9231061,A
2624175370,9578859,A
2624175370,9578859,A
2537264951,9087404,B
2537264951,9087404,B
2009556993,5061628,A
2144826813,8684006,B
2155592308,9128246,B
2155592308,9128246,B
2135442293,7480434,A
2139324305,7760970,A
2769171126,10934332,B
1965968506,7315679,A
2016691300,9158138,B
1897265426,8058377,B
2033242105,7373058,A
2971324370,10967181,A
2765384406,10967181,B
2172579984,10514509,C
2135000467,6914053,B
2085932293,8638641,B
1982885237,8605952,B
2058113428,8605952,B
2147707785,8605952,B
2038245709,5787889,B
2070054424,5787889,B
2117423418,8555284,C
2158374739,7327796,A
2306189957,10036742,B
2157955877,9781909,A
2157955877,9781909,A
2220849622,10036742,B
1989704455,4759764,A
2080205938,8473927,A
2163157308,8837877,B
1974442896,6141571,C
1995624311,4661349,A
2145798473,8648003,B
2145798473,8501656,B
2547504217,9012864,B
2035925997,7665047,B
1867968590,6526405,A
2128555046,5708732,B
2160081299,5708732,B
2034933160,3935545,B
2093883232,5708732,B
2173464458,5618917,B
2087276720,6043216,C
2883051445,10776270,C
2097336080,8667222,A
2153568939,5721354,B
1984600749,8118807,A
2137219738,6787723,B
2137219738,6586696,B
1990695595,7786736,B
1840703524,4967392,A
1855155540,6113261,A
106773467,6649813,A
1530638748,6902886,A
2053289951,4353871,A
2071676503,8282791,B
2898458976,10875784,B
1519976660,6168884,C
2085267645,9466834,A
2015764510,5597660,B
2169677991,6596484,B
2015375030,7871625,A
2103415793,8878849,A
1984525405,8054866,A
1984498069,6466721,B
2967166178,11169139,B
2316921088,4812010,B
2411720429,10908121,C
2290716380,10294525,C
2810745577,11169139,C
2973105149,11169139,C
1483335806,7771846,C
1968676360,7256532,A
1967728370,7771846,B
2011152821,7361386,B
2017059522,9251121,A
2042984826,4966438,A
2083132077,7755626,A
2539518801,7672490,A
2062694430,9034568,B
1966580955,5149746,A
1990154979,9246842,B
2487692127,10451475,A
2323569491,10451475,A
2596810297,10451475,B
2006020476,7504618,C
2098791656,8440815,C
2128684438,8440815,C
2097893311,8211227,A
2034418540,8204856,B
2138554224,8553792,C
2119962039,8451930,B
2112485625,6693631,A
1946303389,6973126,C
1965998528,7342880,B
2463514561,9783838,B
2463514561,9783838,B
1828491969,7504557,B
2979315568,11517247,A
2883132065,11141061,B
2587726199,11154229,C
1594775493,8374450,B
2891400597,6526548,C
3025713532,5945713,B
2157739709,6943578,B
1518608438,7484158,A
1526136083,7168028,A
2006607921,7767480,A
2141749271,5827515,C
2405723850,9602426,B
2405723850,9602426,B
2420834298,10303646,B
2078199441,9602426,B
2078199441,9602426,B
2142550009,6363371,A
1997375126,7472107,B
2081959494,8452754,B
2119414841,7493337,A
1964857063,6532458,A
1964857063,6542886,B
2463229044,10810616,B
2170741459,8185519,A
2167942260,7249141,A
2098129634,8452754,A
2169982181,6842753,A
2565872462,11541412,B
2156937459,5126130,C
1989167187,5998699,B
2041698573,5344821,B
2026399756,4965195,C
143287497,5225957,B
1987448662,5414586,C
2576309768,4513440,A
1990774063,4707358,C
1990106790,7768639,B
2096421345,6392015,B
1539495605,6157035,B
2070422698,4660167,C
2075042955,4906099,B
2076969051,4073010,A
2031379554,5614711,A
2044151642,4800279,B
2097861209,5774370,B
2517356648,10201583,B
2065909926,5614711,B
2054780876,4800279,B
2009165557,5614711,B
2060773990,7527874,C
2103334570,9962733,C
2416707169,10593762,B
2072277744,9962733,B
2075634859,9962733,B
2013517701,7414416,A
2120243796,9506855,B
2120243796,9506855,B
2604110808,10300011,C
2143117741,9987632,B
2782939923,10579777,B
2021334162,9525578,A
1971735209,5700659,B
2019233995,9429583,A
2019233995,9429583,A
2138042763,7220463,B
2151890359,5323011,B
2048678937,9059832,B
2132065020,4487476,A
2896649723,5595670,B
2124957963,8150678,B
1997709548,5659764,B
2187451625,10260068,B
2171135463,6812378,B
1976341700,6667408,B
2016680045,9795686,C
2579454431,10179846,A
1997401508,5377336,A
595180364,5151748,B
2149076201,5519211,C
1972880064,8592186,B
2113450831,8877207,A
2046376590,7143637,B
2548626018,4577510,B
2568033737,11056329,A
2435191576,11001829,B
2128592039,5885571,B
2128592039,6028246,B
1604233481,5369027,C
3013794944,11347144,B
2946118095,10866510,C
2103730692,4076526,B
2090836327,4912199,A
2058290073,6100169,C
3014928270,11431377,B
2140884727,5958872,A
2609508017,10658472,B
2057108208,5087613,C
1967081234,5936128,B
2109525705,9298264,A
2050204911,9298264,B
2139054829,7027448,A
2097676765,5831971,A
2118826796,7027448,A
2104285422,10009261,B
2099961846,8703120,C
2114168079,7358767,C
2114168079,7358760,B
2120209532,8432451,B
2127273968,9765103,B
2022317469,6638885,A
2057264844,5811180,B
2987713106,11438014,B
2960460548,11514571,B
2087804142,5376810,A
1982316764,5376810,A
1992114184,5376810,A
2116756971,4245046,B
2238044898,4248966,B
154056955,8948484,A
2155140078,7639841,A
2128638241,8423121,B
2616429486,10366491,B
2163910189,5799174,A
2011708063,7299297,A
2331233317,8817830,B
2795029742,10927856,B
2589840366,10927856,B
2001348757,5633356,B
2159128898,6590999,A
1533326991,8295569,B
2106281167,7298868,A
2005670187,8724881,A
2149107824,7031523,A
2156312950,7804999,A
1590690596,8116548,B
2022864942,8761480,B
2034739793,8345944,A
2107079101,7949173,A
1496308191,9524550,A
1496308191,9524550,A
2090901581,8605969,A
1580645049,7764817,A
2138311529,6590999,B
1506301662,9195905,A
1506301662,9195905,A
2120709070,7058271,A
2163838676,8188901,B
2044874462,4496419,A
2327050991,9383324,A
2327050991,9383324,A
2281790100,5622933,B
2065840327,4442205,A
1977488993,4335057,B
2022304480,6117643,A
2077178139,10282858,A
2911705615,11083775,C
1999184513,6693128,B
2565866844,10362414,B
2115832711,8073049,B
2054739682,3957353,C
2133573622,9865369,B
1983008052,8423118,C
2127988328,6975976,A
2116468471,5175843,A
1971906977,9463118,C
2155266680,7812946,B
1994414176,6373250,A
2132031514,4886752,B
2770424355,11079455,B
2142018683,8811706,C
1984973205,6149912,B
1986727262,8575577,C
2060577828,9127998,B
2042388816,9821310,A
2137675565,9821310,A
2169955912,9127998,A
2091140839,10354746,B
2023459197,9172660,A
2075434943,5614670,B
2155621248,9144382,B
2100608950,6931042,B
1962976322,6931042,A
2003022080,7655237,B
2156163303,6967323,B
2082071026,7589321,A
2022383906,7117056,B
1976116927,7117056,C
2291733976,11186686,A
2153007391,10267131,C
2032382268,4893300,B
2120444788,6794188,A
2035706870,6096534,C
2105842205,8468592,B
2578666274,11529391,B
2069983654,6492537,A
1970040553,7014742,B
2100405837,8099452,B
2069731328,7534917,B
2090037438,6344574,C
2136696747,9149515,A
2009771717,8269257,B
1968505918,8580512,B
2113921339,8862653,A
2065146633,5989511,A
2095562003,6015811,A
2001751145,7195789,B
2084880958,6349237,B
2887620695,11230610,A
2124433685,6915151,B
2062543099,4491623,B
611782220,4491623,B
2077547148,7767185,B
3023272449,11251889,B
2070498830,8013992,A
2045479185,5780971,A
2130224420,10035920,B
2083884931,11009792,A
2049575006,5981256,B
2038345200,9725770,A
2518065412,10961593,B
2909309828,11491448,A
3004840800,10983496,B
2072795708,5355221,A
1995210152,5837816,A
1760714587,5837816,A
2023179476,5837816,A
2096619076,4821214,A
1983635866,9446110,B
1983635866,9446110,B
2546474583,9855323,C
2546474583,9855323,C
2154465974,9446110,B
2154465974,9446110,A
1944124440,9855323,C
1944124440,9855323,C
2141304231,9494482,A
1604513301,8682669,C
2620671107,11400587,C
1088895628,10203341,B
2124664054,10203341,B
2064119964,6770039,B
2952181303,6156933,B
2517236235,10317902,B
2105211653,7560257,B
2171110632,7560257,B
2104903090,8554710,B
2537623947,10317902,B
2139241849,9605028,B
2074164858,7483454,B
2014630524,10113201,A
2041713157,7467046,A
1483909219,6249908,A
2022833072,7571618,B
2087082414,9228009,B
2141712372,5923873,A
1901939632,11326057,B
51821966,7387751,B
2789286477,11018668,A
2069661191,9070402,A
2033799109,6610871,B
2132444159,5888724,C
1586370810,7574247,A
2099404643,7395531,B
2099404643,7386842,A
2022711417,7730463,C
3021598133,6377878,B
2936479517,11240752,B
2010145291,6395535,B
1985815287,8435333,A
2091161769,8435333,B
2404343820,5471262,C
2395943362,10413522,B
2948070565,10984558,A
2048915386,4610255,B
2320415709,6214576,B
1571654249,5473039,B
2052468724,8986641,B
2021757594,10106776,C
2526414636,9808336,C
1576039527,9808336,B
2083917436,6274621,B
1542276558,5691136,B
2150926635,10323082,A
2038374013,9512178,A
1524839592,10077476,B
2187350374,6567752,B
2324254253,6694815,C
1988452853,6567752,B
2056389871,6567752,B
2018698392,6719706,B
2088507027,8933760,B
1598351315,7710451,B
1567348227,10027914,B
1553845561,7176960,B
1581027682,7176960,A
1988798713,9996743,A
2066680906,7245761,C
2116451263,9122946,A
2000936267,4988202,B
2981985754,11189298,B
2981985754,11152012,B
2151351002,9407833,A
2163146621,7660517,B
2129480988,7106327,A
2157129786,7710451,A
2410731376,5175083,A
1834054067,5281694,C
1841051088,5026636,B
1908624447,5281694,B
2075240542,5026636,B
2418190498,4945041,C
1926519453,4945041,B
2107634357,5523389,A
2164780614,5110909,B
2136870067,7046800,A
2113287980,7046800,B
2113287980,7240204,A
2118738175,7174015,B
2036164057,8163870,B
2067284522,6077826,B
2146921506,10130748,B
1985244876,4935402,C
2499801923,4016761,A
2091754922,4016761,B
2071193963,5897184,B
2742722178,11373672,A
2129336372,4870641,A
2662647872,10140464,A
2069325450,9067069,B
2364512015,9736128,A
2591934335,9512083,B
2808800659,10386171,A
2594281370,10088292,B
2560809762,9995761,A
2560809762,9651477,A
2640881669,10088292,B
2042090842,5221834,B
2564456436,10494328,B
2211691828,10355148,B
1963825270,10355148,B
2060619590,10524686,C
2301275595,10973433,A
2095286898,7395699,B
1913205493,7146425,A
2895395101,11572401,B
2291957660,10053492,A
2044546215,9518980,C
2953047156,9644007,A
2000364468,7130691,A
1584741136,8565859,A
1484314471,7436980,B
1567335130,7995820,A
2103913463,7616792,A
2594334603,10482313,A
1492003606,9014423,A
2012176538,9290387,B
1767951414,9002078,B
2138950110,8150116,A
2532812964,7298868,A
2129378863,7260259,A
1576347377,5297279,A
2171107912,8290248,B
2144629900,7579842,B
1498377912,6011004,B
2104452787,4309075,A
1983841514,5564422,B
2293992258,9987485,B
2323329513,10118031,B
2066142128,5730984,A
1989888749,5730984,A
2126446692,6392103,B
2894499460,11306949,C
2697713490,5233465,B
2209868569,9899939,A
1998325841,9802046,B
2094180230,9089708,A
2008897039,7989599,C
2079679630,7989599,B
2088743601,9649631,C
2162576402,6719703,B
2051418848,7615317,C
1975118237,7811710,B
2001860888,8589078,B
2533608692,8009509,B
2139983330,8073800,B
2139983330,8073800,B
2116269350,7486795,A
2026210364,10769312,A
2120529192,5485409,A
2062025743,10235515,A
2113986238,8418049,B
2131884371,5303118,C
2156871114,6855318,C
2059522123,3965284,A
2147144400,5747340,B
2129273492,7268560,B
2319883904,9543135,B
2049267450,10228653,B
2125891810,9492523,C
2782145279,10548962,B
2150866177,9492523,B
2604329646,11468318,B
2964251418,11468318,B
2042515847,4310505,B
2078118572,9318591,B
2039211361,9318591,A
1584295223,7088516,A
1976413318,4647403,B
2070624678,4698121,B
2744144420,10050192,B
2952434497,11314892,B
2097530153,5819008,A
1974828844,7604991,B
2320233048,5819008,A
2116772848,5819008,A
2073814202,7960184,B
2418723741,4150128,A
2090928050,7244952,B
2023060633,5976875,B
2091443201,5976875,B
1978681480,9685173,B
1978681480,9685173,B
1978260914,7479381,B
2030822227,5261876,B
2567361375,9973364,B
2160067836,8906659,B
2123407851,8906659,B
2988869004,11113323,B
2006367870,8409184,B
2545728227,9314549,B
2548998002,9314549,B
2040136921,5024229,B
2123593521,6878835,B
2130964181,7061896,A
2122152368,8282922,B
2167373,8160920,B
2331673407,7364648,B
2013793277,5409835,B
2088171361,9704977,A
1981264628,7332093,B
2078793506,7332093,A
1970710757,4830702,A
2002834230,4830702,A
196945419,6399353,B
2160592005,7582616,C
1964689930,5233570,C
1978940629,7985840,B
1978940629,7985840,B
2523625783,10466238,B
2203036197,10466238,B
2101134744,9410962,A
2569545925,10466238,B
2024722321,7674609,C
2548992761,10024983,B
2603536018,10024983,C
2291207130,10024983,A
1989099758,4771331,A
2003912358,5571706,A
2968237284,11261455,B
1997813132,5698530,B
2162883570,9150925,C
1549128498,8386479,B
2075910899,9150925,C
2280893920,9854976,B
2969887623,11569431,B
2294450945,9854976,B
1545416370,9611138,B
2070489905,8512810,B
3016398138,11084869,C
3005207721,11054423,B
2129506905,8846653,B
2129506905,8846653,B
2122768765,8846653,B
2122768765,8846653,B
1967615466,5824080,A
2031408886,8617143,B
2018017340,5585244,B
2007658260,6218430,A
2769042349,10395366,A
2892267818,10744461,B
2614732983,11351760,C
2810099024,11351760,A
2793135560,10744461,B
2210996759,10149884,B
2044873676,7968296,B
2089861793,7833718,B
2129393568,7537928,B
2041204497,9058463,A
2069357854,7893621,B
2414324846,6315771,B
942346131,6252132,B
2139845859,10240208,B
2588836132,10022423,B
2105927817,6545780,B
2005158143,7396554,B
2025449844,7396554,B
1982839353,6535241,B
2149310843,8667046,B
2901198605,10751285,B
1507084045,5501855,B
2126150839,7970476,A
2094219845,7970476,B
2121194008,7709620,A
2112061901,9152877,A
1999816998,4871745,B
1836605190,5891998,C
2121250147,6753419,B
2009114941,4378497,C
2474583326,5681559,A
2966983307,11107257,A
2951259064,7304160,C
2064859339,8716220,B
151131805,8716220,B
2137119541,6897434,A
2129800758,5023864,B
2023381144,5422902,A
2013626016,5363395,A
2761415264,10982287,B
2323180206,9012710,B
2132254923,8198235,B
1963524699,6872569,B
2755478451,10240486,A
2104433625,6587725,B
2589330732,10665330,B
2087759363,8861815,A
2535551971,10665330,A
2160903223,8861815,A
1993951726,5027818,B
2030103466,10854111,B
2080179128,7130837,B
2144841768,3932123,B
2793007078,10655024,B
2076461427,9322881,A
2076461427,9322881,B
2025752103,6162658,C
2088007925,3948600,C
2145097544,11024429,C
2022278688,7815569,C
2177333643,8538703,A
2147972650,8549143,B
2164339922,7815569,A
2111351332,11355238,B
2109471934,10420489,B
2116146322,7815569,A
1577914469,8538703,B
2313689199,10194850,C
2012730363,8881168,B
2159887592,8869164,B
2159887592,8869164,B
2178807946,10592623,B
2168206248,7708943,A
2103896969,8557842,B
2030343210,6695986,A
2119343524,5990303,C
2081003969,8016757,B
2040415357,8911615,B
2048455409,5863715,B
1986929110,6287375,B
1993166788,6261386,B
2023810566,9697254,A
2979792350,11560597,B
2294979342,10044718,B
2098136008,8624081,B
1991945564,7340695,B
2074618726,5681752,A
2793569939,11588833,C
2076673596,4217135,C
2739448995,10586401,A
2041691167,8560058,A
2168654897,4116728,B
2546447287,10614299,C
2046801714,10614299,C
2313411959,10558549,B
2960365388,10833770,B
2056338470,9200511,B
2015133210,9200511,A
3013541100,11213482,A
2037295969,6832033,B
2151219849,7428358,A
2048112517,7428358,A
1966401800,6782169,C
2121764094,9614280,B
2059030421,6891993,C
1912863196,10490893,B
2006222196,10209630,B
1984047655,7041209,B
2523080417,10162091,B
2152993258,10162091,B
1974637588,8182990,B
2161942874,5151856,B
2040160828,9578226,A
2040160828,9578226,A
2097636390,9411426,B
2097636390,9411426,B
2186644980,11361669,A
2569653909,11185227,B
2906840104,11331047,B
2888740392,10935459,A
1573164045,8090180,A
2068283959,5091396,B
2074627830,7348436,C
1989423952,6639013,B
2059822557,6760028,A
2295660824,6636220,A
2149139352,5061767,B
2017207345,4929510,A
2121154718,6389581,B
2107614318,6389581,B
2156143033,9717170,C
2156143033,9717170,C
2334256357,7476398,B
1996577481,6040841,A
1994734988,8091021,A
2130268627,7507836,B
2074753958,7507836,B
2141311545,9436382,A
2158794464,6764685,B
2093990732,8653120,B
2008428228,8366758,B
2079285121,4270902,B
2125396123,7871769,B
2079860091,7114468,B
2163162004,7533989,B
2320174866,8371693,B
2160377567,7622251,B
2002612775,7947799,B
2105235112,7824641,B
1499901540,9794525,B
2006298795,4830481,B
2151418641,6963662,B
2745067063,11033615,C
2012093712,8633438,B
2122165236,8633438,B
2076744924,8633438,B
2916233856,11506805,B
2049027690,9419279,B
2022745393,4532016,C
1987476817,8055935,A
2123839241,8055935,B
1563110271,7584276,C
1964885370,8667343,A
2901698392,11290714,A
2997650615,11290714,A
2312852763,10773074,A
2289390920,10773074,C
2912555658,10730826,B
2333351559,4618497,C
2103878792,9134320,B
2888357119,11173124,C
2142091845,10253374,B
1502811099,9371562,C
1502811099,9371562,C
1515186094,10253374,B
2065246009,9250200,C
2079477605,9262860,B
2105206335,9262860,B
2754089255,10141668,C
2140098687,6813080,B
2115714154,7545304,B
2750523966,10141668,C
2748360794,10141668,C
2056754305,10487323,B
2220583944,4605640,B
2140991874,4845035,B
2137220392,5609817,B
2198623858,6045761,B
2772069780,11080606,B
2148664596,10168402,C
2144312683,10168402,C
2075256919,6435182,A
2623471058,10534076,A
2160308124,10534076,B
1979636450,8127593,A
2140361836,8179268,A
2169138660,8179268,B
2051256838,9597001,C
2029938629,9597001,B
1969665122,8366617,B
2318542497,7094385,A
2296034717,8164345,A
2005468293,7951537,A
2081043821,10022542,C
2081986990,8005773,B
2004152272,6684205,A
2054997699,7574556,A
1542670990,6789227,A
2907478247,10251578,B
2907478247,10285622,B
2164429066,9014481,C
2586288275,8926979,B
1790954942,6560597,A
1570353109,6798362,A
2056710036,9999664,B
1968978118,5945577,B
1968978118,6235970,B
1983627503,6235970,B
1516142030,7512068,A
2968786179,11416638,A
2069187740,6282213,A
1972685702,5525504,A
2005321585,8790898,A
2118653850,6818619,B
2137844241,7964564,A
1965675225,9194920,A
2132685744,7607119,A
2883478711,11385237,B
2128497094,8090674,B
2113598179,8090674,B
2107756471,7554475,B
2159681920,5939601,B
2089691429,5977442,A
2107381819,5171676,B
1964949750,8293292,B
2336992762,9840418,B
2166148196,9005460,B
2151579373,8116462,A
1521248243,8386479,B
1971708376,8386479,C
2921706726,10991976,A
2419086463,6384018,B
2109539790,8164881,A
1996942314,6186594,A
1979565452,5830697,B
2767828110,10319390,B
2036045423,6638763,B
2024667339,6638763,B
307128039,6429009,C
1984933342,6429009,B
2886208992,10312657,B
2034099594,9865986,B
2034099594,9865986,B
2079929127,5499134,A
2028509015,6885683,B
2138491308,5880877,C
2028509015,6014249,B
2112443801,5435003,B
2086355659,9829427,A
1999873503,4360799,A
2052605202,8808711,B
2137079217,8034552,B
2153078859,5824468,B
2034525337,9863881,B
2921135808,11194929,A
2058501570,9274850,A
2125397605,9274850,A
2001192581,8114318,B
2092361131,8114318,C
2163298313,7932404,B
2892350999,10397621,B
2892350999,11166057,B
2755332538,11594694,C
2760381023,11594694,B
2614604132,11594694,C
2117151438,8818557,B
1988634772,8487119,B
2600604623,10282687,B
2343499415,10282687,B
2056849550,4225656,B
1968858949,5057325,B
2767001006,10644705,B
1484135661,6937079,B
2100461263,7137019,B
2204468123,6344921,B
2030827491,8518491,B
2073536947,9028919,C
2073536947,8920877,C
2056410614,9028919,C
1967078308,8518491,C
2046026000,7288892,A
1545853240,7288892,B
1985735294,6645843,C
2068067576,6645843,C
2024084874,6645843,B
2098825864,7752524,B
2158150288,7774674,C
2760882153,10622054,A
2132441981,7774674,C
2088921637,8855329,B
2078588086,7045170,A
3010907992,10954607,B
2007568988,8784657,B
2099308728,6821521,B
2100312805,8013560,A
1981322816,8013560,A
2171170705,8296089,B
2059129348,5073675,B
1574585206,6388168,B
2012812689,7359857,A
2085660608,8552144,B
2039131666,8440765,B
2333207331,8552144,B
2148878312,9324985,B
2314778518,8703310,B
2076042280,9770513,B
1536386756,10547459,A
2140047610,10547459,B
2753188919,10305514,B
2147182126,4357422,B
2133960921,8886636,B
2152893555,8886636,B
2058218983,5674710,B
2599364225,11311853,B
2204557338,9895707,A
2034699768,10357226,A
2959206342,11259989,B
2074000366,5075231,C
2014949484,5075231,B
2033030944,8447081,B
2008387172,5302389,C
2058224784,8768875,A
2101629001,8359223,A
2095205703,6709449,A
2094307838,4244268,A
1980704895,4078226,B
2718977369,10537599,B
2017747882,5818587,B
2077424568,4503038,A
2017799476,8180124,A
2085221906,8450089,B
2971155710,10662070,B
2807307477,10662070,C
2327725744,9617306,C
2327725744,9617306,C
2940208533,10662070,B
2885769478,11336473,A
2963915866,11336473,C
2056793654,4852181,C
2045997502,8318767,C
2047137116,8318767,C
2047849064,5990980,B
2950564339,11396573,B
2512435841,9972360,B
2512435841,9972360,B
255121197,4360597,A
2134343580,5939146,B
2038895860,5939146,B
1572528672,10768058,A
2242927797,10768058,B
2345920324,10768058,B
2331526960,9768888,B
2011955629,9768888,A
2077266471,5980604,B
2020882716,8204128,B
2058897126,8524663,B
1970210424,5253331,A
2408795572,9999640,B
2548871089,10132880,A
2464974078,10132880,B
2892534648,10852370,B
2299782318,10162114,A
2035912733,9458238,B
1860305054,7450240,B
2810755340,11008609,B
2047789022,6205354,B
2103748902,4706146,A
2107833399,8885926,A
2319599223,7138272,C
2793889002,11284140,B
2050171654,7324732,A
2020269306,5500432,A
2029625075,5959177,B
2105542337,8774085,B
2515287535,10876983,C
2744613561,10699151,C
2913835071,11577094,C
1771264736,9436502,A
1771264736,9436502,A
2110852599,8930907,B
2005008585,9249128,B
2005008585,9249128,C
2102260997,8772318,B
1980764991,9080575,A
1977918936,9080575,C
2073210892,4205090,A
2336817237,10233232,C
2416342980,7083980,C
2625452715,11117911,B
2134801004,7020076,B
2054722402,8975426,B
2068743694,9433924,B
1987266765,8163946,C
2063959370,4124609,A
2168538334,9492241,A
2078174917,9492241,B
2169825654,8663130,A
2118152376,8348861,A
1557698604,9492241,B
2109090702,8348861,B
2049955836,8838205,B
2146081172,8416990,A
2532739112,11043785,B
2605402540,11043785,B
1935138195,5368685,B
2765792772,10731162,C
1979721718,6441186,B
2074956847,7459452,B
2108389687,6328988,B
1967169399,4605643,B
2164163240,7262221,B
2748661748,10762914,A
2127624416,8772318,B
2044633264,7507535,A
1970099691,7088099,B
1988823342,5633151,B
2000378685,6434704,B
2114451768,8149733,B
1809519316,5695953,B
2620492563,6430461,B
2046098434,7667995,A
2314981395,8424265,A
1552742341,10866230,B
2076324979,6303034,A
2115569382,7450735,B
2034513487,5969848,A
2998292457,11390646,A
2033135037,9297022,B
2024748161,9040817,C
1970745121,9040817,C
2140342936,8185811,B
2131808181,8185811,A
2051890815,8315231,B
2051890815,8315231,C
1998639433,9683226,A
1493235756,9087236,A
2055381832,7142635,A
2121401384,6494834,B
2086331376,6494834,C
2042473364,6270459,A
2774645052,11013938,B
2789061754,10586985,B
2116061666,5875092,A
2156093048,7442471,C
1971804673,9356291,B
2255422931,10147946,C
1985588679,4501694,B
2495686048,10147946,B
1994265436,4544545,C
1968198721,5013681,B
2099056711,5693754,C
1994470495,5693754,B
2003646693,8810648,B
2563933630,9850499,B
2138510714,9242222,B
2127620510,8507232,B
2125009132,9828615,B
1526447398,6624780,A
1981975558,6624780,B
2070991898,6624780,B
1656261456,4696038,B
2076134308,6653468,B
1909204523,4763278,A
2000666477,7081619,A
2078295697,6787771,A
2947321543,11464965,C
2890158661,11142478,B
2027644090,5345174,A
2048956717,5446572,A
2057173744,5446572,B
2125871283,10211984,B
2027559237,7906531,B
1993916639,7906531,B
2177400621,7906531,B
2044994826,6040164,C
2316512448,9102710,B
2316512448,9102710,B
2094825810,9102710,B
2094825810,9102710,B
2650395120,10453200,A
2079105068,8447569,B
1969367020,5162285,B
1996488435,6761891,C
1927547807,6188974,B
2534320940,8989519,B
1507463156,7899764,A
2026208668,8594132,A
2014323057,6251586,C
2087191975,6399358,B
2982486437,11308664,B
2042499810,8841437,B
2155601691,9777271,A
2747093767,11476098,B
164705149,8883488,A
2899143943,11284826,C
2173996657,10835159,B
2009162336,7302347,C
2811168853,10672109,B
2811168853,10706508,B
2811168853,10607319,C
2591773584,11129911,B
2153012514,7968697,B
2056961220,8913060,B
83161677,8913060,B
2126922333,7580127,A
2109718048,7468274,A
1969605841,7583364,B
2922024175,11099575,B
1989185796,6024879,B
2161816097,4771022,B
2123430124,5612049,A
2113495611,6756039,A
2004925515,8241475,B
2004925515,8241475,B
2106680745,7306912,A
1490888517,5894090,B
2062146378,5894090,B
2013756673,RE42129,B
2039203622,8762314,A
2335592390,5092314,A
2137429387,9222943,C
2154195688,5111322,B
1997672481,10062210,B
2075783147,10062210,A
2035586671,6529150,A
2059582963,6874748,B
2112481005,6279149,A
2018287998,8081880,A
2005731434,4552855,A
2030756565,6420063,A
2070416972,8173620,B
2117344730,3949381,B
2160416471,6751354,B
2133268862,7640218,B
2087811387,5770121,B
2053836391,7027124,B
2060544463,7545966,B
1542329404,4406103,A
2056573749,7835780,B
2138216764,7596402,C
2045474016,7835780,A
1996468945,7301342,A
2047932983,9544167,A
2013168107,9753131,A
2037926870,5748653,B
2586177144,11094335,A
2122355855,9443513,A
2122355855,9443513,B
2145604446,9262941,A
2145604446,9262941,B
2945143588,10581556,A
2069081848,5432091,C
183131407,5432091,C
160771892,5227309,B
2102622813,5227309,C
2577602918,11339361,C
1771727767,9444515,A
2887721668,10567154,A
1967321583,8058442,B
2085842761,8058442,B
1967922486,8058442,C
2134301833,7115278,B
2134301833,6641806,B
2134301833,6624148,B
2134301833,6645482,B
2134301833,6635625,B
2920664344,10567154,A
2985909635,10567154,C
2050273780,5434280,B
2044171560,5596547,A
1988707750,5596547,B
2013205924,5596547,A
2047275488,8685955,B
1433664863,8685955,B
2028926487,9637766,A
2028926487,9637766,B
2155083047,6162475,B
2261606698,5858682,A
2048369368,9777035,C
2077476073,5537382,A
2923145483,11330999,B
2091055093,7090701,B
2039300551,5851791,A
2100443219,9536327,A
2040559031,9105117,A
2040559031,9105117,A
2115376318,6512797,C
2115376318,6424681,A
2115376318,6314146,C
2112505098,5285474,B
2122673267,5220570,A
2000378566,6188922,A
2102218823,7174200,C
2035121718,7034533,C
2012032586,5493008,B
2150231871,7599554,A
2088004820,4198261,C
2883970497,11591304,B
1936499670,6399066,B
2050738002,7252828,B
2093957321,4393137,A
2018734991,7294465,C
2068289888,9015340,B
2029907230,9391920,A
2607901192,10301392,C
1963645619,5055455,B
2038135687,5233024,A
1977525280,5858265,B
2013134581,5858265,B
2035596000,7837993,B
2016021775,5094815,A
2148490974,5220570,A
2146544464,6990196,A
2143890063,5285474,C
2088274857,8976710,B
1565842900,5606570,B
2013614017,5606570,B
1584494098,6219365,B
3005934726,11532355,A
2038474935,7643189,A
1984925149,5593879,B
2097359910,5593879,B
2582908162,10876167,A
2022708999,9376713,B
2097436455,5063570,B
2086977747,5482694,B
1993149427,10361075,C
2121408388,8347190,A
1980360100,6740448,B
2103511680,7915973,A
2138755169,7862793,B
2114296383,7670843,B
3000025935,10841853,B
2955217333,11535701,B
2032201565,9018088,B
2053987865,9018088,B
2080447605,9018088,B
2086297945,6459066,B
2171795952,7962194,B
2100199813,5639659,C
2315193165,5227485,B
1528911139,7962194,B
2061016015,8111174,A
2103637072,5565204,B
2030933614,6837242,A
2040757025,5612057,B
2063307915,6837242,C
2167081764,9725324,B
1925167575,9725324,C
2030935958,5271400,B
2128026558,8754810,B
2153677936,6754286,B
2065481927,7524795,B
2112202196,8486520,B
2112202196,8486520,B
1995287008,6747735,B
2054651779,6408202,A
1984759301,7277600,B
2203999213,4109647,B
2083431520,10002228,B
2318687983,6864047,B
2332332722,9434832,B
2332332722,9434832,C
2123994079,6835824,C
2079208358,6835824,C
2066019187,6855433,B
1847119553,4886748,B
1943986290,6249261,B
2099386032,7386818,A
1533964197,7346486,B
2134295479,6163876,C
1516564968,7305637,B
1863047834,6662323,A
2146422945,7742907,B
1506660274,6728665,A
2026880718,6163876,A
2052613059,8874631,B
2554930587,8930440,A
2131844583,10439198,B
2061629868,10439198,B
2160943114,6413216,B
200369117,5629146,B
2033848668,5049374,A
2236221382,11162977,A
2015171816,10251105,C
978712406,9642634,B
2767875510,11484569,B
2089817484,9242120,A
2070690319,6850656,A
2074531748,6850656,A
2330792880,6850656,B
2091247306,6571021,C
2057548947,6628802,C
2319024883,9503923,A
1540050087,9503923,B
1966513311,9503923,A
2066805898,6127337,C
1966941350,6127337,B
2153625847,8790542,A
2128913570,6847721,B
2080953889,4410275,B
2046785524,4671658,B
2001668464,5838487,B
2020730998,5846705,B
1989812564,6020122,C
1974353898,4802292,B
2049672724,7973939,C
2413073793,10752515,A
30259445,9525731,B
2142981186,8464585,C
1963893739,6989129,A
2068481474,7501286,A
2037541900,7133555,B
2406177754,10669404,A
2117830487,10126428,B
2000759029,6395506,A
1985524278,6136961,B
2040610698,5175814,A
2006323328,5353589,B
1582317842,4088737,A
1975442059,9172342,A
1998607033,8265284,A
2001414078,9285554,C
2001414078,9285554,C
2068384201,8231284,A
1997905069,7539366,B
2152832146,7539366,B
2104868549,9285554,C
2104868549,9285554,C
2056736454,6462255,B
1490230647,6462255,B
2071983542,5119341,A
2077893865,5811653,C
2086252318,7966899,B
1964576356,8676774,B
2140342613,8326825,A
2000942961,8676774,B
2113250627,8051062,B
1584843103,8051062,A
267246143,10535144,B
1988664512,8772481,C
2084726542,10287547,A
2256206968,8367671,C
2913503789,11422188,B
2056572505,6656727,C
2150473378,10177606,A
2513399455,10177606,B
2020606840,4630011,A
2101527652,7197880,B
1699241608,9700206,C
2593233895,10238284,C
2103480629,7286214,B
2038982664,8138391,B
2771720864,11591716,B
2888612331,11591716,A
2147901249,8798152,B
2046745758,6521886,B
2000290662,4778909,B
1529522076,4865707,B
1983037824,4865707,B
2001977078,6175112,A
2094247524,5571398,B
1986826735,5433211,B
2124897431,8515849,A
1981173371,8515849,A
2041244150,8878161,B
2733718196,10383002,A
2086471194,7015035,B
1034217151,5512421,A
1962945032,6451304,C
2105661088,6312384,B
2053691501,7451210,B
2499511669,4520226,B
1992899358,9352039,B
2312524981,9352039,C
2136338601,9623258,B
1985843589,9662027,B
2199412759,10102313,A
1990259539,9758831,C
2090606926,9662027,B
2899130903,10319154,A
2138970752,9352746,B
1974386578,5191344,A
2138238632,7721009,B
2032344057,6377721,B
2043327396,6200737,B
1970716966,5114864,A
2031772102,8706196,B
2807168338,10157490,C
2330292210,5352599,B
2098432367,9427499,B
2071649117,4894339,B
1980719954,6173263,B
2011665029,6173263,C
1998988532,5681978,A
2288158703,7691797,B
2016782785,5103186,A
2115283942,8542712,B
2554635181,10971986,A
1982531224,9308253,A
2172370020,10763512,A
2084851042,7229785,B
2044131537,7727506,B
2125612136,7454717,A
2251008987,9846836,A
2153267064,9767201,A
2030960607,6017894,C
1996680667,5837691,B
1989259240,4375542,A
2087776707,5837691,C
19473259,5811074,B
2048331987,5811074,C
1564050258,10030733,B
2606418580,10617768,C
2111931758,7989171,B
2111264276,5917568,A
2162338442,5736957,A
2019162043,5736957,A
2156998060,8634233,B
1995840200,10520389,B
2038055034,10520389,B
2042783468,4110625,B
1843712912,6782154,B
2056397930,9502150,B
2741194025,10835193,C
1934231135,7307905,B
2081122171,5767337,A
2776312162,11272840,B
1776513928,8768810,A
1977858023,10207469,B
2326677562,3986980,B
2072906134,3986980,B
2948093354,11165772,C
2081728407,4521924,A
2489071766,9575074,B
2489071766,9575074,B
1992190270,9129044,B
2317530109,9707442,A
2317530109,9707442,A
2050789116,10211449,A
2109671542,5555891,B
2019688277,4731754,B
2187275277,10399858,C
2309189735,9707442,B
2309189735,9707442,B
1533284075,7838502,B
2047886710,6905850,B
2171494454,7018414,C
2569476170,11434516,B
2084164075,8823449,A
2902243192,10723671,B
2040076376,5011697,B
2902639400,10359314,B
2339000038,10209132,B
2789408468,10359314,B
2043547517,5220163,A
2396205122,10982287,B
2027708003,4835395,A
2059259610,5730874,B
1959248601,5366874,C
2067192407,6117501,B
2086973131,8075799,B
1994816428,8075799,B
2149977511,5376185,B
2071556731,7569685,B
2056337318,5892782,A
2890561721,11594304,B
2164169570,5778341,A
2160149903,7232880,C
2098312977,7232880,B
2013868794,5149517,B
2047418056,9441021,C
2107381904,7326769,C
2104681973,7655776,C
2071433398,4970195,A
2001494872,6589496,B
2964080672,9792200,B
2961516080,10818007,B
2057322453,8450053,B
1679962258,8450053,A
2019750672,6518579,A
1537583887,6749863,B
2040306475,6749863,B
1982810405,6027892,B
2145920301,7604977,D
1971606354,9292545,A
2136316166,5524136,A
1817536388,7625561,A
2070916914,8334889,A
1973372771,7973989,B
2798841271,10885216,B
2090207314,5999963,A
2074018326,5761692,B
1979533020,5761692,B
2096862738,6079028,A
2121109447,5870551,A
2010804495,6556578,A
2094531946,7335878,B
2125290349,7335878,B
1578523883,5473051,B
1978215722,9684084,B
2144230873,9020059,B
1515983825,9451890,B
1515983825,9451890,B
2002233399,9451890,B
2002233399,9451890,B
1998913054,9451890,B
1998913054,9451890,B
2126279347,9628272,A
2167258210,7426448,A
2121343569,5750383,B
1987946959,10152557,B
141087411,9102532,C
141087411,9102532,C
1503841649,9701535,B
2019840165,5196420,B
2111498289,10555911,A
2084342947,10555911,B
2075281403,9513288,B
2032368145,8865652,B
2952823231,4973716,B
2045084149,10542911,B
2112074693,8131056,B
1963996046,5909278,B
2082028479,7026461,B
2044641074,7026461,B
2220363380,9025157,B
2149291843,6040571,B
2016106572,6282341,B
2054754161,6097486,C
2051480171,7430345,B
2315657720,4556279,B
2061699684,4708421,B
1997332846,7313493,B
2103165181,4738503,A
2073736694,7228041,B
2121767482,6097486,A
2157261600,7037499,B
2410553865,5476771,A
2009078303,6626844,C
1479973836,5411952,B
2000131872,5411952,B
2741514096,10806715,A
1972539720,5547748,B
2566241853,11313684,B
2085365418,8436283,A
1610831030,11067581,B
1997759953,6097486,A
2092009185,5185749,C
2054074136,6056956,B
2023385413,5690933,B
2112039300,7385683,B
2009064072,5920666,B
2057878351,4266986,B
2088931050,10773236,B
2789575975,10563012,B
1891038377,10568986,B
2606393917,10709815,B
2157457917,8294838,B
1590437721,7321713,B
1501143799,7266263,B
1987885416,6850683,B
2020308822,7071171,B
2411899099,6046158,A
2066967399,7071171,B
2080236541,4493830,B
1745667506,6027940,B
2017204444,6027940,A
2010386264,5773295,C
2223072703,7993835,B
3001798405,11113934,A
2019803422,7471169,B
2168569709,5530544,B
2028072554,9197962,B
2113250153,6041127,A
2171624179,7979487,B
2000909275,9197962,B
2046032511,6751322,B
2156348597,6424719,C
2229777076,7587054,B
2027264590,9628905,A
2027264590,9628905,B
2036845212,5922326,B
2005214605,6488406,B
1979901882,8914099,B
2084441580,8862210,A
2054295738,8862210,A
1583781538,7062384,B
1983234194,6184339,B
2986519585,11182612,B
1972606091,9386296,A
2090203494,9422360,B
2047493916,4486179,B
2061132771,7838571,C
2335578057,9962101,B
1481948538,7519417,B
2066047149,8764239,B
1971227840,9046650,B
2054741182,7407896,B
2168983010,7474250,B
2119466965,7474250,B
2105086649,7365673,B
2535749128,7365673,A
1973395658,5631010,B
1975757086,4320225,B
189676061,9038138,B
2033255493,6008254,C
2143285027,5261066,A
2801754360,10415970,B
2000623079,8218811,A
2053571489,5508169,A
2014840856,8885899,B
2014211345,5597484,B
2053801283,5597484,B
1978183608,6178807,B
2062218937,9696492,A
2062218937,10025123,B
2324470021,10025123,B
2906364736,11089347,C
2288560260,10392243,B
2123439601,7693422,A
2141545173,7295533,A
2001817075,7643469,A
2144916624,7643469,A
2164483856,7609624,A
2016665231,5484821,B
2028712700,5532320,A
2078051927,8034781,B
2057215232,5795871,B
2415736166,7998732,B
2064707228,8187616,A
2313121538,10033066,B
2060202533,8546142,B
2002155063,9012835,B
121271772,4530956,A
2293428191,10118833,A
2151018195,9347123,C
2151018195,9347123,C
2009237941,5705139,B
2123904544,9347123,C
2123904544,9347123,C
1964649053,9268095,A
2135718475,6863890,C
2105223310,9097215,A
2066820525,8781711,B
2980563278,11368769,B
2999892135,11528085,A
3002486776,11528085,A
1833335371,7333036,B
1486092146,7164723,B
2564104540,10341655,C
1528183936,10341655,B
2534714181,7333036,B
2408178782,10341655,A
2896818573,11551142,A
2039018610,8471072,B
2007160381,9316628,B
2150621779,9064229,C
2026936612,9218506,A
2026936612,9218506,A
1995558750,9218506,A
1995558750,9218506,A
1982819731,9638624,C
1982819731,9638624,C
2108016292,9062098,B
2150387021,8110350,C
2108491966,6069126,C
1894510207,10473736,B
2124990542,6855521,A
1974824462,4483817,B
2015429153,4483817,C
2102723824,6687672,A
2032624937,8286895,B
2093194798,8286895,B
2092945903,8286895,A
2333796006,8359825,A
2913968857,10944560,A
2330567878,8921108,C
1610767063,7202818,A
1573507305,7310065,C
2799157347,10671855,A
2962737447,10867416,A
2605060370,10607329,A
1985158854,8623098,B
1497110789,10513641,A
2258018460,10755191,A
1971921242,8877796,B
2016543925,8877796,B
2150759203,9036253,B
2241236399,8385637,A
2058884143,8293087,B
2069607445,9094266,B
2329301926,6599909,B
2140123511,9036253,B
2098480279,7052812,B
2042662549,7049579,A
2020005899,8284477,B
2066929752,9952383,B
2066929752,9952383,B
1977248317,5975702,B
3004268170,11093829,A
1990651087,4798807,A
1994958650,5908781,B
2112758080,7674752,A
2148669540,8741606,C
2015605844,4941256,A
1695349328,6907075,B
2094067283,4132746,B
1561048326,8014561,B
2061444805,9693693,B
2010020873,10242488,C
1841057304,7084868,B
2099661831,7120762,A
1996793067,5334528,C
1564691899,6169226,B
2891338734,10827199,C
2006253850,6165440,B
1546626640,7932434,C
1991225543,4081522,B
2314771821,7070615,B
1984638165,4943428,C
2066977429,5504327,B
2075966022,5356884,B
1560702188,5089401,B
2039199617,5356884,B
2605154473,10281405,A
2377334295,10281405,A
2785882823,11161744,B
2988616598,8305913,B
1966950276,8305913,B
2081008130,4488976,B
1996081689,6410588,B
363341774,5389267,A
1967322233,7995824,B
2978047809,11614398,B
1821207270,5973451,B
2104871844,6740648,C
1969556302,5856095,B
2019132484,6914029,B
2912684843,10520400,C
2044194611,7944991,A
2054698682,4886782,A
2096712733,7944991,B
2090463711,7274019,B
1995878697,7274019,B
1967378704,4970162,A
2963990754,11447870,B
2790922725,11447870,B
2762503791,11393654,A
2081508851,8183541,A
2032593689,8183541,A
2318756717,9190258,B
2804930666,11110102,B
2956875394,11117819,B
2956875394,10570039,B
2124668973,4241045,B
2995930539,11221205,A
2057693582,7276465,C
2044279302,8795628,B
1215646,9265845,B
2061050366,6425118,B
1971726669,7141859,A
2012381566,4886782,C
2063232116,8187877,C
2074817991,8060457,B
2147744992,8060457,B
2989861801,11280875,B
3015085979,11280875,C
2059694820,4464472,B
1751921443,5980899,A
2070457810,4886782,B
2025273516,9534248,B
2025273516,9534248,A
2313451217,9321544,A
1970516708,6691309,A
2054644843,5280612,B
2098344046,10588934,B
2099837913,5250736,B
2032392773,6611872,C
1506185254,6611872,C
2069064020,7392136,B
1855233120,10252914,B
2149967271,7521928,B
2149963461,10073340,B
2129612637,8922452,A
1998111516,7438813,C
2099859176,9149958,C
2163144146,8274058,A
2130276161,8274058,A
2043162012,5103421,B
2099678653,7502802,A
94423742,5142500,B
2109464129,7016915,C
2157268058,7742424,A
2020411015,9684683,A
2014974983,8676729,A
2054425846,9229786,B
2054425846,9229786,B
1599290904,9229786,B
1599290904,9229786,B
604529605,9567677,B
2546702106,7800189,A
2040202032,7800189,C
1964620824,6813429,B
2587825478,10816628,C
1997330775,5367257,A
2144295141,7425954,B
2139572458,6919906,A
2028687412,6466207,B
2254563330,10713832,A
2961508920,11478931,B
2063844773,9082005,A
1996710395,5189679,A
2902099625,11029664,A
2561621263,10248085,B
2049953153,9123145,A
2049953153,9123145,A
2058348206,5910428,B
3000434486,11413808,B
2107502676,10086061,C
2398315747,6232089,A
2071690826,8324595,C
2164175298,8324595,C
2509244632,10386697,B
2005008931,7214852,B
2167122335,8584230,A
2826575142,11144663,A
1896529848,10318754,B
2236608943,6288832,B
2055750257,6288832,B
1971403169,6288832,B
2077007904,7595850,A
1996035005,7595850,B
2115123775,7662932,B
1975539280,10593035,B
1993763188,8273366,B
2080982796,8778915,C
2000123239,9918964,B
2123049456,9188582,B
2173109212,10578978,A
2078376643,4602093,A
1997372136,4176183,C
2438151519,10379393,B
2049179422,8355204,B
1994966719,10233482,B
2107271062,9017987,A
2018962728,4980294,A
2078126533,8870780,B
2109885351,10369206,B
575684422,10279545,B
1987285789,7811772,C
2064290602,8735354,B
2095647535,7724103,B
2043416085,8227747,A
2155855715,8350578,A
2057727639,6879012,B
2097699318,9029836,A
2165296467,4480082,B
2000731487,8506366,B
1984602378,9516886,B
1984602378,8506366,B
1984602378,8894474,B
2066224059,8338386,C
2066224059,8338386,C
2111298477,5574177,A
2066542559,6541462,B
2557323065,10597639,B
68259636,7753656,B
2079017636,9375157,C
2079017636,9375157,C
1586162668,5198423,B
2557988850,10996158,C
2049827739,5420033,B
2312866747,4011390,A
2123636415,9963681,A
2123636415,9963681,A
2081395095,6291820,B
1964179974,6647035,B
301927653,6291820,B
1541907756,7768933,A
1953157543,10143693,C
2155786786,11479727,B
2157383182,9790469,C
2078628715,9790469,C
2468759517,9911438,C
2807731486,11492720,B
2586356000,10126265,A
2079914197,9327027,A
2071628344,9327027,C
2127561429,6519563,A
2033708072,7704529,B
2113938102,9497356,A
1904580568,9243346,B
2090000200,6184023,B
2052304392,5737549,A
2021061242,9497356,C
2021061242,9531914,A
1967335284,5049817,B
2106246776,8580513,B
2135724721,4108748,B
2529478160,11375884,A
2163066658,8580513,C
2098460182,6665664,A
1941835599,6516310,A
2018062841,7385055,B
2086590971,9331333,B
1823685136,7817919,C
2170151596,7817919,B
2898953622,10283871,B
2773438145,10283871,B
1974358249,5248876,C
2597884371,6604474,B
2097800967,9508019,B
2004264631,9508019,B
2404098859,9781381,A
2404098859,9693012,B
21283671,5096810,A
2060285257,6270737,B
1971544812,5096810,B
1999122489,6803576,B
2148695834,5776677,C
2148695834,6201107,C
2148695834,6730777,C
2044997519,8465771,B
2050901525,6376523,B
2015252573,5977117,B
2015252573,6030991,B
1583413399,9949041,A
2153106939,6275320,B
1994372254,4141992,B
2901929601,10360993,A
2784031046,11208330,B
2169536696,8562905,A
2185972044,10991517,B
2317963058,9266735,B
2078536002,9472686,A
178272747,9034213,A
178272747,9034213,A
2341503403,10343909,A
1999701013,9034782,B
1978880365,5610041,B
2237177237,5610041,B
2077381848,7608551,B
2028797683,7608551,B
2902524922,11465932,B
2081856039,8913055,A
2148136349,9424650,B
2269649163,10303979,A
2904968041,11289704,B
2066020113,9925004,C
1967993239,8757072,B
2043760493,8757072,B
2068057901,8913055,A
2048585435,9242248,B
2036162360,9242248,A
1982428930,9242248,B
87473240,6461831,B
2003241238,8989838,B
2037852391,8989838,B
1595119660,8801701,B
2169541841,8450334,A
2008990217,7771418,B
1977377054,7771418,B
2105761466,8801701,B
1652139660,8801701,B
2085446140,6875853,B
2103928621,6632793,A
2150063618,8977394,B
1951588750,10816554,C
2969508846,11123772,C
2799765261,11155897,B
2944737485,11424977,B
1968740219,9166508,C
1968740219,9166508,C
2124326407,7749754,B
2118686928,8535566,A
2118686928,8535566,A
2067122431,4501813,B
2007881973,5840590,B
3012036607,11369936,A
2107445521,7390661,A
2900539009,11512417,A
2064048414,9365834,B
2086491745,5415874,A
2070207717,5567696,B
2143279217,5415874,A
2140993700,5532164,B
1995385187,5567696,B
1917956365,10029118,B
2642983793,11013935,B
2802487339,11598980,C
2944514603,11537026,B
2128460024,6468823,B
2018396504,10465161,C
2411142650,6599285,B
2802695161,11537026,B
2126952881,6468823,B
2307846128,9907520,C
2307846128,9907520,C
1899297403,10217187,A
2795229396,11414372,B
2043500043,9858531,B
2035993353,7277872,B
2110658308,9238660,A
2885043652,10934241,B
2937819564,10934241,B
2185643225,10038706,B
1984368900,10038706,B
2145963781,9365530,B
2145963781,9365530,B
2021227042,8728458,B
1636135500,6611633,A
2075337790,5903349,B
2169727421,4653915,B
2092102664,6506906,B
2031697457,6506906,B
2021591029,6555692,B
2102577374,5662693,B
2051218002,4477043,B
2313177288,6512166,B
2475926392,10826414,C
2397649199,11566292,A
1978075813,7174462,A
2130306162,6243075,B
2769162589,11580374,A
2037874195,9268815,B
2074502311,7115241,B
1944237808,9096910,C
1980945667,5858862,B
1970847388,9625565,B
2730596051,11123419,B
2094347850,8437997,B
1989169751,7835493,B
1990204058,9538976,A
2026288725,8461949,A
2078305517,8461949,B
2073524083,7835493,B
2063584403,8588721,B
2091576485,9184729,A
1997254137,9148183,B
2142943459,10088894,B
1981454139,8896371,B
2127722875,8508291,A
2024592504,9564874,A
1979664664,7115586,A
2017666497,8180810,B
2043130666,6319690,C
2271518265,10099679,C
1997991154,9346906,C
2101580666,7954038,B
2166332413,5877970,B
2555884523,10629096,A
2104422744,9872857,A
2595028510,10755138,B
1992307449,9139467,B
1992307449,9139467,B
2014016624,5955497,C
1967898726,5717113,C
1985259691,6242483,C
2039158919,5955497,B
2036899438,5955497,C
2094204673,5536848,B
1992040136,5229419,B
2086304962,6242483,B
2080028925,6914052,B
2026604202,10326069,B
2221633857,11345595,C
2014458555,6689855,B
2153906927,6649715,B
2099409938,6385286,B
2057039442,9069117,C
1838246889,5869065,C
2055620515,5549897,B
2085573667,4115274,C
2008538448,7618999,A
2087095248,4059681,C
2014515500,8742851,B
2128657543,8742851,B
2130150399,8252899,C
1992914930,5720743,B
2169366867,6228599,B
2141361347,8002235,B
2057172130,7772543,B
2040357074,7285954,A
2011114943,5389572,C
2326838419,5918111,B
2160535279,4920013,C
2038274206,9925296,C
2063380374,7430303,B
2048435690,7430303,C
2136983798,7480493,B
2007617794,7480493,A
1942438101,5668717,A
2161681426,5668717,B
2210591001,10674573,B
2160783671,10674573,B
1994230823,6348612,B
1990463267,9204040,B
2122699724,8700394,A
1926049485,7015336,C
1975388408,5338823,B
2136363701,6756605,B
2016771203,9919927,B
2140746165,9428394,B
2327221250,9356151,B
2042566820,7250147,B
1998400775,9096437,C
2952932461,9056822,B
2065532258,4535248,B
2044250426,4062841,B
2319127677,9400508,B
2097283965,5473024,B
2045849308,3959461,B
1878582608,7313190,B
2099660711,7313190,B
2571000140,11085927,A
1564264547,7447967,A
2014309257,8718115,C
2955714136,11275749,B
2118635576,6720151,B
1966357547,9958510,A
1966357547,9958510,A
2036244988,8751505,B
2979684181,10977480,A
2025656486,9662319,B
2040063521,4384992,A
1944887959,9075070,C
2145720279,8318670,B
2027086335,9730991,B
2027086335,9730991,B
2125547343,8494762,A
161350848,8094034,C
1493269706,5578909,B
2123770390,8671756,A
2123770390,8671756,A
2263288725,10406509,A
2050863553,8831864,B
2072188106,8831864,B
1989850317,8940266,B
1989850317,8940266,B
1990797527,8940266,C
1990797527,8940266,B
1546732739,5449604,C
1944750615,5201035,B
2120596458,9619658,A
2011910476,4773748,B
2002613057,6720007,B
1651564641,10168113,A
2511855397,10995003,B
2036565862,4774087,A
2043473501,4774087,B
2012812364,4777250,B
1509860793,7092707,A
2053961194,8071395,A
1986728201,5250019,C
1943397167,10266544,B
2072487609,7701537,B
1592710633,7191110,B
1981321205,7881340,B
2098963208,6240463,A
2124720545,7542420,B
2118597562,7528113,C
1990229109,7528113,B
2009937166,9195787,A
1990635783,8277614,B
1506854048,9460768,B
2103241926,6326667,B
2079816844,4021387,B
1568839677,5045452,B
1979202358,5412085,A
2088625726,5545546,C
1967237602,4021387,B
2106112280,5445011,A
2061464631,5034613,A
2103600923,5289407,A
2043503083,6825206,C
2086175190,5218114,A
2568601828,9944991,B
2339689549,9944991,B
2033549514,8264490,B
2464941943,10375264,B
2070405487,4847248,B
2022510326,4219337,A
3006701145,11066296,B
2964326247,11066296,B
2124200043,6630343,B
1971346217,4282057,A
2050628648,8264490,C
1985860133,8432436,A
2063603841,8432436,A
2151681048,8264490,A
2017870736,6919962,A
2013947191,8902232,A
2028535308,4514758,B
2156706860,7992070,B
2100696960,9094125,B
2423984162,9735921,A
2034949689,9036992,B
2069009095,9094125,B
2319447072,9735921,B
2331747247,5141745,B
2166237403,7992070,A
2333718197,9735921,A
2055139743,8234538,B
2792151102,11559527,B
2964471788,10980821,B
1972553584,4684644,C
2790406197,10980821,B
2949825757,11288857,B
1990815539,7250235,B
2166146546,7567575,A
2053194539,5542424,A
1989926889,9371502,A
1989926889,9328313,B
2731188452,11447780,A
2037275034,9359201,B
2037275034,9359201,A
2022633529,9359201,A
2022633529,9359201,B
2111703137,7889924,A
155592068,7822274,A
2109374510,8000527,A
2803852754,10859557,A
1970564642,5910554,A
2771835881,10333618,C
2011058331,7992070,A
2140510399,8185796,B
2008209955,9203555,A
2155477938,9722634,B
2056872100,8977121,B
2782554709,10574447,B
2782554709,10205591,B
2782554709,10574448,B
2030712796,8145457,B
2038140092,8145457,A
1968809716,5733915,B
1965335091,5889028,B
2078304134,8446080,A
2082997166,9684953,B
1492375862,7711568,B
2974077730,11577111,B
2141275705,8053223,B
1993917676,6291620,A
2016957512,6365294,B
2000314850,4339600,A
2743923265,10234833,B
2085466346,8836945,B
2400648061,5064954,B
2333107829,5064954,B
2039740219,5185365,B
2046547288,10036819,C
2161761720,10036819,A
2335079656,10036819,A
2098141884,6813417,A
2057325599,7759358,B
2465696637,6728458,B
2110068575,8879854,A
2150993620,7354417,A
2154985580,7354417,B
2078922667,6204348,B
2564383737,9966167,A
2782017703,11270002,A
2987478323,11087058,A
2026095777,3987281,B
2160332556,4064326,B
1992664507,4064326,C
2147101924,9347956,B
2118647314,6427028,B
2164156298,7939355,A
2075194128,6934660,A
1971868340,10345287,A
1971868340,9915654,B
1972118190,10345287,B
1972118190,9915654,B
1669804041,6934660,A
2127661044,7236615,A
2040515822,4831157,C
2053284965,6392082,B
2053284965,6337403,B
1991996907,4831157,B
2070639429,8964295,A
2057578853,6514207,A
2177858203,9474997,B
1971319904,4722903,B
2091776908,4851334,C
1991683874,6696421,B
2100176528,10472608,C
1616419951,9836569,A
2409701324,5304308,A
2073972545,8313903,B
2073684996,8772837,B
2135566490,8850415,C
2135566490,8850415,C
2782085552,11136426,B
2087390112,8067230,B
1964694378,7474442,A
2119249948,7003961,B
1995439097,6694743,B
2083516894,7347987,B
2083516894,7727559,A
2925092896,10980891,B
2318913758,8236329,B
2467363991,10456477,B
2128950819,9335027,A
2128950819,9458989,C
2038600446,8837550,B
2108575363,9212351,B
2004107464,5221732,A
2075302326,7850978,B
1973749478,6551598,B
2159576788,7790955,C
2085173849,7521593,C
2028031465,7790955,C
2031128846,9212351,B
2018536301,7812221,C
2017872468,8172998,B
2794182957,11221211,B
2029413652,7217134,B
1983988648,5286639,B
2117936236,7392465,A
2056441688,6194474,C
2039055971,6194474,C
2465677644,11278879,C
1967589959,5773574,B
2137016951,5049821,A
2131281105,9803245,A
2131281105,9803245,A
2118143278,9803245,B
2118143278,9803245,B
2069072790,8124109,B
2885504447,10816408,B
2887068715,10816408,B
2063010828,5461145,A
2151258818,4111803,B
1974712910,5565679,A
2147299132,8719267,A
2133610991,4952500,A
1955672875,7780897,B
2556536720,7780897,A
2039245227,4804724,C
2062290458,9165325,B
2062290458,9165325,B
2094018342,5029953,A
2513115541,4859318,C
2084860288,9282510,B
2062128941,8895844,B
2792026541,10668115,A
2063642085,4534856,A
2525560340,10913202,B
1523587586,9985563,B
2551183053,10618942,B
2795343171,10657216,A
2023977572,9076337,C
2050520204,8843508,A
2073513732,8554343,A
1999841415,9598692,B
2565724567,10640761,B
2537898424,10794029,B
2112305275,9499587,B
2321382379,9499587,B
1989418154,6992741,B
2039832214,8423121,A
206964285,9084531,B
2546193132,7096056,A
2137308351,9680538,B
2274472515,10333390,C
2111531437,5367642,B
2081162759,4601891,C
2079857756,4945063,A
2801126696,10433970,A
2005279819,9925054,B
3000314771,11085988,C
2158585868,7096056,A
2565492510,10740931,C
2087241820,8229242,A
2116113251,8339459,B
2614700314,11010503,B
2172201974,7319011,A
2547591459,11110079,B
2045633443,6862121,A
2025816404,7359046,A
1974770248,5439880,B
2071968887,7056554,B
1561382817,7940999,A
2056117128,7774044,A
2058939003,6147206,B
2087022333,8120772,B
2010067577,6326326,B
2025417459,6534599,B
1969883227,8043623,B
1969883227,8043623,C
2996573406,11451890,B
2917857523,11451890,B
2030550896,8428269,A
1983408189,5543267,A
2022288144,5543267,B
2171751430,6967081,B
2045269599,9169490,B
2045269599,9169490,B
2042681244,8637241,B
2042681244,8637241,B
2128685482,9738684,B
2128685482,9738684,B
1954377763,9738684,B
1954377763,9738684,B
2012476945,9709511,A
2105893097,10023922,A
2535316919,11136548,C
2082482658,10063481,A
171635350,8453155,B
2076081997,7889108,B
1878530510,7146221,B
2550068839,10745781,B
1584395178,7097708,B
2093099109,7547648,B
2082347965,7547648,B
1993434580,10034087,C
2492121664,6690686,B
2029195422,6690686,B
2103949163,7561605,B
2101591642,7558302,B
2161648108,8717657,B
2076367896,6661816,B
2139369516,6256328,B
2067734887,7561605,B
2165000993,9502856,B
2165000993,9502856,A
2011425742,8137743,B
1969476463,8137743,B
1973838368,4543954,A
2082451908,5005574,B
1983271546,5197466,B
2120401559,7981903,C
2503706510,10937536,B
2907711611,10844378,C
2022088775,9424735,B
1989110104,7399791,B
2129009893,8384493,A
1975688518,5328838,A
1971430377,8384493,A
2127881547,8384493,A
2010350659,5243023,B
2973017887,10242276,C
2751717512,11345746,A
250426404,9769189,B
250426404,9769189,B
1974189812,9769189,C
1974189812,9769189,C
2013116938,10179953,A
2017357222,10048345,A
2118074391,7313773,B
2903063788,11588071,C
3005202622,11588071,C
2970949086,11588071,A
2218106382,10469847,C
2610598263,9877043,C
2512858349,10469847,B
2039932470,9900593,A
2039932470,9900593,A
2196152108,10469847,C
1989987646,6127573,C
2946112867,11546628,C
1972871434,9262857,B
2004447433,8786680,B
2157728668,8599206,A
2154030537,8988422,A
2726809079,10929743,B
2001709339,9408846,B
2904833368,11046774,A
2003531547,9046339,B
1964365729,9247874,A
1964365729,9775511,B
1995899293,6316675,C
2808594356,10725035,C
2036584428,8431135,A
1964491620,9408846,C
2114628570,9625333,B
1988087864,9761748,B
2090271658,8824120,C
2026181683,6875544,B
2552525175,10626154,C
133061924,5948468,B
2069269698,6346419,A
2969907279,11330988,B
1951298595,PP23583,A
2566117614,10288478,B
2553655450,10288478,B
2320632702,10288478,B
2047425454,10736992,A
1970216947,8530227,B
2160794336,7386016,B
2577969534,10690606,B
2055797716,8825719,A
2081064583,7426028,B
1987358028,5160889,A
2172097837,7585629,B
1990549880,8825719,A
2745416179,11358237,B
2745416179,10870173,B
2058967072,5840306,C
2070588709,7553644,C
2122978112,9670543,C
2336801058,10167515,A
2567636032,10167515,A
2783619634,10153407,C
2746497247,10167515,A
2154766204,6075938,A
2006816934,6075938,A
2135486560,6515812,A
2035084961,8400410,B
2139459444,8446367,B
186628649,10600336,A
2155046778,8455392,A
1974341117,9366811,B
2896172598,11370830,B
3007346751,11218148,C
1992523499,9234219,B
2051286029,7294834,C
2007632577,9417186,B
2125243253,5590657,A
2920506606,11458337,B
2081085597,10231712,B
2100212536,6951540,B
2757700627,10850061,C
2951770012,6316632,B
2325133020,9564059,B
2982547347,11586093,A
2944540095,11586093,A
2384820909,9316547,A
1988051525,9316547,A
2067807629,9263803,B
2067807629,9263803,A
2135586497,9066328,C
2044268,8019044,B
2042605897,8019044,C
2037642253,8019044,C
2035049901,8371130,C
2490258630,11268107,A
2011659453,7591984,B
2153962050,9051543,B
2105631561,9051543,C
1546151618,7731972,B
2785313861,11604141,B
2048261862,10566912,A
2038116197,5730958,B
2079816090,5026928,B
3006196309,11573679,B
2166916455,10408740,B
2517682544,10227564,B
2099572128,5348962,A
2082872431,10278608,C
2106839704,8590010,B
2991261259,11328877,A
1554794750,7317599,A
344253813,6855872,B
2003651981,5580750,B
2040004408,5223117,B
3006310048,11341639,B
2778092657,10515749,A
2106806179,6902899,C
2413654151,10396219,A
2161338908,8790879,B
2319397796,8790879,B
2091250301,5619321,B
2063689554,9605104,B
2063689554,9605104,B
2015826918,6140900,B
1975406250,9977100,C
2131321883,6720768,B
1964225752,8368008,B
2068053338,RE39460,C
2093875703,6377148,A
2011436183,6140900,A
2067612014,6140900,B
1486163249,7848443,B
1974773593,5200391,B
2376331214,9887642,A
2376331214,9887642,A
2897149789,10546409,A
2014229034,6127159,B
2147207574,6127159,B
2769937387,11120930,B
2031541764,10049602,A
2107330252,6635805,C
2145680582,8877893,C
2035502310,6502576,B
2021468491,6289236,B
2318825419,4675342,B
2047161260,7044135,B
2047161260,6955173,B
1984568600,10011916,B
2104979648,7094891,B
2094678355,8211295,A
1992956408,8824631,B
1992956408,8824631,B
2743042931,10957843,B
1967888610,9303737,B
2594612863,10957843,B
2110363625,8677162,B
2105528815,7105483,C
2467503036,10921470,A
2089799120,6040935,C
2085590180,6040935,C
2884695079,11324820,C
2074963828,4500309,B
1656495682,7011836,B
169124620,4883065,B
2004578266,5092341,A
2105079006,4883065,B
2151639517,8068132,B
1964338943,9675450,B
2000813920,5932432,A
2012151779,7047055,B
2030328615,6806080,B
2086382403,6861220,B
2082850276,8805586,B
2163856836,5248768,B
2070525421,5126130,B
2079608781,7409296,B
2031609560,10224539,B
2092882411,10224539,A
2000648436,5707804,A
2151492295,5869255,B
1982090203,6045676,A
2039109187,4979824,B
2036081249,6554986,B
2036081249,6270644,A
2093463271,8841116,B
2319456315,4885499,B
2307991332,11535824,B
2075823250,5455211,B
2049032713,5518970,B
2992017379,11171869,A
1495959069,6143152,B
2029187060,5436130,B
121988029,6143152,B
2038382880,6280933,B
2470672665,6867420,B
2075196800,5707804,A
2139821650,8706203,A
1566782389,8139654,B
2178003172,9269050,B
2018343316,10531806,C
2270726380,4951286,B
2050962647,8021879,B
2050962647,8029778,B
2069381771,8029778,B
2891198685,10885894,A
2160047008,8492428,B
2014688619,8404728,B
2016248058,7865864,B
1994159986,8103983,A
2059285776,9927364,B
2023181325,9863882,B
2550170357,9927364,B
2075915485,9927364,C
2282160829,10035848,B
1574670729,9801568,B
1574670729,9801568,B
2762759448,11271237,B
2738973561,10535891,B
2795805998,10424805,C
2152695059,6807338,B
2159859907,7942530,A
2146152350,6847840,B
1980210130,7761454,C
1974014245,7761454,B
1495731411,5496934,B
2048108407,5585253,B
1987159680,7414780,B
2162515554,9601337,C
1987329444,10149620,A
2026950664,5594504,B
2967634663,11487917,B
1806449351,10239961,B
2022186940,9208780,C
2022186940,9208780,C
2563666542,10878832,A
2323956509,10944072,A
1984187759,10639801,B
1995346557,10882195,B
2793679355,10844124,B
2793679355,10239945,B
2160775985,9182491,C
2090452820,8954967,B
1971935762,5900375,B
2051590892,5900375,B
2586584460,10643633,C
2011204207,10465238,A
2284841043,9982241,B
2796336695,11371008,B
2513083796,10709424,B
2332411645,10709424,B
2111204270,7203638,B
2109931697,7657427,B
2920955188,10772843,B
2793266980,10800704,C
335123599,10156550,B
2897072765,10800704,B
1997337077,9581570,B
2091930110,9581570,B
2205868619,10156550,B
2904778470,11457817,B
1975351309,6556029,B
2156535998,6556029,B
2133407944,6057553,B
2759487475,11189870,B
2017049966,5648270,B
1972822186,5219729,A
2149099928,7639637,A
2291250945,10064242,B
1534808658,8036497,B
2107737624,8542422,B
1968880196,9351507,C
2034314942,9560439,B
2131040655,6228089,B
2745081038,10783787,B
2119202475,6072364,B
1893306321,7035345,A
2117006423,7035345,B
2093551905,9351989,B
1583775262,5821201,B
1580414055,5202306,A
2022823766,7006088,A
2087588729,5605799,C
2967635551,11435422,C
2050076689,6596497,B
2043448829,7241803,A
2767111528,10461492,B
1525747563,8419810,B
2613548699,10469486,B
2165349070,8577091,B
2053482088,5351262,B
2622154850,10306396,C
2011755904,5186769,B
2152155538,5398215,B
2891889079,11294052,B
2100733023,8697856,C
2025086199,7888085,B
2059906814,8748738,B
2141899893,10418939,B
2109829736,10418939,A
1590805426,6997753,B
2025594755,5120610,B
2734251950,10190058,C
1982671048,6069843,B
2161075991,6609002,A
2062990257,7919633,B
2790706260,10664685,B
1996738701,9313423,A
1973005464,9313423,B
2010948651,6069843,B
2074161476,9313423,A
2168162320,6832036,C
2589050450,10399965,C
2012229697,8273823,A
2317295301,5763548,A
233685,5763548,B
2005837397,6538091,B
3021604564,8252880,C
2032267541,6887962,B
2043108289,6541580,B
2048809464,6790919,A
2014172913,6887962,B
1998678501,6538091,C
2897320477,11472894,A
2032344183,6887962,C
2234581157,8138289,C
1983155946,6363154,A
1540626554,4771461,B
2801111770,11492366,C
1994493549,8321823,A
2623747941,11583578,A
2066740791,6697947,B
2107430786,6564037,B
2514718641,10652144,B
2088530598,9179470,A
1972819412,10038240,B
2142897811,8922435,B
2060374857,10038240,A
2168725200,9560073,B
2155212702,8836608,B
2091658160,6485762,A
2146581751,5811632,B
2159284404,5747028,B
2147329241,8836608,B
2016961049,9560073,B
2789271485,10812112,B
2122474467,5901243,A
2328503594,7345767,A
2325528167,7345767,B
2098471710,9700264,A
2156550603,9366629,B
2002023169,8835671,B
2275446455,10315131,B
1970307455,5843746,A
1507236179,5942427,A
2989169880,11231475,A
2007294293,9726742,C
2007294293,9726742,C
1529887509,9726742,C
1529887509,9726742,C
1996088842,5859188,B
2139529220,9228018,B
2151786769,5641651,C
1980477679,5328688,B
1975855059,7532093,B
2158316429,7122529,B
2137820921,10077480,B
2283132972,10330610,B
2806390619,11446279,A
2405672067,4500460,C
1670526549,5804413,B
1556146221,5804413,C
2053096255,4619920,C
2808195806,11368280,C
2067696053,5395922,C
2578572688,10372823,A
2395316927,11129806,B
2117058366,8426574,B
1991633654,8747846,A
2158593164,8709446,C
2139506020,5871952,B
1996290254,5871952,B
2043261643,7944206,A
1482690363,7871663,A
2991589230,11242054,A
2909414402,10990096,B
2052230625,5900234,A
2107532618,8581442,B
2157305662,9369058,A
2157305662,9369058,A
2106951611,8581442,C
2073265003,10741325,B
1998686789,10741325,B
2143673910,8749334,C
2143673910,8749334,C
2150195680,7969269,A
1972394977,8836342,C
1988995422,5325058,A
2165461908,6380886,C
1995119931,6838280,A
2091747711,7881347,B
2091747711,7668211,A
2007591246,7881347,B
2050909426,7668211,B
2114285067,7881347,B
2114285067,7668211,B
1676847180,3953825,A
2075999096,3953825,A
2062023352,6870664,B
1998079931,9226920,B
1998079931,9226920,B
2094349222,6610271,B
2101621688,10187617,B
2521007378,10919857,B
2009127932,4792529,B
2168370476,8078561,B
2808256508,8078561,B
2686032980,11028211,A
2091173129,4785079,B
2169989475,7069490,A
2544847571,7889758,A
1978428763,7321029,A
2936364335,11032984,B
2890408546,11032984,A
2904216164,11032984,B
2091517522,9919280,A
2091517522,9919280,A
2144733364,10799580,B
2015649886,7745440,C
2015649886,8084467,B
1980967605,6166066,C
2169635828,6087093,A
2060680093,7483515,C
2019722378,6166066,B
2094028547,6995187,C
2059539544,7276613,C
2087723063,7589220,A
2083616159,5872148,B
2114262875,6461615,B
2114262875,6447781,B
2112020685,6623927,C
2092078767,7247737,C
2004373304,6623927,C
2213480341,10983121,C
2766849114,10829571,C
2606883870,10983121,C
2037548050,6767384,B
2545524810,7224708,B
2058619318,7390472,B
1553781597,7268741,A
2790324653,11141709,B
2042809741,7822174,B
1942093810,4853453,C
2228983471,10153155,B
2615178484,10404064,A
2523696777,10043925,B
2333411473,10043925,A
2059434317,5464798,B
2963816678,6897436,B
2047481080,6897436,B
1995903486,7362440,A
1995903486,7362442,B
2080124556,5939321,B
2120626681,7362440,B
2010893146,5466798,B
2057869109,9444063,B
2587775812,10501528,B
2511675959,10378986,B
1562083857,7326307,B
1982160212,5861153,B
2085166042,5810985,B
2145683498,7235295,B
2040791827,6605237,B
1994753048,7235295,B
1992000734,6093758,B
2095161101,6184211,B
1907471657,11012307,B
2077223706,5571339,B
2049630665,4606025,B
2075438468,7417231,A
1986227147,9155514,B
2103471972,7639206,C
2151288691,7639206,C
2784947285,10962409,A
2613548260,10919047,A
2010044245,8186235,B
2008980414,8948219,B
1589774472,7706603,B
2070602514,4661235,A
1986559590,4849343,B
2141129690,9041234,C
2145203884,8676302,B
2539515938,9861324,A
2539515938,9861324,A
2059571518,9523571,A
2059571518,9523571,B
1978083746,8896594,A
2124578685,8676302,B
2130027536,6707948,B
2301045209,10537299,C
2320289332,10643354,A
1985018157,8666723,B
1985018157,9152540,B
2162023704,8666723,B
2162023704,9152540,C
2748309041,11337663,A
1562115998,9730657,B
2522141665,10722201,C
2140299945,8395123,B
2064136861,9777301,C
1987945672,8406586,B
2050138542,6736249,C
1563718285,4324128,B
2800771782,11281208,A
2766093035,11310417,B
2964326110,11574405,A
2994763827,10853447,B
2926206832,10853447,B
2913206404,11451532,A
2621873339,10793908,A
2333759290,9797046,B
2799963983,11101616,C
2999357097,4790627,A
1421673833,11396887,B
2015438565,7737308,A
2124492817,6868138,B
2144258722,9765478,B
2042794393,7323322,B
2135107819,7390659,B
2122842653,6101296,A
2117662416,9395535,A
1972207950,9536338,A
2108831427,7346514,C
2183786486,6215081,B
2156901285,8564224,A
2003312899,8161155,B
2022745456,7075658,B
2164397117,9279659,C
2159110228,9448056,C
2070740058,8693745,A
2047929777,8718743,B
2104692966,9279659,A
1964863796,7336366,B
2099941024,9279659,A
1759653733,7019838,A
2580802821,11000625,B
1998292003,6864301,A
2004685201,9586060,A
2086789361,9586060,A
2769528126,10413754,A
2079292521,9586060,B
2291100611,9022141,B
2130082230,9085938,A
2129803425,9580759,C
2129803425,9580759,C
132239896,6813565,B
2586813637,10229675,B
2586988759,10229675,C
2105992849,8609343,B
2318681530,8609343,B
17038525,6080164,B
2895417163,10620503,A
2799858308,10620503,A
2037509092,9838476,B
2149456606,8287886,B
2033956919,7071320,D
1997345929,6156546,C
1744198372,6156546,B
1988369880,4661984,B
2137906289,8731877,B
2944255102,11237454,A
2157017222,8051352,B
3000087619,10977400,A
2144134459,10023307,B
2072243793,9660654,B
2124152313,9872334,C
2124152313,9872334,C
2542577929,9042286,B
2055014643,5701318,B
2074253387,6429965,C
2047843041,5701318,B
2078311767,5701318,B
2137895607,8204836,B
2178741720,9944952,C
2178741720,9944952,C
2949710318,7678356,A
2160239525,6436409,B
2406712460,10604585,C
2092883388,7224458,A
2032820585,7648802,B
2021495754,6686132,B
2026942967,7741029,B
2004839599,5783828,A
1980327336,7224458,A
2041833213,7648802,A
2156582522,5852496,B
1980534149,7606367,C
2131471521,9536338,A
2150731090,9951371,B
2032102880,4105713,A
1482048712,4508827,B
2105399656,8924332,B
2037598541,8924332,B
1972591938,9424693,B
2147163646,6407477,B
2147163646,6509669,A
2147163646,6411007,B
1536225969,6407477,B
1536225969,6509669,A
1536225969,6411007,B
2010765698,4657879,A
3008715996,11541251,B
2016465806,8767625,B
2034084319,9813278,A
2071370204,9239042,A
2951952093,6723850,B
1912054774,5837852,C
2088271375,5166057,C
2104061813,7698067,A
2000019467,6649087,B
1492440839,8156029,A
2023653161,6833437,B
2604112991,10261151,B
244495511,5648532,B
2090716553,5888473,B
2606946181,10635068,B
1983104040,5527525,B
2884742303,10895620,B
2020266730,4191571,A
2023121359,7407734,B
2141336889,9971414,B
2141336889,9971414,B
1972965417,7407734,B
2541854641,7407734,C
2023903930,9355194,C
2953262864,6894067,B
1979645349,5436499,B
2109138138,7313182,B
2103465052,7035353,A
2138319242,7313182,C
2500610885,10191726,A
2741124102,10172862,C
2955825492,10946022,B
2955825492,10369154,B
1969227488,9366777,B
2093581082,6509195,B
2274960181,9884836,B
2274960181,9884836,B
1979125543,9110219,B
2150132434,7035538,B
2124657959,8800375,A
2055627030,8800375,A
1989724813,7616618,A
2169934134,7206517,C
2105631247,7206517,B
2021589642,5081002,B
1599963102,7035538,B
2116861087,7616618,C
2161196768,7616618,C
2145653580,6453093,B
1492289264,7206517,B
1803319191,6915040,B
2041302615,9110219,B
1985013843,8779118,C
2126851645,5162112,B
2019307443,4694071,B
2093545109,4694071,B
2087461897,5665535,C
2209296806,10588535,B
1484332412,10588535,B
2113868137,6603890,A
2121654451,8462812,B
2168190622,7257441,A
2168190622,6675042,A
2076182623,8425567,B
2037002379,9034017,B
2037002379,9034017,B
2075821444,9034017,B
2075821444,9034017,B
2051474480,9034017,A
2051474480,9034017,A
2028351011,9060709,B
1971627640,8229920,B
2038692154,7275056,A
2083331160,5206508,B
2076855408,7593931,A
2027020622,5712301,A
1861955637,6127543,B
1997281478,9129993,B
2013264850,10851174,B
2090616524,5595912,B
2093939575,5518724,B
2321495120,5595912,B
2069465742,7244432,C
2158614288,6876751,A
2084732035,5325436,B
2186975121,6893567,B
2611516504,9926213,B
2030221471,7208094,A
2006504610,7326514,A
2752277886,10969642,B
2328624774,9372398,B
2089891383,7096447,B
2165955628,5347580,C
2122218866,9383292,A
2006752337,4941956,B
2074844062,4941956,B
2068241729,9382903,B
2979947611,10287588,B
1998227969,5260273,B
1996845136,5407914,A
2031711828,5427763,B
2078299328,8661374,A
2140407831,7894648,B
1996079325,7894648,A
2578009003,10985777,A
2089353892,7351203,A
1994483944,10420471,B
2019464853,10420471,B
2192013030,6066785,B
2046357168,7362431,B
2099109313,7362431,B
2770756146,11469594,B
1744937271,9654752,A
2964322393,10985777,B
2963133108,10373512,A
2091256848,7928893,A
1988350204,6261029,A
2927286422,11028461,B
1592132418,7031492,A
2000615535,7312244,C
2014712161,7491849,B
1975378323,6277559,B
1975378323,6337178,B
1975378323,6338960,B
1975378323,6329194,B
1975378323,6268121,B
1975378323,6329154,B
1984105546,10328136,C
2602860431,10576115,C
2029731237,6046009,B
1955923360,6127128,B
2074239537,6207394,B
2086007999,8592791,A
2165178384,10980519,B
3018349180,11509109,B
1652488146,8395301,B
60723690,4548782,B
1835492715,6387372,B
2083807898,6387372,C
2113396167,7948420,A
2078481530,4115191,A
2032912194,4421713,B
2128276383,6563556,B
2607644258,10814557,A
2150682657,6826752,B
2014929801,6133322,B
2474638189,10748095,B
2159685651,8358796,B
2058449444,6472443,B
2010280805,7264723,A
2173300498,7319425,A
2924361529,11554359,B
2496757567,10272182,A
3028154393,11203541,B
2114189212,9600784,A
2052094925,6177373,B
2130314959,10421950,A
1525401561,8494243,A
2246980366,10002064,A
2081571914,10025699,C
2559974609,10747641,A
2121923099,5798680,B
1989458911,5475355,B
2091491108,10364469,C
2059706569,7153953,A
2083274614,6309705,C
2042989826,7487507,B
2004353878,8941187,A
2004353878,8941187,A
2014645775,6295332,B
2064684190,8775060,B
2023084158,5892437,A
2395467725,10657642,B
2094930348,5412365,B
1996784431,9232907,A
1504042724,5916772,B
1501755467,8250367,B
2079017863,7361261,B
1977327452,7710051,B
2030254544,8452410,B
1985499184,5993822,C
2136647145,8418442,B
1977789136,7029863,C
1982503871,4655608,A
1993537215,8983142,B
2088704835,10073082,B
1951761863,9400921,A
2009656721,7393855,B
2003643731,9174990,B
2003643731,9174990,B
2035743164,7492312,B
2156652955,7843382,A
2735056053,11321049,A
2027567217,7492312,A
2016947095,7843382,A
2032874696,4810954,B
1990027846,7163808,B
2103033568,7508175,A
2007956642,9299922,A
2041661025,7214714,B
1605114373,7428521,A
2025585323,5047994,B
2075275961,7514148,A
2145465320,8778688,C
2081758723,6586623,C
2143829202,8367360,B
2044121220,9676886,B
2312849695,8853349,A
2022372613,7375202,C
2134061616,7375202,B
2005724292,10291399,B
2095586158,9111051,A
2071156087,7611619,A
2103184742,7223438,B
2069005915,7291284,B
2005082260,9532948,B
2181227864,11213593,B
1964373062,7611619,A
2152869837,7289961,B
1966248051,8552370,B
1583459471,6902732,C
2176419924,6937115,A
2030348162,7242269,B
2405577499,11174478,A
195726502,5903622,A
2010263456,6525480,C
2072303110,5903622,B
1951559931,6791543,B
1988599854,7763603,B
2494207721,10273405,A
2756239816,10687898,C
2419784917,10853523,A
2041988954,6602989,B
2075224255,6668073,C
2032820816,6668073,B
1555018924,7222961,B
2064322027,7222961,A
1968733242,7118217,B
2587958472,10853523,C
2163992360,9599671,A
2026944232,7970290,B
2031763101,5986628,B
2009878821,6748269,B
2120344744,5857977,A
2149684006,7836303,A
2023703935,9145304,A
2135187022,4146602,B
2099737292,6678293,B
2157369318,8864081,B
2036521660,9517277,B
2004181654,9517277,A
2007460726,5104885,B
2061193080,5904909,A
2032502166,8753635,B
1999125826,8845539,A
1999125826,8845539,A
2110070357,8965765,B
1984167858,8975912,C
1573909881,9509280,C
2053998493,7821263,A
2007118882,7569205,B
2132865063,8014953,B
2105707878,8014953,B
337558613,5223117,A
2062454097,7273636,A
2917681380,11591449,B
2010467127,7135054,A
2513868416,10537575,B
1642496694,9934579,C
1862674809,9934579,B
2521534499,10195265,B
2075610169,7245790,A
2028507509,7245790,C
2033111669,4791162,B
1524049233,5783681,C
1984921118,8650016,A
2083539838,9840515,A
2083539838,9840515,B
2545221752,8078660,B
2545221752,8037118,B
2168020750,8037118,B
2168020750,8078660,A
2102729529,8166091,A
2103456199,7956592,B
2111784292,8384365,A
1994608297,5824842,B
1567270145,8280133,B
1974079116,8586547,C
2404046463,9850340,B
2962789842,11525673,B
1994770091,9770498,C
2010696220,4847198,B
2088589580,4847198,B
1976477378,7455099,A
2004426226,8877636,B
2043824820,5807689,B
2108894780,5686580,B
2041408289,8435983,A
1972290248,7135134,B
2122049228,8504540,A
2139768233,8843887,B
2466649529,10127088,A
2070727486,5336615,B
2138574538,8812808,A
2074069591,8502143,A
1991907719,5490973,B
2014145442,7640558,B
2074576118,10540457,B
2004776848,8949091,A
2004776848,8949091,A
2400044649,4741596,B
2591631744,9907520,B
2591631744,9907520,A
1894482564,9782136,B
2113754168,8298525,B
2336507460,10336784,C
2786847311,10336784,B
2164020642,8837036,A
2011638169,9557223,B
2090438403,9341921,B
2128447497,9341921,B
2041670456,5169941,A
2080475622,11066353,B
2513476441,10852284,B
2193806968,10852284,C
2794248663,10852284,B
2501838713,11161882,A
2018299273,7270955,B
2022243246,8742083,B
2760959523,11115475,A
2545072869,11115475,B
2545072869,10271728,B
2545072869,10849503,B
2345726324,11115475,B
2480650319,9924372,A
1974919553,10271728,B
2963456281,11240137,A
2168587388,7469152,B
2119478661,9379449,B
1973288205,7207715,A
2094416920,7207715,C
2065012460,9625713,A
2086428833,9625713,A
1990038625,8977485,A
2003663685,9102716,B
2003663685,9102716,B
2114732860,8196216,B
2113558416,9192933,B
2113558416,9192933,A
2075094250,5490951,B
1992221545,7595872,B
2043140968,7595872,B
955610120,8404658,B
3026112555,11607402,A
2951264611,5490952,B
2113183051,5231205,A
166607376,5330687,B
2128443345,8032024,B
2163821648,8032024,B
2313460058,9221842,C
2175914541,5858744,A
2140367743,6548301,B
2335670169,6548301,C
271043691,6548301,B
2016814794,9931630,B
2016814794,9931630,B
1502969265,7519828,A
2169017341,5553000,A
2952364114,5490951,B
2067855092,6312727,B
2318537430,6614469,A
1794470924,5643051,B
1988779574,5643051,B
2082879681,9355309,B
2121684594,9775068,A
1975863985,8957404,C
2124057946,8957404,B
2055906715,5589231,A
1978917197,9925248,A
2598118151,9981020,B
2598118151,11298411,B
2003639225,5316795,B
2133909009,7148669,B
2133909009,7148669,A
2038530675,8130522,B
2096814327,5867379,A
2031525246,5846933,B
2056401705,5846933,B
2020770787,5846933,C
2020770787,6127387,A
2064119687,9981020,B
2095032740,10977587,A
2084661160,6069860,B
1895124798,5754512,B
1555261346,6952690,B
2163375685,6952690,B
2397155658,11143787,A
1585794944,5070011,B
2951234818,9067946,B
2411836947,11278618,B
2329375242,9744234,B
1935617463,11278618,B
2103524303,11278618,B
2891382949,10824230,B
2889524726,10664671,B
2055769358,4408568,A
2156478754,7398455,B
2015245793,10449473,B
2098206714,8908414,B
2059567689,9775506,B
2149939811,6100474,B
2051575453,8886329,C
2121065779,7904163,C
2320640052,9164105,A
1943459627,6312963,B
1943459627,6057171,B
1943459627,6291254,B
1976408315,8588921,C
2166494495,8244363,C
2011316152,6614428,B
2011316152,6606095,B
1537456990,6593925,A
1963839649,8901683,C
2049974015,8901683,C
2204037609,9512187,A
2291071388,10745705,C
2033957887,6369100,B
2114993322,9407317,A
2331812591,9012188,A
2098082753,6562570,B
2091249824,5777255,A
2963586803,11263470,B
2124835333,7443925,A
2112767668,8663563,B
2038551857,9605266,A
1569668463,6562570,C
1998119441,8138327,B
2173438904,5695938,B
345890871,5695938,B
983584367,8227442,A
2731800884,11219635,C
2027067904,5985661,C
197662925,9363282,B
197662925,9363282,B
2011136140,7335469,C
2158104323,9121010,C
1877904979,6165438,C
2031631572,5283192,B
81033918,6117808,B
2151592156,8865995,B
1998904229,7228238,B
1521185064,7168030,A
1992801495,8699362,B
2084089583,5629150,B
2524767344,10056198,A
2754336586,10832492,B
2019941729,6818887,B
2086952270,4754151,A
3020939245,11135369,B
2150503227,9321743,B
2150503227,9321743,B
2005900839,5877207,B
2005900839,5952345,B
2054046497,7868789,A
1976794544,8642981,C
2094591121,6294657,A
70952484,6534544,B
2027123578,4613500,B
2164031842,7230620,B
2142389575,9665234,A
2057724146,7496450,B
2171849507,8884876,A
2774783374,10457940,B
2605410798,10457940,B
2126238962,7426292,A
1852815127,7142726,A
2146135182,7218324,B
2343530995,11428924,B
2108506150,9134239,B
1505325300,7222334,A
2998923455,11131737,A
1987117885,9977900,B
2344763551,10613159,A
2059546132,9841472,A
2125515762,7559080,B
2002905730,8178357,B
2063898460,4172764,B
1983294478,9309537,B
1983294478,9309537,C
2150081851,7790448,B
2047829391,7790448,B
2089116508,4609876,B
2117923053,6797962,B
2138069093,5315612,B
1578193465,9309537,B
1578193465,9309537,B
2762442437,10547871,A
2508446499,9771587,B
2508446499,9988633,B
2088895605,9645935,A
1489737123,7889941,A
1999717818,9204623,C
1646976215,4765972,B
2001878168,6396269,C
2950540532,4091005,A
1982705346,5895814,B
2063329377,5304631,B
2024930071,6770283,B
171054297,6770283,B
2055047899,5739026,B
2896036660,11101620,B
2039088050,8343706,B
2544059081,4286010,B
2905045719,10831669,C
1535874622,6511828,A
1990574455,5783505,B
2249914378,6486232,C
2164928967,5515461,B
2159663024,8552144,A
2043564543,7684664,B
2100203914,8053182,A
2100580658,7684664,B
1586372951,7205141,B
1998409274,6927886,C
2157083830,6211848,A
2023080392,6211848,A
2118743623,4649189,B
2037154357,4634759,A
2150665095,4668589,B
2053527195,8943897,B
1987904231,7573064,C
2033506167,5228445,B
2029397995,9687448,B
1810737626,8290178,C
1518483986,7016505,C
2067010796,8577678,B
1502692652,7215786,B
1518483986,6967455,A
2088490772,8538751,A
2126980866,8155331,A
2128352481,8889976,B
2150946027,8073690,B
2168315971,7589841,A
2086703051,8252940,B
2086703051,8252940,B
2145831411,6283923,B
2104994248,8885050,A
2097230542,8885050,A
2953017819,11380421,B
2134717935,8131542,B
1608003482,9583119,B
2017519504,9208782,C
2017519504,9208782,C
2168483376,8155331,A
2331426985,8155331,A
2169872459,8131542,B
1993411870,9208782,C
1993411870,9208782,C
2149527779,8392185,B
2319306725,8073690,B
1498433797,8073690,B
2086690001,6392653,A
2734684882,10688285,B
2132755937,7072547,A
2104919074,8353199,B
2609279026,10755442,B
2017971234,8551287,B
2144950545,8009911,B
1854054867,5879886,B
2097542309,7408345,A
2210988467,6200567,C
2170845775,RE39433,C
1560817952,6200567,C
2026486068,4644003,B
2547324603,9882535,B
2079715205,4841989,B
2047735134,6108457,B
1983955734,4841989,B
2114208583,7042678,C
2036632166,4973629,B
2064630188,6367935,C
2802492743,11401582,C
1970355340,5286812,B
2283362794,7310468,B
1637869010,6995404,B
2078128619,6995404,B
2080403149,6678450,A
2057495057,6678450,B
2072677375,6678450,A
2078586062,9910052,C
1969808509,7235750,B
2061209675,7371414,B
2048099302,7371414,B
2149399041,7127208,B
2080322628,6366759,C
1490566394,5608405,B
25946444,5473746,B
1997505528,5608405,A
1984556642,9336791,B
2734353009,10015618,A
2012352088,9976137,A
2137908791,4567146,A
2005401451,4567146,B
2022986290,7442500,B
2146228063,9381176,B
313572400,9082923,B
1542720639,9082923,A
1974703469,6798406,B
2128769851,7544155,A
2092525208,7544155,A
2499830785,9961139,B
2499830785,9961139,A
2617521819,6064809,A
2625190407,10850495,A
2049398445,9194753,B
1981880737,5105585,A
2100696585,6721658,B
2138296582,6721658,B
2008272687,5043321,B
1552314771,7624008,C
2128507058,7689406,C
2139246996,6674928,B
2026877539,6674928,A
2036625957,6469357,B
2069740480,6404027,C
1494087470,6404027,B
2500988369,6469357,B
2104874810,7745141,B
2109225694,9335325,B
2109225694,9335325,B
2108136889,9335325,C
2108136889,9335325,C
2312778997,8361932,A
2003113488,6680178,B
1998331667,6680178,C
2101080348,9388411,B
2092110863,8354552,B
2079349604,5384122,C
2047925932,7449556,C
1999412294,7449556,B
2945970789,11379261,A
2079194524,6803195,B
792681079,9476061,C
2196858156,10209074,A
2512605113,10960209,B
2173506153,6943175,B
2131490940,6940253,B
1855882660,6940253,A
2107456845,9000030,B
2963531306,10832084,B
2142229422,5866397,C
2092172595,9133492,C
2889328383,10763990,B
2905418916,10838730,A
2101533740,9272051,B
1976270946,9413676,A
2394620731,9680854,B
2394620731,9680854,B
1551913690,9576343,B
2469170479,10204084,B
2100767640,9430533,A
2745934983,10496452,A
2169519966,6952436,B
1977092894,6735627,B
1964751751,5804705,B
2022139667,5804705,B
2080185456,7107269,A
2150748964,6471656,B
2021972183,8047232,B
1524668302,9688738,C
2313721220,8207325,B
2107555964,6931579,A
1877319701,6931579,A
2159029162,6914548,A
2137461662,6931579,A
2124948376,8762308,B
2096614109,10775322,A
2910345290,10640545,B
2548162453,10640545,B
1988882773,9745288,A
1991786310,8291768,A
2027120974,8707789,A
2792059711,10991384,C
2111428553,7269046,A
1603601790,7269046,A
2106630675,6579703,B
2092456548,8442368,B
1972662818,7159402,B
2102821692,6906506,A
2160372607,6906506,B
2127938015,8685972,B
2508015709,10677744,A
1999563429,8417709,A
1905953008,5486214,B
2067876843,7037391,B
2160913309,5428726,B
2002943653,6194633,B
2137862343,9053087,B
2012495733,8741156,B
2059729408,9504707,B
2046847233,9504707,B
2081815037,5264354,B
2051065749,9253511,A
1964172636,9253511,B
1970611232,9238816,B
2047742034,5440845,B
2323552610,10818468,B
1986349830,5194428,B
2754303615,10544207,C
1585805390,8330462,B
2117512866,8878568,B
2002127151,5935551,B
1983393469,5935551,B
1905425345,9843189,B
2068874149,4547367,C
1988299241,11279783,B
2113991024,7795316,B
2068871397,5580782,A
2161738112,9908930,B
2884476223,10544207,C
2124121242,10506989,B
2014508284,4977572,B
1998564113,7211189,B
2463955103,10417557,A
1895577753,9858524,A
2326265094,9156859,A
2027640360,4953983,B
2167740591,6490064,C
1983864902,9326049,B
2072120000,9479282,C
2077713986,7888374,B
2242358643,10247276,B
2023332292,9567331,B
1545841839,5743860,C
2153036535,4335432,B
1516784176,8415493,A
1516784176,8415493,A
1983457986,RE42313,A
1973834355,5804217,C
1989126653,6583302,A
2086870787,8415493,B
2086870787,8415493,B
2178760336,6869965,B
2802627208,10573029,A
2204093581,9508164,B
2030478649,9508164,B
1978743456,6157035,A
2113796339,6401520,A
2021018834,7512553,B
2109670426,8543809,B
2016483849,7277768,C
1527373281,7702561,C
1574501520,6314362,A
2027112175,4902671,B
1626061362,8790281,B
2172265458,6537306,B
2136493228,6537306,B
2163710495,9621276,C
2511388779,4169096,D
2768285201,11278254,B
2039299861,6537306,B
141589594,4013788,B
1592211163,6229153,A
1654778252,6229153,A
1993880563,9254278,B
1993880563,9326966,B
1786998365,10668094,B
2112058526,8010920,A
1989803265,9054532,A
2063933519,5874210,B
2047945565,5919618,C
2613378714,6885907,B
1999912868,6885907,B
2547654785,9622085,B
2547654785,9622085,B
2137999817,9622085,B
2137999817,9622085,B
1512680784,10009946,A
2345896629,10009946,B
2137681687,6799570,B
2137681687,6612308,B
2177552323,6289274,A
2172736287,7472100,A
2095951364,7242337,B
2156125557,9675554,A
2066263596,11517255,B
1939896348,7317684,B
2066263596,11540769,A
2135800242,7317684,A
2033168374,5049488,B
2151700973,8425742,B
2116864112,9175264,A
1983582703,5914121,B
1975391798,5286846,A
1035489275,10125374,B
1971633799,9432693,C
2999634865,11223849,C
2100747796,9300978,C
2016340709,8663852,B
1987318374,9382279,B
1987318374,9382279,A
3026890026,5215099,A
2143841118,8379891,A
2044623356,8909251,A
2013086649,7752040,A
2154373604,8005238,A
2579826387,8450275,B
2097095684,7846897,C
2161304220,9583111,A
2161304220,9583111,B
2135001643,7804518,B
2408423751,10356317,A
2145213600,7804518,B
2294015461,8350957,A
2749252755,11212459,B
2912293422,11414468,B
1994343484,5192664,B
1738437631,9916197,C
2048916257,9086955,C
1990086878,8151613,B
2001503652,6681264,A
1920652437,8428957,C
1920652437,8428957,B
2165712214,7254538,A
1527432930,8428957,B
1527432930,8428957,B
2002157067,5192664,B
1991580362,4187300,A
2122670138,5878389,B
2131618875,9441175,B
2443837434,10944639,A
2128911680,9404005,A
2128911680,9404005,A
2033340445,5533807,B
2033239824,4870121,B
1568358835,6471886,A
2296458221,8607350,A
2144000054,9748568,C
2144000054,9748568,C
2011526440,4289607,C
2034650016,4229424,C
2010409595,8039832,A
1994659667,7259519,B
1994659667,7323877,B
1994659667,7339322,B
2010699341,10079466,B
2106317107,6537233,B
1572636381,5736317,C
2014585448,4782072,B
2082321834,5208785,A
2519112680,4782072,C
2122894837,8091143,B
2399683358,9713628,B
1991658425,5006753,B
2095983586,7083928,A
1749480759,7693940,A
2012712337,8869128,B
2012873975,6184317,B
2061329552,5208304,A
2160969819,9902957,B
2160969819,9902957,B
2093992857,6408683,A
2064022513,5116740,B
2157874893,5952545,B
2162024492,7534767,B
2585582089,10919765,C
1607104431,7646730,B
2102567646,7646730,A
2076471348,7277222,B
1539064983,5254374,B
2132633950,6501004,A
2074052199,8236929,B
2151131440,8515335,B
2333939554,9834771,B
3022028533,9834771,A
2312475117,9834771,A
2005435517,5834272,A
1965622703,4971670,A
2041378235,5834272,B
2491852469,10243776,A
14933641,4950990,B
2135746102,8227186,A
1766167884,11344847,B
2014023435,8084589,B
1975426329,6634007,B
2975023189,11012100,C
2021685845,5000779,B
1998152650,8898644,A
2094714937,9489286,A
2094714937,9489286,A
1987040278,8402140,B
2139572323,8402140,C
2086707647,8098585,A
2111013273,8200797,B
2155293476,7395457,B
2166367071,7788261,A
2105253445,5955593,A
2112153207,8350749,A
1987193942,9973739,C
1974377950,8767818,B
2129973583,8929462,A
2129973583,8929462,A
2140577110,7991236,A
1943094220,5548642,B
2119274210,8284237,B
2112369295,7991236,C
1551939468,8300690,A
1996884256,9398313,C
1996884256,9398313,C
2057412923,9522828,C
2076392823,9522828,C
2079828394,9522828,C
2104265046,6853189,A
1972737942,5114852,B
1776107594,5114852,B
2330939684,9944668,B
2330939684,9944668,B
2094893220,10209257,C
1982001921,7816082,B
2015370922,5731408,A
2414798665,11141452,B
2072794138,7250269,A
1989570005,7452687,B
1882825077,9684282,A
2045337028,9999901,C
2546085227,6894292,B
2096309356,9651470,B
2013579945,6232295,B
1975272077,7761216,B
1965602881,5421934,A
2321211508,5421934,B
1570388754,8774400,B
2165372046,6721454,B
2781405831,10911323,A
2148394257,6492148,C
2593946001,9920188,B
2274245280,9920188,B
2603768764,9920188,A
2032995422,7944793,A
2165293317,7839780,B
2122104763,10577614,B
1997201299,6790644,B
1764795829,10577614,C
2375179107,10577614,C
2766231808,10641918,B
2567418712,10641918,B
2044048283,10030266,B
2889675990,11035800,B
1607111004,6501767,C
2139718261,5786188,B
1966536668,5476788,B
2051041243,9594128,A
1494526651,6057136,B
1480690554,6057136,B
2979750667,11227624,B
2566583287,9342903,C
2019008221,7672739,A
2029026790,9342903,C
2010646197,5905573,A
2127839174,8560602,A
2091305388,8856601,A
2077981550,6022690,B
2050318271,8877723,B
2148562877,10232080,B
2095254342,10232080,C
2929723786,11234673,B
2779062434,11234673,B
2770694068,11213278,B
2884361750,11213278,A
2116570145,8785133,A
2107303204,8785133,C
2800590389,10499543,C
2512785086,10371461,C
2038666271,6132526,B
2026254227,5850262,C
2268562140,9728565,B
2268562140,9728565,B
2088284312,9728565,A
2088284312,9728565,A
2800207749,11589766,C
2755160217,11589766,C
1861930225,10850588,A
2056963355,4140005,A
1989425678,4140005,C
2891562289,11457211,A
1577677468,7783097,B
2315250335,6180402,B
1983820161,7615548,B
2044027391,5167862,A
1549585365,7861247,A
2123413847,7272626,B
2170715936,6150514,A
2531990420,11075009,B
2987738760,11288871,B
2508407337,10695319,B
2770143198,11190458,B
1984750534,5113032,B
2006857729,10006033,B
2165475904,6697150,C
2072086464,8916174,A
1990761497,8989469,B
1968190523,8532350,C
1999818569,8989469,B
1980462306,8611626,B
1971292234,8270760,A
2016607295,4703012,A
2025264028,6497884,B
2800220558,11161124,A
2109312953,4598409,A
2048563186,6605328,B
2028163800,3952590,A
2105072236,7978319,C
2140041342,10008608,C
2140041342,9614096,C
2110800476,5506918,B
2046240825,7925781,B
2980257063,10989867,A
2899345451,11422134,B
2945169723,10989867,B
2969307413,10989867,B
2789357936,9962090,C
2100466741,11304604,B
2102348758,11195318,A
2067932376,7981427,C
2088383550,10023977,C
2572760626,11149081,C
2069804476,9398599,B
2153204084,8272278,A
2153204084,7878075,B
2153204084,8181540,B
2142707570,7333393,A
2183024053,7333393,B
2060550660,7333393,A
2984242138,11139961,B
1972856197,7534489,B
2524416496,4046759,C
2089323986,7204979,B
85848254,5294442,B
114195302,5171686,B
1966082112,8109254,B
2129971578,6154489,A
1483604355,6717990,B
1515353239,6154489,B
2166322648,6535647,B
2152591381,7231086,A
2073772402,6535647,B
2073772402,6539122,B
2095733476,6535647,B
2095733476,6539122,B
1893433132,6717990,C
2110491778,6681180,B
2104072275,7599069,B
2127585233,7551671,B
2109073021,7267859,A
2109012526,7267859,B
2500041456,10201564,B
2005763429,7093509,A
2054335026,6873163,B
2168257552,8460670,A
2096145980,7711494,B
2083472121,10017796,B
1552977757,5637966,B
1482541552,5637966,B
2062331722,5002798,A
2050332408,7932490,A
2050332408,8047055,C
2900480622,11530447,B
2627091853,11530447,B
2065346330,8035279,B
2065346330,8595923,B
2103799096,8810188,A
2143718729,10418145,B
2049078445,10302586,B
2014609842,8985547,B
1968896256,6579868,B
1998217857,5856511,A
2044408741,6280974,B
2125416741,7251705,A
2107692045,10132994,A
1993442630,10132994,B
2100089026,7360068,B
2081521565,4636385,B
2073315755,5828991,B
2114490864,8513452,B
1991047136,7498419,B
2044396260,6970947,A
1957170617,6306394,B
2105533635,8996195,B
2084579137,9059417,B
2023993304,6690383,B
2328119881,6451984,A
2105343961,8721696,B
3000545734,11317970,A
2460526988,9963498,B
1991646270,6451984,B
2257923202,6342397,B
2153767582,6799194,B
2008354306,3947592,B
2006081903,9545219,B
2139632946,9545219,B
116758555,6455678,A
133253872,6455678,B
175221152,7499960,A
2112042552,6538664,B
2004186567,8761476,B
2045448766,8761476,B
2078508804,9175267,B
1470776057,4783336,B
2065710110,6148613,B
2210175341,4552812,B
298796867,9755630,B
298796867,9755630,B
2121840376,9558738,B
2063203740,8892443,A
2769769298,11246856,B
2006882494,8044190,A
2202821932,9931393,B
2101778284,8524248,B
2055264554,8497385,A
2035267185,8735609,B
2035267185,8735609,B
2079487509,10180382,C
2568059334,7856866,A
3002634499,11136631,A
2182894341,5376525,B
76096160,7996076,A
2071984599,4259110,B
2009457093,9803206,B
2049828118,9677138,B
2026037729,4259110,B
2131870847,9677138,B
1667346574,7764302,B
2316368966,7510802,B
2015810091,6344232,B
2052188523,8223980,B
197931350,7126054,C
2004057491,8632789,B
2028323074,8632789,B
2055803585,5173880,B
152324036,6770490,A
2886963580,11505739,A
2092474544,5299035,A
1974610058,5299035,A
2024669965,5299035,B
1551915784,7394762,B
2094366129,5855887,B
2094366129,5811097,B
2094366129,6051227,B
72456621,5855887,B
72456621,5811097,B
72456621,6051227,B
2284473288,5294600,A
1755388220,6344660,B
1588960231,PP9881,A
2086882517,5476691,A
2168574443,6370560,C
2037235947,7312361,B
2128164032,6919203,C
2914119194,11050214,B
2159127611,6778689,A
2798516445,10551940,A
2610808162,10290153,B
2153604804,10297082,A
2784809774,10551940,A
2045590778,8730309,A
2025453886,7902441,B
2052148131,9263800,A
2052148131,9263800,B
2117056858,7928563,B
1488413741,5182367,C
2048783344,7560258,A
1497340615,9290741,C
1497340615,9290741,C
2748755100,11591569,A
2000015982,7732152,B
2132330583,9290741,A
2132330583,9290741,A
2106719310,9679199,B
2096986574,8077153,A
2107125662,5898004,A
2998801500,8748112,C
2470436952,7818115,A
2037980092,4760579,A
1993664353,5266896,A
2042035526,5231013,A
2790820465,10899824,A
2153686676,7314919,C
2020132147,4524665,A
1969729613,5089022,B
2145567116,9826904,B
2148467124,10485409,B
2135814560,5453533,B
2166973816,9475777,B
2144518356,6104253,A
2073578378,10892548,C
2020529152,4777951,B
2035246347,7198922,C
1244359605,10246500,B
2323262045,10246500,B
2045227087,8278728,A
2048791249,4241347,B
2335681478,5921502,B
2100717815,8999716,B
2100717815,8999716,B
2120831700,9530642,B
2332338136,8842291,A
2161965368,5909661,B
2288283770,3933901,B
1970845626,5909661,B
1998894470,7987006,B
1967350612,6618094,A
1904385174,6919203,B
2169455131,6235288,C
2050940222,7456020,B
2134984911,8155672,B
2071820677,5874668,B
1966233188,5662115,A
1987544386,9396283,A
2038868383,8791021,B
2013540073,5539637,A
2057225056,8725238,B
2057225056,8725238,B
2160790216,8725238,B
2160790216,8725238,A
1990015872,7585590,C
2839186746,11323065,A
1984309275,9064213,B
2158244378,8834169,A
2624885951,10998143,B
2086176079,5100643,A
2130822745,5886256,A
2089525451,5956173,A
2587318307,10471172,B
2300419021,5994086,B
2070591701,7958075,B
1966429710,8033690,B
1966429710,8007156,B
2014512546,4698593,C
2041794155,4599565,C
2097507757,5525819,A
2803375047,10792331,B
2032131490,8017839,C
1999842629,8013216,B
2164493950,8103116,B
2020903358,7372012,A
2087287256,7655300,B
3010681570,11564913,B
2021159673,8017839,C
1950003856,9860152,C
2541147815,9860152,C
1971931307,6791082,B
2021134899,8217348,B
2123368092,8623214,C
2156068269,7597941,B
1969872334,7252811,A
1966970807,7238232,B
2045157415,7182812,B
2045157415,7445671,B
2101340337,6760370,B
2101340337,7376178,B
2138484842,6760370,B
2143308642,7444082,A
2324910101,10459117,B
2011705748,5017488,C
1994453611,5017488,C
2739391947,10987375,B
2039663052,6815683,B
1975988879,8463634,B
2055246933,8719961,B
2153178594,7949210,B
2024490453,9426000,B
2014705894,9768914,A
2014705894,9768914,B
2079480203,9608735,A
2054726820,7049105,B
2608213646,11025339,A
2466620047,9828285,C
2129284203,8018010,B
2010778183,8119701,B
2182438753,10533096,A
2002096893,8105780,B
2436862376,6506880,B
1948827503,10272084,B
2593043086,10272084,B
2312904860,9079885,B
2583788906,10672620,B
2266647437,10818853,B
1984583513,9893354,A
233979554,9692939,B
1990264409,7114340,B
1599995553,7549296,B
1606367205,7114340,C
1990343474,7063954,B
2103392809,9005627,B
2056545283,6178815,A
2079096219,7615634,B
2133514211,6253161,A
2043337711,9994595,B
2028095092,6780416,C
2033009167,6753392,C
2008946700,6753392,A
2057093907,5439812,B
2002271619,7873582,A
2332640938,6632649,B
2734900553,10770699,B
1978330654,4912205,B
2014805980,5380703,A
2165673828,8789026,A
2165673828,8938725,B
2052223202,6867255,B
90361031,9569418,B
1499578171,7114340,B
2041423041,5743095,B
1489362067,6589366,C
939872436,9963450,B
9201853,8518957,B
2615579321,10156452,C
2004615163,5250078,B
2046652590,5250078,B
2084458200,4350148,B
2080031230,5238683,A
2152362793,7863425,B
2146483341,4665049,B
2801923146,11496350,A
2808534260,11496350,A
2409618147,5563050,A
2117404298,8891811,B
2012217530,5187270,B
2343284292,5459235,C
1977486874,8449880,C
2053306697,5179949,B
2006094184,5179949,C
45176865,8067558,B
2025847093,6166379,C
2889633769,11464768,B
2786029268,11464768,B
2735839581,10863895,B
2335739132,9804026,B
2335739132,9804026,B
2113081404,9804026,A
2113081404,9804026,A
1999920403,9804026,A
1999920403,9804026,A
2119781158,5783212,B
16591087,6337091,A
2079292252,8326462,B
1846063887,6964764,B
1988033812,6964764,A
2103702871,9477707,A
2109907545,9477707,B
2063014734,5842477,C
1596823748,6601062,B
2145676903,9477707,C
2782303535,10637495,B
2327476780,9272914,A
2076777830,6168937,A
2031614932,9524643,B
2031614932,9524643,B
1962229304,5015588,A
2170241664,9404098,B
2153619473,6441764,A
2115798538,7020286,A
1571220398,5852623,C
2002082859,5852623,B
1968062075,4689305,A
3015007196,11438014,B
2888547970,11413315,B
2908711986,11406321,B
2753026062,11064722,B
1970283330,9738541,B
2734865671,10431393,A
2021239229,8712559,A
2021239229,8712559,A
2894847654,10751456,C
2006243214,5543353,A
2009729739,9827717,A
1990785356,10471465,B
1509694131,10471465,B
2762155853,11131544,B
2096065253,5832430,B
1981658355,8614189,C
1577123961,8778608,C
1577123961,8778608,C
2017681918,9441262,C
1985114541,8551790,C
2140123086,6217867,B
2124536046,9441262,C
1971613626,4906734,B
2910424859,10684591,B
62199461,5772994,B
2093343985,9833309,C
2093343985,9833309,C
2005790315,5891192,A
2013619216,6716184,B
2108691060,9163958,C
2108691060,9163958,C
2116421222,7997728,A
2100415958,8315645,B
2163248137,7844457,B
2059880026,7922792,B
1605912196,7689421,B
2152754093,9613450,B
2153136644,8320948,B
2128372365,8112038,A
2112941065,7983352,A
1532834677,9648484,B
2069297731,8442567,B
2099178131,9728203,A
2097208610,6009390,B
2123808477,8594993,B
3012962064,11342642,C
1171667939,10683277,C
2963563075,10108172,B
2088796160,8654441,A
1978599039,9423353,B
1849078844,8686712,B
2073086976,5691460,B
2888861855,10964099,A
2735697971,10061080,B
2515787759,9753219,A
2072063939,6911341,A
1964856494,5510099,B
2038124912,7821633,A
2142205227,5793907,B
1981982553,5793907,A
2149112892,7821633,B
2107325119,8247175,C
2068480933,7246493,C
2105226437,6350731,B
2153446387,4547367,C
2413984316,4547367,C
1983420763,4547368,C
1485375541,4547368,B
2216464277,10864210,C
2533395159,7401020,B
2791717331,10768117,B
2034877559,4849346,B
2609140996,10318796,B
1975823593,4272246,A
2951848516,11568575,A
2109220580,7307905,A
2019828391,7307905,A
2037961010,7570419,B
1970896735,9045248,C
2032533517,7652770,B
2016964765,8173982,C
2129596397,7570419,B
2068460120,7683361,A
2021999013,9544381,A
2284106516,10329156,A
2082564417,5510490,B
2744356178,10414903,A
2072169464,6559148,B
2547077155,10935546,B
2330765100,10935546,A
2158311663,6677884,C
2138039942,6677884,B
2151434210,5812082,B
2011603368,9110021,B
2793813257,11045426,B
1970963931,9433588,B
2084043113,9430863,B
2781218194,10756436,A
2034244323,9163996,B
2051339110,10478446,C
1966289658,10478446,B
2228893259,10677541,B
2092411379,8592612,B
2615883762,10570056,A
2609241957,11485748,B
2901928005,11081292,B
2021726397,9834490,A
2021726397,9834490,A
1964602065,5614372,C
2782581379,10439643,B
2086141568,9353421,D
2095984749,9353421,C
1972999841,7461045,B
2087008353,7461045,A
2020648150,7461045,A
2157179005,7633062,B
2034039388,4436555,B
2032011219,4361670,A
2035588055,4436555,B
1994610590,4361670,C
2094040682,4361670,C
2741144148,10722515,B
2562256032,10722515,B
2036102061,5750510,C
2048694656,4245494,A
2052577588,4245494,B
2027522595,4778237,A
2040113160,4721352,A
1967476577,4828350,A
2011387094,7298060,C
2136753982,6479072,B
2051845716,9039279,A
2050216826,6464972,B
2022107986,8124398,C
2016098676,8124398,B
2004688624,6962708,B
3025851241,11615328,B
1604178923,7013311,A
1968328553,4365235,A
2075950575,7022541,A
2049581151,7795583,A
2072371862,7795583,B
124913907,5974807,C
1560957935,9005886,B
2110075714,9766173,B
2013862278,6627522,B
1998576063,7037691,B
2318084491,9796653,B
2043110808,5883705,B
2157454808,6575408,C
2039047195,6441359,B
1992784092,5648243,B
1616932920,6346189,B
2991420350,10898434,A
2021896086,5908981,A
2008730088,10029029,B
2049522455,5317533,C
2024294016,4851683,B
1595221939,10018831,B
1528592175,7086040,A
2300960384,10473410,A
1963628645,8103706,A
2169771430,8978106,A
1716425337,5750364,A
2027560762,4974202,B
2083385482,6849101,B
2093444265,7339029,C
2137887442,9044469,A
2809631449,11151175,A
2945445562,11379669,C
2804556043,11571665,A
2803289343,11067458,B
2054354657,8674306,B
2060488759,8674306,B
2007379053,8965793,B
1962644091,5937364,A
2087136636,10494619,A
2334941474,8600493,B
2319173414,7691293,B
2128262358,6943882,B
2124244530,6943882,C
2147256573,11390884,C
2092532936,8631411,C
2092532936,8631411,C
2062102126,9767284,A
2013231332,5987354,B
2038340774,9198621,B
2038340774,9198621,B
2101037062,9198621,B
2101037062,9198621,B
2526842628,10181188,B
2711924351,10169872,B
2525235915,9779492,B
2752273540,10223788,A
2752273540,10229499,A
2983600818,11191492,B
2536210040,9779492,B
2053545321,9122873,B
2053545321,9063721,B
2162894619,8285999,A
2224779548,9483831,B
2224779548,9483831,B
2426398770,9886758,C
2533560599,10181188,C
2565058889,10405739,A
2074196863,5361149,A
2938657127,11452970,B
2061312809,6484057,B
2083936440,7020530,B
1978494771,8679480,B
2085541091,9171077,B
1992363839,7987177,A
2097540407,8648198,B
2949220947,11523755,A
2022713476,7186295,A
1583451709,5761318,C
2107814875,6246760,B
1968214776,9364183,A
2027792041,5602305,A
1571643712,6920412,A
2063707766,10195212,B
2165417043,6423838,A
2001590072,8110310,C
2949451739,6215000,B
1972047159,10106779,B
2001976474,4281086,B
2112728573,5955090,A
2952450420,10672501,B
2013000219,9511346,B
2013000219,9511346,B
2045435520,10837079,B
2092304732,5071775,B
2003798909,8895046,C
2103201668,9222337,C
2103201668,9222337,C
2006475550,6413538,C
2003368163,4230828,B
2043265410,5477734,B
1952244137,5869036,B
2073575819,5768156,A
2001102988,5768156,A
2792162701,10894785,C
2163559079,8685802,B
2121945561,7003677,B
2085261906,7365164,C
2085261906,7670828,C
2150842069,7138567,A
1978480421,4863864,B
2098815016,6081482,A
1964627782,6546339,B
2025149309,6102330,B
2049457403,9386960,B
2019308864,9629615,B
2076247748,9076201,B
2008729241,9386960,B
2921765514,10714651,B
2948566032,10714651,A
2148153151,7817258,B
2090691263,7733561,B
2660933790,10008218,A
1973917445,5934373,B
2738541296,11564921,A
2014614485,8034314,B
2056660015,6661035,B
2148208794,6661035,B
2062353246,4710502,C
2149857771,8489403,A
2012097767,5795857,B
2032299999,7276190,A
2021734379,5826585,B
2048402902,8902229,A
2141953373,8902229,A
122394754,8252278,B
2115379951,8252278,B
2043859729,8252278,B
2084907469,9025925,C
2064752938,8617901,B
2086068984,8617901,B
1976060799,9739725,A
1976864800,8617901,B
2050950114,5394415,B
2010881979,8649244,B
2789277061,11308660,B
1984775058,10157429,A
2073192924,4684424,A
2021023909,7405342,A
2117706453,8959370,A
2127020976,8959370,B
1496383884,5548548,A
1990213738,4783831,A
2057821916,8747397,B
2017714495,11026737,B
1976740300,9672886,A
1550199160,10316294,B
1967315867,8428327,A
2159717066,6244644,A
2064671662,6391164,A
2000237779,6193032,B
2106248827,4514498,A
2152323023,7320963,B
2107859294,8239165,A
2149664020,5350842,B
2032283649,4935451,A
2090692507,6473336,B
2023113745,7034163,B
2074167808,7034163,B
1507439867,5889857,C
2100075651,7803389,A
2951535596,5399588,C
2095411388,5891131,B
2024114145,6490584,A
2775662696,10484659,B
2108592843,6697791,B
2315800418,5316597,B
2741657757,10809402,B
2090316517,6011626,B
1996742260,6011626,A
1482611260,8821635,B
1971313803,7598513,B
2323955978,7598513,B
2018865529,7109395,A
2093328372,6911179,B
2108530765,7220727,C
2002451924,8518408,A
2599653934,10851160,A
2562967659,10988737,B
1991444995,9081215,B
2036931858,4795855,B
2328331096,8773752,B
1481266404,5037760,A
2114033460,9738772,B
2028592791,6771068,A
1585949174,4769061,B
2000338643,7709252,C
2044637198,10683362,C
2586947544,10072084,B
139802655,5075160,B
2289200133,5217872,B
2072600684,5213979,C
2098253740,5213979,C
2439095731,4994384,B
1483749927,5047512,B
1969349719,9359664,C
2004382396,9359664,C
1974218461,7806997,B
2023156498,8529712,B
2074585126,10217891,B
2197822902,9660639,B
2043527791,7443164,A
1997581944,7591996,B
2013559630,8529712,C
1987501241,6799270,A
94795508,8886578,B
2013187616,8886578,A
2106816772,6521817,B
2064261587,5039801,A
2205053416,10131960,C
2114429916,9547017,B
2738844405,11221538,A
2299593022,10323129,B
2091652230,4520020,C
2070158398,4520020,B
2158810694,9395431,A
2793182265,10690030,A
2346460974,10301727,B
2512542050,10301727,B
2057405829,9118113,A
2039213506,9118113,B
2573640952,9768708,B
2573640952,9768708,A
2085147044,5141609,B
2077982470,6525691,B
1594921582,6525691,B
2144788666,7720761,B
2127934686,5195155,A
2046059891,7629337,B
2121807658,6581046,A
2097623418,8809215,C
2592529737,10461335,B
2555229165,10525407,B
2208434385,8845768,B
2066802715,5985476,B
2031660448,8845768,B
2139960999,10683362,B
2024460610,4396628,B
1978653793,5320956,A
1998896878,6313145,B
2009960698,7732804,A
1992325381,5498677,B
2067929785,5348876,B
2067468153,5968326,B
2002301145,9815030,B
2154238897,6818402,B
2144773185,6818402,B
2158871970,8494807,B
2149823865,8423484,C
2116928983,8423484,C
2116167177,8423484,C
2127436184,8494807,B
2317598639,9733125,B
2317598639,9733125,B
1987608985,9733125,A
1987608985,9733125,A
2157956475,8849483,B
1984574859,8911534,B
2071981651,9527045,B
1965018381,8911534,B
2110008263,5770203,B
2048857590,5198347,A
2069045704,5942093,B
2023498665,5378334,B
3025434249,5942093,A
2044587463,8094368,C
2027009754,8094368,B
2044846644,8094368,C
2101062328,7421910,B
2127566203,5444816,C
1950765696,5664053,C
817026271,11083788,C
2168098717,5699482,B
2044706598,9415006,B
2084891010,5723313,A
2321930261,8195336,A
2144866257,8195336,B
2107017218,9103826,A
1998574869,6645715,B
2127614473,6407062,C
1975530512,6033847,B
2090464472,9279759,A
1988612819,9279759,A
2123792346,8471846,A
1492872323,8705821,A
1991259161,7646013,B
2024658244,7060477,C
2066476440,7060477,A
2130946438,6350574,A
2750624679,10729779,B
2413726217,10386519,A
2510262126,10446704,B
2548661175,10386519,B
2098199555,7179655,B
2053125465,7826629,B
2162576055,6694817,A
1583331192,6694817,A
2074373759,7637149,B
2095598902,7852750,A
2337470955,10869652,B
2092398267,4417175,A
2607148482,10156651,C
2545641737,10156651,C
2130465015,6295247,C
2122192918,6978229,B
2060770563,9502716,B
2062898825,7407665,B
2048528811,8029709,A
1941444893,5380648,B
2030950571,8846947,C
2025322216,8275145,B
2157394618,8057795,B
2064996747,9663818,A
2064996747,9663818,A
2018717172,7483130,B
2091555055,7483130,B
2081981006,10680655,A
1894340323,9851426,A
1963988319,8103050,A
2130997456,7251603,C
1984611734,7746550,B
1825125015,7746550,B
2148029811,7746550,A
1986152494,5104222,C
2069832862,4413184,B
2058190876,5405747,B
2343713543,9753147,A
2052790935,6265113,B
2079106602,10242142,B
2050143302,9659126,A
2147883208,4333842,C
1995008569,7932049,B
1829600688,7079467,A
2028505067,7064814,A
1989643803,5009759,C
2123261930,5041203,C
1964943104,5041203,C
2109330135,6962990,B
2123480434,9486142,B
2150818330,9495516,C
2150818330,9495516,C
2039226211,9486142,B
2537297525,9385506,B
2963762077,8174742,B
2026046417,7409374,B
2153775030,8492591,B
2072376676,8492591,B
2072376676,8754132,B
1997703864,8920970,B
2140160522,7591871,B
2076912405,7638628,B
2076912405,7638628,A
2124335583,5911146,A
2144043515,5341444,B
2171325428,6177280,B
1975153929,7305052,A
2111695485,6266706,A
2070258796,10034008,A
1972977483,9409009,B
1972977483,9409009,B
2145855804,8094752,C
1828005603,6925154,B
1972685939,8744601,B
2105635158,8938310,C
2105635158,8938310,B
2167267119,8548052,C
2132933588,8938310,C
2132933588,8938310,C
1976908482,8744601,B
1938401665,10207252,B
2049295538,9790557,B
2156693493,5768594,C
2013322402,4935292,B
2084241654,9472764,C
2084241654,9472764,C
2050177316,6991749,B
2594300186,10547005,C
2326260942,9276226,A
2101402150,9472764,B
2101402150,9472764,C
2532282086,10547005,A
1995538236,9908824,B
1995538236,9908824,A
2087372014,8923952,A
2065571394,8923952,C
2127534363,7181380,C
2106326357,8425878,B
2790066732,11553839,A
2889711167,10592147,B
2114529996,8273052,B
2108922346,9833570,B
2065110413,9012425,B
2065110413,9012425,B
1838229939,5071526,B
2500497315,11499195,B
2597943206,11499195,C
2756387833,11499195,B
2207394670,11214836,B
2110383781,8355579,B
2065842004,5146780,A
2142948647,5146780,A
1993611023,5146780,B
2023202728,10464929,A
2151430432,7919677,B
2753526263,10346347,B
2565353159,10346347,A
2124845997,9600238,B
3016170199,11455188,A
2891902136,11522810,A
2964437468,11455188,A
1497928724,9837607,B
2053487728,6844044,B
1969380007,9234201,B
2330419555,9234201,B
2066261332,5164484,C
2012665381,6076357,A
2061417778,9295402,B
2150321138,9295402,C
2007330967,5997978,C
2024376582,11447478,C
2099137963,9862953,B
2099137963,9862953,B
2143634887,10301184,B
2945894588,11540515,B
2030379664,10022338,B
1981500874,10370729,B
1985057442,8163709,B
2111785400,9260692,C
2077725073,5457055,C
2108414747,9286381,A
2884073891,11333798,B
2982568972,11333798,A
2981374907,11333798,B
2160574072,5956147,B
2110667992,5956147,A
2487118445,10030068,A
2060994866,5863554,B
2034783507,7323183,B
45552146,5106386,B
2030294247,4757020,B
2017249007,10441439,A
2053350700,9750620,B
2094703583,6287847,B
1995124754,5019505,B
2315918640,7258907,B
1971496334,4935292,A
2023121416,7633130,B
2043665952,7633130,B
2003271614,8538115,A
1977042446,9515257,B
2117748324,11238990,C
2091271343,8591916,C
2129995532,10169544,A
2134323508,11238990,C
2093191240,5579471,A
2008154097,6284910,B
2263976013,10138439,B
2297220758,10141713,B
1970635808,5235455,A
2272851830,10330712,B
2068087221,6080577,B
1981778920,4556937,A
2622492419,10466507,B
2622492419,10838235,A
1998594530,6392055,A
2026967030,6392055,B
1989336397,8541415,A
2325678621,9364555,B
2134559442,5326765,C
2137956410,8994882,A
2065262095,6008496,B
2080539107,6008496,B
2093418607,6008496,B
2013480743,9951366,C
2013480743,9951366,C
112662097,8762324,A
2155535899,7002910,B
1903881788,7002910,A
2032280720,9317952,B
2032280720,9317952,A
2039967042,8666478,A
2555006999,10597681,B
2888546921,11377696,B
2065674376,5088820,B
2468723928,10023648,C
2591897235,10276860,B
2591897235,10199639,B
1988816704,8796295,C
2165616467,9827545,B
1994503197,9827545,B
2031406170,8975301,B
2118045123,8975301,B
2030178880,5935783,B
1972321139,9085562,C
1972321139,9085562,C
2161501662,7734245,B
2314117833,4816448,B
2255658385,10338146,A
2082767687,4847284,B
2104730114,6261766,B
2121199363,6261766,C
2046981364,5932449,B
2626201087,10955314,A
2168709767,7541367,B
2014475664,7945097,C
2129010681,7680332,A
2134541386,10422786,B
2086254573,9495766,A
2139204980,6673931,B
2793245650,11255862,B
1992604648,7771731,B
2016561402,6143322,B
2803302649,11406737,A
2016537041,9684435,B
2016537041,9684435,B
1967342744,6482854,B
2164454602,6103226,B
1784076950,5607846,B
2132713837,10660916,C
2007951709,5874306,A
2095373012,5587309,A
2131895211,5888705,B
2036668019,5116753,B
2260781119,10109066,B
2066995979,5770414,B
2105230577,10159759,A
2963148766,11132543,B
2054389778,5075341,B
2737644856,10373332,B
2963598128,11328169,A
2807909975,11153745,C
1978918080,9678077,A
2065589690,8030013,B
2065589690,8030013,A
2088930685,5905090,A
2068049401,9389068,B
2125583005,7239668,B
2019204069,4514803,A
1976136773,7022826,C
1520821213,7495438,A
2046271598,7800366,B
104796297,8455386,C
2043277026,5589556,C
125984854,4935292,B
1969033455,8894707,C
2160288129,7722900,C
2782421307,11079383,C
2739746984,11371101,B
2046491553,5499025,B
2415322630,8772030,A
2415322630,8846396,A
1496262443,8772030,B
1496262443,8846396,B
2032211438,8772030,C
2032211438,8846396,C
1977659993,8685122,C
2077343937,8685122,C
2951329919,10545153,A
2090976566,8444723,B
2467200169,5516789,C
1978668078,5811286,B
2113099329,6670527,C
1989580474,7198926,B
2049354519,7473545,B
1925424309,5384260,B
2071275412,7402402,C
2104488128,7473545,B
2104488128,7638617,B
1995253533,6399221,B
2442041326,10115917,A
2042915648,7824582,A
2140804741,7964650,C
2027316550,7910932,B
2802334093,10935776,A
2162440523,8324604,A
2087576266,9692084,C
2087576266,9692084,C
2127833058,7678237,B
1680252513,9390344,C
1604777735,10204176,B
2386621445,10317667,A
2794955485,10935776,B
2963369889,11032135,B
2736498117,11032135,B
1500081052,8012116,A
1979624736,10524960,C
1976102851,6027946,B
2895812179,11505799,B
1907590389,11225601,B
2320323955,8507549,B
1982154197,7534996,A
2105594224,10265525,A
2137632843,5679534,B
1550130075,6002026,B
2081469183,5770720,B
186454600,5723302,C
2083892436,5312922,A
1993788100,8058906,C
2035735459,8058906,B
2043294547,8747397,C
2038065677,8747397,B
2115705289,8097771,B
2051026120,8558056,B
3005405369,11572509,B
1997050395,8589292,A
2541013477,11073384,A
2763241250,10808694,B
2017095523,7164468,B
2028032578,9234244,B
2143815536,9234244,B
1990687948,4179445,B
2615260684,10296444,A
2132094784,8147849,B
1965495205,9642904,B
1965495205,9642904,B
2044440492,5322933,A
1972428039,10010560,B
2023902508,9468690,C
2023902508,9468690,C
2170569671,4539292,C
2002603886,10364043,A
2023754730,8124071,B
2060362902,8119123,B
2076048601,8193161,C
2153899938,8193161,C
2141716913,8512696,B
1967583077,9808761,B
1967583077,9808761,C
2110973920,9808761,C
2110973920,9808761,C
2561208378,8659461,B
2005154931,5999486,A
2037023008,6044126,B
2056486582,10543111,A
1503164862,9744055,A
2097084863,10450593,B
2081121707,10450593,B
1969847819,10450593,B
2782666770,11046978,C
2884863496,10799480,B
2165458050,7653316,B
2269145643,10987523,B
2123330099,6354361,B
1159158524,10549116,B
2277231762,7250134,A
2080635903,6455573,B
2896112292,10793783,B
28080657,5980446,B
2070148996,4070540,C
2099094208,5721342,B
2528830630,10918608,B
1873975405,10918608,C
3009033563,11065209,B
2926663932,10724965,A
2127508463,6354361,B
1994561965,7250134,B
2565454433,10243076,C
2144554347,7504380,B
2007108087,5298756,B
2084406030,10233145,B
1994160613,8962679,A
2136701078,11098053,B
2082930742,9512401,C
2291536317,6161038,B
1984203897,8885682,B
2046788023,10253326,D
2472242453,10253326,C
2317376097,9227898,B
2317376097,9227898,B
2603444005,10821167,B
2144191305,9943580,A
2144191305,9943580,B
2086463570,9533057,B
2086463570,9533057,B
2201508340,10279019,A
2793901015,10776718,B
2560234750,10265497,B
2090989839,7350132,A
2068333467,7899091,A
2031427716,9393216,B
2565497344,10506804,C
2015386151,6474259,C
2602143553,11346667,B
2757791635,11346667,B
2609059653,11346667,B
2964266016,11488488,C
2891846553,11488488,C
1520316675,6953692,B
1178345597,6953692,B
2790565156,10644656,A
1493784536,4497730,A
1994126394,10631762,A
2556437487,10945654,A
2070890092,10945654,A
2055123769,10945654,A
2049372046,8906787,A
1970023965,7282366,A
1981666530,8895696,C
2143797732,6846845,B
2084289568,4452767,A
2049446750,8126240,B
1567624295,8126240,A
2746285890,10792336,C
2752104921,10792336,B
2092890948,5610363,A
2164872011,9215562,C
2117273327,8463547,A
2025703588,8778478,B
2034011523,7141677,B
3025131406,11271226,B
2068277723,8854457,A
2023350416,8854457,A
2557493643,10648977,B
1973067917,8692064,B
2048489387,8692064,B
2547866248,8891885,B
2133489957,6901130,B
2115352131,8009918,A
1999973632,6951243,B
2895865029,11222138,A
2144825640,7438931,A
2142186922,9944854,B
2142186922,9944854,B
2144482080,6689063,C
2151646601,6689063,A
1586472030,7543010,A
1604551772,7783806,C
2801887506,11199543,C
1488373722,5970115,B
1488373722,6424750,B
2105105414,6424750,B
2020891567,6424750,B
1252820414,10036812,A
3021671873,7268937,A
2334085604,9162914,B
3004655659,10903389,B
2035328773,6352991,B
2229317410,10036812,A
2002109116,5719264,B
2953162844,9388209,B
2025084863,5576862,C
2010596769,4310906,A
2010414586,6578129,B
2134219109,6578129,B
1589289354,7499931,B
2769786833,11317888,B
2769584564,11317888,B
2133135342,9201916,B
2293337136,10225339,B
2085926017,9175557,A
1963425617,7502764,B
2051537411,7502764,B
2117976211,6989787,B
2062524026,8236949,B
2143572016,8637234,B
2114758495,7997137,B
2137747922,7997137,A
2080895162,5462952,C
2015478649,5494927,B
2087364759,5834262,B
2082324773,6171737,A
2314710704,10004222,B
2014964537,9648869,B
2032932338,10004222,B
2134181802,7361503,C
2136110758,7361503,C
2072880927,9612960,B
2151614355,9600418,B
2123240902,9328350,B
2009266039,10135753,C
2911893982,10823134,B
2747319940,10344736,B
2056481028,6741252,B
2585424747,10764482,A
2590425221,10764482,B
2090203016,6159742,B
2030252087,6159742,B
1983694793,9709561,A
2055826030,7033415,A
1815749546,5364758,B
225000165,9896698,C
225000165,9896698,C
2620870293,10119141,B
37733221,5437697,C
1964737626,8992231,B
2125451958,10101423,A
2062642119,6387276,B
1505563181,7935182,A
1993234211,8988237,B
2074359441,6974704,B
1942282729,5352607,C
2099373225,5852205,B
2113943800,7465543,B
2327062077,9850275,A
2327062077,9850275,B
2128863666,6114119,A
2155681494,7556086,B
2298905820,10718841,C
2093405377,3975679,A
1969840935,7145170,A
2002316489,7145170,B
2006802927,7358869,A
2135332792,7358869,A
1972332967,5712152,B
2080803163,4131863,A
2076175864,8401057,B
2903029143,10929741,B
2257114542,7302918,A
1995709547,7460549,B
1560626964,10117872,A
2765137706,11580745,A
2151115183,10256635,A
2325733949,9464048,A
2592295395,11446390,C
2082834478,4997763,B
1974983697,8820492,A
2123756560,6990207,B
1987086553,5198351,C
2078785821,5192987,B
2059001601,9506909,B
2043404514,5172251,A
2579142031,5172251,A
2052670157,5659327,B
1987653184,5650305,A
2158137712,8656342,B
2032968026,9175351,B
1967548123,7979846,A
2123585293,7979846,A
2117716388,8682910,A
2134795104,8130776,A
2134795104,8526451,A
2012116086,4835140,C
2031058359,4835140,B
1994127078,8936364,B
1994127078,8936364,A
2539646538,10565179,A
2539646538,10545974,A
2157359591,6826147,A
2098845620,6934252,C
2143566085,6927490,B
2940235710,11038520,A
2168407277,9495761,A
2772122018,9974771,A
1595386399,6934252,C
2076549621,9513935,B
2076549621,9513935,B
23581767,4970145,B
2005960581,4634864,B
132799004,5891725,B
1606091294,5891725,B
1963720608,5496722,B
2158178075,7013033,B
2056392060,7013033,B
2143679290,9161711,B
2755307840,11298460,B
1964994815,8617888,A
1999600672,8008452,B
2079718657,8008452,B
2128787045,8223865,B
2155304171,8223865,C
1991753225,5113213,A
2616580865,10216558,A
2494548561,10948185,B
2203955203,10201964,B
2317160997,7016555,B
2145963435,9017573,B
2074785498,4968615,B
1993106122,9618594,B
1993106122,9618594,B
2147059038,8293875,B
2604754093,10646723,B
2143112063,9322712,B
2025005024,9322712,C
2042942592,9500602,C
1994923493,11101651,B
2033655161,11101651,B
2066780969,7748102,B
2320575587,10667769,B
2337716201,10780118,B
1979829306,10780118,B
1971371234,10780118,B
2981817024,11578968,A
2073172957,8461300,A
1494884050,8461300,B
2031364729,8601404,A
2808896051,10333225,A
1996164291,4582793,B
2084880857,5292875,B
2992988687,11191922,B
2301622601,10547044,A
2027406674,6417192,A
2101343683,8619832,B
2095158189,6312399,B
2045633793,6604523,A
1895018631,5795580,C
2800321615,10860612,B
2151071446,7177491,B
1994494865,7472992,C
2057872770,4987255,C
2165524638,7711416,B
2090372212,7177491,A
2044112929,7711416,B
2067540093,9702270,B
2067540093,9702270,B
2333620643,9512999,B
2084695309,7951890,A
2057349184,9402596,B
2282450658,5225331,B
2032012524,5302386,B
2030057072,6761866,B
2113309255,7123887,B
2113309255,7123887,B
2161419040,6477407,A
2070972123,6477407,A
2135876285,7723438,B
2045410853,9603829,A
1977660542,5776990,B
2113698356,6597587,B
2395690792,9458299,B
2395690792,10316143,B
2892277721,11442027,B
2274989677,10080806,B
2031225008,6114458,B
2066399117,9040034,A
2082295022,6114458,B
2034846624,10379118,A
2008879732,4267526,A
2892210578,10267837,A
2073610345,5158788,B
2000211034,4593647,B
1969220639,7257085,A
2305126283,10011852,B
2078405861,9543575,B
2287259681,8030194,A
2287259681,8030194,A
2963933785,9389413,B
2031067601,9389413,B
2033632707,9389413,B
2235350388,9839200,A
2034003518,9227979,B
2064435654,8584109,A
2064435654,8584109,A
2115862519,9117094,A
2106609521,4152210,B
2914745254,10650150,C
2568144679,10960488,C
2571362448,10960488,C
2012443502,4614795,A
2330940815,8575192,C
2010388163,8163920,B
2007045255,8962653,B
2346689143,9975391,C
2346689143,9975391,C
2768603800,10377671,C
2915233534,11437606,B
1870126640,8848997,B
2032432543,8150122,B
2114764875,9452432,C
2747203654,10883157,C
2018306977,7462819,B
2126553322,7778446,A
2135735112,7519201,B
2108898633,8413436,B
2200922230,10121055,B
2130521103,7330701,B
2164671363,7330701,C
1977681642,7695909,C
2110658384,7695909,B
2071805953,4425503,A
3010563225,11535634,B
2041406589,10914736,A
2098547325,8377706,B
2013650674,8377706,C
2336304592,10360519,A
2334777759,10238730,A
2025333921,5040211,A
2004931351,4839009,A
2480232175,4839009,A
1660861487,5196204,C
2971258956,10962714,B
1531303112,10175391,A
2093497677,8697026,C
2098950271,8697026,B
2153406820,7015316,B
2153406820,6645937,B
2081114733,4850867,A
2147577975,7804998,B
1809259931,7804998,B
2466078306,10885131,B
2010425362,5896208,B
2049326072,7193222,A
2075083036,7129057,B
2091547694,5018801,A
1967155079,4529273,B
1999285833,7592448,A
1969459063,5493444,A
2011840697,4979828,A
2016034825,7009764,A
2013222017,7670631,B
2982465791,11458202,B
2408308532,10877193,A
2486768426,10877193,C
2300588912,10877193,B
3023071295,8350564,A
2024387968,8350564,B
2096668466,5730468,A
1992714266,5220006,A
2026843427,8586313,B
1966135727,9309213,B
1966835439,9309213,B
2025032111,6905733,B
2542773270,11193937,B
1696952104,9376979,B
2076029570,9708991,A
2072536859,9376979,B
331517491,10722580,B
2056685188,9957453,C
2056685188,9957453,B
2004190878,9522842,B
2607038805,11527783,B
1910594103,9592223,B
2044365745,7919578,B
2980576711,8338464,B
2100442068,9249101,B
1989249777,7344555,B
2290760625,9701637,B
2290760625,9452985,C
2013442516,6562403,B
2945011150,10995177,A
2316403215,10563181,A
2163297678,8772000,B
1867337902,9511146,B
2001603167,5378821,B
2032003465,5433947,B
2048189975,5378821,A
1973750682,6231920,A
2042602209,5304363,A
2559827423,10986496,B
2079750930,5603872,B
2003896753,5401511,B
2109549725,7982686,C
2019522436,8841073,A
2783384712,10696737,B
2006535382,8160317,B
2604109518,10072088,B
2171849507,9323422,A
2171849507,9733792,A
2154731450,9822414,B
1984561722,9850520,A
1978959509,9850520,B
2151645737,10509033,C
2924382816,11226374,A
2037734761,9262632,B
2153890503,4319022,C
1999369630,4319022,B
2060468410,6944330,B
2056300213,6628749,A
1997885944,8190232,A
2169324307,9275250,B
2169324307,9275250,B
2524819444,10550193,B
2395275152,10550193,A
2337778663,10179819,A
2320829905,10031138,A
2014280106,8664188,C
1999795535,10335781,B
2043078773,10401488,B
2140479175,9977112,B
2111234047,8389387,B
2062217328,9874440,B
2326697958,6375589,A
2167714892,10501472,C
2014798765,9586992,B
1998096796,9586992,B
1993716739,8568714,A
2171986805,8012730,A
2326941614,9567575,A
2326941614,9567575,A
2031436184,8986695,B
2032105758,9068204,B
1985226473,9567575,B
1985226473,9567575,C
1965399094,6373051,B
2073986062,9402875,A
1986193826,7470822,A
2053718189,9981408,C
2466029522,10824282,A
2015223037,7763704,B
1986890759,7297551,B
1977092397,6365401,B
14515640,6548246,B
2035735415,7339091,A
2098120709,10294271,A
1587761090,6670528,A
1608650853,7383053,B
2025226890,8835509,B
2013080352,8957199,C
2164955775,8175360,A
2063017729,9784960,A
2036794332,5432893,B
2030456298,6970397,B
2919131785,7337069,A
2115528090,7840625,A
2002623709,8175360,B
2068141890,8273861,C
1968955083,7553942,B
2047117632,7521544,B
1968027036,6071520,B
2111284653,6217870,B
1964603069,9432790,B
1626508217,6166295,B
2023337537,9093821,A
2071070677,8879595,B
1976713373,10185885,B
2012170416,9784960,A
1988389842,9042640,B
2024548281,9020262,B
1977377396,9492560,B
2121067536,5874535,A
2025867484,4092321,B
2572043160,10419137,A
2162684235,8411733,A
2152114071,8755462,A
2585257856,9853751,A
2585257856,10419137,A
2624594874,11235177,B
3014406922,11603390,A
1991498482,8609415,C
1975249115,5678028,A
2078270330,5204247,B
2028086816,9518238,A
2104429066,6207888,B
2096483337,6207888,B
2045104289,9566205,A
2088096338,6377842,B
2320018608,10349917,B
2103546349,10362788,A
1921895826,10362788,B
2137575342,10301602,C
2086830395,10362788,D
1528125092,9610063,B
2060442048,9060670,A
2060442048,9060670,A
2342518504,10349917,B
2040052855,10631751,B
1972001429,4608866,A
2142764266,8996480,B
2035034232,6787648,B
2923259139,11018773,A
2027933586,5175166,B
1551916306,6343372,B
2055323189,5389540,B
2902903122,10976076,A
2329299202,9777333,B
1997593334,9865791,C
2963561865,10939262,A
3010568488,11378748,A
1996134016,6251390,B
2001603167,6251390,B
2103915183,4672251,A
2409197925,10310981,C
1914508447,6741619,B
2122456144,7260287,B
1972037908,5852187,B
2094368054,7741087,B
1999254253,6797341,A
2007521608,9099376,A
1998790859,4728605,B
2102983165,7472056,A
2130653402,7812217,A
2544204482,8664608,B
2001612149,10345104,B
1564119933,5992582,B
2080788358,6013626,A
2349463924,10800966,B
1595325053,7045317,B
2119632571,8957250,B
2136639485,11029317,A
2127414930,9846313,B
2950118817,6225481,A
1984725422,9547006,B
1984725422,10018629,B
2099865122,9846313,B
2093091257,8290223,B
2905553068,11074155,B
1518648483,7442538,A
2089263993,5130362,B
2024540372,9300010,A
2610771026,11111219,B
1967440083,9231214,B
2097314637,10040880,B
2139268458,8623632,B
2984313305,11597945,A
2101286410,6093337,B
2343279429,10335061,A
2017483222,7611454,B
2978648598,11251809,A
112301132,5395455,B
2770544118,10322184,B
110417703,4880473,B
2899439741,10836383,B
2972528730,11515553,B
2887852696,10836383,B
3013150911,11515553,A
1862881275,8880207,C
2248243990,8880207,B
2112914821,9568467,B
2047269087,8303625,B
2047269087,8303625,B
2036019821,8124691,B
2030659736,4254484,A
2042029630,5661033,C
1978615993,5661033,A
196194093,4174976,B
2020513232,7544859,B
2311188279,10478113,B
2532503701,10478113,B
1588009429,7288642,C
2134243830,5476926,B
2041130899,5730975,B
2102785858,8889639,B
2022930571,5730975,B
2151064573,9181315,B
2985194635,11331379,A
1981287854,5476926,B
2150758476,7427555,A
2150758476,7220658,B
2168623020,7427555,B
2264572625,11217722,B
2056319093,8211723,B
2319711816,11217722,B
2789523544,11164997,B
2046244387,7956360,B
1592880910,5151508,B
2028986153,10253074,C
2146374245,10253074,A
2084015178,5151508,C
2016950265,10180397,B
2048914260,10180397,B
2303687823,10942186,B
1988898704,5086191,B
1977038927,9055721,B
2407773573,10021861,C
2017760463,9414576,C
2014759793,5850068,A
2277462580,10021861,B
2119223560,8089859,A
2771246117,10590176,B
2473410713,10655060,B
2152943995,8980185,A
2344663164,10050192,C
2261533507,10050192,C
2491690475,10942188,B
1996712373,6900070,A
1998087540,8148713,C
2018767194,9130119,B
1976553910,8211723,B
2008759812,7208393,C
2094636722,6727407,A
2119952888,6388172,B
1997074991,8969534,B
2599824593,10239941,B
2599824593,9803011,B
2023022618,9359391,B
2971470897,11028235,A
1972003963,9136673,B
2275594796,9640947,C
2275594796,9640947,C
2580391899,11164997,C
2483985288,11217722,A
2587998898,11411137,B
2073878559,9136673,B
1994645976,9465141,B
1991891546,6048899,B
2087835294,9465141,B
1962572428,9207357,B
2049390282,11215607,B
2022898094,11215607,B
1559780964,7459526,B
2104326281,8989533,B
1994176371,7427864,A
2110214637,7567239,A
2769010300,10481468,A
2802834620,10481468,B
2079579102,10253836,B
2549946328,10442839,B
2161892393,9909175,B
2126010318,6067852,B
2002275558,5907821,B
1569944598,4863866,C
2159146816,8173179,C
3012737185,10525123,B
2797813820,10307477,C
2797813820,10525123,C
2909100863,10307478,C
2909100863,10653770,C
1656961899,9950060,C
2004244289,6977253,B
1989670736,6977253,B
2111707231,8958676,B
2155917024,7115732,C
2119378274,7115732,B
1993938500,7221490,B
2042632907,7221490,C
2027640237,7221490,B
2040327455,4332157,A
1984890024,8597492,B
2008468534,8575204,C
2008468534,8252818,C
2105015569,5747320,A
2045189668,6280986,B
1989362029,5783411,B
2033609813,6107247,C
2112708090,6782063,B
2159328621,7842971,B
2126121966,7842971,C
2081729575,9685954,A
2669702866,10708041,B
1967602196,10521237,A
2753456773,10516398,B
2089563755,5265030,B
2060529576,8809045,B
2088791698,9660995,A
2108436649,9594258,B
1987817576,7706886,C
2018660789,7706886,B
2057119574,9382311,C
2057119574,9382311,C
2951228974,11602559,A
2804501515,11149082,B
2234996734,9796774,B
2234996734,9796774,B
2786419642,10961283,A
1989793412,8900908,B
2028774514,6017916,A
2075309886,6017916,A
2030858898,9476098,A
2022869442,6461144,B
2245726859,11275721,B
2020840622,4393201,A
2963890451,10901740,B
1498604428,7383522,A
2461543736,7871735,B
2116833435,7570079,A
2096855124,6631212,B
2156154468,6044179,B
2050302118,9334505,A
797317773,10024860,B
2133198971,5739002,B
2019664248,8862195,B
2167597278,8862195,B
2001945066,5739002,C
2128994172,8187823,B
2151757310,10689652,A
2191444573,10689652,B
2166180482,9750801,C
2166180482,9750801,C
2174536239,9750801,B
2174536239,9750801,B
2870668594,10471137,B
2721042046,10445527,B
1965997896,8784826,C
2091356778,8007807,C
1505408758,5712111,A
1505408758,6407207,C
2038742073,4175258,A
2006445674,8361736,B
2103746815,8562997,B
2785534730,10660873,C
2035091761,8709429,C
2055521874,8709429,C
2148965443,9193955,C
2102863489,9850297,A
2799119185,11602559,A
2082195639,8361736,B
2952746367,10660873,B
2952746367,11185528,B
2012578857,4659698,B
2320482974,6566344,C
3022614654,6946450,B
2088777202,7468357,B
1997960059,9825229,B
2100120664,9083199,B
1965443240,8741658,B
2945602759,11484521,B
2009911043,7309774,B
2160986529,9457103,A
1992246699,9193956,C
1697173196,9457103,B
1548276896,5621075,B
2001901848,5621075,C
2958034733,10815533,C
2790209766,10774127,C
2054648594,5837545,B
2030527641,8722331,C
2072256038,8841092,A
2165053262,6777207,B
1997906382,4436691,B
2394531238,11446274,B
2604871987,11446274,B
2169075135,7034730,C
2101001804,9187547,C
2027681596,7087408,A
2040886747,8815798,B
2169793976,8417021,A
2077521262,9959657,C
2981931445,11394945,C
2113230913,7494798,B
1965587322,9673967,B
2298023311,10245558,B
1970786291,9375684,B
2607051476,11589801,A
2765717001,11589801,A
2791310868,11156555,A
2339942369,11446274,B
2125615424,8478543,A
1989020100,8478543,B
2137892774,6377841,B
1983379130,6943190,B
2032215113,9642572,B
3027387366,11129543,B
2083711764,10001622,B
2085141869,7756305,B
2017379682,5932872,C
2087385062,5856665,C
2083938528,6497760,B
2111419376,6497760,B
2029807657,8835395,B
2045633773,7745570,A
2085132540,7333842,B
1864605018,6371615,A
2090315898,6371615,A
2886903560,11400279,A
2801553862,11400279,A
1971005450,5534570,C
2157119957,7829097,B
2268970839,11197944,B
1964130036,4789434,A
2044298972,8952693,A
1987205431,8225224,B
1987205431,7386801,A
2114363965,7739622,B
2040244898,7487454,A
2147153041,10821208,B
2054808792,5716404,C
1980034664,9253419,A
2772092278,11224679,B
2164322251,5981173,C
1989775090,5932872,C
2043204917,5995143,A
2040579430,5981173,C
2157075188,7269190,B
2105712702,6512120,B
1970576706,6642363,B
2153281010,8250007,A
3012151318,11349306,B
1930454584,10504239,B
2963573707,10796499,A
2165479406,8250007,A
2917174952,11133756,A
2612551667,8606424,B
2088068689,8195345,B
1969184911,8195345,A
2750326016,10826114,B
1918558920,10041179,C
3023610594,7127104,A
2748249509,10435803,C
2748249509,10041179,C
2115440234,8440736,B
1988355347,6034150,B
2089879160,8409332,A
2805297909,11485869,B
2160769285,9085767,B
2136401958,9085767,C
2116887824,9085767,C
2088271362,6540980,B
1495395785,8135180,B
2117026933,8275175,B
2025598643,5103029,A
2005663425,7885269,B
2563637281,11138729,B
2274581776,10217249,B
2108433944,6859458,A
2113735853,6480902,A
1492281882,6480902,B
2070964788,5183749,B
2139681830,8383417,C
1497966281,5204100,B
2483777165,10266494,B
2051804143,9478429,B
2896659693,11027514,A
2036777425,8405393,B
2066340882,7768692,C
2091600038,8334528,B
2098626779,7829880,B
2002859411,5584661,C
1601574074,5032681,B
1867591289,5032681,B
2164450173,5305221,B
2159378490,5305221,A
2033075270,5328997,C
1562768493,5340726,B
2073867122,6477408,B
2213458179,5032681,C
2046534319,10208102,B
2170813994,7829880,B
2951020695,10421696,A
2327152018,10536584,C
2132092455,8990290,B
1964420206,9730825,B
2080756297,9730825,B
1579614082,6157470,B
2737877001,10590343,B
2805104037,10637117,B
2034601719,7667882,B
1831163351,7667882,C
2742702584,10874779,B
2004742338,7667882,A
2071612535,6314115,B
1993009872,8524992,C
2232405155,8524992,B
2950045750,11530432,B
2000880097,7528754,B
2005050790,8568587,B
2005050790,8568587,B
2598754605,10916350,C
2056155424,9239948,B
2056155424,9239948,B
1983422216,8176635,B
2128063178,8176635,C
2268588237,10076523,B
2268588237,10660896,B
1999360130,6919903,A
2054412884,5084378,A
2617148421,10971690,C
2525714055,10504659,C
2745705566,11326162,B
2896019171,11546295,B
2060120210,7151339,C
2150535648,7041489,B
2002938288,7807275,C
1969564104,8148891,C
2150550043,8025890,C
2150550043,7955604,C
2150550043,8431139,C
2150550043,8137673,B
2771334346,10096328,A
2906839755,11505804,C
2079510557,8625995,A
2788706585,10934258,C
2769877701,10934258,B
2565006175,10934258,B
2034934034,6458983,B
2967279915,11431644,A
1626036182,6735229,A
2751100545,10404287,B
2755575243,10846608,A
3022057102,11433601,B
2171025243,9368789,B
2134954192,6361755,B
2148005100,9368789,B
1959816194,6361755,A
2001483661,6057422,A
2522012222,11407663,C
2962805458,10875792,A
583451487,10131754,A
2126091711,9680287,A
2594550393,10872734,C
2151642327,11013415,B
2047646893,6100449,A
1966811598,7452865,B
2067917874,6396049,C
2623107775,11220630,B
1978036248,9371366,B
2321368179,9745949,B
2725281981,10685458,A
2052212821,6432560,B
1973913301,5671294,B
1989725152,4883761,B
2123284596,7829103,B
2149172034,4883761,B
1970330754,7732096,C
2079799710,8277683,B
1966997191,7226702,B
2319562960,9368832,B
2039530673,8277683,B
2019291584,8591774,B
2060623038,9553316,C
1972718132,8932768,C
2316602620,9478794,C
2101900253,7093175,A
2122983144,8046653,B
2099226121,6874109,A
2011363932,7093175,A
1917503894,9651622,A
1917503894,9651622,A
2113067829,8347159,B
2145675266,8347159,A
1987257369,9134370,C
2162840145,8356222,C
2119086820,8356222,B
2060568940,10444282,A
1978869809,9714981,C
2112275733,6987091,B
2115217941,9290791,B
2035224785,8958669,A
3015892125,11286432,B
1588728135,10247745,B
1977858936,9495418,C
1977858936,9336274,C
2114965603,8805850,B
2107310020,6900371,A
2098154743,5593881,C
2504150820,10435375,B
1947402635,10214724,A
2017875482,9629801,A
2767330810,10214724,B
2113860105,7691180,B
2981947400,10676436,B
2981947400,10487057,B
1999130081,3941764,B
2766657341,10492683,B
2195358106,9777340,B
2032040277,7727733,C
2333725369,7727733,B
2911159638,10940171,B
2152157469,8542898,B
2935797453,10940171,A
1982829321,8697367,B
2189351114,6270747,B
2189351114,6846799,B
2185209554,6566324,B
2185209554,6551989,B
2185209554,6846799,B
2259200932,6566324,B
2259200932,6551989,B
2033696559,6551989,B
2157723719,8392421,A
1977314396,8229470,B
2587467155,10626404,C
2071894210,6113242,B
2017783368,6113242,B
2124727406,8841495,B
1703928389,6353152,A
2064080816,7488865,B
1986576876,6147275,A
2060197642,6353152,C
2079166147,8916143,A
2593033097,10787413,B
2950406494,5166344,A
2795161469,11580874,B
2908275790,11580874,B
2044071145,9487472,B
135447830,6849417,B
2075909363,8714026,B
2155876145,8714026,B
1994956091,8714026,B
2056026546,9927336,B
2056026546,9927336,B
2157267955,8231862,C
2005307833,8568969,C
2790184331,11532922,A
2790771404,11532922,B
2809941613,11597750,B
2162530649,7236854,B
2090977044,7067679,A
1969614701,6476241,A
2063143812,4821301,A
2091014275,4638485,B
1981102274,9107081,B
2019706783,4638485,B
2131702947,4963523,B
1484964433,10604809,A
2051103325,10604809,B
2132714469,10545150,A
2020316248,5073006,A
2001299888,5394411,B
116038424,7358067,B
1995643681,8637653,A
1973728860,7840086,A
2087355184,9156021,B
2028969572,7924796,C
2147612389,7160822,A
2139808482,7160822,A
3006425815,10423823,C
2964247301,10423823,A
2012445510,7248399,C
2152707162,7110953,A
2063755160,6197229,A
2042148950,9474773,B
1979761188,8457414,A
2146407930,8255029,B
2052370389,5097558,A
2162369632,6737652,B
2097373205,6737652,B
2036233991,7155099,B
2097055651,7155099,C
2171031250,7155099,B
2594733076,10735515,B
2165434233,6035109,A
1593347942,6038392,B
2108161550,5522063,A
2156490005,6651234,A
2124694078,5272078,C
2158365390,8440438,C
2597326039,7491453,B
1987604346,8486371,A
2091139523,7367948,B
2080583434,5254457,B
1510355913,8486371,B
2115955339,7367948,B
2128330779,8824174,A
2128330779,8824174,B
1886824725,10226542,C
2170669779,8637485,B
1974434552,10081801,B
1994569012,10081801,B
2055702386,10081801,B
2047810444,7910356,B
44884829,9514271,B
2044596316,9829482,B
2903441891,10902338,C
2020232470,8153421,C
2153382986,8153421,B
2109875364,6817009,B
2144118030,6817009,B
2066507380,6989090,B
2034990085,5886151,A
2043918208,8735656,C
2335547104,10640820,A
2112857740,6251906,B
2106484175,5151438,B
2053809266,7488594,A
2995128598,11020617,B
2052805703,5976821,C
1993588648,5976821,B
2093377540,6890531,A
2105221685,6890531,B
2052239784,8916615,B
1986906485,6607569,B
2081075806,6607569,A
1792065635,11217366,B
2162092180,8968756,A
2048701334,7282340,C
2004391423,6852496,B
2167714980,7282340,C
2137431200,10052631,A
2571430908,11422127,B
2934680998,11085422,B
2746563869,11085422,B
2070662831,9784249,B
2524534740,10837130,B
1987206899,9784249,B
1973928340,9784249,B
1973928340,9903350,B
1980859452,9283299,A
2893137633,11242256,B
2102488394,7442271,A
1967202956,7442271,B
2962887041,10783393,B
2923604125,11554190,B
1989630635,8396561,B
2342350953,10213460,C
2040892775,4535457,B
1558353082,6911471,C
2000274867,4117074,A
2914370117,11524009,B
2955209785,11524009,B
2782063295,11421208,C
2951185264,11421208,C
2607166254,11107217,A
2008186936,9243347,B
2342378853,4201221,A
2148756620,8143055,B
1965511151,8143055,B
2107272290,8357732,A
948590625,9743906,B
1968508641,9883817,B
1968508641,9883817,B
1966611897,7598419,B
1994914260,8852936,B
1994914260,8852936,B
2112350052,8801639,B
2062919767,9730852,A
2557552320,10719578,A
2584249987,11241490,B
1836098897,6133330,A
1992713588,6933495,A
2042434175,6933495,B
25469162,6100386,A
2081933256,6423503,B
1838133438,8940712,D
1838133438,8940711,D
1838133438,8940713,C
2106391242,8940713,C
2106391242,8940711,D
2106391242,8940712,D
2066340258,9072765,B
2066340258,9072765,B
2150037286,9072765,C
2150037286,9072765,C
2022660256,5148235,B
2087442796,5311273,B
1969350303,5148235,B
2531275511,10030062,C
2072393435,8633168,B
2046404921,5177444,A
2598265100,11369895,A
2167404934,5333493,B
1978660892,9460711,B
2047877397,9127290,B
2335723532,5137900,A
2148624859,7338577,A
2739081837,11207422,B
2047258053,7854991,A
2319878423,5560898,B
2058371426,5298748,B
2964683531,11557117,B
2149252088,8580230,B
2055125633,6136558,A
2055125633,6387638,B
2805036018,11557117,B
1576702637,8457900,A
2027876215,6015663,B
2042881006,5329758,B
2082088111,8486175,B
1969267499,8747859,C
1969267499,8747859,C
2121032086,9221033,A
2074089101,9221033,B
2765577021,10536696,C
2564447311,10536696,C
2082206004,4309307,B
2791311564,11242602,B
2017548910,7625840,B
2072332230,6087136,B
2150061346,8741386,C
2262133084,7625840,B
221664488,6432972,B
2794848118,10937250,A
2795215559,11305295,C
2061384754,8334274,B
1986818509,7972599,B
2036387229,6696290,B
2567268417,10894093,C
2922034887,11304975,B
2164120863,10426795,A
2226275287,10988542,A
2058426264,11603539,B
2058426264,11304975,B
2058426264,10426795,C
2058426264,11311575,C
73683652,11311575,C
73683652,11603539,A
2003885556,6858429,B
2167627976,5304478,B
2032826794,5798366,B
2056784817,9044470,B
2099172504,8101169,B
2124062248,7081522,B
2019547910,5874464,B
2095042627,6660749,B
2953337555,5874464,B
2049169460,8859468,A
2049169460,8859468,A
1968467007,9328379,A
2083319219,8859468,B
2083319219,8859468,B
2205042778,10478120,A
2300122225,10478120,B
2094299358,8902423,B
2068298624,8902423,B
2064575553,8101169,B
2113022445,6566579,B
1982416531,6507633,A
1983628188,4311770,B
2073196410,7540843,C
2067546364,10286197,C
1974058065,9028131,B
1589265174,7360024,B
2545435378,7957171,B
2007524461,7360024,B
1594995039,7117291,C
2044169471,9861288,A
1516361241,10230738,A
2065702060,8744169,A
2160534562,6795776,B
1481102435,7925064,A
2028943455,5223399,B
2105478257,5223399,B
2109844013,8506966,B
2093505237,5766584,B
2040956161,6000799,C
2040956161,5943117,B
2040956161,5892569,C
1970855852,6186628,B
2011488237,4841968,B
2889322309,11137318,B
2091870229,6838113,B
2028113949,6512981,B
2109715166,6564151,B
2109715166,6772069,B
2109715166,6466874,B
1994491071,8802072,B
2125605357,10161004,B
2952626330,8513465,C
2006056645,8513465,A
1980012819,8129171,C
1810417380,8129171,C
2004186822,5208364,A
2774747540,4360458,A
2110008055,7531348,C
1987438686,7102758,A
2075893879,6934035,A
1995151928,9274001,B
2110310129,8508746,A
2145935346,9823127,A
2015749984,6939957,B
2128838376,7803234,B
1993433575,7803234,B
3006717849,11578120,A
1966961721,8382671,A
1966961721,8333704,B
1966961721,8328725,A
2898878881,11357478,B
1996398690,8183349,B
2101645128,8910120,A
2125167217,6872411,C
2124505743,6872411,B
2091588152,6872411,C
2002333167,8557399,B
2281450936,10183912,B
1498316612,7634085,A
2238048589,8566601,A
66767074,8559631,A
2625711513,10437256,A
1993985830,8787477,B
2050293815,9015689,A
2983375820,11340337,C
2067947257,6080579,B
2108320685,6849439,B
2044845432,7445776,B
2533063166,10398353,B
2402436346,5631009,B
2115658170,7125680,B
1985614668,6399581,B
2003919397,10163246,C
2103663069,10163246,B
2324083501,9337603,A
2324083501,9337603,A
1975355256,7714121,B
2079857068,7928192,B
2139532707,7858096,B
2166930660,6895153,C
2782372068,11613568,A
2152322205,9764016,A
2152322205,9764016,B
2077851332,8226960,C
2006104205,7279169,B
2033656780,7714121,B
2171387123,6149919,B
2067342462,8952043,B
1966846417,7645735,A
2980457337,11462128,A
2141167795,7375526,B
2100101885,6251280,A
2010107577,4064337,A
2486587407,5444718,B
2050306450,7668183,B
2168374473,5444718,A
2795267642,10973879,B
2170459269,6829498,B
2101761026,9565129,B
2581175663,10807071,C
2714383381,10807071,B
2004660075,8539725,C
2085460454,9012186,A
1972549326,9695426,B
2164782142,8357518,B
2056002887,7211647,A
2016843848,7125540,B
2015939663,9647198,B
2922589798,10947637,B
2058978343,8551425,A
2288701963,10466183,A
1969225389,5654998,B
2890278763,11351508,A
2766369763,11242468,B
2031422121,5128254,A
2163111199,5128254,C
2962970841,10902738,A
2325162016,10691999,A
2057077118,5861625,B
2037322938,7601421,B
1966453599,7601421,B
2896569879,10935978,B
2896569879,10606274,B
2984911527,11183343,C
2971222905,11152160,C
2990729811,10916380,A
2985805731,10854395,C
2985805731,11152160,A
2973044383,11183343,C
2277272100,10188743,C
1955170101,10188743,C
1937114605,8158382,B
2321983703,9180454,A
2904306962,11445943,C
2034380683,8810882,B
2046502724,8952043,B
1997770940,4127121,B
2120150457,4653058,C
1992090272,4701930,C
1992012184,9435882,A
2074437517,9395434,A
2074437517,9395434,B
2379136839,10203405,A
104207194,9435882,A
2121138593,9034838,C
2141619720,9034838,C
1978523507,9034838,B
2516334137,8080162,B
3022693002,8282897,C
2475431228,8282897,C
3022205816,8282897,C
2512305765,10203405,C
2139724109,6658285,C
2939380857,11061718,B
2149399194,8367893,B
2017645871,10569844,B
2095847429,8599889,B
24569603,8473895,B
2089992728,9533882,A
2089992728,9533882,B
1976513922,8784766,C
2087905179,9533882,C
2087905179,9533882,C
2212267647,9931609,C
2175134880,9931609,A
2485401955,9931609,C
2073120856,9765337,B
2163895523,7117029,B
2148362613,7117029,C
2004840919,5365477,B
2031122045,9380224,B
2031122045,9380224,B
2178223214,9443632,B
2039417078,4722890,A
1982317705,4722890,C
2109610660,8478555,A
2054570077,6687058,A
2048208399,8089625,B
2090477592,5848972,B
2083142084,5848972,B
2000110947,7414015,B
2005161355,5859922,A
2046604363,5150292,B
2057001292,5859922,B
1583216703,6047080,A
1988497869,10448868,A
2069596341,10448868,A
1968103166,9226966,B
2610688512,10133949,C
2146544336,8387021,B
2178942715,5493047,A
2329678494,10494683,B
2784276987,10034935,A
2116924131,8257712,B
2053032921,7731974,B
2082161297,8254588,B
1501875103,7504428,B
2000343604,5371588,B
2104412988,9100730,B
1996218550,6639515,A
2015577613,9338529,C
2015577613,9338529,C
1995484705,9473834,B
2017372759,9338529,C
2017372759,9338529,C
2076535911,5864141,B
2146366258,9632084,B
2059353973,9632084,B
2144453450,9632084,B
2952991341,11538100,B
2050519089,8976873,B
2562252980,10317361,A
2083172731,9347929,A
2174980370,5864141,B
2541141364,9217744,B
2153043629,5864141,B
2169903102,8110361,B
1659668710,6156533,B
2099174555,7645584,B
2105864848,9171679,B
1979504741,6856145,B
140329245,5298392,B
2157635332,7972849,A
2066452267,RE42755,B
2066452267,6956144,B
3023327393,9444632,B
2114126353,9198821,B
1979154001,9403056,B
2948604360,11003956,A
2155638586,9512432,A
2793667886,10998721,B
2898946236,11471306,B
2046941905,8066372,B
1995380402,9441086,B
2027258573,6074180,B
2012210955,6074180,B
2055687678,7462019,B
1970358496,9994623,B
2593733601,10811555,B
2007476630,9422302,B
2328996260,9422302,B
2161173380,9422302,C
2293525243,9447597,A
1965009947,6020209,B
2903463145,11013796,B
2139606640,8748118,B
2059439388,6231861,C
1993866420,6153218,B
2568904845,10328380,B
3023874756,11573194,A
2195707017,9874539,B
2334679639,9874539,B
2072703847,9874539,B
1980186536,7264816,B
2140546048,7264816,B
2754915267,11285136,B
1993782588,5244749,A
2443603086,10288553,C
2886624707,11571288,C
2097931649,9011840,B
1503998130,7967725,B
2050390813,7592139,B
2099443640,10131875,B
2115559525,9487825,A
2084967509,8114590,C
1968062637,7269549,A
2107080202,8712074,C
2165899180,9064502,B
2108756047,8712074,B
2149026196,7020615,A
2141998673,9064502,A
1590712817,10725018,B
2344363849,10725018,B
2039749912,7402817,B
2911082000,10627409,B
2577494631,7846664,B
2611877356,10627409,B
2065482420,8114590,B
2547412310,9933434,C
2553362440,9217040,B
2553362440,9217040,B
2979603571,9217040,B
2979603571,9217040,B
2806532541,10627409,B
2058520894,5206509,B
2089321562,5206509,C
2012549991,4849628,B
1965812076,7567080,A
1991744612,4849628,A
1987486869,5128447,B
2324751867,9030910,B
2340592411,9946152,C
2050374885,8116166,C
2098728086,8116166,B
2208465844,9878983,A
2047349478,10670756,A
2071658155,6248682,A
1965927479,9231675,C
1993017729,5670173,A
1588673296,5831937,A
2150766142,5831937,A
2091170186,9673452,C
2134968882,9673452,B
2036258482,9673452,B
2014080116,5676151,C
2067479803,9248051,B
2560698704,11387520,A
2046876337,8269100,A
2081750976,8039566,C
2154040196,5781682,A
2154155447,5537504,A
2549269826,10266571,B
2080393180,8423979,C
1976578327,5643718,B
2017544831,7176181,B
2047280148,8940917,C
2732969210,10703805,B
1896279358,10357164,C
2035986608,6390092,B
2030360092,9987329,B
1985214659,5843889,B
2084090108,10737111,B
2077135474,8178496,B
3012772441,11408057,B
2025578257,9764027,B
2123174499,5910628,B
2007476277,5220650,B
2070985137,7412129,B
2061305962,7340129,B
2060861249,7412129,A
2012009919,8740432,B
2800367523,11419806,B
2330883182,9848599,B
1985213145,5229367,A
2054302101,5501967,B
2144295484,5420541,B
2037689709,4940781,C
2158585306,5998147,B
2103136598,8539760,B
2019304102,5998147,B
1497915798,11053550,B
1974533020,6613787,A
2064469401,6613787,B
2166531310,8605826,B
2343357155,10309967,B
1963844082,8816332,B
1991163797,9099652,B
1991163797,9099652,B
2287952968,9884841,A
2287952968,9884841,B
2047308680,8577830,B
1980185531,6627190,C
2010869741,6627190,C
2096764068,7777516,A
2125663341,6236227,B
2001582375,9410996,C
1542762590,6822839,B
2809813924,10619300,B
2503386308,9702083,A
2503386308,9702083,B
2823887323,10881534,B
2558523359,10937978,B
2144845812,7570074,B
2044514494,4959463,B
2115712706,9410996,C
2112910533,7570074,B
1747328035,6611771,B
1994467005,7368432,C
1994467005,7279549,C
2133411387,7368432,C
2073529085,7238513,C
2150284628,8056667,A
2049998661,6441132,C
2099705891,7238513,C
2031511867,9062118,B
2050796030,4977087,A
2003747409,9149833,B
1885523660,5750193,B
2465084855,10783689,A
1604726825,7630526,B
61976021,7630526,B
1984693449,5750710,B
2541064520,7383100,B
2161827208,7383100,B
2146903247,5640966,B
2064587161,9884987,B
2064587161,9884987,B
2091725699,9725345,B
2029855978,5764059,B
2130125677,9645263,B
2132774916,7321854,A
2156927436,7321854,A
1994670938,8950193,C
2170553682,5349862,A
2043097236,5591626,B
2979321236,10950794,B
2770951799,10714688,B
2770951799,10937978,B
2413929317,10788492,C
1963599662,9275273,B
2023068795,8806503,B
2023068795,8806503,B
2153808006,8375392,A
2037525902,9335981,A
2032558548,8811726,B
2130019578,7663640,B
2129358463,6590048,B
2155273213,4978459,B
1528225701,5618468,C
2077618043,7872473,B
2151736319,8049069,B
2568819834,10509386,B
2088054709,10226327,B
2115380157,8275724,A
2115380157,8275724,A
2164017743,7887888,A
2047136742,8379940,A
2105087447,7492943,A
2040515152,8073287,B
1481078355,7492943,B
2078916996,6826300,C
2096837757,7022681,C
2767155199,10100058,B
2111631238,7163928,B
1885273260,6193984,C
2152510078,5672349,B
2016910480,7560105,C
1985443959,5731160,B
1847475848,4664911,C
2002161324,6368596,A
2269844042,11283077,B
2121750392,8639947,B
1544005395,8639947,B
2951881568,5981773,B
2022279286,4254226,B
2066735451,9155723,B
2013151493,4778261,B
2344917901,9191199,A
2344917901,9191199,A
2144285982,4952862,A
1999116645,9821294,B
2059463688,7910308,B
1594062992,10228801,A
2033029628,11344217,A
2094725194,6172009,B
2111814792,6808522,B
1963781961,9067064,B
1963781961,9067064,B
2464729250,11065476,B
2075011258,8236976,B
2995772144,11615873,B
1567624342,7378111,A
2073186779,7820753,B
2146645547,8778694,B
2057916765,9453097,C
2065847082,8273247,C
2979442723,11615873,A
1990521360,7766033,B
2902472343,11615873,C
2064347157,4080960,A
2069485800,6826321,B
2069485800,6826321,B
2944126549,10461202,B
2944126549,10453977,B
2944126549,10333011,B
2944126549,10446701,B
2944126549,10559704,B
2912965319,10297699,B
2912965319,10333011,B
2912965319,10446701,B
2912965319,10559704,B
2327848690,9923338,A
2912965319,10453977,B
2083706895,9059570,B
2083706895,9059570,B
2559756779,9923338,A
2582008260,9960571,C
2531824722,9960571,C
2351798013,9923338,A
2912965319,10461202,B
2139997737,7203350,C
2087268571,6826321,B
2087268571,6826321,B
2228289255,6826321,B
2228289255,6826321,B
1993496851,10109076,B
157706509,9732142,B
2082717449,8207321,A
1970297928,6528049,B
1624483887,6214485,B
2094723572,9069778,C
1989750992,8803887,A
2048955023,9135738,B
2004475676,9459404,B
2004475676,9459404,B
2140598739,8392381,B
2082249050,6770634,B
2336078426,9895312,B
2336078426,9895312,B
1823798038,9895312,A
1823798038,9895312,A
1601019427,9895312,A
1601019427,9895312,A
1742681281,8095210,C
2034252148,7095070,B
1984978446,5610250,B
2031843626,5498679,B
2169151715,7993925,B
1976137304,11340189,A
2511935099,11541149,B
2292138788,11541149,B
1973075217,8334013,A
2329099578,8911864,A
2626639750,11090310,B
2081361953,5401804,B
2056074289,9018138,B
2000727955,9676818,A
2106466443,9388048,B
1965654804,9676818,B
2013254847,10654807,B
2075246268,4929557,B
1577107452,4929557,B
1689169476,4929557,B
2061520989,5625749,B
2019150340,9988623,A
2019150340,9988623,B
2038733782,7229258,C
1968832732,11613735,B
2141105309,5091952,B
1966173822,10704050,B
1991197152,9670494,B
2030168212,9670494,C
1976328617,9116303,C
2094425996,5364837,B
2137514554,6709827,B
2137514554,7153652,B
2796350009,10239834,B
2803164878,11167012,A
2772709706,10610461,B
2321674405,10288667,B
2041679205,5352589,B
2751441869,11414648,B
2139881292,8883967,A
2079633378,8883967,A
2143716265,4251861,B
1968143592,7149999,A
2083087340,9385692,A
2527089532,10310537,A
2080035230,9385692,A
2158503671,6919619,A
2020831931,9655174,A
2053564393,10043493,A
2052951455,10043493,A
2120129594,8196012,A
12753068,7711116,B
1990478559,9335972,A
2075636013,9979284,A
2119492860,10080816,C
1975804538,8186357,C
2053551391,9808418,C
1983498383,9750471,A
1983498383,9750471,A
2041447608,9412184,C
2089023251,11155715,B
2101640086,6343108,A
2036810384,6775346,B
2078692126,6574298,A
2889855080,10742037,B
2159679611,6639050,C
1976241581,6713048,B
2979413545,11103560,B
2143369885,6301282,B
1982429312,7092421,B
2070777408,9799435,C
2070777408,9799435,C
2053410462,9324486,C
2023603045,9799435,A
2023603045,9799435,B
2218739130,9627119,B
86528803,9627119,B
1979561187,5212395,A
1007334070,9869481,C
115742281,4590401,B
2771587451,10871462,A
2031715371,9590740,A
2564397219,10427188,A
2122022532,10427188,B
1962344605,9015659,B
1977426035,10414042,A
1966310332,9034436,B
1501757562,10248004,B
2068144728,8962487,A
2044809899,5843454,B
2044809899,5518723,B
1833017711,10427188,B
2050499966,6855554,B
2014940571,8168763,B
2974309349,11517611,B
2000759543,5098890,B
2042950683,7622129,B
2130828480,5962667,B
1964030229,8546575,C
2805075754,11110080,B
1968893064,5763888,A
2044626335,10736840,B
2120525600,9631057,C
2120525600,9631057,C
1964728361,8605760,C
2055911872,8976822,A
2055911872,8976822,A
1998325617,7570850,B
1212822553,9983550,A
2021101810,8804231,A
1990085584,7570850,B
1990085584,7535634,B
2020351532,8102597,C
1994015638,8452139,B
2068361247,7024069,A
2030477055,8831056,B
2046633871,9750427,C
2153715952,5659798,A
2165124893,7555566,A
2086779277,6649614,B
1967930242,6649614,C
1975602946,7535634,B
2170465220,8289616,C
2166971257,7535634,B
2057587398,8094359,B
2979371091,11576963,B
2885658204,11337760,B
2026483747,8865107,A
202072650,6709747,B
3015092349,11604177,A
2058929098,9173897,B
2058929098,9173897,B
2806060664,11373455,B
2728917325,10215447,A
2411596745,6921749,B
2030195453,4743538,B
2066215569,10155121,A
2001718201,10155121,B
1996084478,4431734,B
1819910556,6409664,B
1819910556,5993388,B
2132658396,8335677,A
1990359665,7425606,A
1548637692,8391579,B
1530395742,9042618,A
2084755508,9785858,A
2008120479,8391579,B
2065555571,9531497,A
2000017708,10292584,B
2086888041,9778260,A
1970766963,7714275,A
2102729783,9117259,B
2030984404,9117259,A
1997572821,7456702,B
2610948932,10166273,B
2295171544,10336028,A
2086032339,6194185,A
2622222136,11305001,C
1996512145,9489950,C
1977063219,6317716,B
1569476889,5695761,B
2115591186,7231271,B
1482343016,10220520,B
2780680391,10647004,B
1492121197,10011010,B
1980086092,8611991,B
2739700617,10961311,B
2077471730,9783800,B
2034355535,8880354,B
2763713177,10875780,B
1964706525,10155953,B
2007704444,5587793,B
2144810465,8234295,B
2085471688,6777510,C
2071057798,6382510,B
2011099815,8575577,A
2039626598,8735844,B
1978577946,8735844,B
2738961209,10388038,A
2736736899,10573040,B
2029308047,5560781,A
2000139973,5825033,B
2012954384,7525661,A
2062991127,7525661,A
1965255507,7525661,A
2886547004,11563165,B
2914231562,11563165,B
2918760165,11563165,B
2033937187,5474075,B
1676297310,6302845,C
1998370320,9244368,A
1990348963,8848977,B
2613255783,10521906,C
1822020398,8848977,B
2723319269,10521906,B
2735152008,11240264,B
2575200526,11030003,B
2034374574,8132415,B
2065400895,8334868,A
2002578210,8217934,A
2948213750,11158117,B
2948213750,10692277,A
2093425228,9679192,A
2093425228,9679192,A
2065400895,8379018,A
2738759711,10657682,A
2025954386,8135221,A
2167145218,10134440,B
2093249575,6294650,B
1974373393,4650999,C
2987443216,11053520,C
2042964730,5024944,B
2504711420,5866789,A
2190663404,10121667,B
2025163778,7763461,B
1994740410,6541197,B
2950385223,6951944,C
2143365751,6951944,C
1983267428,8629249,B
2164035751,11149092,B
2164035751,10421820,B
2416897715,10421820,B
2051774777,5239563,A
1943920605,9637554,A
1943920605,9095592,A
1968224363,6403371,A
2910387602,10980883,A
1487181014,7058156,C
1981237736,8600137,B
2067550903,7529335,B
2029848651,6665370,A
2054496649,4758345,A
2526931032,10313382,A
2096295381,8399243,A
2028156314,8399243,B
2163301405,7544819,B
1981479465,7544819,C
2079596798,8459098,B
2003736675,8535719,B
2018550962,5871723,B
2143372911,5871723,A
2313717030,10153158,C
2022606594,6767994,B
1990585109,5413910,C
1972850922,5877399,B
2053557263,6650466,A
2031886985,6650466,C
2012247016,5728519,B
2768121129,11447880,B
2620204638,10961127,B
2047057004,10332731,A
2220542521,10332731,A
1967732566,7671253,B
2018201699,9078429,B
2090801904,9078429,B
2079182964,9078429,B
2034115238,9685906,B
2081294680,8536885,B
95273688,4622223,C
2335115390,11104913,B
1419463753,10367690,B
2163074158,5747273,C
1903925749,5747273,A
2771047191,10520365,B
1986213168,9650348,A
1996066704,10548516,A
2013475486,9856511,B
2051458654,9856511,B
2045499738,6215248,B
2017851953,9868767,B
2562506588,11266713,A
1587228649,9965802,A
2890017736,11339192,B
3005751562,11413001,C
2895005700,11413001,C
2042855108,8648173,A
2901315592,11028380,B
2952406481,11028380,C
2771494576,10977772,A
2565466787,10190106,A
2138037217,9611323,B
2064317688,7012063,A
2052969012,5426177,C
2572655490,10785966,C
2137901878,10535791,B
2006312779,10535791,B
2284117193,10522774,B
1976309810,9621072,C
2052743140,6270981,B
2401806113,9804121,B
2401806113,10557818,B
2740519210,10557818,B
2234760970,10899711,B
2026427163,6503731,A
1972386273,7636336,A
1997691428,6619050,B
2069791389,8739001,C
2151382063,8143231,B
2127946317,5199041,B
2592473410,10368735,C
1491914334,7363070,B
2051075314,3960840,C
2025946616,3960840,B
2047379559,9599411,B
2078843521,5488350,B
2327486992,9599411,A
2134061160,8673629,C
2039512308,5750395,B
2129426632,8017745,B
2155470015,7805079,A
2027335692,7353148,B
2782307807,11137457,A
2962755264,11506815,B
2092983959,9265738,B
2512716507,10731195,B
2916798560,11092424,A
2041392984,9399653,B
2074350647,9677817,A
2074350647,9863725,B
2008897683,6462540,A
2170566808,7193413,C
2167869002,8079278,A
1544685573,6797478,B
2097916479,8079278,B
1991702470,8574173,B
2024522155,5220172,B
2810682944,10983059,A
1978615574,4513263,A
2009444020,9604077,B
2038541228,9162902,B
2117232302,6447767,B
2035124626,6017740,B
2097724004,5866073,B
2951643156,7592452,B
2082285763,9697729,B
2082285763,9697729,B
2530835875,10149884,B
2205158652,10149884,C
2810948269,10617735,B
2553383082,8995501,A
1970955743,6218106,C
1968933451,4054686,A
2323746770,5335139,B
1987740529,5498271,A
2135025635,6673572,C
1989220165,6673572,B
2004037047,6075878,A
2001180220,6075878,C
2042973012,5673332,C
2558012959,11514011,B
2886057296,11491485,B
1975426206,6969614,B
2164868452,9932642,C
2556603426,10563271,C
2474574345,10563271,B
2033345778,7199233,B
2473483657,10563271,C
2152007804,7199233,B
1971301114,8611664,A
2161261068,9418297,A
2161261068,9418297,A
2315699834,10302528,A
2158728572,8637002,B
2344531003,11335846,B
1967625750,5753668,B
1989109098,6723891,B
2011764617,5543960,B
2589060765,8486408,B
2756284341,11185275,C
2078460041,5998995,A
2111164982,7416019,B
2020510322,10068137,A
2064806925,4935222,B
2294652921,9670103,B
2784112628,11607309,B
1925510084,6148425,A
2114838198,6256759,A
1874778078,6463561,A
2033085175,6694466,A
2155876767,6694466,B
1990197620,9403688,B
2038559788,5144127,B
2010159589,6266622,C
2085952434,6266622,B
2050736304,11510875,C
2297498980,7291723,B
1994930517,6870043,B
2167468827,7951531,B
2160785432,7951531,B
1482212684,5294548,B
2061044524,11510875,B
2132657101,6627198,C
2166211608,5274818,B
2138223455,5274818,A
84982043,6514707,B
2909480840,11414556,C
1965511478,7189890,A
1997789825,8198368,B
1997789825,8198368,B
2793499657,11078542,B
2804058066,11414708,C
1977283517,7180087,B
2084003631,8415163,B
2019258915,8873755,A
1965877974,6821917,B
2170770305,8008077,A
2127684444,8802027,A
2464643405,11111519,B
2152904553,9475013,C
1995499837,9238206,C
1984754370,7541579,A
2165345456,8908787,B
2116207933,8908787,B
2119384357,9565717,B
2322177339,10221222,A
2129944324,8288163,B
299855723,4152148,A
2756067524,11211569,B
2592667291,10522169,A
2613111180,11048144,B
2583746339,11111538,B
2343579303,11111538,B
1993864412,9249462,B
2001179988,6180346,A
2164363152,8225295,B
2143030291,5946490,A
2091590159,8732090,A
2063954122,10106814,A
2082243493,9851367,B
2557535607,9851367,A
2050493371,3957496,B
2155547913,8488726,A
2058562575,10467631,B
2103626697,7985561,B
2074218748,9784730,C
1963664144,9784730,C
2326103518,9784730,B
2231525377,9846079,A
2125325693,5291496,A
2021632624,5291496,B
1512774977,5745630,B
2073482144,5048038,A
2138898849,6229947,A
2043197411,5102825,A
2074480097,4051062,B
2085656326,9741256,B
1977935857,8227407,B
2021443884,8094393,B
2237413009,10202654,B
2321742949,10202654,B
2051729822,5463649,A
2110284193,6504859,B
1967253979,5268659,A
2034289088,8198089,B
2116207915,8198089,B
1996023701,8198089,C
2996658746,11536665,B
2912140643,11137220,B
2082783857,6646135,A
2119378450,5463472,C
1999483867,7303969,B
2156345242,7303969,B
2024950428,5229722,B
2123238345,8828193,B
2123238345,8828193,B
1983536108,9221047,A
2294987679,10454611,B
2156855579,5484780,B
2609068241,6448721,B
1513407685,4292124,A
1963815735,6448721,B
2123377228,8723422,B
2036798185,5178156,B
1779189158,8346687,A
2027210853,7270413,C
2035033734,7270413,C
2791610264,11136598,B
2009138312,6532440,A
2084434126,7270413,C
1984974466,8860336,B
2288854373,10627277,B
2059637822,10648935,B
2924837875,11445915,B
2229085615,5756343,B
2082170643,7442804,B
2154988271,5792609,A
2027194554,5543514,B
1978262382,6937781,B
2123702593,10406167,B
2887331220,10934326,B
2129714107,6462054,A
2506435153,10975101,A
2105231737,7621229,B
1616173348,6400979,B
2018797949,7560570,A
2608736098,10934326,B
2007924093,7560570,A
2042544913,5612380,B
2017162980,6858649,A
2748739447,10624935,B
2036083442,7179456,B
2052117587,10227609,C
1995815598,9856427,B
2982093475,11586496,B
2007181953,5722392,B
2105086026,9034426,A
2033269021,9613879,A
2033269021,9613879,A
1972791698,11198724,C
1776515882,9791258,A
1776515882,9354039,A
2560472445,10126506,B
1607294115,9791258,A
1607294115,9354039,A
2049948571,9354039,A
1975151201,9144601,A
2552839021,10839790,A
2604891237,10921264,B
2792315950,11312950,B
1969107785,8524739,B
2038964184,8524739,A
1991853891,5886115,B
1971128731,4677169,A
2220950933,5886115,B
2795645133,10692244,B
2048031337,8614089,B
2034884269,5886115,B
2000336920,6863701,B
2118851189,6490875,A
2787252818,10852990,A
2325675133,9522909,A
2325675133,9522909,A
1571806676,8650022,A
1547293893,9305271,B
1995595415,9382339,B
2783583279,10379538,A
2405781470,10537609,C
2161440756,10537609,B
2199469292,10189342,A
2964804295,11385311,C
2747122024,10705168,A
2145787718,9425726,A
1983002817,9425726,A
2161217181,7723507,B
2045693402,9616249,C
2001429450,9528921,A
2127234869,9528921,C
2026694776,9528921,A
2271565612,8470779,B
2084816871,10246787,C
2223620991,10247856,B
2019304330,7531253,A
2026703184,5041078,B
1992728055,5369101,B
2020161504,8155416,B
2020161504,7871406,B
2056625618,5888997,B
3011685051,11389459,B
2176929707,6046355,B
2027460959,4933335,B
2002771074,5461165,A
1975328516,6689645,A
2052791500,7977047,B
2025653908,5273884,C
2304479835,9345249,C
2950018929,7176233,C
2175936755,7176233,B
2980742254,11275006,A
2095178995,8548067,A
2105770396,8548067,B
2111074410,9206400,C
2111074410,9206400,C
2056144225,6391642,B
2006570060,6391642,B
2146535061,6106466,C
2542320993,7058445,B
2062010901,9650616,C
1999765996,9941657,B
1999765996,9941657,C
2140675221,8054937,A
2179684649,8054937,A
2008720818,9715098,B
2106458666,6605748,B
2138003581,7754842,B
2106458666,6559331,B
2018705256,8986708,B
2215968105,9320789,C
2009808982,9320789,B
2328470489,9409850,C
2026040340,4957725,B
2538079766,9471870,C
2090832391,4453247,A
258363626,9730582,B
2464426536,10420465,B
2295153243,9730582,C
2057226838,7457288,B
2085413104,7952693,A
2036129714,5999280,A
1987674111,7122093,B
2032600812,8169917,B
2897006955,4565625,C
1979659545,6524601,B
2323707169,9765445,B
1997845654,4613587,B
2687169109,10696822,B
2706500942,10723750,A
2523930203,11497417,A
2597334832,11497417,A
2034320996,6406875,B
2563191643,10815522,A
2102354469,10982287,A
2108245606,6718054,C
2101899715,7034822,A
2149604373,7324594,B
2313433907,9353075,B
2153820009,6551793,B
2158791657,7129393,B
2971904947,11463733,C
2056935602,7238783,B
1995638136,7239766,B
2165009865,9499558,B
2165009865,9499558,B
2177415592,9499558,B
2177415592,9499558,C
1967987975,6110665,B
2116448156,9190827,A
1798591340,4868911,A
2108435853,4868911,A
2168437706,7112720,B
2009591769,7877343,A
1983625008,5747300,C
2022747708,6294360,B
1480999188,5843748,C
1480999188,6090792,B
1480999188,5965411,B
2025942152,7920393,B
2164020495,7920393,B
2168478794,7951374,A
2152477480,9173898,B
1866526818,5786324,B
1965116404,5830860,B
2041762667,7951374,B
2112023046,10711272,B
2166055633,8547177,B
2170683607,8547177,A
2164739147,8547177,B
1991915912,8580181,B
1991915912,7828539,B
1987661679,10661037,A
1570095287,5067456,A
2094401778,6181909,A
2912347305,11214586,A
2029540843,4935491,A
1970798902,4721775,C
2051813036,8494569,B
2146617508,8613915,C
2423985081,4019498,A
2101790232,9339227,B
2942200926,10640829,B
2914299250,10640829,B
2466700261,9740818,B
1454226881,10000527,B
2298480249,9497843,A
2971019703,10576429,B
2004957462,5312752,B
2095399667,5665715,B
2067168610,8889706,C
2791916762,10550060,B
2950826210,8927776,B
2740356708,10589263,A
2966637237,10550060,B
1499180115,6229152,B
1945171476,6229152,B
2139647145,9681389,B
2044825415,6503540,B
2076407107,7705164,B
2088385150,7442558,B
1875055086,7522527,A
2166309735,7496232,A
2023869505,5540079,B
2315863888,9808543,B
2315863888,9808543,B
2037307091,5208746,B
2079010311,4914589,C
2044347039,5287276,B
2329410457,9276382,B
2341649592,9276382,B
2086058162,7655795,C
1972730956,7655795,B
2086141419,8283345,A
2147578162,9707392,A
2531576498,10174378,B
2152165550,9777300,C
2000708916,10070381,A
1966668919,7439265,A
1991900761,8598133,B
2784160852,10521643,B
2156282075,4873245,B
2049585906,5430053,A
2131570126,4388457,B
1995751127,4414205,B
2054743064,4997817,C
2052816744,5514689,B
2051772698,5883120,B
2083025339,4833257,C
2032718969,5554725,A
2147848917,6064332,B
1978103893,9668473,A
2128711619,8728312,B
2037590023,6372509,B
2157996117,6849778,B
2169066121,7751040,A
1976667168,5257213,A
48423331,6620402,B
1485895771,6476275,B
2953278064,6565826,B
1521704129,8034803,B
2032387450,9468666,B
2990941568,11612725,B
2560458229,11138678,A
1922712424,10346934,A
1601476638,5635617,C
2067885308,9017685,B
2000121836,8598568,B
2871645690,11353437,B
2552852934,10819359,A
2347028567,10819359,B
1990120546,7790187,C
201976458,10214572,C
2095141978,4808928,B
2735393800,11293116,B
2044741217,7541041,B
1973361127,9558922,B
1973361127,9558922,B
2029958162,8974652,B
2068538601,6291247,B
2052522177,6448199,B
2144531414,6029114,C
2147837287,6437128,A
1967563794,5519050,A
2090342840,4388457,B
1981385872,4611066,B
1986451437,8053416,A
1490063475,4611066,B
2111856850,8912536,B
2080144241,5824206,A
2092344343,5072004,B
2072578938,5130414,A
2170733441,8003364,B
2170733441,8163531,B
2055456797,10246099,A
2790087428,10794861,A
2530888279,11572543,A
2170845283,9228185,B
2243237654,6438543,A
2172055495,6438543,A
2029433174,5819265,C
2998852785,10570392,C
2795328021,10472619,B
2091682789,9381210,A
2189245994,9765327,A
1968272833,8957029,A
2157908534,9382531,A
1971223852,8637642,A
2033000795,8958975,B
2033000795,8958975,B
93766889,8958975,B
93766889,8958975,B
2152105333,8283150,B
2789962466,10329548,A
2139952670,8283150,C
2768836976,10538753,C
2040669111,5110735,B
2900733407,10422891,B
1970037243,5441959,A
2045470374,8481688,A
2151421360,10208069,B
2024646750,10208069,B
2093329436,9059409,B
2099427463,8227614,B
2157003151,10208069,B
2908476314,10677914,C
2071654851,7543496,A
2071654851,7543496,A
2150502990,7543496,A
2150502990,7543496,A
2077929660,8166816,B
2796414606,11414353,B
2054599073,8283150,C
2102136347,7375197,C
2770065739,11000524,B
2108060598,7877755,B
2051544298,5327783,B
1981151256,9075935,B
2121333196,8586396,B
2121333196,8586396,B
105436113,8586396,B
105436113,8586396,A
2064514251,9607017,A
2064514251,9607017,A
2015787982,9607017,A
2015787982,9607017,B
1974771871,11135222,B
2095574637,6576639,B
1976709999,11007244,C
2156750041,8309278,B
1997566380,7337700,A
2321180610,10233262,B
2541600477,8309278,B
2557335882,10749097,B
2116094274,9607017,A
2116094274,9607017,A
2082481861,10569104,B
2991143689,11377420,A
2054715177,9862776,A
2162399997,5227160,B
140465116,9861640,A
140465116,9861640,A
2059278883,8970429,A
2320307880,9546308,A
2320307880,9546308,A
1564811764,5876949,B
2466032759,10130701,C
2993652225,11202825,C
2026301008,7348145,C
2080180940,7348145,B
2006942531,6941227,B
2100005312,9939818,B
2100005312,9939818,B
11494946,10344335,B
2729830157,11040047,B
2793367418,11040047,B
2985936292,11610115,A
2963201472,10867214,A
2109942348,7053205,C
2169237780,7046099,B
2028894470,5656451,B
2161366931,6197301,B
2161366931,5747294,B
2164815697,9651487,A
2118905784,8045772,B
2140329775,10176444,A
2178761095,10302727,B
2965209714,11513812,B
2153399392,10302727,B
1989735986,7692438,B
2082237648,5786294,A
2895688355,11127581,A
1985961632,9249212,B
2803781551,11407060,C
2148616187,9181309,A
2085679207,9011871,B
1983724558,9050283,C
2889991839,10556931,B
2515835838,9455391,B
1974137170,8187889,B
1515389354,8825701,B
2970051812,10852827,B
1490915066,6797486,C
2059788662,5006469,B
2094782506,5006469,B
2007599495,5049662,B
2004676892,8838670,B
2507370632,10934577,B
2081998222,5840540,C
2081998222,5986054,B
2004510914,8273949,A
2083208338,5986054,B
2032508171,9343746,B
2032508171,9343746,B
2900082295,11443433,C
2073716654,8270696,C
2163512235,8124831,C
1988997037,5283852,A
1949737515,6169419,B
2537766808,10805338,B
2125032792,8713125,A
2030532033,9136925,B
1992929560,5015843,B
2547483045,9980925,A
2090616284,8765803,B
100378446,10461433,B
2090323732,10461433,C
2344975436,10242859,C
2019246510,10004811,C
2039094176,9682133,B
2039094176,9682133,B
2054871560,10004811,B
2141668375,7465537,B
2548232666,10695322,B
2075118040,6423145,C
2076757110,7517680,A
2607617232,10968539,A
220264193,7226878,B
1693613667,7634498,A
2117694832,7013395,B
1980427271,7597868,A
1993830368,6868325,A
2136724374,7734400,B
2059113522,9890388,C
2791950020,10670745,A
2304731123,10139466,C
1512874960,5081584,B
2109397102,8512334,B
2056177713,9101764,C
2056177713,9101764,C
1889574932,9951363,B
1889574932,9951363,B
2018941311,6223205,A
2108728916,6223205,A
1974249472,6096859,B
2012226596,6063916,B
2065199067,6096859,B
1543199830,5854710,B
2438945493,4569837,B
2074944221,9080154,B
1966254597,9683109,A
1966626107,8988274,B
2332608459,9339797,C
2332608459,9339797,C
1486505745,6846578,B
2152965121,8543261,A
1888349488,8543261,A
2055940418,5981756,B
2046424090,9008272,B
2005350970,9008272,A
2089362723,9008272,C
1985574396,8543261,B
2583396742,11309138,B
1991582139,9642549,A
2099467040,7446453,B
1983526324,5963320,B
2189352345,10128631,B
2189352345,9627844,B
2886597415,11530451,B
2910555239,11530451,C
2117285997,6473884,A
2116963288,8370553,A
1963689267,6831935,B
2093124644,9696476,B
2093124644,9696476,A
2134463770,9696476,B
2134463770,9696476,B
2089557616,4376602,A
2025189870,6831935,B
1888609538,6151155,A
2094826597,8779700,B
2008333925,7546011,B
2123938920,7546011,A
1553850655,6696080,B
2097563477,7357944,A
2471043726,9806983,A
1527500173,4595660,A
1972152109,4595660,B
2067917869,9777057,A
2002801612,7727751,B
2147030663,7867166,A
2914241013,11269992,B
2560396365,11535680,A
2095807382,10680293,A
2123898224,8670075,B
2110000493,6859839,B
2082103940,10183732,B
1967761279,9812018,B
2045029019,10023620,A
2017140244,10023620,A
153174126,8955043,B
2034810774,8955043,A
2960755252,11340439,A
2897073022,10881382,A
2995325438,11340439,B
2341721659,10730835,B
1974492632,6269818,B
2896484185,10936905,A
2020488588,7230119,B
2229526797,10519179,B
2204057677,10580323,B
1996903980,4863226,B
2166236938,4863226,A
2015306345,4980460,B
1973029281,9994815,B
1973029281,9994815,B
2918123038,10887151,A
2024833814,8832105,B
2108523650,7949672,A
10312281,7593776,B
2112684784,7593776,A
1518065336,6242234,A
2016767984,5824538,A
2039666750,8190240,B
2039666750,8190240,B
2138552198,8977345,A
2154111717,8194623,A
2990637473,11448820,B
1995140501,5977091,B
2021699271,10855346,B
2616676881,9654188,C
2402605297,9994815,B
2402605297,9994815,A
1978701988,4171429,B
1971601828,4482568,B
2108308344,6598204,B
166586770,6078745,A
1577637935,6103216,B
2073764485,5795561,B
2170103176,7731670,B
2043804105,4034080,B
1988998405,5795561,B
2129231677,6690835,B
2039485432,4008228,C
1996366113,9598340,B
2045444647,6451937,B
2130824494,8944257,C
2017728128,8014957,B
2159461700,8249838,B
2023417958,9738678,B
2023417958,9738678,B
2161322509,8741586,B
1966664908,9346803,A
2080566701,4719205,C
1535146651,4217288,B
2136303890,8460742,A
2772909737,11116412,B
2024359623,5834262,B
2014177986,6677149,C
2484649059,10215639,B
2114658413,6242584,A
1971892118,7723119,A
2792617807,10866270,B
2031171237,9202431,A
2079806014,5789921,B
2562412561,10387731,A
2000835545,11261210,B
1269071996,10806746,C
2071375683,6836684,B
2532100587,9675820,C
1717318903,7504453,B
2003334656,6083372,B
2262210297,9068107,B
1968067378,5679537,A
2958713202,11134627,C
2981661966,11134627,C
2042388025,7771964,A
2042318227,6180276,B
2086047769,9409855,C
2945797713,10940433,A
2945797713,10549232,A
2807500957,10555942,B
2166049158,8658347,C
2034764227,4402053,B
2161594646,4412293,A
2001796157,7480536,B
2940909959,11087561,A
2162377695,7316543,B
2097362469,7131486,B
2097362469,6942018,B
2097362469,6991024,B
2041837896,5503994,A
2036153008,7147865,B
2901939447,11146583,B
2990164330,11146583,B
1991010699,6818748,B
1987659998,6818748,B
2102239169,7224417,B
2139021951,9535951,A
2911728538,11129236,A
2079834422,7510707,B
2144759147,8580990,B
2917677387,11319355,A
2897928030,11584794,C
2565340401,8551485,B
2558241828,10526417,C
2155715722,8921656,B
2155715722,8921656,B
2108778231,8314213,A
2119875290,9062117,A
2034638682,10094766,A
2890199721,11481905,A
2784238665,11422231,B
2783041149,11415690,C
2765634256,11415690,B
2135464821,7993836,B
2892378739,11478571,B
1504815227,10971922,A
2536089213,5978509,B
2096590083,5978509,B
2102542073,5742814,B
2071589114,8024691,B
1972085130,9586180,C
2950907395,9863048,B
2042003698,7551252,C
2115631901,7551252,A
1995478328,8563304,C
2161694796,8124581,B
2122914263,7772202,B
2122914263,8124581,B
2169730035,7772202,B
306065149,10697028,B
2007188463,8900807,B
2075511306,9437825,C
2049428880,10214001,A
2151888133,8084502,B
2088925033,10214001,A
2023633446,9552070,B
2469784314,9911032,B
2100772802,9940434,B
2020109619,7611688,A
2039264249,8765692,B
2551675554,10562927,A
2103866619,9007908,A
2013672499,8670560,B
2049981393,5715166,B
2083624955,5715166,B
2121348064,8670560,B
2319189749,10270536,B
2553394098,10270536,B
2027854664,8571812,A
2029669849,6476001,B
2146772558,8768612,B
2117933988,9041775,C
2462159707,10056662,B
1512203128,9859599,A
1512203128,9859599,A
2579148800,10056662,B
2580452948,10270480,B
2580452948,10158153,C
1616134992,9859599,A
1616134992,9859599,B
2283060191,9859599,B
2283060191,9859599,B
2614772795,9845352,C
2614772795,9828421,C
2056332010,10176824,B
2966517161,11319363,B
2966517161,10745469,B
2062549452,9485972,C
2559946394,9828421,B
2559946394,9845352,B
2418495847,10123693,B
2060428810,6444254,A
2005954896,8724516,A
2134939360,6272256,A
2027563534,10251166,B
2038717281,6602992,B
2008395860,7279306,B
2992355127,11060074,A
2107818737,6165471,B
2323775746,8586749,A
2093123061,9592303,B
2093123061,9592303,B
2061273285,9956300,B
2041028267,9379162,C
2068336379,9379162,B
2304019215,9379162,B
1990518380,8921962,B
2579113297,11061060,A
2734501197,10502742,B
2012478287,9626757,B
2487321857,10467741,B
2026447406,7370969,C
2095302349,4136317,B
2527335842,10268232,B
2038658338,8629398,B
2609160354,10308950,B
2909449701,10426775,A
2165987654,7519487,B
2107447022,7519487,B
2150289924,7519487,B
2042171482,10045703,B
2027161997,10045703,A
1992595607,9012405,B
2121590305,8612938,B
1664036465,10041132,B
2039121756,8202977,A
1996988914,8070679,B
2172644293,6411905,B
2038935192,6066413,A
2080825845,4264358,B
2045090082,7180077,B
2089768338,5112850,B
2766585745,10656609,B
2114452806,6807491,A
1558737131,6321157,B
2313184609,9989001,A
2994468452,10954845,C
2100741459,8769209,B
35838776,8565281,C
2074288914,8930116,B
1987198447,4654419,B
1570457166,4387161,B
1964666383,9701985,C
1995228734,7964721,A
2087863806,7229754,A
2075869478,4772685,A
1975324096,5563848,A
2160573077,9586974,A
2160573077,9586974,A
2114753872,8793664,B
2140191215,7587707,A
2140191215,7587707,A
2255491979,10002148,B
2042804619,4318301,B
2542300811,9464366,B
2944673408,11589978,A
1534839269,8526699,B
2098384502,9042619,A
2163344069,9014449,A
2163344069,9014449,A
1568747707,9042619,C
1805631389,9042619,C
2087563756,8828448,C
2311919780,9909188,B
2311919780,9909188,B
2289205461,9909188,A
2289205461,9909188,B
2073479405,5087719,A
2060003282,8444996,B
2959911937,11028404,B
2125367009,9113176,A
2079860167,7808941,B
1561117086,10298058,B
1977145410,8133470,B
2803158096,11193696,C
1988502012,10323305,B
2003591868,7238864,B
1963898238,9239712,B
2569153044,11192069,B
36844741,5061632,B
2299850395,5061632,A
2067248418,7566436,C
2048165102,9730369,B
2811289543,10928432,B
2049856976,9730369,C
2168193240,8558120,C
2147679842,7188880,A
2604488888,10377796,C
2994920268,11161875,B
2592324342,10377796,C
2800091386,11033611,B
2740962214,11066677,B
2768106320,11066677,B
2127668516,9626757,B
2005671400,5738854,B
984854359,10553313,B
1999888445,5447520,A
2004875888,5342401,A
2019304620,5982924,B
1973706731,7711214,B
1922424218,8691765,C
2606331555,11525796,A
2792684110,11571336,B
2063682728,8226962,B
2114112653,8316417,A
2089274229,6532073,C
2050069492,6532073,B
1584909194,11186874,B
2011191518,4679900,B
1981536193,10035871,A
2038034511,9907704,B
2105307843,9741975,A
2141274118,9332991,A
1975768829,9328158,B
2032072839,7586419,A
2801098483,11473207,C
2049574999,8009953,A
2559177805,11191841,A
2120996727,8808681,A
2120996727,8808681,B
2144796866,8808681,A
2144796866,8808681,A
2162234852,9981068,B
2025891907,4900738,A
2611345267,10541074,C
2169609116,6448071,B
2109464990,6015884,B
2127525056,6734013,C
2073777146,10463750,A
2559353573,10463750,A
2414934098,6734013,B
2172298936,8589083,B
2085849664,8175814,B
2027249949,8940494,B
2413831847,10494493,A
2138033073,9657361,C
2138033073,9657361,C
2160714576,9265818,C
2295181661,10113861,B
165337542,6703206,B
2093981424,8946506,C
2026011861,6552226,B
2022956609,9236556,A
2080866316,7592463,B
2014335677,5612207,B
1982881325,9703395,A
2547791297,11555817,B
2043144289,4504414,A
2007086959,5869288,B
1579501226,5869288,B
2056888601,5470947,A
2884804371,10409048,C
2809514772,10613478,A
2130388822,8822179,B
2130388822,8822179,B
2062578654,8119367,B
2062578654,8119367,A
2143333561,8119367,B
2143333561,8119367,B
2900681937,10919946,B
2004362341,5597727,C
2471804672,11076821,B
2552120135,10835623,B
2117770573,9944668,B
2117770573,9944668,B
2171859645,7532622,B
2148317963,7532622,B
2889113686,10680208,A
1966898505,5774179,B
1992806179,8305682,B
2548614447,11083375,A
1526532148,6134003,B
1978668064,8526772,B
2178483536,9700551,B
2384820147,10605783,B
2514090762,10605783,B
1670183830,7425333,A
1987841050,9549249,C
1982648261,8487159,A
1528478960,8422738,A
1977895763,8116522,B
2586312065,10478497,B
2166079358,9457075,B
2111388658,10549115,A
2091280191,10549115,C
2603175967,10785276,C
1967900250,6342218,B
2273962363,9695242,B
2062046966,4666865,B
1973123086,6284471,B
1541485740,9503186,B
2561702225,10975434,B
2613412857,10911153,B
1983425122,7853153,C
2553193945,10608748,C
2025143931,9447107,B
2113813335,9346820,B
2113813335,9346820,A
2803393744,11198847,A
2805721742,10843133,A
2035017959,6737202,B
1964449191,7212331,B
2024974426,6788832,A
2044303172,7957653,C
2055550829,6735010,B
2038605225,7957653,B
2170215653,7957653,A
2068612725,5641755,B
2015514059,5641755,B
1567963271,6605712,B
2884565045,10415230,C
2793334131,10415230,C
2526274536,9913889,C
2036134773,6365326,C
2076012956,6365326,B
1974813017,8451338,A
2161046562,6291716,B
2609111976,11162077,B
2131251918,6596478,C
2094241145,8541221,C
2588809330,10927333,A
2731692079,10925955,B
1998209646,6905835,A
2479517119,10219919,B
2294505972,10219919,C
2955633154,11242490,B
2021896879,4584193,A
2047904565,8999916,B
2034642540,5241315,A
1964928696,7745594,B
1994487421,9925307,B
1994487421,9555163,B
1979600916,8294135,B
2108137614,7439764,B
2164092018,7439764,B
2038078811,7439764,A
1988994506,9670447,A
2994658149,11510652,B
2907181341,11510652,B
2892020820,10992941,B
2567300573,10542289,A
2547913981,10697073,B
1964585822,5679255,B
2085524287,8414962,A
1988596864,6229937,B
2075843047,5322779,B
2029369309,9724900,B
2094610079,6465649,A
2082865513,8911540,B
2082865513,9724900,B
1991680585,7459599,C
2280736720,8303532,B
2155752821,9534224,B
2155752821,9534224,B
2028001802,9939376,B
2028001802,9939376,B
1976680513,9939376,A
1976680513,9939376,B
1571056982,9609361,A
2680872476,10968163,B
2065930429,6583623,A
2954950011,11191732,C
1996064149,5158938,B
2093424661,8557517,B
2484073587,11217791,A
2092770524,8148577,B
2039589112,9708255,A
1989470936,6160006,A
1561484292,7907784,A
2597467115,10974004,B
1964001460,6502463,A
2005681254,7235988,A
2086633458,9279771,A
2049344584,9279771,B
2096985979,6025178,C
2344212065,10828275,B
1996653770,8883444,C
2079362881,8883444,B
1987489354,9598714,A
2077547071,5756104,B
2082886427,7925124,B
2119341840,7925124,A
2095345570,6760492,A
1990504618,7642512,B
2034081653,4988724,B
2041286214,9206241,B
2739693027,11403531,A
1967123371,8178654,A
2060118477,8076159,B
2034779597,8974915,A
1486395880,7184373,B
2051096548,5453489,A
2133711597,9270446,B
2487501491,10301431,B
1979116183,9418323,B
2060320421,7567832,A
2005180683,5147863,B
1968331018,8284693,B
2097124391,5545591,C
2524363831,10476620,B
2947646709,11299706,B
2006013995,7732427,B
2006013995,7737131,B
2102477778,9044515,A
2984312142,10724953,B
2057942020,8785875,A
1600870490,8296454,B
2157906312,7916017,B
994016423,10203522,C
994016423,9759930,C
994016423,10534198,C
1974464914,9541773,C
1974464914,9201250,C
2137205239,8417919,A
2097346625,7962774,C
2050203255,5860151,A
2095667776,5845103,A
2049414833,4964927,B
2047345009,4964927,B
2759721709,11058781,B
2329492424,10119809,B
2008903225,6303295,B
2090120076,10268940,B
2922883130,11260132,B
2038303086,9566238,B
2101172597,9566238,B
2963202462,10755145,A
1983532547,5087710,B
1963616437,5939535,B
2964009355,9768839,A
1966234608,9379917,A
2139560025,8401797,B
2748312430,10926257,A
1973717479,9708414,B
1980721419,10143684,B
2891518646,11268966,B
2144163279,7732665,B
2898818714,10768250,A
1547327592,10310883,B
2539417331,10674931,B
2884084608,11175252,B
2072386662,5525334,B
2022742484,6010880,A
1984901713,5223409,C
2030204783,9169325,B
2061079103,5786934,C
1992392111,8605254,B
1971691260,8372565,B
1985250420,7079223,A
2079042669,7587702,B
2138530752,5307395,B
2070425645,7672355,A
2113987525,5792904,B
2802577220,10833694,B
2006771677,9455757,C
2104716529,7876941,A
2545570528,8913810,B
2544914828,9262844,A
2544353712,8359345,B
2529575162,9507033,C
1977820565,8913810,A
2527991192,9990741,B
2105133252,9417106,A
2105133252,9417106,A
2028357585,9696208,A
2028357585,9696208,A
2593927247,11035984,B
2313982071,9213215,B
2062461403,6015765,B
2994976089,6928227,B
2122047435,8144392,A
2029928160,6285811,B
2002507631,8666677,A
1968994571,9857295,A
2791381287,11035984,C
2032244951,5621522,B
2113961658,6506169,B
1990588315,7220891,A
2079068975,6391314,C
2148748484,6517843,C
2153930618,9376486,B
329898363,6346656,B
329898363,6160206,B
1580682124,6391314,B
1580682124,6368601,B
2055532167,8669045,B
2057862348,8669045,C
1965943147,8669045,B
1912315109,6650408,B
2126591278,8691955,B
1994127481,5003550,B
2030269382,7952273,C
1513908459,5587308,A
1995998373,5587308,C
1968734846,7904192,B
1977289795,5176137,C
2136457015,9667503,B
2158080853,7315759,B
2121894892,10083305,B
1971538736,9305166,A
2068382945,9305166,A
2319596257,10045747,A
2076400873,7764813,A
2079654013,5858370,B
2327835887,9200327,B
2327835887,9200327,B
2072566600,5659121,B
2045520966,5691153,B
2613323434,10801998,B
1521209860,8093989,B
1563225819,8093989,B
2068391276,7838571,C
2108170307,8383116,B
1996827135,7838571,C
2026382971,8192673,A
2050623316,8323983,C
1967951468,8097427,B
2056504382,7943387,C
2034479513,8323983,B
1992347813,7022882,B
3007171969,10644771,A
2785589987,10348530,A
1511740694,5251161,B
1965435859,8373018,B
1495729285,6388062,C
1996648436,6388062,B
2124781575,8202694,A
2066561607,6772117,A
2099728741,7920081,A
2138855042,8066988,B
2178563705,8066988,B
2071508760,8066988,B
2064690267,9287713,A
2893232034,10901053,B
2752974464,10571605,B
2001667165,8831709,A
2070373359,5095093,B
2765410042,11214839,B
2037705697,10227643,B
58019263,9315381,B
1979744452,6443179,A
1979744452,6548895,A
2094708422,9383270,A
2158604943,6245331,B
2154528485,6245331,B
2996533587,11230728,C
2031453155,10272364,B
2180057618,10272364,B
2050180403,10292390,B
2162752106,7684510,A
3011667159,11334799,A
2947010395,11547983,B
2949770324,7192939,B
2030493439,5714567,B
1973085063,4611929,B
2184419931,5738853,B
2753180446,10235754,B
93455141,9779496,B
2046486706,9129392,A
2076287241,9129392,B
2116366210,4926366,B
2025633122,4926366,B
1974184589,4811258,B
2153510694,7615367,B
1976215160,7615367,B
2034683428,4644080,C
1963990406,8012735,B
22554626,7895453,B
2044810696,8442590,A
2580764480,11505785,B
1493260579,8134516,A
2001193018,5859158,B
2768612151,10846617,B
1985004048,7883712,B
2329771537,10290385,B
1974368619,7595049,C
2004998754,7625566,A
2128213543,5919574,B
2067249197,4188230,B
2106829830,8139787,B
1985046961,5305178,B
2098960794,5305178,B
1518881707,8103962,A
2883250914,10619242,B
1965368032,6632279,A
1969259822,8785422,A
2056116219,7259143,C
2010895277,5683895,A
2941830582,11517672,B
2099621065,9329914,A
2040924067,9207171,B
2122463616,8105420,C
2141427674,9371527,C
1480727842,5599920,B
2160566130,7598355,C
2809385239,11421355,A
1974222352,6521425,B
147532413,7469015,B
2152582832,4952497,A
2107885149,4464295,A
1967183720,9574868,A
2070722921,6522996,A
2025891245,8673916,B
2122675721,9395722,C
2131578721,10173210,A
2093577252,8907321,A
2113312563,5298748,A
2121484511,6469150,C
2141679700,5853697,B
1968348584,5002875,C
2096919325,7109345,A
2093915485,5002875,B
1571818727,5002875,B
1681735491,7706430,B
2151357066,6861572,A
1973325444,8582200,B
2032468709,8582200,B
2059550089,5837852,A
2143207538,5458999,A
2126685258,7483480,A
2228769142,10745536,C
2250145561,9891453,C
2250145561,9891453,C
2109677599,7585985,B
2112140041,7585985,B
2105148361,4873489,A
2950763821,11355330,B
2039371844,9322822,B
2086640970,5132315,A
2975523559,10934321,B
2171008023,9376728,A
2044396295,10358685,C
2046741457,10837038,C
2125441868,9624482,B
2125441868,9624482,B
2056139856,9725749,C
2148438720,10233292,B
2086800637,9322042,B
2066784675,7985868,B
2784028106,11272843,B
2096609500,9888876,A
2083553600,9540658,B
2083553600,9540658,B
2091010318,7132275,C
2046662985,7030997,B
1993733964,5407814,C
1994007686,9540658,B
1994007686,9540658,B
2917108442,11208435,A
2041970955,4416871,B
2917613203,11581063,B
2917613203,11605445,B
2917613203,11615865,B
2006902085,9051197,B
2610721322,10782311,A
2066064912,9763983,B
2065024320,10176253,B
2054087747,8509476,B
3023642423,11492359,A
2315084371,8906972,A
2029835264,8937104,A
2029835264,8937104,A
2055658565,8895633,A
2001946317,7563448,B
1992522285,8580276,C
1990229303,7163685,B
2133473100,7163685,B
2106482641,6867533,C
1597202246,5928859,B
2077981799,9874566,A
2122236978,8814356,B
2005257465,9081922,B
1484846064,6408430,B
2043686152,7645576,B
2099601546,8026067,B
2589255237,11435339,B
2013290508,10174375,B
2743456344,10781490,B
2132949265,5115139,A
1622790369,9883323,C
1622790369,9467925,C
2061641975,9146820,A
2061641975,9146820,A
2033897922,4728694,B
2998579313,10492064,B
2042429481,9588489,A
2126900635,6754370,A
2070401514,6198489,A
2082082706,9395375,B
1935940031,9696310,B
2512795599,10162857,B
2139407700,9514167,A
2079637652,5092883,B
2039548475,10223250,B
2026140005,8577849,A
2163483148,10024856,C
2137502531,8126891,B
2063597580,7056715,C
2906904044,11154606,B
2066937148,5192722,B
2333241266,9840496,A
2333241266,9840496,A
2013637325,9974848,B
1615758292,7420166,B
2032325947,7420166,B
1973400209,9275422,B
2071213388,9275422,A
2152563679,9165021,B
2249645282,8017321,B
2134390318,7822249,A
2012304472,7056280,B
2791786578,11603392,C
2068439095,7842178,B
2609133580,10827973,B
1674237136,10827973,B
2114347498,9940709,C
2240387598,9940709,B
2068210479,6130059,B
2068210479,6077706,B
2068210479,6090611,B
2762559025,10373314,B
2085822735,10842913,B
1653481,6291238,B
2537719826,10878091,B
2022227905,9688741,C
1480687250,5827683,B
2153312358,7546554,B
2025446536,6608717,B
2079286558,8319975,B
2032943295,6353690,A
2961194923,11202604,A
1973603245,5264711,A
2523423777,9983652,B
2079225138,8876740,A
2079875164,9743909,B
2925989131,10898157,A
2064448803,7732465,B
1968081160,9588491,B
2011975253,9588491,B
1989436634,9613420,A
3007871200,11329362,B
2995528683,11329362,A
2129357350,8686155,B
189379809,6995209,B
1986568587,6965113,C
2789415215,10872273,A
2066832293,8686375,B
2424749725,10153146,A
2038769454,9040903,B
2038769454,9040903,B
2027826640,5665222,B
2024955332,9429960,A
2326910963,9429960,B
1992449823,9429960,B
1974630398,7238672,C
2128811149,7782829,A
2109586446,8951694,A
1994732338,9745630,C
1994732338,9528158,B
2989344306,11256918,C
2989344306,10755099,B
2330761810,9076972,C
2081385883,9076972,C
1987747745,9076972,A
2266501231,9745630,B
2071564092,5804401,B
2552432299,10849989,B
2167251584,8209407,B
2025780583,8209407,B
2090311256,9352988,B
1442696580,9923912,A
2339635974,10440035,B
2031310464,7446441,B
2034163119,5648465,C
2125633654,5290677,C
2018537808,8706427,A
1982116652,4112184,A
1972288955,5262409,B
2172174991,5972643,B
1984368904,5498535,A
2565795960,11079652,B
1743073975,4877865,A
2334202928,5258408,B
1970697008,7862331,B
1996256024,7943168,B
2058422851,8617516,B
142026192,8496945,B
1984649860,7269671,B
2080736081,4769235,B
2410423566,9974488,B
2410423566,9974488,B
1982858970,9797016,B
2090761556,9831008,B
2065028756,9831008,B
2369250039,10746730,B
2332999081,9831008,B
2235207347,9858665,B
2113256200,6251247,B
2030681295,8686073,B
2141133408,7817068,B
1994344406,5763360,A
1973042218,9526489,A
2210511634,6177121,B
2038671233,6726840,C
1970114056,6774081,C
2327308051,8742334,A
2029084629,6219571,A
2796536240,11060998,A
1978833497,7112499,B
2094944140,6307368,A
2752773063,11027484,B
2802159066,10870234,B
2060285257,6468445,A
2081826473,6468445,B
2612305870,10266822,B
1567459309,6258333,B
2085074675,6258333,A
2085277047,9335292,B
2102794547,9856474,B
2328559027,9335292,B
2169951731,9941660,B
2169951731,9941660,B
3025635045,11466977,A
1995655177,10670510,B
2003190036,5814820,A
2071838451,7625570,B
2085885608,7439493,A
1595656914,10518223,B
2084531975,10518223,B
1560315079,6132361,C
2058176568,4663437,B
1943409273,5787394,C
1877570817,4827521,A
2026628156,4728165,B
1997602177,4728165,B
2122121237,5970239,B
2100002011,7706862,B
1987584216,7706862,B
1590584399,7289907,B
2143693287,5787394,B
1989523631,5129001,A
2120484004,5455889,B
1992150932,PP25574,C
1996392578,6743900,B
2020167375,6743900,B
2155191358,9766247,B
2155191358,9766247,B
2101637193,6093806,B
1548270485,6093806,A
2023821011,9653920,A
2162778897,10900080,C
2001499092,6031609,A
1991517342,7050470,B
2027347575,9518261,C
2009712070,5254772,B
2084558883,7084405,B
2028672484,7084405,A
2040411294,8177789,B
1969645907,7651675,B
2131429679,8554382,B
2024164290,8665667,A
2340909409,9829728,B
3001636669,10169531,B
3001636669,10607718,B
2104424333,10030231,B
2080616276,8817832,C
2080616276,8817832,C
1977305307,8817832,B
1977305307,8817832,B
2136699790,6316410,B
2136699790,6541450,B
2790468788,10411934,A
2084480002,4959355,B
1981907051,4755049,B
2883705693,10652896,B
2572875486,10228378,C
1997910229,9068167,C
1743681434,7020665,B
2157240622,7020665,C
1506989382,7020665,B
2990519439,11521072,A
2340690086,10678846,A
2185167094,10635949,B
2102192674,8538973,A
2011447218,9529001,B
2056269062,5355417,B
2084936020,5355417,B
1629800259,9621283,B
2037212963,6669940,C
2052904729,7449310,A
2106045225,9503126,B
2209410390,10907184,C
2464787634,10907184,C
2343862720,11118204,A
1999085397,9765044,B
2782072587,11028249,C
2805600162,11414653,B
2029253756,10233292,C
2052200284,7595349,A
2052200284,7022861,A
2141118007,10358685,B
2402748928,7358221,A
2024818202,7402419,B
2161656422,7381553,A
2136520405,9993490,B
2072966830,7985837,A
2098482532,9765324,B
1964991707,8784949,B
1964991707,8784949,A
2140408426,5232695,B
2324649827,9675712,A
2324649827,9675712,A
2050469899,8642621,C
2122406210,6061676,A
2089243871,8555268,B
2112960074,7141675,A
2165447216,6841359,B
2962820207,10320360,A
2129577287,9309284,B
2792420878,11013779,B
2062695912,9309284,B
2062695912,9474759,B
2065235378,9309284,B
1978756944,8442374,B
2129265383,8442374,B
2020985543,5985805,B
1986666727,5403862,B
2090205374,7829724,A
2103586249,7817068,B
2593316846,10409574,B
2419301771,11101915,B
2140873640,5900618,B
1975433566,10409927,B
2061681579,4867539,C
1981256888,4639586,A
2080670755,5733720,B
2079054916,7182602,A
2303819119,10208000,A
2071476327,5418132,A
342106841,6204428,A
1991502294,6204428,B
2043622475,5686876,C
1513958206,7740863,B
2036656901,8884954,B
1992096544,8884954,B
2071767901,9325300,A
2507362830,6342159,A
2107563064,8645935,B
2005069972,7300930,B
2147431060,8828976,B
2091003653,4980922,A
2041242973,5227859,A
2005483990,6281365,B
2799233050,10318242,B
1820968200,5420883,B
1965765015,5234599,B
2285846394,4900756,C
2202875152,9368670,B
2202875152,9368670,B
2295723104,9360570,B
2039030372,7177503,A
1984416444,7671178,B
108001171,4711825,B
2026932563,7435286,B
2093230920,6018582,B
1514631861,5504005,B
2078955911,9033159,B
1541606127,5554507,B
2047314583,7641984,B
1992989347,7641984,B
2027648539,5508184,B
1963739535,8981098,A
1963739535,8981098,B
2314949816,9700813,A
2117955471,8380723,B
1971981920,9795652,B
2116796970,9629918,A
2116796970,9629918,B
2753859052,11254048,C
2065361861,8012901,A
2011010911,8871219,B
2014513680,6996135,B
2331495116,6996135,B
2947791494,10732146,C
2947791494,10613054,C
2054740150,5296383,B
2416343195,10560742,A
1995932383,7615542,C
2288632346,5281616,C
1986321665,8859595,B
2486853698,9949965,A
2605624440,9783500,B
2605624440,9663468,B
2745143407,9783500,B
2745143407,9663468,B
1950802855,6288114,C
2005745263,5120536,A
2134413058,7226992,B
1992996639,4510590,A
1963829879,8462909,A
1963829879,8462909,A
2042610050,8003128,C
2050559063,8394584,B
2236086124,8748091,B
2007531665,8748091,A
2004744694,6184683,A
2610780177,10786184,B
2952324971,11613753,B
2769672674,11613753,B
2053332066,5763190,B
1575318746,5763190,C
1575318746,5639598,C
1990803471,9192660,C
2159251916,7151172,B
2063246601,9238679,B
2079771781,10022434,B
2150838852,6060587,A
2098558375,9592285,B
2322423578,5939061,C
1963654121,8124251,B
2073179041,8119205,B
2123750058,5874225,B
2132758915,6320907,B
325915808,9280584,B
2089573438,6060592,C
2075543796,9192663,B
1489142591,9621132,B
2109841999,8588986,B
2553031089,8588986,A
2766384564,11399776,B
2087201285,9885619,A
2594496780,9990716,A
2902890278,10332253,B
2310530697,9990716,B
1597626370,7489192,B
2103755192,7554397,A
2110251922,7489192,B
2511307281,10236513,B
2013521257,8958608,B
2103304205,9284594,B
1990473008,4454121,A
78574986,4521334,B
2122244113,7882317,B
2053707676,7882317,B
2141729404,8341602,A
2480199455,10858431,B
2752365277,10840552,C
2766961635,10363302,B
2994340806,10604430,A
2970776809,10604430,A
2117372239,8278073,A
2313879993,10966605,C
2198591517,10966605,C
2075655761,9082011,B
2075655761,9811730,B
2026015772,10993640,B
2010219735,5068224,B
2038242132,9082011,B
2327326917,6232138,A
2083339685,8071082,B
2078283789,6285249,B
2079872064,7924059,A
2017995281,6285249,B
2121001706,7982646,B
1977857710,7367024,A
2015772653,4995882,B
2016461161,5563032,B
2117273007,5563032,C
1996486175,5162050,B
2483984527,9982052,A
2483984527,10294299,A
2027782798,10092205,B
2103296578,6859549,B
2435013398,10020882,C
2168832040,6999612,A
2771128118,10454615,A
1965882685,8145012,B
1971871392,9303017,B
2135870385,10358569,B
2173995920,10308649,B
2781793388,11292933,A
2024897760,5853744,B
1995888880,8000508,B
2612514438,11054662,A
2131318175,6051406,C
2064221775,9890137,B
1983993763,9890137,A
2142337280,9001882,A
2151402451,8395991,A
2165571897,7742806,A
2538561053,10702169,B
2098469764,6858211,B
243691714,7527797,B
2576160921,9704992,C
2005375718,8304843,C
2039841656,8072012,C
2039841656,7893476,C
1964018770,8072012,B
1964018770,7893476,B
1975037717,8072012,C
1975037717,7893476,C
2119939554,10308689,B
2169633859,10308689,C
1597200231,11046763,B
8076466,5824908,C
2060234442,5287331,A
2161263193,5287331,A
2061597971,7704214,B
2041395185,4705850,A
2963363078,11287721,B
2007992140,8068522,B
2795076824,9986627,B
1996942340,9706631,B
2050767004,8934608,B
2017049373,7781217,A
2326318265,9391323,A
2000441147,5760026,B
2290767376,10377729,A
2147435261,8219756,A
2949866518,11129532,A
2853074466,11129532,B
2103693292,7765342,B
2019215587,7572584,B
1994433760,8768448,C
2940261114,11517615,B
2810461543,11517615,B
2174784288,6610496,B
2468506054,10891719,B
2794974431,10778409,C
2929678125,11542635,B
2111608786,8298524,B
2989279786,11100344,B
2108304538,9752191,C
2108304538,9752191,C
2317424244,9672639,B
2174693330,9609361,C
1479399823,9609361,C
2054580169,9883200,A
2068382047,8293236,C
2053665797,9958943,C
2004774016,9020662,A
2004774016,9020662,A
2512591974,10653592,C
1974415263,9061150,A
1937004869,5262299,B
2062008740,5262299,A
2023116072,8524903,B
2051539241,5325227,B
1978273637,7037520,C
2061013110,7037520,B
2020021414,9969979,B
2020021414,9969979,B
2071662566,7498479,C
1967009210,8212106,B
2034092511,7025943,A
1997698750,5854395,B
2103306238,5753459,B
2114967331,5854395,C
2171601523,5558993,A
2125832318,9186388,B
2128832316,9186388,B
2520724989,10239978,A
2127540087,6960434,B
2101625827,6635120,B
2917534502,9147401,C
2590541124,10958183,A
2140127035,9877898,A
2140127035,9877898,B
2161150522,6472954,B
2099913287,6472954,B
2743814532,10706873,A
2560150159,9969755,A
2007233608,10190940,B
2097303541,5633131,B
2780501708,10204697,B
2517439640,9046522,B
2948352903,11314909,B
2095582932,4566114,B
1973233658,4566114,C
1972774086,9926532,B
2939217463,11613782,C
2043013707,10001481,C
2000107780,5261401,A
2069456036,5261401,B
2047921995,7835568,A
2116392468,10001481,B
2046023923,8481324,B
2589345301,10109764,B
2138566649,9555044,B
2028750831,5565349,A
2056261612,7279295,C
2612651377,10942376,B
2213664571,11152768,A
2802136613,10942376,B
2519770292,10942376,B
2085555121,10079391,A
1997648709,7892772,B
2037068224,6137811,B
2033563763,6137811,B
2139770221,6137811,A
1518813109,8176173,A
1965905890,7653093,A
2168140397,6366382,B
1967555853,6366382,A
2091312595,7547762,B
2189205693,6379906,A
2592721671,10856845,C
2083668184,6274716,B
2132382436,7547762,C
2203333578,11047008,B
2007698777,6358689,B
2032969806,7979446,B
1983534198,6638908,B
599218791,6638908,B
2896703112,6974323,B
2897053794,6974323,B
1835388089,10518092,A
2005859525,4400375,B
1640815882,9440949,B
1582686279,8180786,A
2595608696,8048421,B
2134364443,6617273,B
2001683461,9046650,A
1986845239,9732321,B
1986845239,9732321,B
2093198145,9718713,A
2168037476,8386264,B
1544783378,6708163,A
1572759484,7110378,B
1944941400,7110378,B
1857343545,5263488,A
2064792105,9096905,B
1990047704,5194913,A
2398165099,10493120,B
2046239077,8435490,B
2593417837,10287323,B
2107267478,8823802,B
2016924636,8823802,A
1973059295,5194913,B
1967641152,9819946,B
1984657058,9819946,B
2185864411,9286044,A
2489202484,11413007,B
2616337805,11413007,B
2897215180,11494415,A
2052849655,8084242,A
2052849655,8084242,A
2077058373,8084242,B
2077058373,8084242,B
2110264095,6310082,A
111315539,10150848,B
2041006291,8680512,C
2107405263,8568691,B
2149526310,7838290,B
2025958760,7153501,B
2025958760,7838290,C
1976198442,8809153,B
2165190656,8803130,C
1968173443,7537293,B
2049886241,7099760,B
2066927739,8457711,B
2102264587,9034823,B
1798780498,6609089,A
2321387074,9249319,B
2066575115,9164785,A
2158613598,9164785,B
2073275756,6677345,B
2103177859,5756510,B
1496741998,7181768,A
1535244464,7072876,B
2013308733,8609088,B
1967412978,7899765,B
2093830639,7425419,B
2922137038,11063162,B
2396034850,10057279,A
2096678685,7235281,B
2011906098,8592998,A
1970502944,8912342,C
2950449667,8716485,C
2009429476,6763504,B
2067307346,10064890,B
2093952268,8889978,B
2143724720,8962487,A
1970656670,5862034,C
2079705491,8216148,C
2311365852,8216148,B
2166467689,9526431,C
1968378455,9300321,A
3022248191,4803736,A
3025826919,4803736,A
1520466026,8050446,B
1969833572,5021342,A
2494393056,10090466,B
2063119544,8569928,B
2152094924,4681842,B
1551942931,6730662,B
2024885527,9513287,C
2063293800,9513287,A
2006147026,4940835,A
1537912628,5312910,B
2002749442,7951596,A
2778192313,10229092,B
2404578340,10437560,C
2997414962,11276982,B
1970852936,9081929,A
2092811637,8625942,B
2171032688,7489439,B
1971876494,7489439,B
2532898432,10642947,A
2138039798,9081991,A
2045995934,9994923,B
2091649948,7981353,A
2036084919,7371414,B
1987867942,6908631,B
1838732593,6908631,B
2134331970,8625942,B
2097199888,7489439,B
1973312361,7169963,B
2127316437,7723223,B
2888862880,10866650,C
2168092673,9684002,B
2587144525,10731264,B
2020508015,8067568,A
2020508015,7875432,A
2086848451,10098929,C
2178324644,10548523,B
2990651241,11281801,C
2293082501,10548523,B
2583234992,10153425,B
2470811600,10350271,B
2828353852,11485721,A
1910372533,6373862,B
2017986229,9671392,B
2009359352,6721620,B
1480257323,7355975,A
2099671040,8458649,A
2925255352,10918644,B
2113876673,7593353,B
2050630660,8110353,A
2101606064,8702645,B
2910783384,10871543,B
2962722609,11346023,A
2141409037,8373716,A
2334914522,10281511,B
2109193964,9631206,B
2015115114,4757011,A
2117466280,8654234,A
2888068144,11158052,A
1709036216,6947579,A
2135046499,8902095,B
2014966446,8948450,B
2103248302,8345749,B
2084512219,9066073,B
2004491847,5332677,A
2036590946,9228822,A
2084582960,5873056,C
2082367407,5873056,C
2418295831,10355624,B
2520356069,10645803,A
2093373636,7653232,B
1984597652,5789602,A
2789104617,10706258,B
2800921271,11566993,B
2028506868,9346814,B
2122682172,9228822,B
1982941691,8179133,B
1993677939,5913821,A
2313959480,10871745,B
2523483485,11320362,A
2594601650,11320362,A
2124188012,10871745,B
2295223144,10871745,C
2054967638,5416859,B
2091603893,4968110,A
2560318758,10023497,C
2074391084,9588191,B
2103045923,9588191,B
1998733550,8971977,B
2092800923,6653962,C
2886586752,10312066,A
2037683905,9489523,B
2955500334,11179322,B
1994125733,7526148,A
1967047540,9588191,B
2147284374,8679855,A
1998659644,10024794,B
2020892151,10024794,B
2023181086,7375168,B
2162488200,9339485,B
2168721377,9459212,A
2034892378,9188568,A
2006168411,9765399,B
3010889147,11529313,B
2599556919,11015225,B
2075031558,4582802,A
1983756891,9782152,A
1983756891,9782152,A
2342558453,9962124,B
2050581780,9797052,B
1522292046,6674346,A
1767522526,6221598,B
1998107541,6035716,B
2905648977,10868561,B
1980452000,4807228,A
2088518423,6746407,A
2029755436,4692921,B
2097933130,5541927,B
1969353969,7524409,A
2017715011,9274128,B
2017715011,9274128,C
2092921751,7452658,B
2092669892,8241600,B
1971322416,8241600,B
2081235016,8618247,B
2020275452,9662174,B
2097155231,9662174,B
1523036926,5518879,B
1552679454,8693871,B
2122502416,6127578,B
2135270376,3949108,C
2165974714,9873094,B
1972608002,8298394,B
2125768459,6924341,B
2759181818,11325991,B
2068807816,6673556,B
2104755276,7189895,B
2087541781,5198427,C
2151194158,6989396,B
2105907677,7592171,B
1885317482,5468631,A
2016373116,8416992,B
2162216530,8416992,B
2623542311,9936229,A
2142825011,8824830,B
2002061679,5300422,B
1585142017,4346983,B
2127135185,5528723,C
2010438982,8283331,B
2979670769,11261430,B
2564136768,11572544,C
2152161277,9134707,B
1595516097,9134707,B
1990692123,4212686,B
1986169272,6375690,A
2160272229,5552575,A
2020366642,5552575,B
2144383015,5552575,B
2002589841,8487084,B
2054269736,7251893,B
2057901021,6374186,B
1988229925,5991068,B
1984823259,4013777,C
260924343,7199235,B
2033850501,4673563,A
2079337335,4364922,B
1971652848,7756674,A
2081719547,7756674,B
2526206528,9911207,B
2150802483,7970580,C
2150802483,7970581,C
2059910556,5051496,B
2016103052,6313376,B
2047999579,6398816,B
2076164756,6398816,B
2024323703,6398816,B
1606975204,6103462,C
2088811599,8795193,B
2002808856,8465926,B
2011837635,8617421,B
2158318519,8617421,B
2062690674,5993826,B
2330072357,5759813,B
2047719743,9550166,B
2152160239,9018800,A
2115396359,6961871,A
1918833422,5264001,B
2949710116,11239917,B
2011714586,7645456,B
2105608851,9592265,B
2139588901,5374280,B
2070825671,9121917,B
2070825671,9121917,B
2467351656,5100903,B
401265714,10314574,B
2114971514,10072924,B
2158315085,9649589,A
2107533963,7541007,B
2058997347,7361483,A
2027374267,5061028,A
2028096199,7544498,B
2028096199,8124390,B
65213761,6728939,B
2106814193,5760216,B
2145422228,5760216,B
2774271421,10253365,B
2787024379,10253365,B
2170217570,8337588,B
2766321496,11266827,A
2097137677,9833476,B
2097137677,9833476,B
2061869792,5332701,B
2807172739,11034019,A
2564089416,10352680,A
2765260553,10352680,B
2100081831,7941391,A
2028803920,9538926,B
2028803920,9538926,B
2783178930,11013755,C
2056833004,7315375,B
1986822553,6197954,B
1972479127,5677387,B
2743267911,11011653,C
2743267911,11043602,C
2619766055,11043602,C
2334807098,9539315,B
1983449764,9182648,A
2100393769,5171850,A
2073439866,7883853,B
2064003979,8453105,B
2009284337,7920923,A
2030315601,5026514,A
2152090151,9026411,A
2144384987,8178312,B
2045372875,8238563,A
2736712834,10167522,B
1991613479,6570061,B
2274799596,6285474,B
2067831092,5910339,B
2056295530,8895524,B
1985608014,10201703,B
2113192209,6034079,C
2498711973,10765706,A
2140717670,9044431,B
1827097514,10039785,B
2156037056,8309352,B
2089675795,6037175,B
2152258890,11021750,C
2038766225,6306624,B
2087634345,9658113,B
2121295618,7829301,B
2014323057,5994062,C
1975873593,11021750,B
2170248755,11021750,B
2170085594,5653986,B
2108902553,10130683,B
1188164334,10098606,B
2609172009,11007230,B
2198470747,9044431,B
2176220838,6242884,A
2043642802,4323900,A
2064040326,6984049,A
1972560123,6278906,B
2066829111,7706159,B
1553327270,6477373,B
2051587037,6576754,B
3000019917,6753529,B
2034977220,6753529,A
2113786668,5140337,A
2148056173,5175562,B
2140023263,6699241,B
2158155689,7627434,B
2153326032,8513613,C
1776166378,9173582,B
1776166378,9173582,B
2013571831,9726536,B
2013571831,9726536,B
2032991970,4297341,A
2076799931,6706276,B
2092954093,9747313,A
2013071744,8804811,B
2031200121,8804811,A
2527180570,10197563,B
1967874738,8501925,A
2748384360,7274992,B
2980838389,11384137,C
3015773897,11384137,C
2746313368,10487139,B
2076113561,9828437,B
2023253461,8843490,C
2023253461,8843490,C
2575755251,10639402,A
1965751954,4274105,B
2120184559,10034738,B
2193660571,6228177,B
2547192105,10494596,B
2076314176,9765402,B
2800151642,11254751,A
2086848523,6423491,B
2077405666,9879054,B
2022369216,4132566,B
2053788527,7611856,A
2120977989,6899915,A
2152973392,6207374,C
2162749308,9733174,A
2612168020,10651343,B
2015535987,7860343,B
2061679424,8076310,C
1566017782,7440653,A
2057121746,6573258,A
1482004817,6241681,A
1999747846,5220034,B
1588224505,5686572,C
1965143864,5441874,B
2057362487,9916655,B
2057362487,9916655,B
2021803577,9695249,B
2070649945,5585465,A
2147371586,8972191,A
1973373592,8972191,B
1148965651,10433799,C
1967939756,9117296,B
2016597517,9036773,C
2413587068,10514342,C
2033371334,9916655,C
2033371334,9916655,C
2071470836,9700275,B
2072868775,10433799,A
2568484163,10514342,C
2072763534,10433799,C
2033802127,9439615,A
2033802127,9439615,A
2320410355,10514342,A
2030000553,10955331,B
2893367935,11327330,A
1584044577,10036735,B
2317873908,10036735,A
2802068938,10514586,B
2010006613,7005270,C
2043636756,10036735,B
2789898932,10514586,A
3017278606,11327330,B
2799989817,10514586,B
2089438292,8693742,A
2172107893,8693742,A
2295107161,11318166,A
1635765551,11318166,C
2011553051,9233089,B
1982015481,9233089,B
2106146695,9763899,B
2953916273,11542234,C
1498837091,9812591,A
2084641004,6586600,B
2086788810,4199460,A
2134398337,10718018,C
1978292543,8853531,B
2055022226,8154185,B
2001357116,10036093,A
2606911774,10533178,B
275896340,9208549,C
2063159910,6349113,B
2013974605,4152115,B
2319511474,9938390,A
2323627743,9938390,A
2969900586,11055565,B
2565616402,11352351,A
2003443222,9441177,B
1978932970,9441177,A
1978424514,9139588,C
1989928746,9139588,B
2177071410,9737469,A
2177071410,9763866,B
2055598761,6322512,B
1598716604,10257719,B
2105055245,6726629,B
2102900280,7031251,B
2082562420,5982920,A
2320167293,9090473,C
2152443224,6751343,B
2075937702,6751343,A
2149280451,8243999,A
2163565521,8503749,C
2022683107,5982920,B
2038488197,8243999,C
2054816386,5240571,B
2745391388,11307163,A
2332557995,9090473,B
2017820076,7297312,B
2098259685,7867167,B
2098259685,7867167,B
2155595226,9008279,A
2160972933,4837834,B
2768518866,11256741,B
2796350298,11532092,A
2037245906,8796608,B
1965374709,5281594,C
2072051437,10422047,C
2952665965,9771311,C
2952665965,9771311,B
2076413638,8648314,B
1482725337,10080807,C
1996993453,9052234,C
2015193269,9052234,C
1989674117,9217673,B
2004822184,9052234,B
1902218192,7113702,A
2078644783,7208439,B
2092755206,8129306,B
2027055038,7929132,A
1982688266,7208439,B
2031495896,7439319,B
2147821504,8081838,A
2974604390,11232902,B
2009790637,8911603,A
2159790397,5915038,B
2898393785,11162900,B
2898834186,11162900,B
2910327405,11490094,B
2070900621,5089126,A
2143780180,10302181,B
2004241446,7488730,B
2054404187,7488730,C
2075497199,7359513,B
2110033949,7359513,A
1130236731,9847645,B
1578631803,9941702,A
2980899368,11456602,B
2094806763,8470339,B
2068660775,8470339,B
2044759181,11028501,C
1516753891,5768498,A
2328333956,8895262,A
2491374428,7668165,B
2068992578,8716461,B
2082574138,7783429,B
2150653584,8071751,B
2161659664,8071751,C
1989481992,7045288,A
2151904410,9309202,A
2036814143,7252576,B
1990915007,9865343,A
2079443255,4856320,A
1571832707,9520796,B
2318765331,10335116,B
2164239615,9780678,B
2078673393,7485416,B
1995042750,8518635,B
1968163436,7534437,B
2891890460,10657933,A
313631251,6043469,A
2086339199,7588900,C
2086339199,7507793,C
2006501334,6537778,B
2023939486,7507793,B
1998603302,6697302,B
1988721823,8392133,B
2170709296,8692998,B
2089092834,8692998,A
2094383009,8692998,A
2093058513,7972847,B
1982099980,8691570,B
1679704451,9396531,B
1679704451,9396531,B
2017611557,9396531,B
2017611557,9396531,B
2139041386,6033885,C
2139041386,6312946,C
1635116771,6911199,B
2053975914,8364485,A
2759974325,11158091,B
160726391,6127175,B
2013650584,10197590,A
2077949207,6526389,C
2137168241,7101697,C
2956148226,11086078,C
2956148226,11086079,C
2100424833,8409901,B
1987560608,8980925,B
2016355864,8980925,A
2137813774,5761631,A
2059786703,5487976,B
1967582692,6022705,B
2044358997,6022705,B
1986102335,5487976,B
2162428774,6908740,B
2807505914,11002657,B
2233817289,10133984,B
2084270238,9270075,B
1918138029,9970935,B
2108355683,9187400,B
2923019151,11373813,B
2024846452,5285438,A
1886649049,9759935,C
1886649049,9759935,C
2087347720,9983420,B
2076610157,5285438,A
1976959971,8606113,B
2258757517,9974796,B
1563564608,8815295,C
2790503507,10557144,B
2088254960,9196901,B
2140647344,8618090,B
1993603975,6124322,C
2003952180,5481046,A
2001705058,9325240,A
2001705058,9325240,A
2154366605,8285007,B
2296472418,9941838,B
2296472418,9979348,B
2028526981,9590638,B
1994860496,5262025,A
2239018685,11000516,C
2154995598,8044022,B
2154259514,9400249,B
2021467568,9274320,B
2130310575,6304593,A
2168859073,6304593,A
2082830752,8895514,C
2330391649,8318677,A
2144046665,8318677,C
2902688939,10570032,C
2913715178,10570032,B
2766828580,11324611,C
2736859409,11573239,B
2903819617,11573239,B
2513487313,10309968,B
2060131557,10622110,A
1989822757,10622110,B
2068259201,4484539,A
1986320887,7309792,B
2157621272,8532446,C
2133044767,8796811,C
2162294618,8267583,A
2074369076,9310562,C
2072434256,8532446,C
2062092460,5563316,C
2000171527,6946332,A
2160710287,6946332,B
2144439676,9157105,A
2062284128,11155871,B
1797940646,10437993,A
2090197666,7510709,B
2094427292,8524060,B
1965229072,8524060,B
1973086570,8437952,B
1973086570,8437952,C
1981344336,9273139,B
1828682585,5721782,A
2561996553,5856967,B
2516731424,10079056,C
2058946106,5856617,B
1532250329,9685222,B
1532250329,9685222,B
2130781109,5804710,C
2163777128,5856967,B
2004580736,6143881,B
2157533301,8628961,B
2062540721,5361148,B
2071896401,4205206,A
1976257836,7103207,B
1976553229,5128333,B
2048014346,8148133,B
1978925250,8527034,A
2298466047,10604782,A
2955401130,11177935,A
2738614304,10812252,B
2139507856,9504701,B
1946040659,8024041,C
1967719122,8024041,C
2001576552,9194005,B
2105421957,6999660,C
2493208008,10172870,B
2720906550,9991667,A
2720906550,9991667,A
2806856842,10946362,B
2784244817,10946362,B
2087598608,8500643,B
2141133961,7621873,A
2155970110,7621873,A
2103992561,10119900,A
2163762463,9512249,B
2324661103,9512249,B
2055063890,5863763,A
2995989057,11561222,B
2086059027,5863763,B
2080810487,5863763,C
2082077550,9142784,C
2082077550,9142784,C
2083908708,7338793,A
2086342284,10015175,B
2417288938,10670508,B
2167477934,4574116,A
1561040411,5275933,A
2299777356,10670508,B
3013409203,11380034,B
2067516307,8923546,A
2047661374,6721440,C
1984573594,6763123,C
1984573594,6721440,B
2794028947,10001493,B
2794028947,10228379,B
2076710136,7582439,B
2020999498,4614718,B
2606033936,10539555,B
2119724750,5694591,A
2029546090,7007020,A
1992019094,6897885,A
2063512168,8972308,C
2036000441,11134242,B
2903399273,10972747,C
1977289658,11134242,C
2091162925,5578443,B
1545234381,6684206,A
2138528095,7941775,B
2101495896,8359563,B
2168318855,8022952,A
2168318855,7788064,B
2082624222,6312947,B
2082624222,6465617,B
2889287359,10835489,B
2169877364,8722584,B
2143177251,6902732,C
2083560313,8314067,B
1637517007,6584433,A
2149310982,8862577,C
2112532900,9298789,B
1604752142,6897885,B
2285670967,7924283,B
2149604773,5940839,A
2139965667,9174215,A
2765877930,10144864,A
2156071441,8463811,A
1584802047,8589331,B
2086968057,6632602,B
1990922769,8124171,A
2026787323,5254530,C
2110498723,6132789,B
1974440334,6403117,B
2004026087,9315909,A
657633079,10274514,B
1973752140,4261967,A
34158692,5506107,B
1989490564,8586295,C
2117917396,10288613,A
2082874274,6610632,B
1978623113,8409657,B
2022988674,8409657,B
2073758314,8326387,B
2153745966,5610060,A
1969716999,8310133,B
1950627877,10286063,B
2027342181,10561809,C
2070131010,7344734,C
2035435083,9632099,C
2035435083,9632099,C
2319561180,9357772,B
2379435677,10331979,B
2383955673,10023697,B
2325211854,8858941,B
2917794201,11361500,A
1648936948,5591827,B
2122421730,6118044,B
2121234744,6201166,A
2571408294,10845325,B
2010127700,8280710,A
2739482092,11278561,B
1991363909,5882785,B
2077823549,6630612,B
2013274461,6252131,A
2103984901,10561809,C
2902356671,10433746,C
2088811629,8586007,B
2103072162,6914123,B
2770962366,10770673,A
2139632096,9987605,A
2139632096,9987605,A
2768079455,11359097,B
1994421246,8372358,A
2067727736,6114031,C
2073108323,6114031,B
2019852463,9249189,A
2019852463,9249189,A
2091517601,5413907,B
2005123575,5413907,B
1910320272,7062472,B
2107766403,5544327,B
2118430344,8422362,A
2159669612,8103768,A
2590421294,10634696,B
1536126763,7935349,B
2128404326,8527627,A
2750186728,11596683,D
2621872572,11596683,B
1995005713,8260652,A
2102810283,9279812,B
2118715451,5744692,B
2097546452,8637734,A
2024521945,7595331,B
2068384283,8017791,B
2012785054,6995268,B
2088805357,6978159,B
2055195388,8508119,B
2407828400,5281519,B
2063876987,8604431,B
2034213453,7485697,C
2009368567,7670792,B
2168942134,8405897,A
1974339734,9488655,A
2095102478,8323915,A
1983548045,9110083,B
2328646909,11065348,A
2143543601,7037510,A
1983763479,8142797,C
2772178096,10925954,B
2585399699,10786579,B
1977575192,8142797,C
2075524871,9074001,C
926099720,RE46583,C
2112236447,7137395,A
2004413713,5445162,A
1976039367,5222503,C
2084086888,7679297,A
2611231339,10547856,A
2736492128,10798387,C
2166739260,7968105,C
2909679049,10993998,B
1972539129,7769735,B
2461241435,5891709,B
2146220349,7452544,B
2119855808,8992944,B
2119855808,8821896,B
2541815298,10695415,B
3006389067,11323255,A
2093604883,9340211,B
2047196361,5499260,C
2062784468,10045729,B
2083443135,9040019,B
2041124586,4898846,C
2792823915,10505859,A
2001196670,8742406,A
2946696913,10912843,B
1677407885,7238429,B
1977864989,9196788,C
2163184689,6410930,B
1963822258,6071109,B
2095047167,9213336,B
105775403,6252287,B
2242860689,9196788,B
2989891103,11240764,A
3017065569,11380936,B
2107019957,6329153,B
2034113004,9972083,B
2034113004,9972083,B
2051943484,10752954,C
1967214641,8444682,B
1523319989,4543331,A
2049327798,8741294,C
2962760690,11468244,B
2141593784,8145621,B
1972324848,5212202,C
1976154153,5128118,C
2045969292,5413779,C
984890302,6358492,B
2016123792,5380848,B
2063583323,5380848,B
2160874664,5413779,B
1998393331,5496953,B
2060180472,5013133,B
1977596046,6835535,C
2104147535,5101458,A
2158116844,5446588,A
2155711459,3979595,B
2101429257,11077130,C
2914790472,11172011,C
2557792085,10623753,A
2077440415,7540004,B
2087274792,7948042,B
2137449934,9069105,B
2098324477,9186093,B
2049052559,7993749,A
2004428714,8573656,A
2084395490,8573656,B
2463259697,9675636,B
1968947842,7993749,B
1975676065,10335515,A
2908889018,11000630,B
2001251685,9960734,B
1999201481,9960734,B
2084756182,8043857,B
2045064769,7807223,C
2083926102,7531803,C
1965563390,7531803,C
2170522677,6821457,B
1529038205,8418547,B
2045514376,5023180,B
2789587148,10702481,B
2981724936,11020352,B
83280759,5023180,C
2021912917,8551650,B
2741887078,10027697,B
2591093136,10027697,B
2034221037,6597110,C
2127050708,9221902,B
2127050708,9221902,B
2596265663,9798226,A
2596265663,9798226,A
2052195898,4233030,B
2022957338,6354733,B
2022957338,6422745,B
52117514,9341693,A
2091350149,8649585,C
2116410843,8649585,C
2011831540,4383993,B
2165469373,5988848,B
2731122885,5988848,A
2138411994,6459830,A
2050575615,10566116,B
2079560514,6674583,C
2102974517,7507790,B
2052565215,5118790,B
2071750597,9180179,B
2069556873,10739304,B
1487035440,10390406,B
2205225114,10390406,A
2792296437,11591418,A
2513239686,10794965,B
2073662473,4169740,B
2140176070,8103782,A
2318525167,6936418,A
2041067330,6551467,B
2071707925,8729171,B
2015780912,5432753,B
2079235629,5432753,B
2075817570,6577782,B
2084610474,8150160,B
2123872027,10519508,C
1500646916,9754377,B
2152039244,6001237,B
2965837271,11419892,A
2150434993,6809613,A
2802922533,11419772,B
1538537184,6762348,A
1993861700,6794560,B
1993861700,6830930,B
2160334644,9845330,B
2101963152,6794560,B
2944134436,10576079,A
2312325831,10080749,B
2071763727,9248145,B
2069493091,9695082,C
2123968988,8263508,C
2048420620,4266048,B
1504668311,4169011,A
2074217643,8776009,B
2611426260,11567952,A
2293958981,10304535,B
2798441769,11151028,B
2605800201,11392644,A
2329767795,10304535,B
2044092843,5262945,A
2055511352,8939887,B
2150506929,7910111,A
2945976402,11045555,B
1987417875,6750015,B
2137216204,10240147,C
2460590272,10584314,B
2174123388,10115332,A
2620806427,10115332,B
1495412381,10115332,B
2015794995,8680094,A
2339327112,10588986,A
2754033650,11026794,C
2239740340,9913920,B
2157200400,9556273,A
2157200400,9101674,B
2159115664,8893131,A
2050556979,9967354,A
1774983069,10365450,A
2149319855,8721339,A
2013657647,8721339,A
2048489597,8675268,A
2012944964,4973578,B
1976891603,4973578,A
2550054916,10593996,B
2004406584,7986586,A
203154633,10029001,B
2077416986,8435787,C
2033098010,8940868,B
2109332166,5236945,C
2109138581,8417658,A
2059856637,8417658,C
2624804659,10217277,A
2024558939,5185260,B
2173522468,7807866,B
2000652644,7035297,B
2052732850,7035297,B
2132603972,6396200,C
2108493584,7467870,A
1966039130,7005685,C
2229253511,10435671,B
1551107542,6242747,B
2055557739,9944992,C
2005202432,8543564,B
2591978674,10283120,B
2098073446,7818594,A
1993187276,8818150,B
1983115530,9885834,A
2157313092,9885834,C
2153386680,9885834,C
2003729388,8338474,B
2003729388,8314255,B
2034828193,8435787,A
2105495093,10660979,B
2059362368,5756236,A
2084172573,5756236,B
2080118169,5756236,C
2025612008,10119169,B
2085952541,3950339,A
2021211731,8466072,A
2554833624,10371774,A
1982793433,8394460,A
1982670086,5677893,A
2070012992,8632914,A
1716395694,8404814,B
2115612309,7709190,B
2115612309,8455621,B
2067456702,6768080,B
2112582597,10074213,B
1947585636,9761001,A
2243677238,9569879,B
1936019972,9483869,A
1936019972,9483869,A
2153613056,8742576,B
2023273943,10421803,A
2118753423,7005263,A
1586227337,7005263,B
2026852084,9082228,A
2045614258,9142784,B
2045614258,9142784,B
2038970385,11211559,B
2036087255,9142784,B
2036087255,9142784,B
2097279981,9278986,B
2007467430,10074213,A
2138850028,5763568,B
2008148464,9086405,B
2129097895,7863400,A
2007485371,7173096,B
2031650869,5843739,B
278664624,5843739,B
2281583917,11216758,C
1977816024,11216758,C
2030682703,9734638,A
2160756244,8144147,B
2438776827,10034931,B
2026128271,7302651,B
2079824457,10052610,A
2145107034,10019470,B
2018913962,7162399,A
2020259240,8725475,A
2049678315,6350863,C
2002243707,8093586,C
2907669963,10861709,B
1978478291,8712505,A
1556479936,7992999,C
2032777062,8712505,A
2104666619,6197586,A
2168421234,6489165,B
2100506356,7791432,B
2149871666,5969249,A
2890507677,11515986,A
2937960671,11296852,C
2021825728,10318863,B
1975816394,6114505,B
2318847400,10213324,A
2123917016,9155634,C
2029384099,9155634,C
2023541363,8808365,B
1978307806,8808365,B
2292801590,9988286,B
1998497476,6570819,A
2157886172,10132823,B
2138438116,8498890,A
2621421378,11547551,B
2167693251,8724624,B
2060495828,8247801,C
2045029216,7730547,B
2150063175,6946283,B
2476003573,10758174,A
2142756746,9708662,B
2024843007,11179498,B
2897671490,10672136,B
1983930595,4254418,A
1416901325,10073721,A
2089593258,10448956,A
2573896303,11130910,A
2597924173,11130910,B
2734801507,10615345,B
2570787060,10335498,B
2942031141,10717980,C
1608297190,6133670,C
2024233986,6082208,B
2053207427,5912125,B
2053207427,6090628,B
1518831632,6703017,B
2883941342,10544406,B
2097121594,9334326,B
2081860264,10865127,B
2077086523,8603430,B
2097831788,6995445,B
2761659214,11130910,B
2160737169,5912125,B
1412763243,5786192,B
1998169629,6190370,B
2074751506,6190370,B
2963231535,11117008,B
1980052880,10600503,A
2059713128,8048236,C
2119927557,10600503,A
2071665722,6933402,B
2156494524,8454520,B
2032693964,6685646,B
2092764557,7967753,B
1981694994,9962127,C
2079571807,4880441,A
1997310048,6563009,C
2064819108,5939429,B
2012902904,6670058,B
2072120993,8147765,C
2131441879,9263756,B
211166091,6670058,B
2031345305,8029986,B
2021209363,8029986,B
1975089866,8694572,A
2606139312,10993983,B
2116521658,7219249,C
2129739744,6311084,A
2036073332,8293724,B
2138318413,5939429,B
2805417115,11105932,B
1990855266,8373155,B
2051197591,5530004,B
1990635325,7008791,C
2401412459,7008791,C
2060926302,6822092,B
2536762616,5568399,B
2105458721,7848312,B
2033347246,9108843,C
2110303568,9108843,B
2898373196,10739229,B
2142380039,8615363,A
2101162199,6730475,B
2095486309,9732354,A
2947094473,11236332,B
2082995280,9877653,B
2539851955,8554501,C
2112823632,8709383,B
1976136989,9877653,B
1993660277,8481051,B
1993660277,8481051,B
2507211748,10919801,B
2073793180,7049429,C
2136299101,8481051,C
2136299101,8481051,C
2889469641,11430084,A
2057424219,7407657,B
1972782438,7547440,B
1982517177,9783428,B
2949961197,11009465,B
2087927715,8883828,A
2891672351,5593833,C
1987836745,5948951,B
1976479551,5593833,C
1984067647,5765133,A
2122602353,5765133,B
2902766594,5091303,B
1970399402,6284794,B
2090146614,6284794,B
2120492866,6128014,B
2326323738,5777232,A
2051349034,9243916,A
2056298239,9243916,A
2274359774,9658070,B
2167701998,9277411,A
70436714,5198599,B
104869125,6319716,C
2736926039,9996941,C
2118685618,5406367,A
2766157161,11005413,A
1987379145,6573813,A
2054214612,5990850,A
2083241261,6198860,A
1549485154,7116458,B
2329961194,10785858,B
2104323765,7689068,B
1977059864,9365013,A
1977059864,9365013,A
2048872021,8630519,A
71748316,5200621,B
2138890875,8535315,A
2343456303,11547867,B
2162607798,9629873,C
1503178133,9629873,C
1987115901,8701927,B
2484978739,11149154,A
2786101043,10740517,B
2913550816,10839117,A
1732481302,5952225,B
1918960237,5952225,B
2981984647,11402433,C
2128894039,8927254,B
2077848607,8435473,B
2738189304,10895421,A
2069959206,6544187,B
2025474531,8552398,A
2083737302,6951928,A
2916831514,10857394,B
2980180702,11298286,A
1987684097,4412053,A
1591624719,9260564,B
2097670550,9334297,B
2316842395,5518767,B
2069172065,8323637,B
2950293107,8912341,A
2099601358,7574497,B
1998685620,8775199,B
2000068246,7349522,B
2074850729,7349522,A
2144288697,9640069,C
2015967586,5244656,A
2940561364,11399042,A
2028127625,5303032,B
2316658464,10147314,A
162657866,10145917,A
2071723856,7794734,C
1758167024,4051435,A
139092615,5230037,C
2765331913,10381737,B
2743636707,10381737,B
2071544591,8588492,B
2302149149,10373374,A
150575820,5145520,B
317987607,5527836,B
1894727157,6631214,C
1972400285,7115797,A
2023885128,6101447,B
1938341712,4882279,B
2038740352,7250502,B
2994184523,11608346,A
2164174709,7775727,C
2529255372,11028364,B
1992138759,9134169,A
2088190355,9920039,B
2088190355,9920039,B
2609285716,11207989,A
2553187177,10537628,B
2057609155,7824690,B
2956648686,10813991,C
2020203617,8170665,B
2129626531,8572674,A
2284375151,9474452,B
2284375151,9474452,B
2883251370,5116746,B
2070010649,9474452,B
2070010649,9474452,C
348967701,5202249,B
1988415154,10436934,C
2789829466,10435803,C
2316559751,8163509,B
2132341678,6692907,C
2009320470,8187610,C
2769114847,11247272,A
2003782791,7741033,B
2020676689,7582880,C
2103434431,7272707,B
2127001212,6552181,A
2040687166,5714329,C
2792375718,10585066,C
2051506850,5714329,B
2046888317,4937189,C
2941115030,11215617,B
2962518463,11215617,B
2001930603,8362046,B
2768957772,10952700,A
2736345178,11243213,B
1996523699,9226897,B
2801444665,10665952,B
2493231937,10581398,B
2019557424,7998735,B
2803644409,10856532,B
2135863371,7905599,B
2151925958,7936801,B
2091000445,7965037,B
2022209764,8358880,B
2737491236,10954789,A
2120389951,7894381,B
2083430474,9640170,B
1978504932,8300672,B
2924418607,11585013,C
2612824789,11585013,B
2781697367,11585013,B
2328098468,6200493,A
1189937448,10669640,A
2918529922,11492644,B
2803982543,10696954,A
1970339827,10900022,C
1989062739,8501450,C
2770715044,10128746,B
2015617578,8442078,B
1989049401,8928543,A
2035994986,4388821,A
2026261199,6420432,B
2758308468,10571171,B
1486987242,9532062,B
1978964921,10203320,B
2143151932,9760060,B
2057816319,10073416,C
1965996544,8969831,A
1965996544,8969831,A
2472109776,10352856,B
2156983710,6512866,B
2022543704,6101300,B
2022543704,6130969,A
2326547846,10113201,A
2155166640,10113201,A
2153371737,9325052,B
2396596466,10399327,B
2031533893,10437940,B
2125117812,9600921,A
2069595291,11087517,A
2025338486,9589097,A
2231527141,10274194,B
1990940174,9082222,B
2027783854,9056404,A
2147625347,9068974,B
2167778036,9045434,B
2114182506,9024709,B
2799649769,11274962,B
2773823945,11274962,B
1978047187,8121164,C
2742826893,10583109,B
2095950140,8014430,C
2155023067,8665040,B
2018522777,8665040,B
2100099895,8665040,B
2104709131,9166271,B
2105548444,9024709,B
2278136502,10144911,A
2541736926,8098916,A
2971952368,10743830,A
2008605178,5045563,B
2031438074,8586044,B
2972476567,11169311,B
1986840438,6277891,B
2043903458,9044596,B
2108327283,9971021,B
1555196747,6808926,B
1928795639,8536403,B
2054236839,7303873,B
1616561159,7278236,A
116903967,7303873,B
2003073249,7303873,B
2076349594,8128761,B
1970456201,7550374,B
2132797488,7550374,C
1540354382,9799725,B
1540354382,9685506,B
2055716991,8010202,B
1991497832,9284188,A
2737973877,11345786,B
2508018593,10727488,B
2914249531,11467075,A
316391038,7062386,A
2058283868,8755222,A
2084961555,8629729,B
2121973246,8222216,B
2055118525,5239052,A
2521061243,10683419,A
2044488845,9284188,B
2322482258,8609801,A
2169994508,6211219,C
1513249068,9307932,A
2106937868,5013659,B
2042585098,5013659,B
1985256735,9383760,A
2762737780,11135195,B
2043535732,5208321,B
1581703897,5208321,A
2076063573,9739851,B
1987677844,8755222,B
2036485492,8755222,A
2101662201,8306435,C
2101662201,8306435,C
2114993924,9614617,C
2087193682,8112001,B
2133156131,8306435,C
2133156131,8306435,C
2082545019,8299178,A
2014064918,9977100,C
2046206738,7898252,B
2136355857,10307470,A
2140012970,9614617,B
2062671438,5075214,A
2065184497,9377362,B
2047588743,7760435,B
2022926127,9363815,B
2022926127,9363815,B
2162317205,6326177,B
2936384170,11530240,A
2508389417,7589219,C
2045911924,5627023,B
2157148561,6092018,B
2063006790,9133829,C
2075169771,9133829,C
2164668368,6434541,B
2537813504,11123000,B
2341809390,10261068,B
2514264936,10261068,A
2206234118,10261068,B
2047795073,8969017,A
1987134604,6916640,A
2902510608,11143624,A
1987235657,7687089,B
2029735336,9822432,B
1972890371,5688682,C
2001557781,8338484,B
2013908437,6500421,B
1522781268,7202034,B
2038070129,7202034,B
1980396483,8202379,B
2017707816,6936683,B
2890193266,11041214,B
2773324580,10729497,B
2006708846,7634914,A
2806228185,10705937,A
2737650930,10705937,A
2737650930,10248529,A
2315344423,5226985,C
3026214660,11524061,C
2571013101,10682314,A
2143319397,9457074,C
3023817738,11524061,B
2903128791,11123415,C
2106989337,9159128,B
2885500833,10769783,A
2790681451,10540570,C
2895880339,10492723,B
2042840790,9424460,C
2582546187,10528848,C
2793746840,11350901,C
2616461360,11555877,C
2103061399,9430829,A
2078008395,8295575,B
3008157799,11610304,C
2889820151,10902256,C
2923593977,10902256,B
2980123788,11158051,A
2537530963,11555877,B
2753464331,10692211,A
3006347021,11610304,B
2760092074,10776607,B
2133605685,9002092,B
2795587190,10528848,A
2949396647,6686499,B
2325354683,8580027,B
1966396824,9249313,B
1992994453,9000194,C
2022528645,4694077,A
1499997324,7730436,A
1922273395,6632730,B
2802501268,11203695,A
2086569835,8007604,B
2792052180,10902591,A
2143093135,8280132,C
2801634535,10540570,B
2019315549,9292933,A
2148176788,8442285,A
2786973862,10684215,B
2547944663,10839510,B
2800038717,10441225,C
2769158610,10956795,B
2950694380,10748310,A
2750739106,10650515,A
2761290139,10049770,C
2807551448,10902591,B
2753197942,10607112,A
2011349326,9120868,B
2964309903,10905897,C
2123805272,6410031,C
2121307823,9233152,C
1980219499,6410031,C
2740595469,11027498,C
2018917553,6301640,B
2086445791,6301640,B
1982688326,6317499,A
2807907860,10501466,B
2049969923,5693499,B
2010260789,6566402,C
1984081775,7635577,C
2092671515,9120744,B
2608961189,9982029,A
2938497713,11238975,B
2340809593,10342864,B
2973003383,11078346,C
2973003383,11111354,B
2015637102,6998052,B
2521373549,10194203,B
2079876141,8926867,B
2085746146,5834457,B
2053712580,5834457,B
2162380369,6355477,B
2789923457,11434426,B
2089676834,6734604,A
2075520106,7292503,B
2091763254,7372776,A
2017844041,7934542,B
2020078516,5786141,B
232294682,4793910,A
2760094239,11236135,B
2771012148,10935645,B
2149074727,9131238,B
2090781503,6369033,B
2014110943,10682330,A
1970099781,6395775,B
2048076805,5479469,C
2030251830,5479469,C
1967533008,6832179,C
2014649021,6832179,C
1999156982,6832179,B
1984995420,8412376,B
2040026254,5627025,B
2168390261,5850538,A
2117083530,6968022,B
2036728305,7929937,A
1556380106,5475029,B
2085909026,9243255,B
2316323751,9371545,A
2752812934,10726591,B
1994972113,8039819,B
2789690767,10464049,B
2166538703,8545559,B
1492106063,8545559,B
2065396317,8545559,B
2039403307,8916198,A
2314461993,10682330,B
2079404021,7159986,B
2771466063,11471854,B
2139288789,9795716,B
2094606544,8768663,B
2094606544,8768663,B
2617525532,4656083,B
967056172,4656083,B
2001143776,7981688,B
2028400785,4829098,B
2025522716,9593169,B
2025522716,9593169,B
2002851738,9490605,B
2162903689,9490605,A
2171389971,9490605,A
2005843225,7078043,A
240520926,3939049,B
2010941308,4755465,B
2111964411,9524733,A
2066842472,3939049,B
1968987721,3939049,B
1993877389,10004828,A
2886806785,10521600,A
2792151740,10521600,B
2602858759,10383546,C
1482315657,9799322,A
2172491908,9799322,C
2757989656,10883143,C
2757989656,10072292,C
2793341067,10883143,C
2898604241,10883143,C
1996502648,7682659,B
2118518281,9068226,B
2008870612,9611308,B
2267570377,9611308,C
2017130610,7625714,B
2017130610,7691592,B
1964985328,4471563,A
2120706558,4471563,C
2091982362,10434479,B
1721194800,7716047,A
2028666279,7547888,B
2072584795,7497993,A
2065126141,7547888,A
2294814606,10251562,B
2153818431,8752003,A
2090411027,5595871,C
2944587439,11163116,B
2097558357,9127086,B
2017230912,4223014,B
2312459439,9125896,B
1968965404,5231883,B
2917686006,11271660,B
2970536589,11271660,A
2060072554,6482795,B
2167600588,6482795,C
2066247783,4302459,B
1963914660,4186183,B
2042053929,4302459,B
1994802143,4186183,A
2102440762,6254854,B
2102440762,6399102,B
1786609383,10314648,A
2091264128,8603685,B
2081589091,9925251,B
2160579080,8277903,B
1997205011,7875760,B
2122018845,6786716,A
2147026374,7916741,A
2012967151,6387953,A
2752260686,11555006,B
2070359486,11135228,B
2131458900,8722654,B
1999976727,6710084,C
1999976727,6703423,C
2091912663,7176233,B
2058285364,8514115,C
2032714025,5027361,B
2045017878,6200499,B
2791649814,11415584,B
2599555909,11415584,B
1988697119,7803557,B
2160094018,6670396,B
2021714827,9902681,A
2497750682,6674664,C
2154483693,7829565,B
2159205441,8581907,A
2117006370,8442930,A
3021608103,11591616,B
2159532936,7300792,B
2059999848,8795262,A
2107719850,8254242,B
2135368132,8254242,B
2144186997,9856481,B
1997606443,6563569,C
2068661269,9149224,B
2607218136,10344252,B
1970944172,6183642,A
1965417175,4862276,C
2102653705,6739136,B
2102653705,6487859,A
2541938964,8503742,A
2015360714,8297541,A
2031522785,11584916,B
2110445591,9718879,B
2110445591,9718879,B
2168820208,8745211,A
2079451943,8745211,A
2034393061,5607918,B
2046372014,7968553,B
1978623457,8750188,A
2162871433,8971819,A
2902873445,11078334,B
2965705556,10903771,C
109819066,9860068,B
109819066,9860068,A
2415833924,10461935,B
2791844505,11479601,A
2080818280,6668040,B
2212259974,10089660,B
2044048342,9488780,C
2013759240,8967481,B
2145851386,6740735,A
2080054307,8992930,C
2962459552,11508900,B
2962826718,10365416,C
2899457996,10670783,B
2883883173,10670783,B
2068345721,6262242,A
2060764407,5698862,B
2085827772,5977572,A
1968521752,5134076,B
2024256392,5134076,B
2021455850,9329169,A
2128353251,9594056,B
2128353251,9594056,B
2077440743,7238729,B
2232321971,10179319,A
1969850573,7238729,A
1969850573,6824776,A
2049321616,6864365,B
2899848973,10953408,A
2010326333,8728291,B
2090926730,8993348,A
2090926730,8187864,A
1577316939,6922696,A
2233398547,10661261,A
2807730605,10808252,B
2072104361,6963077,B
1583816493,6235890,B
2152603420,6235890,B
2766734825,11294800,B
1993445449,5589338,B
2734746990,10459428,A
2742179226,10679765,B
2114812216,8962577,B
2033346663,6053970,C
2074249743,8680140,B
2120712152,8552057,B
2133532535,6852842,B
1623065404,8552057,B
2151187198,7482356,B
2263968881,4439422,B
1984393240,6136605,B
2252479343,7213573,A
1124269020,7718379,B
1978598034,7718379,C
2102305516,9499856,C
251818543,9499856,A
2163621988,5550318,B
2337700422,9920062,B
2776685010,11098082,B
2167031456,9390496,B
2127966748,8568692,B
2101556767,8237440,A
2062280457,7319326,A
1598382552,5856442,B
1992010653,5856442,B
2268285818,10591014,B
1966879163,7684708,B
2173720144,5968900,B
2152310029,8642308,B
2083600326,6623963,C
1512487131,6623963,C
2770778043,11114899,B
2807118538,11114899,A
2021386410,9617560,B
2021386410,9617560,B
2019143753,5872209,B
2069448431,6180334,B
2100727379,7403623,A
2043264894,8773826,A
1503117742,8236259,B
1975473350,10029023,B
2915432012,10029023,B
2055204109,10029023,A
2154226017,8236259,A
2282910561,9662028,A
2282910561,9662028,A
2013534089,7329641,A
2017280372,4617817,B
2990034909,11355843,A
2979773399,11355843,B
1499856817,6973110,B
2328865403,7709221,B
2007674008,7709221,B
2942484717,11097746,B
1982221911,5286877,A
2613125194,10690992,B
2899289292,10690992,A
2769157100,11400167,B
2896481607,11400167,C
2166240517,6251582,C
2744183410,11065252,B
1642524132,6251582,A
2071510967,8946401,B
2055139615,8867510,A
1982333698,8870944,B
1982333698,8870944,B
2977188483,10848284,B
1656423015,9557625,A
1998977216,9737873,A
2125916791,8868751,A
2915311450,11433359,B
2291995473,10605806,C
2296995418,10605806,B
2130470231,6285372,A
2005744881,6222017,C
2005744881,6437097,C
2005744881,6376247,C
2952623684,10905749,B
2140106053,8635293,A
2052917748,5840494,B
2180762163,6376247,C
2180762163,6222017,B
2180762163,6437097,B
1710075105,10005936,B
2013921359,9487776,C
2103945928,9487776,C
1823757987,6300101,C
2165700182,5571718,C
2135389921,5932220,B
2132715386,5932220,C
2076230001,5684360,A
2146679500,5932966,A
2094440213,9909192,C
2104373250,6296849,C
1973159550,7858768,B
1972229264,7858768,A
2111001305,9240255,B
2972776906,10653634,A
2020259007,5920000,B
2133072575,5920000,B
2016052720,4423145,B
2797349555,10806800,B
2009360877,8562821,B
2338368417,5480981,B
2339760613,10407488,B
2498806134,10407488,B
2141010802,9471902,A
2138064541,10227617,B
1992801720,9688961,A
2006606740,4011229,C
2153011776,5194375,A
2147360261,5573924,A
2169660861,10170650,B
2004845236,6387389,B
2550310769,10406179,B
2549003902,10934331,B
2985826626,11294009,A
2063190604,5336483,B
2126969698,6689358,B
2108354731,6482622,B
982281751,RE47740,B
2329638730,7755036,B
2028977234,7755036,B
2081662208,8330100,C
2770192040,10781256,B
1566445646,10150802,B
1970793587,9503174,A
2615301036,10934331,C
2066722234,8835361,B
2094412893,9417193,B
2105301171,7069124,B
2010679754,4676804,B
2606756658,5068028,A
2052192413,8059026,A
2136147599,8597985,A
2885996870,11173212,B
1510338852,9705607,A
1510338852,9705607,B
2166659905,9616141,B
2065637044,4256732,B
2972529489,11292618,B
1604434114,4256732,A
2075957064,4335210,A
1851818295,5464825,B
1716065168,5464825,B
2027509810,5464825,C
2057762226,8358391,B
2588981891,11000225,A
2281145798,6225291,B
2112171220,10383922,B
2016379859,7737121,B
2134126077,8481816,B
2126151784,7538210,B
2085375471,5993881,B
2146894826,5125955,B
2051236614,6194469,B
2166128892,9608780,A
2166128892,9608780,A
2140695849,6184349,C
1543272678,6063590,A
2150157762,9921602,B
2150157762,9921602,B
2014035037,9921602,A
2014035037,9921602,A
1583790483,7117070,A
2011943230,9921602,B
2011943230,9921602,B
2146973756,7117070,A
2027481395,7217861,A
1762649963,7328209,B
1964144121,7870174,A
1973943603,5107066,B
2045715286,8440031,B
2996612546,11543338,B
2164555292,7317958,A
2165107286,9401306,A
2724358634,10479905,B
2165805168,9642830,B
2950065924,9701542,B
2950065924,9926204,B
2168728749,9040488,A
1972650028,7636502,B
2051596691,4642291,B
791958353,4806628,B
2963222159,11350837,A
2483180845,10111900,B
2094429198,9728052,B
2171290909,6410706,B
2017608196,9371534,B
2414280252,9512436,C
2154304451,8607644,C
2000834682,9944939,B
2991854840,11550395,C
1981072628,4798790,A
2127034446,4643971,C
2056477082,4650756,A
1994745314,4666845,B
2036619542,8691801,B
2069517454,4643971,B
2783834599,10909732,B
2912173845,11022665,A
2067902951,9303250,B
2067902951,9303250,B
2325780067,5045464,A
2030053414,5045464,B
2115069133,9388422,B
2605536226,9984860,B
2109388831,8652307,A
2755305704,10781108,B
2329107508,7227012,B
2118114686,7227012,C
2149277120,7227012,C
1596747661,9897675,B
1596747661,9897675,B
2167558892,10345409,A
1867572349,9964616,A
1799381395,10605882,B
1492207267,10126397,A
2021029116,6743906,B
2010449773,4696536,A
2091365264,10345409,A
2945967278,11391803,B
2400930405,9897675,B
2400930405,9897675,B
2103350699,8085044,B
2755267167,10241176,C
2023991905,5985832,C
1978858576,8542579,B
2080334313,6916835,B
1973616527,6624294,B
2137224573,5985832,B
2059872452,4916418,A
2949442911,11373092,C
2102564401,9322768,A
2811512169,11354451,B
2811512169,11354452,B
2581256548,10121011,B
2007623553,6147200,B
2007623553,6639062,B
2004545059,6147200,C
2071746751,8790919,B
2952777932,11438508,A
2755198292,10533128,A
2149074552,8433954,B
2018818498,9249132,C
2070850575,9249132,C
2069150111,9034822,B
2153423912,8092333,C
2317221811,8092333,B
2774156113,11348002,B
2015730591,9788552,B
2019682365,6316195,A
2168907905,7584080,B
2057011995,7960171,B
1569163792,7960171,C
2005737722,9651696,A
2005737722,9651696,A
2261057385,10596257,B
2094619972,7026343,A
2169040404,6670525,C
2131024772,7551081,B
1970702202,6075220,B
2077605558,9642925,C
2144890789,6265635,B
2889562604,10800749,B
2889562604,10913726,A
2897716152,11426073,A
2044528582,8792524,C
2954051589,11306089,C
2089807701,7822266,A
1501506108,7822266,A
1542063694,10287503,C
2085929434,7778386,B
2963754818,11584952,B
2434665495,10329625,B
2559995146,5982963,B
2280517959,5982963,B
2341689870,10329625,B
3013655254,11146504,A
2988958963,11025711,B
2038478020,7247349,B
2098366084,7247349,B
2042275248,7364673,B
2903516100,11210603,C
2037503984,9701542,A
2037503984,9926204,B
1996473305,7266763,B
2004647793,9701542,B
2004647793,9926204,B
2952847294,10640539,A
2776951919,10398726,B
2767019328,11607125,B
2070241521,4336117,B
227475561,7678140,B
2074130697,4336117,B
2031688365,7001470,B
2066906443,5217565,C
2072535601,6190862,C
2056237093,6190862,C
1988233544,5762107,A
2017120306,10592690,A
2015064732,5650008,A
2318072278,6190862,B
1988483756,5824535,B
2116861659,5824535,B
1990021893,8303817,C
2035067378,8263756,B
2402062284,11099191,B
2621028483,10190139,B
2027363273,8521471,B
1822042631,7456018,B
1999594880,6291823,A
2789358536,10626189,B
2768948241,10626189,B
2511774574,9927706,A
1897502501,9287359,A
2604130415,10676735,A
2004240485,7011956,B
1967727681,6580503,B
2164192443,9080907,B
2063375020,5298599,A
1967481504,9512183,B
2063943960,5693492,B
1979244470,6732738,B
2119731962,6732738,B
2039096721,6423510,B
1999433753,5192507,B
1970115786,5001048,B
2041799010,9796714,B
2041799010,9796714,B
2945738993,11400149,B
2976322168,11400149,B
2963712926,11525063,B
2039771390,9677050,C
2014796438,7462602,B
1585951643,10683236,B
2792317967,10746612,B
2006028575,8160293,A
2397454600,10466287,C
2161022751,6831991,A
2161022751,6831991,A
2031826916,4864020,B
2486024398,11589806,B
1994934131,9464322,B
1990060970,7739056,B
2062130939,10202342,B
2153587307,6075530,A
2067423878,8961994,B
2102933974,6863895,B
1969846013,6858213,B
1969846013,6863895,B
2094787193,6863895,C
2146776232,8758767,B
2102933974,6858213,B
2564141172,9399056,B
2926677816,11208415,B
2070649328,9637498,C
2477540076,10183050,B
2151521350,6310906,B
2347139948,11156749,B
2109725729,8311279,A
2170541075,6766494,B
2005689470,7822765,B
2203710710,9500468,A
2203710710,9500468,B
1994093841,6194560,B
2159206673,8019555,B
1971290235,7936404,A
2091092355,6200811,B
1965721038,6200811,B
2283598499,7026112,B
1501824557,10131568,C
2891884855,10988407,B
2606068379,10131568,C
1976518954,5424398,B
2127783072,8241639,C
2797021173,11034646,B
2129139757,7026112,C
1985882711,8241639,C
2064389088,9593384,B
2581647838,11078518,C
1968924601,9334331,A
1968924601,9334331,A
1824885472,4942122,C
1679403270,4942122,C
2106717957,6538535,A
2141041475,6538535,A
2101430796,9816802,C
2101430796,9816802,C
2142986377,9274335,A
2118523496,10006811,B
2086512236,8269962,B
2118829512,7173711,B
1595630654,9966874,B
2507420394,10770988,C
2899363458,11045136,A
2899009493,11354339,B
1924154735,10420527,B
2755308984,10966681,B
2914494729,11419542,B
2339511574,10759668,B
2161872766,5572596,A
2149206851,8871455,B
2061844393,8871455,B
1965036518,5751836,A
1534780913,6535620,A
1980263219,5580775,A
2069771058,9106913,B
2069771058,10397577,B
2069771058,10499059,B
1985028362,9106913,B
1985028362,9338449,B
1985028362,10397577,B
1985028362,10499059,B
2077415059,10397577,C
2077415059,10499059,B
2561701399,10200719,C
2117958809,7477689,B
2610377192,10681379,B
2610377192,10491922,A
2800769537,10652575,B
2030043874,9219913,C
2164808622,7201902,B
2797542451,11168295,B
1991660519,4963497,B
2158795816,7674231,A
2112013900,8313439,B
1983015322,7790173,B
2075298077,7239668,B
1975318735,10544412,B
1984714600,6136171,A
2166599012,5876582,B
2015440023,6169394,B
2113492577,6169394,B
1967366448,6169394,B
1987047676,9203030,B
2017542879,9658510,B
2003945084,9076768,B
2022289285,9203030,B
2152473397,7350234,B
2755391677,11419680,C
1987262731,4622067,B
2473427228,9774568,B
1715855935,10352991,A
1964442188,9145477,B
2103154003,8407160,A
2141393334,8896833,A
2161255630,7973274,A
2048056980,9814767,C
2141243797,6721734,A
2020036817,6939950,A
2312193973,6891397,B
1969023498,5540078,A
2516282811,10675267,B
2330628920,11203588,A
2768155046,10530275,C
1970261313,6255088,B
2039585540,6255088,B
2055597824,4762711,C
2150616658,8295624,B
2150616658,8270739,B
2059486127,5840531,A
335028685,5411881,B
2006039654,5849539,B
2025515969,6682481,C
2069400128,7683032,B
2063240772,7125860,B
1622448473,5614403,B
2044445854,5886239,C
2092142891,9975777,B
1969101834,8954311,A
1542137668,6521406,B
1507275553,6521406,B
2971545017,11390958,A
2574353177,7939277,B
2051757093,6423826,C
2934945105,11195394,B
2769526116,10796142,B
2902656394,10885708,B
2525314436,10309909,A
2129872528,7828712,C
2178302049,10273309,A
2196911787,10273309,B
2045698432,9440857,B
2045698432,9440857,B
2137209367,7415299,B
2045615351,10241334,B
2800835549,10520315,B
1993878241,7276903,B
2145056020,7873947,B
2053581730,7582278,A
2798705385,10267869,B
2068623799,6114587,B
2070181282,5625123,B
2125603284,7045617,C
2020102792,8389637,B
2077071613,7501906,B
1933369446,4544536,A
2152487777,10660890,A
2533014768,10026167,A
2972121866,11099892,A
1998194514,4992417,B
1980008485,7354577,B
2072597154,10249467,A
2227383230,10114014,B
2312228114,10249467,A
1970424590,5776903,C
2364794409,5500414,B
2004362273,5776903,A
2006094174,9297034,C
2086367665,9297034,A
2122328478,9690988,A
2055116795,8591907,C
2282495615,4033839,B
2050793961,8864902,A
2084636234,10161890,A
1995566836,9790605,B
2030111919,9411915,C
2033887351,9411915,B
2033258446,6060257,A
2153284406,6369211,B
2044420264,6147187,B
1967425011,7388072,B
2805660386,11021721,B
1607546297,10565514,A
2739950832,10565514,B
2799439111,11583215,B
2038748381,5417314,B
2585480788,10393739,B
1564869011,7468259,B
1974517984,5962298,B
2042611040,5962298,B
2952548568,11585810,B
1989448937,8638431,B
2142866137,9683209,B
2084562184,7173711,B
2623698863,11287383,C
2085143164,7252825,C
2010665318,7582452,B
2023832867,7405044,A
2156477111,7074567,C
2059482984,8928544,A
2039485707,8133534,A
2058345503,7775368,B
2335493183,9718250,B
2335493183,9718250,B
2945215619,10800804,B
2049260160,7881874,B
2022254683,7519624,A
2140326807,8508745,C
2963483509,10491856,A
2089698578,10270945,A
2014535287,5393908,A
2592165016,10292411,B
2164712115,10288610,C
2134234406,6266637,A
1946727104,5953701,B
2106340592,6073095,A
2137058881,6073095,B
2132351009,10288610,C
2156245755,5777481,B
2000313955,9193611,B
2053956354,9193611,B
2043158195,7526384,A
1979271941,4851356,C
1997063522,7568151,B
1967927665,7747943,B
2048183501,7246311,A
2125952021,7218783,B
2038174323,7621314,A
2080088015,9764418,B
1963833742,5908764,B
1615652051,10963581,C
2104010258,7408372,B
2159884881,6898769,A
2098685104,6842714,C
2098685104,7137080,B
2328543334,10072041,B
1966485683,6406498,B
2016664418,9024507,B
2014306887,7427986,A
1984679905,7652666,C
2742782120,10472245,A
2015806279,5800934,A
2084717897,6898769,A
2118955652,7137080,B
2118955652,6842714,A
2095098508,7029845,C
2108010348,5698438,A
2132908453,8281263,B
1986398796,4820631,B
2036851190,7618504,B
2101370799,5578566,B
2038681057,6566098,B
2055367115,6555334,A
2565472989,11471940,A
1822333858,5447839,B
2761056440,10867137,B
2142608172,8170305,B
2606653931,11116182,B
1569934227,4071408,A
2800336692,9822128,B
2065462054,9304740,A
2086785691,5480968,A
2022875562,6656792,B
2090668105,7754428,C
2062610973,7923442,A
2108705184,7565655,B
2124710002,9879287,B
2109336177,8530631,B
1975641708,9206221,C
2024668703,6666935,B
2011512447,6986818,B
2122119790,7045123,C
1978338354,7045123,B
1918796765,10233241,B
2130179503,9880179,C
2130179503,9880179,C
1989341548,6518539,B
2033533848,6986818,B
2151192878,8299964,B
2040309183,5275796,B
2000249280,8158548,B
2136125985,8158548,B
2982327174,11579278,A
2142177277,7346277,A
2029737188,6132816,B
150704235,7208653,C
1586431760,7489313,A
1996766943,9082179,C
1996766943,9082179,C
2318459631,4151178,A
1482417937,7167172,B
1964201328,7708682,B
1975841177,7708682,C
845119925,7043290,B
2726672824,11436048,A
2754126429,11436048,B
2755677477,11560543,B
2276903860,4687737,B
2793273346,11013797,C
2023638991,9879315,B
2023638991,9879315,B
2312949075,8369183,A
1975084191,9447471,B
1975084191,9447471,B
2176151291,6870897,A
2179647932,7601978,B
1499106712,7601978,B
2242601390,9238891,B
2176472661,7906283,B
1773464073,4231917,B
2167360353,6967075,A
2315963752,9805921,B
2782303535,10447289,B
2545603433,10652237,A
2024815409,10049916,B
2786839803,11222627,A
2767755745,10422011,C
2804235153,11613819,A
2608323389,10422011,B
2035750497,6526096,C
2096464751,9420285,C
2516671279,10425648,A
2154016523,9565449,C
2082248073,7807372,A
2150646488,8813024,B
2150646488,8813024,B
2080751880,9315555,B
2581737790,10353067,A
2588486767,10327870,A
2804489267,10667845,B
2012888476,9278522,A
2784255252,11572354,A
2122929058,10533163,B
2088982761,8857110,B
2000907995,9206616,B
2035987497,9206616,A
1979595271,9206616,B
1964787253,7211652,C
1984234442,7211652,B
1976180014,9382474,B
1991588386,9553223,B
1991588386,9553223,B
2141237492,8709213,A
135918016,4947117,A
2031339198,8709213,C
1517326491,5800630,B
2024170229,6664368,B
2156130549,6841157,A
2157600463,9725812,B
2898001491,10952974,B
1878132325,9135699,A
345842917,5626767,B
2080792225,5626767,B
1986857840,4638013,B
2095322026,8614312,B
2106436416,9459110,B
2106436416,9459110,B
2036402456,8704575,B
2518172581,10944986,C
2296433295,10009626,A
2811227155,10462481,A
2119042463,8073227,A
2803705787,11422348,B
1970223762,6760401,B
2775915473,11445125,A
2903783177,11445125,A
1964820759,7999455,A
2626232428,10523329,A
2043090768,9106325,B
1993143512,9106325,B
2461080217,10371780,A
2028862565,9255901,B
2030251289,7471848,A
2118742171,6345119,A
2789546251,10588561,B
2993082713,11242059,A
2538262937,8787521,C
2538262937,8787521,C
2038075547,9255901,B
2803887274,11369341,B
1512465129,9565201,A
2053783350,8767957,A
2269661309,10214495,C
2560012305,11111542,A
91056166,6453247,B
2126947419,6453247,B
1991284921,4422968,C
2296696768,9816024,B
1986168425,6207186,B
2014347740,9522114,A
2155648385,8126710,A
2155648385,8126710,A
2153242462,5742739,A
2120100192,5440594,A
2113284932,7968773,B
1999568178,7737699,B
2614146633,10576127,B
2407832777,10488845,A
2001972340,5859609,A
1967248870,4329773,B
1563150425,6771852,A
1993608380,4518711,B
1972147715,8574853,B
2016275972,4518711,B
2032840254,6051221,B
2597774320,10653573,B
2149950914,8356353,B
2109083440,6479735,A
1984671401,6479735,B
2139423616,7173698,B
1977659502,7349087,B
2097537701,8735444,A
2097537701,8735444,A
2035732002,4590002,A
2023039792,8790924,B
2066178851,8751421,A
2009721177,4299915,B
2020391615,4302535,B
2051736603,9557341,B
2106387603,9556437,C
2106387603,9556437,C
2022209697,7287469,B
2134491693,7115753,A
2337906093,10202482,B
1861735184,6730812,B
2148792468,7383262,A
2148577665,7047441,A
2915483024,11117893,B
2498149730,10176377,B
1997506570,6182086,B
1995364152,7133551,A
1989984709,6485976,A
2065981468,9554777,B
2098795699,7318804,B
2152957081,7318804,A
2071488793,6535835,A
2050194547,7318804,A
2052089577,6239865,B
1967993237,8778888,B
1603239066,10133924,B
2084309543,10133924,A
2610137797,10990660,A
2785904295,10266887,B
2949609530,10669540,B
3021896513,11453907,B
2606915822,11174515,A
2606915822,11104937,A
2606915822,11021740,A
2763042654,11021740,C
2059364980,10133150,B
1988124485,9250497,B
2082176433,9250497,B
2025598646,9309543,B
2150741095,9388434,C
2963801130,11250595,A
2089407963,8236525,B
2772715994,10752925,B
2082775759,10105438,C
1145226629,10011662,B
2952594781,11060115,B
2567995016,10669540,B
2033016529,6582923,B
2094089645,4489674,A
2018228965,6951726,B
1593193715,7083787,B
2050579508,8940881,B
2901041673,10765723,B
2325651913,5949071,A
2761253345,11385157,C
2761253345,11346761,B
2523958115,11385157,B
2023498869,7709643,A
2055680211,5218963,B
2047332541,7868257,B
2092791937,6511850,A
2558474420,10436927,C
2041423397,10539508,B
2069526661,7659278,B
2014075879,7659278,B
1996649572,7659278,B
2157467277,8883498,B
2110956170,6083913,B
2110956170,5932546,B
1987888718,5986047,A
2976368554,11254598,B
2098022036,8402439,B
1877129949,8271404,B
2122936507,6245602,A
2144951274,9542622,A
1972766336,7947475,B
2760044017,10996182,B
2802223859,10996182,B
2955904602,11155903,B
1992442339,8816050,B
1977733045,5216875,B
2534360248,9044192,B
2117105743,9044192,B
2027042186,5270656,A
2046323382,6369073,B
2046323382,6369073,A
2046323382,6444701,A
2046323382,6444701,A
1066172147,10568945,B
1791762382,9891895,A
2164611950,8484550,B
1863246516,9823651,A
1982855698,9823651,B
2114315732,9827338,B
2466222338,9663364,B
2002635907,4897345,B
1971997586,5830747,B
2148575994,5646029,A
2024418160,4897345,B
964276069,4962194,C
2126116691,8903192,A
2017048971,6084095,B
2022894064,10383574,C
2176919981,10438347,A
2045823870,10674956,B
2168126101,10383574,B
2156178193,7781218,B
2160417756,9873896,A
2160417756,9873896,A
2538724376,9873896,B
2538724376,9873896,B
1998292955,8222217,C
2751425176,10098419,B
1987353202,7087573,B
2033740080,6749852,B
2469540754,11112145,A
2145499741,9120774,B
2132598458,7711492,B
166239273,10607717,B
2570203784,10588321,B
2979296208,10607717,A
2101152391,9555405,B
2492305177,10388977,A
2575338530,7711492,A
2228134841,10172829,B
2039733501,6015890,B
2942713112,10735753,C
2805997722,10735753,B
2789800904,10735753,C
1987360625,8103076,B
2041979957,8103076,B
2148922378,6015890,B
268273822,8715395,B
2318302055,10253255,B
2168149815,5686239,C
1585874678,5686239,C
2130290062,5822458,A
1576473833,5822458,B
1655928239,9402727,C
2069216398,5999958,C
2560811465,10851129,B
2107470929,9884779,B
2107470929,9884779,A
2045263146,6278134,B
2015300034,5745516,B
1986303055,6301282,B
2009504031,6501783,A
2031953014,5745516,B
2542001263,6795467,C
2051264525,6501783,A
2066399707,4599632,B
2059648266,7749728,B
2037353823,8795672,B
2037353823,8795672,B
2323039706,5745516,B
2053936559,6846905,B
2786834935,10803124,A
2774215578,10803124,A
2766977204,10892434,A
2062579188,4952496,A
2990160072,11381159,B
2965215913,11381159,B
3005292362,10442973,B
2123472185,9044433,A
2086831729,6020127,B
2040567825,7139420,A
2062978468,7139420,A
2093571348,10402770,B
2077105635,4671603,B
2044532183,4671603,C
1983403813,7983841,B
1983403813,7970540,B
1983403813,8116959,B
2151714589,4406289,B
2049871931,5985644,B
2056683115,6448389,B
2353311025,10429243,B
2060230240,6248544,B
2134111887,6248544,A
3008450368,11258071,B
2029370586,6507749,A
2010919264,7931838,B
2062268132,7931838,C
2078584359,7109140,B
2007481120,7469002,A
2018825838,9105791,B
2951641161,9105791,B
2178709787,10188508,A
2624848022,10149070,B
2266881505,10620204,B
1990043928,5801031,B
2550123837,10059601,C
2041059975,9000103,B
2048584543,8252346,B
2048584543,8252346,B
2523188958,9415040,C
2021862571,8568756,B
1985559084,9573908,C
1914672528,4797740,B
2804174315,11484198,B
2070187715,5478339,B
2013696438,5478339,B
2129498122,6800476,B
2138670140,9879058,B
2138670140,9879058,B
935938555,5104551,B
2015740817,10179154,B
1970027180,6836356,A
2016935145,8535689,A
2013299789,9751851,B
1977541245,8568756,B
2140405224,9045476,B
2131123535,7405050,C
2053127968,6183717,B
2048582363,5141851,B
2128002961,7321046,B
1557478309,5141851,B
2117006284,7827124,A
2167106554,7519452,A
2011445483,7519452,B
2079493238,10635971,B
2073923969,7467115,B
1981642026,7467115,B
629875043,10531828,B
2166484594,5951475,A
2042004833,5951475,B
1514284293,10531828,B
2014561427,10531828,A
2515468434,11312755,B
2154461112,5545815,C
2153638732,6642203,A
1981774753,6642203,B
2000561387,6642203,B
2592979316,9765364,C
2169027278,8385657,A
2145803906,8175412,B
2028255686,9335606,B
2143580972,8357308,A
1977973178,7927516,B
2029947232,7781622,B
2145727465,6426973,A
1976278094,6548070,B
1976278094,6503514,B
2100321852,9714265,B
2100321852,9714265,B
1977209481,5638458,C
2034284070,9769658,B
1976600431,5638458,B
2082034037,9682864,B
2038962383,8053783,A
1967614780,9952157,B
1967614780,9952157,B
2023364701,10939864,B
2116760674,8147562,B
2530552271,10670585,B
2123049869,7153841,B
2143151743,7144879,B
2036253105,5572996,A
2097530714,6812255,B
44019328,7371400,B
2021615544,7031483,B
2017948987,9060842,B
2103526676,5402681,A
2039255804,5937083,A
1970711705,9110171,B
2076429315,5489771,A
2069048573,9399756,A
2069048573,9399756,B
2064611727,8977029,B
2144826038,7586972,B
2068756118,4235107,A
2134089709,8564288,B
2039572962,6221594,B
2012510260,6541450,B
2025370720,6541450,B
2110131715,10429363,A
2132606465,8084203,B
1991425040,11529396,B
1970581754,9540356,B
2781010022,11568601,B
2552247836,11568601,A
2053388728,9155634,C
2770331385,11568601,A
2120805705,4009328,C
2135198587,RE46130,B
2135198587,RE46105,B
2135198587,RE46118,A
2110232684,5258283,B
2036627091,5258283,B
2140345836,8026078,B
2903956898,11560421,B
2093775777,8629400,A
2036294121,8940533,C
2316431756,9775331,B
2316431756,9775331,A
2160300492,8040963,A
2054721330,8861331,A
2057275046,8861331,A
2298772460,9802058,C
2581622655,9802058,B
2581622655,10625091,B
2590808930,10625091,B
2055549127,6770739,C
2129710101,7968836,B
2065208744,7887813,C
2149756110,9719144,B
2009673627,5094409,B
2139726194,7323175,B
41827860,4150116,B
45699704,4150116,B
2157926356,4250262,B
2138390112,5686075,C
2000461822,7323175,C
2000461822,7163682,C
2000461822,7056517,C
2141015396,7796812,B
2086310365,8731349,B
1959882852,4150116,A
1982467006,9494661,B
1438692969,9494661,B
2888546178,11049666,A
2611078557,10525419,B
2153431772,8131038,C
2031278188,4971664,B
1995900384,6528299,A
2126573128,5691193,B
2331672681,10761425,B
2098141406,8648009,B
1783770095,7360185,B
2048129936,5958410,C
2090077764,8163060,B
2057020135,7747380,B
2058441335,9541065,B
2105391195,5227479,A
2043033796,6414219,B
2006670577,6759228,A
2064266995,5147796,B
3014985924,11160832,B
3005910897,11510923,A
2050396591,5487727,B
1995447044,7139281,B
2000754029,9790924,B
1982831245,8190244,B
2462735106,7006232,A
1973698355,7061622,C
2077712036,7075658,B
1974908987,7919673,B
1949868039,7061622,B
2048371675,6006128,B
2085871155,9089331,B
2115357996,8750615,B
2036267593,7826059,A
1551330462,10213110,C
1996352940,8773760,B
2585490800,10806586,B
2028192706,5051557,A
2123361315,8565908,B
2084139972,10213110,B
2048244884,9089331,B
2083767630,8750615,B
2034114179,6657727,A
2115988963,6399700,B
2115988963,6207749,B
2053396878,8505745,B
2101417529,9902141,B
2039312906,9902141,C
1969221366,5421339,B
1991492580,5991653,C
1991492580,5697373,B
2167429216,6399700,B
2167429216,6207749,B
1999103573,4059007,A
1993154743,9071364,C
2954250998,11162112,C
2983936462,11433422,B
2117457196,8669074,B
2084129806,7619217,B
2094998673,6945783,B
2041981464,9200322,B
1986586302,10016290,B
2040728412,10016290,C
2112476383,7440796,B
1559801083,7480912,B
3018130686,11360010,B
2886451043,11406626,B
2958904250,11542530,B
1968298690,9662408,A
1968298690,9662408,A
2102402636,8193010,B
2020716613,8193010,A
2598706883,11483842,B
2002141301,9106386,C
2027510000,4535085,B
2032626171,9932305,B
1996574179,4227333,C
1882802785,10130725,C
2018990223,6423727,A
1988550226,10081662,C
1994025914,9359422,A
2056354513,7829329,B
2895823716,11077664,B
2004541158,9097799,B
2112226410,7060674,B
1991381052,7825970,C
2007679610,8013496,C
2032800886,5654138,B
2020197751,7585580,C
1527313642,8732094,A
2913136939,11168275,B
1974223280,8029829,B
2062693481,9101673,B
2769334250,10533186,C
2162697017,9580690,C
2051111690,8394620,B
2160632084,7332322,A
2088906049,8792757,B
2089344418,7061483,B
2006166187,5999660,B
2014669961,5854420,B
3024753562,11198946,B
2876235863,10407347,B
307192809,10676518,B
2149308840,6653022,A
2147898328,8921789,A
2128738760,8808933,B
2033059389,9991677,B
2033059389,9991677,B
1600435930,9438011,B
1600435930,9438011,B
2124801981,8808933,B
2277623824,9790274,B
2107403204,8084753,B
2033666593,8084753,A
2157384403,10529254,B
2011479004,9846974,A
2011479004,9846974,A
2329095398,9798567,C
1979564154,9372726,A
1979564154,9372726,A
2004312336,9823842,C
2004312336,9823842,C
2117869930,9069782,A
2117869930,9552495,A
2061178438,5833984,C
2168343635,8568508,C
2153660039,8324342,B
2468893368,11185857,B
1969581380,8075664,B
2002573455,8829183,B
2070699690,9377482,A
2324832330,9255853,A
2018577784,5863731,A
2089252876,5863731,B
2015619912,9578881,B
2015619912,9578881,B
2801425713,11104926,A
2088863741,8686218,B
2081481613,8895312,B
2026125138,8921643,C
1771216999,8921643,B
2061526415,7999161,B
2094546550,7999161,B
2000349006,7230708,B
1984495758,7999161,B
2151922790,7232806,A
1965306643,7232806,B
2082332887,8013190,B
2155509874,7350055,B
2035031395,8095350,C
2387322054,10436744,B
2066427694,9063063,B
2625388876,10801987,B
2008926223,4983728,A
2090007302,8338122,B
2154568767,7707154,B
1994151303,5082784,B
2086508722,9828435,A
2086508722,9243068,B
2114414416,9243068,B
2114414416,9828435,A
2000278300,5834184,B
2177594907,9243068,A
2177594907,9828435,A
2065683374,7750125,B
2546503086,10526414,B
2911598989,11078295,B
2885345427,11078295,B
2885345427,10526414,A
2902689957,11078295,B
2008313011,8969226,B
2038570647,8640498,B
2038570647,8642491,C
2167617184,10125183,B
2170603470,8696450,B
2290747088,9810967,B
2290747088,9810967,B
1481921537,9728241,A
1980902026,7390872,B
1629078953,6824972,B
1969041963,7834012,B
1972524841,8800283,B
2899183778,10633444,B
2076983151,6951935,C
2040132829,10022428,C
1604154350,6760879,A
2601428988,10273232,A
2037966194,8222793,B
2146206643,8772348,C
2015184481,8240234,B
2150803089,7200309,B
2007035317,8493824,A
2626822709,11204326,B
1590807618,10485604,A
2017129200,5645839,B
2007120381,8895015,B
2019992042,7404901,B
2128569901,10550437,B
2288202420,10160795,A
1973868289,7664602,B
2096861863,8323664,C
2036950191,6403094,B
1979854992,10172353,A
2061368643,6838694,A
2562123855,10511437,A
2782182352,10511437,B
2322468165,11167066,B
1978381553,9943809,C
2071551134,9808768,B
2756058669,10336670,B
2738114180,11167151,A
2065647959,9073175,C
2153174189,6865490,A
2140195668,8875485,B
2094387434,6391164,A
2237920773,10078653,A
2161204379,7430351,B
2804026078,11162951,B
2617804684,11162951,B
2089044236,9012127,B
1592120214,9180196,B
2136015761,10017510,B
2090193152,11261262,C
1997053540,7732770,C
2110339423,10172938,B
2116288475,10172938,A
2109888718,8883188,B
1926705561,6607740,B
2415778146,5888993,B
2049991362,9834615,C
2001525711,8304235,C
2008777486,6133232,C
2120306897,6689094,B
2075280479,4581289,B
1546764642,6451132,B
2022072488,9611153,A
2093985786,5368660,A
1540403413,8195004,B
2976806193,11492671,C
2073363194,8692003,C
2016644610,7638490,B
2116919616,9650658,C
3001802914,11093742,C
2078050928,5719058,A
2999088374,11604139,A
2000463885,6693170,B
2096590617,9694178,A
2096590617,9694178,A
2027938923,7989167,B
2106302786,8269189,B
2765475750,11322905,B
2083820216,8829002,C
2083820216,8829002,B
2345376721,10519039,B
2089461844,8829002,C
2089461844,8829002,C
2022673008,8829002,B
2022673008,8829002,C
2076703549,7132163,B
1967656461,4917784,B
2019767095,7778691,A
1972048142,8992405,B
2129591931,7367955,B
2602833127,10058491,B
2161890443,7655406,C
2108111419,7982093,A
2108111419,7982093,B
2781497413,10403810,B
2768154292,10403810,B
1837821693,7061524,A
2140265260,6289490,A
2116114312,6289490,A
2123692372,5073729,B
1552809342,5461425,A
2056197508,4770038,A
2127951161,7588518,B
2167637849,8822698,B
2491803890,10254282,B
1981561863,6617418,B
2011182853,9079963,A
2014320614,9049290,A
1973879517,7553939,B
2106229817,7741271,B
2101245370,6503688,A
2912165767,10533258,B
1992904262,8658178,B
1992904262,8658178,B
2087878527,9737593,B
1540345032,8043988,B
1483621067,7923398,B
2161541567,7645997,A
2544237332,9069089,A
2043398880,6861561,C
2089215134,10062602,B
2090829896,6620601,B
2063285680,9737593,B
2051198108,7060871,C
2078586926,9267143,B
1995264927,3944585,B
2120664182,8403848,C
2102490765,8403848,B
1495579528,7734334,B
198820787,8401626,A
2103476821,8401626,B
2005849338,5053492,A
2093570392,5111448,B
2058604553,8206594,A
2177828877,9095886,A
2049000237,9095886,B
2085653745,5338865,B
2042667559,7468475,B
2467426237,6952098,A
2287210608,10202482,C
2916248081,11193177,B
2018476546,8636860,B
1987645466,5143839,B
2126041057,7973018,B
2141041816,5712150,C
2065901829,7101947,B
1982814572,10703981,B
2077322130,10703981,C
1969838337,10574721,A
1552387833,9189649,B
2075114818,5959178,B
2744577227,11027258,B
1986764107,7662441,B
2087925100,7722885,B
2065261796,7655253,A
2033926305,7973018,B
2608500302,11351226,A
1565782523,5247938,C
1866096602,5727013,A
2894577781,11022696,A
2774947600,11022696,B
2008080681,6282301,A
1992928908,8009116,C
1498550108,10057665,C
2550287164,10351150,A
2075222049,6451532,A
1988283503,5347144,B
2021907796,8167041,B
2028088579,7544617,B
2560293681,10567655,B
2091618674,3961569,B
2061029257,9580908,C
2061029257,9580908,C
1969850450,9717440,C
1969850450,9717440,C
2035223069,9563740,A
2035223069,9563740,A
2096222345,7650245,A
2963398264,11521074,A
2922682149,11429118,A
2149025209,8734862,B
2044971018,8173179,B
2164689705,7361499,B
2093802506,7361499,C
1573285225,5302522,B
2114453311,7957381,A
1988660508,6967957,B
2009987317,9418759,C
2759464277,11234635,A
2773493953,11370886,B
2138676971,8440808,C
2051987933,5549807,B
2048273741,5349128,B
2053630291,5709865,A
2119157185,8742744,A
2132175498,8742744,B
2059443589,7867636,B
1566564853,6822371,B
2063526911,6407136,B
2011324232,9725427,A
2121796591,9044486,C
2140369038,9044486,C
1994907752,6887876,B
2980630020,9824179,B
2980630020,9824179,B
155445334,4656033,A
2235611986,10173974,A
2594384666,11198678,A
2170030081,8007405,C
2170030081,8177688,C
2151330110,8177688,C
2151330110,8007405,C
2118138258,8177688,B
2118138258,8007405,C
1508346553,5470735,A
2292040071,9583702,A
1981187570,4368194,A
1979187025,7208221,B
2066547407,7232605,B
3015018148,10709400,B
2566860002,10535332,C
300686792,4661586,A
2021672372,6731800,B
1988392804,10219815,B
1430327565,10350439,B
2543916201,10219815,B
2163321300,10219815,B
2331844622,9636133,B
2325009541,10047057,B
2951805754,6242231,B
2314256644,3994870,B
2409910751,10117913,C
1940800221,6444239,C
2598409577,10942188,B
2172592858,10942188,C
2090461024,7232605,B
1930593812,9562156,C
2112579649,8394391,B
2523338669,10546388,B
2139533583,7103399,B
2087747123,7221231,B
2541589169,7221231,A
1809503925,7167760,B
1843614983,7167760,B
2087441022,4871838,B
2043475904,8242192,B
1991090874,8663722,A
1988996628,8691135,B
2017561903,8691135,B
2093255751,9399660,B
1998588132,8053443,B
2027504710,5532247,B
2043974660,5374932,B
2902991970,10839539,A
2903233845,11145075,A
2434421859,9916524,B
2012851891,10465165,B
2101584823,10465165,B
2468648436,10988735,B
2032871891,9779508,A
2032871891,9779508,A
2622560939,10649914,B
2083040516,8614393,B
2059317512,10776532,A
1793674997,9443334,A
2062202716,9343067,B
2062202716,9343067,B
2098044784,9545438,B
2098044784,9545438,C
1599476198,10141832,A
1969375897,8024032,B
2046751163,6587727,C
2046751163,6671556,C
2103640296,6118875,C
2088903412,7960338,B
2156472038,9657046,B
1998568794,7214380,B
1502218137,7214380,C
2024097735,7838220,B
2155703113,6086898,C
1529664481,7214380,B
1529664481,6086898,B
2110605989,7570986,A
2549923451,10774815,B
2029938114,4189572,C
1978913152,9373088,C
2259989138,9095455,A
2259989138,9095455,A
2040212171,9373088,B
2171431653,8792976,C
2153733683,8632989,B
2108080367,8379019,A
2101393803,5091580,A
2789052567,10669212,B
2024371128,7896953,B
2044991458,8796405,A
2012204000,8473028,A
1521968112,7144997,B
2043648191,9555100,C
2911361106,11537788,A
1971410863,10780291,C
2041055936,10780291,C
2090179203,7138227,B
2020054583,7138227,B
2975798947,11258659,B
2051655092,6909552,B
2001361072,6909552,B
2135922421,6878543,B
2169246924,6120989,A
3011497962,11513122,B
2798404911,10680427,B
2074123385,6120989,B
1995008233,8357279,B
2332962847,8049183,B
2332737015,8049183,B
2109066397,7444526,A
2110477558,10780291,C
2606868194,11167147,C
2789814861,11167147,B
2015034574,8729460,B
1972156084,8357279,B
2074856064,5106966,B
2126418460,4544274,A
1964857523,4925307,B
2046336298,7627359,B
2004830011,4392893,A
2626612659,11186790,B
2059423113,9300553,B
2036067516,5491564,A
2051586096,8831762,B
2028306410,8239052,A
2618054500,10676768,A
2148788432,8553964,B
2143863571,8553964,A
2119246371,9304798,A
2119246371,9304798,A
2147280999,8234236,B
2059423113,9300552,B
1989822302,8880558,B
2057553475,7928368,B
2124808023,5783168,B
2041382949,6552364,C
2159778290,6723591,C
2117155528,9145567,B
2117155528,8795996,B
2951733089,10443062,C
2488505173,10443062,B
2143840942,9145567,B
2785565710,10443062,B
2092841384,6887813,C
2086481956,6100893,B
2591369712,11029250,B
2005796943,10036933,A
2018432497,9778496,B
1109723523,10641974,B
2499401501,10766966,B
2093565788,9012444,C
2034615581,6602883,C
2073635308,8507894,B
2992399455,9945970,A
2317611284,9945970,C
2135683204,9945970,C
2062228384,6688112,A
2747080631,11318155,B
2951900662,6335340,B
2102406128,7569652,A
1995143022,6184205,B
1522400918,6303574,A
2092614995,6197139,B
2971002590,10804001,A
1953172225,6197139,B
1988615064,10518276,A
2088762418,8124832,B
2104773672,6495339,B
2101371833,5750399,A
2095318871,10806374,B
2012194206,10806374,B
2151440465,8053241,A
2914441323,10131556,C
2914441323,10202548,A
2911461379,10131556,B
2065163637,8486887,C
2156019513,8486887,A
2071197608,8263758,C
2609800471,10548037,A
2883214511,10749718,B
2735673061,10548037,B
2892234891,11488687,B
2097772463,9538934,C
2097772463,9538934,B
2098391699,9538934,B
2098391699,9538934,B
2079228836,9357938,C
2885362417,10014124,A
2131219596,8029790,B
1997738230,5718802,B
1994959571,7403008,B
2037462153,7403008,B
1534435233,7354898,B
1534435233,7326418,B
2052423819,9932416,B
2052423819,9932416,A
1858299697,10149862,B
2679163277,10457730,A
2319497374,8603474,B
1967583234,6591271,A
1519907596,6591271,B
2070697522,7058264,B
2077566536,7058264,B
2158530838,6306585,B
1975957825,9720151,B
2078174021,8653500,B
2015376184,8653500,B
1984762550,8927178,B
2612785045,11124644,A
2961203246,10717980,C
2172380826,10723842,B
1974129061,9509028,A
2058139764,8785852,B
1965144720,8785852,B
2068535794,8918694,A
2068535794,8918694,A
2002456289,8748152,B
2030384809,8748152,C
2002695959,5312749,B
2159753688,7972600,B
2786492116,9504834,A
1985824406,8377455,B
2798906382,11168915,B
2085964850,10174333,C
2141434786,10577660,B
2798906382,11162703,A
2031024284,7056957,C
2055775822,9322043,B
2060816223,7988992,B
2080064071,7056957,B
2507254852,10273476,C
2062533437,8163290,B
2059045373,5532156,C
2772523001,10695913,C
2409326208,10912661,A
2412043830,9567578,B
1973127853,8541646,B
2312446230,10228313,A
1963711462,5091089,B
1515664404,7581103,A
2753912274,10696182,A
2738428153,10562404,B
1981964073,4300567,B
2053265303,4957336,B
2008438047,4957336,B
2258248618,9846348,C
2909534647,11017186,C
2525059752,9685765,B
2487416936,9685765,A
2017469907,8095515,B
2007950411,10449182,B
208634567,5985269,C
2095079436,9029550,B
2075418127,9029550,C
2075418127,8501783,C
1987102960,6596271,B
2160308798,9034903,B
2332609621,5985269,C
2012797646,9031406,A
2016047831,10294533,B
1977973737,8626279,A
2006714833,8626279,B
1971536531,5756340,B
2156012433,9850207,B
2327787157,10377744,A
2922937209,11608532,A
2921381997,11608532,B
2474453300,7488576,B
2096642875,8409602,B
2150757642,9687582,A
2150757642,9687582,A
2006514491,8227628,B
1800253462,10359428,B
2010203523,10359428,B
2151786024,5846819,B
2138768135,5962669,B
1978525961,6562341,C
2018675827,5962669,B
2050036217,5763740,A
2132770231,6008435,B
151143661,5763740,B
151143661,5792901,B
2752606545,11504094,A
2035426186,4349907,A
2029362349,4349907,A
1969271968,6924126,B
1551269584,7870082,B
2129160848,7870082,B
1809737458,10072306,B
2768647693,11541108,B
2560910767,10894956,B
1984181839,9831042,B
1984181839,9831042,B
2058029344,5305650,B
1973052457,6348310,A
2157364797,8921140,C
2315466723,8512755,B
1984736492,9304124,B
2335439042,8921140,C
2604123083,10898583,B
2318542026,9304124,C
2119150093,8841408,B
2003962591,7435386,B
2325545838,8680506,C
2079672230,8680506,C
2344803639,9899937,A
1994286109,9880149,A
1994286109,9880149,A
2322204269,8680506,C
2904360862,9979323,A
2991116889,11012003,B
132826463,9483521,A
2091600376,10093628,A
1866327060,10300074,A
2029837026,4593076,B
1978299114,7223901,B
2322721424,6372241,A
2075757041,8750653,B
2094771622,8750653,B
2752209448,5342618,B
2057812065,6063258,B
1990061616,7892394,B
1990061616,7892394,B
2903562567,11370769,B
1964043382,5510614,B
2339626839,10228409,B
2006703422,9477128,B
2006703422,9477128,C
1964993411,9477128,B
1964993411,9477128,B
2565382901,11013803,B
2477752558,11013803,B
2069022569,8924015,B
2109153754,8924015,A
2896517310,7107118,A
2035434045,9434899,B
2542305701,6683901,B
1986573903,7180928,B
1986573903,7643530,B
1976043966,6274789,B
2081619636,9008133,B
2022121398,9008133,A
2094227535,9008133,A
2160972243,7332170,B
2161859313,9028468,B
2159724596,5750361,C
2142317753,6567802,B
2897541843,10772843,C
1984980297,8426575,B
1966573735,5818900,B
2126253382,5804570,A
2061150431,5750361,B
951074575,5792901,B
2077613240,7094553,C
2164745336,6528308,B
2090668713,8549547,B
2053739168,7428199,B
2025260255,8549547,B
2118754653,7491811,B
2093583525,8174946,B
2047716187,7407698,C
2046901811,4020127,B
2139538447,9249217,B
2139538447,9249217,B
2069324432,10402540,C
2021833986,10402540,B
2000538444,10265029,A
2046151017,9396722,A
2163175336,8980249,B
2009779974,9393271,C
2952674888,10148067,B
2024145848,8039802,C
2061456210,8449795,C
2105809986,8449795,B
2058976916,8268204,B
2060753223,8436151,B
2076762492,9572765,C
2076762492,9572765,C
2151726393,8106037,B
2997345608,11121874,A
2063165518,5374712,B
2081035812,4963471,B
1999174175,6992290,A
1981798284,4316973,B
2076799769,5663234,A
2316579020,5376744,B
2000691073,6005051,B
2596919047,10329361,A
2089787483,7196142,B
2113192762,4942204,A
2113086599,8674034,B
1979361344,7569652,B
2520958092,5395885,A
2303906305,10618999,A
2139830735,9901658,B
2101275868,8674034,A
2157446214,8709254,B
2169436446,8367350,B
1990038664,8126527,A
2512100560,9901569,A
2512100560,9901569,B
2229955013,9901569,B
2229955013,9901569,B
2119823269,7678050,B
2791789803,11222304,A
2019951922,4697546,A
2103427978,5139954,B
1992790147,5993767,A
2118902222,7262010,B
2065183201,8951750,B
2132468746,6869766,B
2514003919,10461216,C
2790233225,10461216,B
2023594478,8891884,A
2149349084,5665586,C
2108153346,7260746,B
2092662963,5948763,B
2092662963,6462171,B
1981064802,7737189,C
1994313831,9535068,A
2792157785,10415970,A
2613893384,9979160,B
2332343267,4199419,A
2044252656,5727382,B
1972685970,6388800,B
2772252905,10415970,B
2077450631,9310452,A
2093172157,10180317,B
2060357748,8515155,B
2060357748,8655050,B
2334278068,10566632,B
1584427796,8127140,C
1584427796,8127140,C
2004096658,5354861,B
2098007670,7345219,A
2784640491,11548898,B
1998126409,8921687,A
1968201068,8445661,A
2047326844,9450020,B
2144587765,9129691,B
2060655153,9343658,B
2065215578,9343658,B
2608557195,10346738,B
2126851641,6668325,B
2036235545,4040742,A
2135873444,8175859,A
2110814077,8332021,C
2172211285,7812522,C
1992836163,8163043,C
1992836163,8163043,B
1992656071,7842775,B
2809556659,11514325,A
2801902875,11514325,A
2904548366,11222415,B
2920460225,11222415,B
1994617571,7754843,B
2089253337,9181124,B
2058448983,9320452,A
2102489568,9320452,B
2146712216,7995825,A
2004742967,5547668,B
2161779477,6331391,B
2337435106,10023625,B
2038554263,6673587,B
1923015860,6673587,A
1999753473,9909573,A
1999753473,9909573,B
2496338509,10373374,B
2114923690,8883171,B
2073153774,4853539,B
2042376691,7853654,B
1966449436,9949684,B
2157862334,6377351,A
2085969051,5579019,B
2539791308,8294717,B
2008203867,8294717,A
1996966741,10413235,B
1982420679,5919682,B
1262881397,5919682,C
2903379702,11482967,B
1984345973,4066506,A
2105355459,8195490,B
2105355459,8224681,B
2028345838,4873190,C
2099580557,6300065,B
1498780407,6423538,C
1498780407,6696251,C
2083000132,8666770,B
2129856243,6300109,B
2071831208,7304168,B
1989537760,7754694,B
1966304483,8889874,C
1976351222,7754694,A
1966125184,6649359,B
2035033839,3960830,B
2036012923,6799464,B
2073227325,7413873,B
2042253682,4690905,B
1992659943,6585666,B
2054976995,7090995,B
2111987051,7157234,B
2147825080,7090995,C
1640702227,6344741,A
2067065932,3970965,B
2063990725,5486604,A
2296178404,8645761,A
2123474966,7767407,B
2561660711,10295365,A
2087856869,8960005,A
2611623648,10386288,B
2025188549,8124587,B
2112175905,7225187,C
2113347069,9268864,B
2100419635,7761464,A
2081798681,7293019,A
2163941332,8078974,A
2104677329,8700544,B
2065436624,9436875,A
2140619391,8122021,A
2239550192,5308448,B
2103705495,5367052,B
2116681368,10266806,B
2068858015,9478727,A
2055710366,9066882,A
2064380275,6187505,B
2070014368,9811268,A
1982731142,6263414,C
2028165476,7680757,A
1964433626,6952693,B
2201169884,10724040,A
2474281451,10724040,B
2412562549,10724040,B
2937344378,11248023,B
2037026759,4818763,B
1978852492,6455284,B
2037648283,4608775,B
2737259089,10731185,B
2076844881,6320563,A
1966520413,8623815,B
2002556051,8685404,B
2134504616,8491913,C
2604828609,10653346,C
2013693318,6335201,B
1996706919,8582096,A
2362414009,7248909,B
2022154442,7248909,B
2527865707,10595770,A
2066015130,7248909,B
2009345208,9056841,B
2412662819,9861713,B
2412662819,9861713,B
1967818333,7595093,B
2076205796,6773917,C
1995042145,9694091,C
1995042145,9694091,C
2120171756,9044468,A
1994463565,10232058,C
2277107147,10736974,B
2473278896,9776977,B
2168492534,9511057,A
2168492534,9511057,B
2088297981,5093438,B
2788480230,10376162,B
2140318211,6779142,A
2132937786,9722111,B
2548451000,10134590,C
1966741584,8642046,B
2220989336,9722111,B
2171991586,8642046,B
2970416022,11279666,C
2216765649,10857246,B
1999830667,10156521,A
1786020367,9371360,B
2089744727,10369192,B
1965681567,7901936,B
2104908670,5795728,B
2802979607,11613775,A
9909578,7209752,B
2001072771,9245176,B
2066121608,9784643,A
2064793449,9386308,A
2064793449,9386308,A
2006163859,9794601,C
2006163859,9794601,C
2911746990,11147836,B
2342733326,10478101,A
2401148196,10478101,A
2048221730,5414643,A
2030279442,5276872,A
2109995054,8337600,B
2051563495,9416487,B
2141579583,5331568,B
2089120491,8337600,B
1993671231,4983646,B
2763104417,10478087,A
595085787,9764136,B
2157581104,9120395,C
2157581104,9120395,C
1008142927,9153131,A
2134031856,5524176,A
2082179914,4766203,B
2137201710,9784643,A
1992242315,6716184,B
2586486214,10216064,B
1967978314,6579525,B
2143151301,8064528,C
2008270596,8064528,A
2140930913,7590188,B
2593679477,10796715,B
2136497736,7676004,B
2105676868,8965766,B
2295719252,10084542,A
2211797047,10084542,B
2317566143,8153020,B
2122504196,8153020,A
2738159481,11041841,B
2155742736,8338111,B
1632428515,10139800,A
2944458943,11611092,B
1998894049,9319421,B
2034583054,8964989,B
2004488137,8077047,B
2134830372,6885264,A
1895111460,10741914,A
2018521634,6777137,B
1989964163,6777137,B
2024025165,8450099,B
2043404286,6790618,B
2053366430,6445390,A
2115320729,6388089,B
2130522808,8064528,B
2103769613,7430243,B
2962869832,9863985,B
2141634761,7139321,B
1539287553,7224744,B
2339593441,11038263,B
2337983450,11038263,B
2126790736,8062249,B
2741962017,11110114,B
1939993711,10590247,B
2100666449,9915919,A
2100666449,9915919,A
2142176622,8367074,C
2142176622,7919301,C
2099040694,7820182,C
1983046119,7709007,B
2779173205,10877110,B
2052407213,4744989,A
2030728587,7247191,A
2051311659,9902815,A
2060675371,8669359,B
1983026037,5953452,A
2963226018,11004202,A
2116588733,8637268,B
1994701069,9404118,B
2075426829,9594267,B
2075426829,9594267,B
2901214101,10690856,B
2115471743,8428916,A
2063203539,9062308,B
2318678687,10316361,B
2319586773,7858317,B
2915415245,10767193,C
3016485453,11567308,B
2078683991,4402601,A
2126797559,4425924,A
2325660556,9062308,B
202591642,9509493,C
2073570903,5270170,B
2596594932,10857530,B
2535641502,8897528,B
2101758099,8541646,B
2106450636,7485440,C
2150753192,8367074,C
2150753192,7919301,C
1989279533,7208161,B
2107921092,8367074,C
2107921092,7919301,C
1971781162,6699476,C
2168280947,7167519,A
2770152813,10893594,B
1804356366,7803566,C
2036090355,7803566,B
2036090355,8067535,A
2003233817,6923971,C
2070261846,7951383,B
1965893133,6699476,B
2118508489,8520956,A
2902525781,11517900,B
2797746013,10842494,B
2094720214,10667816,B
2101061719,8889908,B
2150462798,7957921,A
2068530774,10667816,B
2048781639,8263392,B
2071061869,11149069,C
2564709121,9975848,B
2010521915,7048929,C
2020387946,9352990,A
2020387946,9346694,B
172638136,9352990,B
1979408688,9782744,A
2743988610,10579794,B
2094780153,4742304,B
2614275181,9978451,B
2614275181,9978451,B
1596937253,10864184,B
2560649943,10792268,C
1561611581,10864184,B
2752909698,11432796,B
2019128566,7718953,B
2031343206,7255804,A
2015260534,7718953,B
79275981,5686279,A
79275981,5834256,A
2040075917,7132284,B
2026901855,6428953,B
2135715463,7889334,B
1985017693,6844332,C
1985017693,7205286,B
1985017693,6844457,B
1985017693,7064115,A
1985017693,7094916,B
1985017693,6844330,B
1985017693,6844331,B
2016428222,7060460,B
2099767582,6665651,B
2044053760,5302262,B
2917197215,11512137,C
3019948285,11034772,A
3019948285,11512137,A
1967964612,9593164,A
1967964612,9580508,B
2150709728,8555081,A
1966909477,6406804,C
1966909477,6509109,B
2342314414,10675781,C
2096814394,6818327,B
1966873560,5536949,C
1989737962,6836373,B
2071908553,7790892,C
1987828401,5389444,B
1973745052,6534199,B
2081528614,6943870,B
2140137456,8664599,C
2961875503,11393107,A
2136966839,11193142,B
2084021643,11193142,B
2171431515,8964813,A
2133065638,7439906,A
2159170020,7535412,C
2140304521,7193558,B
2158472942,11149069,C
2296648354,8538947,A
2407293509,10739973,B
2167367622,8462134,B
1634028699,10577412,C
2253770298,10577412,C
2026377765,10332285,B
2140871574,7656413,B
2142747340,10134296,A
2607107281,10079616,B
2795434834,11593533,A
2032896827,6232110,B
2173672434,10611827,A
2087083057,8036779,C
2754719872,11230737,B
2913169056,10882034,B
2048165490,8282629,C
2001365776,6887231,C
142203701,6887231,C
2185243663,6887231,A
2166295153,9885021,B
2166295153,9885021,B
2894848149,10875896,B
2757632046,10875896,B
2071672035,7362101,A
2138772892,7456637,B
2138772892,7456637,A
2414940347,9995735,C
2057831030,9601013,A
2963789641,8458556,B
2085273837,8458556,B
2011305240,8458556,B
2952600705,8772526,B
121092573,9149208,B
2157502781,10385399,B
2163135112,8961978,B
2892031124,10121926,B
2079770118,8383616,B
2122295620,7282576,C
2105455633,7282576,C
2155556340,7282576,C
2037206608,10351913,A
2025904252,8995804,A
2506117126,10213503,C
2418015881,10213503,B
1531445300,4495103,B
2410076321,9227014,A
2537502891,11512173,B
2110670476,9227014,C
2137059529,7365221,B
2030836327,9062305,A
2030836327,9062305,A
2794287709,10305250,A
2613889991,10305250,B
1996535847,6825388,B
2474684543,10556892,A
2512970881,9787472,A
2512970881,9787472,B
2038107217,9302324,A
2760552098,11057199,A
2048320882,6638846,C
2088767688,9537082,C
2131313276,8401264,B
2131313276,8401264,C
2042668636,6638846,C
2489487473,9751815,B
2489487473,9751815,B
2104437358,7620462,B
2148388584,7128894,A
2763849100,11307261,B
1586797110,10353007,B
2010147889,8350061,B
2010147889,8071790,B
2022400760,5985576,A
1987277926,9175049,C
1987277926,9175049,C
2113182213,9175049,C
2113182213,9175049,C
2029989793,9175049,A
2029989793,9175049,A
2098381128,7537888,B
2059289447,5792466,B
2085089289,6207643,B
1970793109,5792466,B
1983056001,6664371,C
1989993745,5185850,B
2165784723,5185850,B
2103672814,7200251,A
2076313900,7529332,B
2076313900,7483509,A
2076313900,7474725,B
2344883152,7474725,B
198136045,7483509,B
198136045,7474725,B
2344883152,7483509,B
2344883152,7529332,B
2159913430,5871727,A
2119498791,6815200,B
2322312107,6555368,C
2162062857,8889641,C
2010952669,7825279,A
2009013636,5268465,B
1979864353,5266594,C
1928202137,10024814,C
2894371501,10809215,B
2087505349,5094837,B
2171640563,6436393,B
1983682307,6333030,A
2085783060,6088086,B
2077465167,6796144,B
2972852318,11336092,B
2069380506,7719020,B
2975454690,11332517,B
2063726249,10016130,A
2488623903,11496191,A
2028052813,5344830,B
2057238335,9498166,B
2141507829,9556414,B
2145509502,6803224,B
2883008642,11142795,B
2012562248,6476966,A
2081280502,9045674,B
2026772883,7825230,B
2172245644,7825230,B
2037543360,10448989,C
2143044248,10448989,B
2169191544,8507274,B
2604028246,11247970,B
2124069879,8570207,B
2023745104,8570207,B
2129745589,7765252,B
2035345230,8004771,B
2061929795,8792193,A
2061929795,8792193,B
1888751811,9829483,B
2086500857,9829483,B
1975817547,5800931,B
2550010475,9671447,A
2072589605,4738846,A
2042508357,6171596,B
2136726332,7560116,B
1970523342,5935832,B
2060499330,6316216,A
2257307527,10005880,A
2084563357,9873164,C
2334696023,9551047,C
2039465812,8892951,A
2003402009,7606832,A
2805716754,9879231,C
2805716754,9879231,C
2129478007,6039957,B
2024369960,8525228,B
2410271337,9852927,B
2599677851,10330637,B
2055929948,7655272,A
2331017946,9299940,B
2139676734,9593014,B
2309234657,9852927,B
2611020845,9852927,B
1978676149,9593014,B
2047581692,5805316,A
1977470347,8953888,A
1978590673,4326778,A
1963528402,4421388,B
2039401956,5910576,C
2752809037,9954586,B
2763496852,9954586,B
1994532803,9453259,B
2086050574,7015204,B
2300801115,5985276,C
2073609327,10320148,B
2290129953,10320148,C
2007989299,10320148,C
2134615711,8120207,B
2134615711,8115343,B
2889007558,4619655,B
2021591567,6874001,B
2151037077,7383247,B
2103165486,5464625,B
2106028511,6088694,B
1964867222,5348974,B
2152950224,5513318,B
2521363298,10130651,B
2048369172,8137695,B
2111785766,7871626,C
2081224746,7037707,B
2169064383,7572925,B
2013518215,7622306,B
2607130622,10077224,B
2150962987,7671246,B
2091687634,8148553,B
2587550763,10077224,B
2108745380,8962867,B
2108745380,8399688,B
2089772278,8075642,B
2057594088,8928036,B
2078945907,8928029,B
2105123904,5648297,B
58798087,6967345,B
2971304985,11456148,C
2980907181,11456148,B
2441236057,10618954,A
2083798949,7450054,B
2073330893,8448054,B
1892119656,5242829,C
2118843242,8532209,B
2171211668,6965152,B
1992340631,6521967,C
2003344980,6965152,B
2019545924,6965152,B
2011948884,9214581,C
2001135474,8928029,B
1997571548,6613569,B
2290169751,9787237,B
2117044259,8611759,B
1982290403,9399057,B
2304143969,10368246,B
2518942300,10368246,B
2585450647,10368246,B
1989765625,8908186,A
2015668924,8908186,A
2559778457,10732097,B
2120592779,5574640,A
2077296527,5574640,A
2122531610,8021846,B
2010114458,9324320,A
2161789664,8283439,C
2011925230,7727711,B
2003739732,5574640,A
2163042593,7983742,B
2594109166,10183904,B
2594109166,10077224,B
2119044429,7822231,B
2136758643,8432214,B
2981419225,11525165,B
2782992910,11525165,B
2038243487,6528510,B
1976138733,7330266,A
2033850918,4981871,B
1998777017,7906156,B
2049602112,8257920,A
1594190119,6348498,B
2139622260,5364917,B
2422872931,5510981,B
2095394013,6678323,A
1973657629,9928832,B
2022282254,9928832,B
2136872136,7211559,C
2892549463,10577384,B
2032165727,9755329,C
2017339178,7496405,B
2612570670,11452866,C
2054457381,8126565,A
2054457381,7983758,B
2054457381,8121700,B
2054457381,8121699,B
2811004397,11176960,B
2045066407,8440449,C
2049977151,8440449,B
2008648606,8273893,C
1981214582,8361966,A
157569467,5962508,B
2945332479,11363268,B
2146140584,5817460,B
2041518603,6744052,B
3011054485,11141436,B
3011054485,11253547,B
2162415096,5627081,B
2169373287,7348408,B
2066886533,6860980,B
2069624412,9388250,C
2238653669,11174497,B
123888183,7544510,B
2019564055,6330086,B
2032950145,9988313,C
2006354579,9988313,B
2897016939,4649256,C
2090862216,4947023,A
2090210724,9861832,B
2114381641,5576178,B
2021106046,5576178,B
2099471988,6072570,A
2064321549,6303294,B
2016974542,10582878,B
1980964205,10426850,A
2038223795,8344208,B
2017295338,8344208,B
2045211304,6072897,A
2020053975,9814385,C
2108864813,8530211,A
2084203294,9206429,B
2073148121,9757350,B
1972332514,7130545,B
2138600270,9182367,A
2138600270,9182367,A
2791321657,11479702,A
2331999646,6514251,B
2006392854,8921121,B
2000129854,5389523,B
2164727823,8607615,A
1973197139,8607615,A
1984256954,8124851,B
2148846788,4945478,A
2092590261,5367053,A
2056929095,5367053,B
2966776690,11060533,B
2945832107,11274282,A
2145156822,7759070,C
1527704417,7364739,B
1587857330,6010696,C
2082546405,7714185,B
2315431405,9140711,B
2122400055,5973229,A
2164041652,6120776,B
3004953899,11403758,B
2999958931,11403758,B
2030273603,10092626,B
2125947914,4632830,B
1486309952,5055394,A
2110165907,9750793,C
1992854734,5776712,B
2133510622,10293077,B
2133510622,9186417,B
2049779720,8986511,B
1869379555,6253217,B
1869379555,6562076,B
2082001372,6370538,B
2006023152,10198834,A
2028615366,3955084,A
2135054597,4084090,B
2109679596,8045463,A
2726576305,10389524,B
1647135810,7448084,A
2164774263,5238548,B
2089728262,5057417,B
2025170065,4624944,A
2141878055,9645147,B
2130074648,9645147,C
2050608587,9254316,B
2302435065,10519503,C
2057647214,5708507,B
2108611194,9866337,C
2476790264,10718763,B
1901255537,10928382,C
2208720153,10928382,B
2166882188,5783194,B
2096631516,9212127,B
1983685552,5866380,B
2581280823,10563244,A
2414809868,11530404,A
2165956501,5953388,A
2089393267,6103121,B
2089393267,6139742,A
1967365802,7625951,B
2061601333,7482381,B
2107971910,11001562,A
2067090495,5153309,B
1979278937,10184115,B
2069719700,9145491,A
2791115005,10844201,C
2113059500,9145491,B
2074063952,9359334,C
2074063952,9359334,C
2130064145,7809507,C
2083005999,4115732,B
2139869391,7314623,B
1966793738,9034853,A
142176591,8039208,B
2035669154,7160517,B
2133001436,9556209,A
2146948412,7509870,B
2141607191,8734815,B
2099930415,8968749,B
2058902067,7509870,B
1982736713,9238669,B
2937749274,11607545,A
2511343617,9815889,B
2783870054,10669353,A
2103785873,9238669,C
2198715944,10188718,A
2166384326,9150535,A
2166384326,9150535,A
2131447885,7379822,B
2341062768,10023602,B
1803031250,9756312,B
2126649678,6589759,B
2553624637,11406739,C
2160627201,7815755,B
2509814205,10763698,A
2409160201,6489290,A
168982357,6489290,A
2030320541,4407638,A
2120853285,7706609,A
1983162769,7869567,A
2044452487,7869567,A
2551931038,7664227,B
2142666623,7664227,B
1996816756,7869567,C
1848365949,6261769,B
2100014070,9119226,B
2111891033,5337209,B
1528379992,10993621,A
2582281771,11308645,C
2146699192,10591570,B
2972244572,11308645,C
2137894820,5773255,A
2138875004,10400015,B
2534720278,10614798,A
2119040598,5911991,B
2097743943,9389233,B
2057014853,3960003,A
2318205127,10143590,B
1763745741,11047848,B
2552416920,10883182,B
2033583952,4045440,A
2149970748,5707617,B
2598590802,11432744,A
2175428308,10900909,B
1980841783,7799776,C
2259908590,10317498,C
1757232068,10317498,B
1657963810,10317498,C
2144141804,8966491,A
2226828058,9804888,B
2226828058,9804888,B
2165382766,8694706,A
2885354246,10678587,A
2155960338,7674954,B
2508320949,9814771,A
2952791215,11586849,C
2132991685,7668699,B
2054731029,7569520,B
2142379834,8397657,A
2082886608,8354844,B
1989991896,8823372,B
2141653848,9377517,C
2118051246,9103897,B
2121906700,7878993,B
2042311347,9093657,C
2042311347,9093657,C
2517323159,10593389,B
2127628742,7668699,B
100740692,7668699,B
2099064168,6963604,B
2054720536,6963604,A
2086650884,10007336,B
2000967807,7705058,B
2108040753,7705058,C
2013530920,7705058,B
2041678603,8747674,B
2761264021,11484608,A
2067802866,6455509,B
2337461482,10358681,B
1983389451,7732664,B
2076449298,7671336,B
2968018967,10993430,B
2106933279,5892801,A
2020991157,7219058,B
2020991157,7451085,B
2073701493,6535837,C
2130799675,8367893,A
2059028717,5932563,A
2133043233,8620968,B
3013416190,7685587,A
2145510114,9274658,A
2618406121,10358466,B
1499403121,6993053,A
2028961351,5814617,B
2104557568,8117522,A
1972340608,9782441,B
1972340608,9782441,B
3025929838,11566255,B
2177980234,6399062,C
2003120440,5599543,B
1990368928,7897357,A
1990368928,7897357,A
2411774203,5599543,B
2885015088,10772646,A
2143420653,10801065,A
2098058601,7374872,C
2054120126,8198042,C
1981578383,9710534,B
1981578383,9710534,B
2061314851,4994161,B
2130147568,7176286,B
2024876483,5347511,B
2088994401,9755227,B
2088994401,9755227,B
2062835841,4370598,A
2021853034,8586560,A
1999899446,6516014,B
1510019349,5526299,A
1986815756,8304550,B
2007029054,8937722,C
2138148634,6956330,B
2015462688,7125542,B
2165595747,7849121,B
1992037180,6728281,B
1994232032,5811672,B
2167970431,5352668,B
1977948302,4626792,B
2087191481,10002973,C
2064802127,8064245,C
2997045467,11278226,C
2977533173,11278226,B
1930452731,6996385,A
2045797779,8861574,A
2169390610,6996385,A
2013666496,9345448,B
2087232527,9345448,B
1996733982,9345448,A
2157897200,9071323,B
2792842335,10525029,B
2964369406,11040021,B
2188192437,10039735,B
2080828217,8501007,B
2080828217,8119007,B
1973502581,9031640,B
2031989857,9031640,A
2736120645,11571443,A
146089551,5795964,B
2164702645,6615140,B
2035647013,7348281,A
2758859575,10831770,B
2980490513,11401232,B
2560984196,10883117,A
3005645561,11570070,B
2888505697,11570070,B
1969970105,9249100,B
2760447769,10314157,A
2083171116,5336972,A
2074405457,7253269,A
2103198155,7253269,A
2149057490,7087371,B
2081023675,7087371,A
1997787868,7087214,B
2047570667,7087214,B
2113887187,5190364,A
2019839505,8987207,B
2073919051,9844332,B
2019055904,6801551,B
1976633445,6801551,B
2079409197,8158608,B
2077093438,8158608,C
1485553656,6846481,B
2152475239,6855522,A
2038436550,6090343,B
2139715831,7117207,A
2167303973,8131655,C
1918125126,6448283,B
2930144424,11374835,B
2052831534,9285491,A
2101382753,6713078,A
2256036961,10726943,B
1664985344,6713078,B
2521731765,10717777,B
2077332176,7314858,B
2148188777,6492328,A
2056155481,7718610,B
1983710475,10357753,B
2288911540,9576882,B
2545374758,8292818,B
2910538074,11461597,A
2246224287,10765377,B
1578316144,10765377,B
2576844103,10765377,B
2070949498,9097751,A
2161838103,8049570,B
2018182104,6653464,B
2135509663,5487387,B
2029710116,4767888,B
2131541451,7196188,C
2790484531,11210396,A
794175859,6451856,C
1540461532,6451856,C
1990143860,6728281,A
1967533034,7844649,B
2122269657,7505902,B
2111834794,5331222,A
2160918219,5331222,C
1978770359,9566320,A
1499436602,5736382,B
2106380576,8538117,B
2081531608,8538117,B
2148533547,8538117,C
2051172235,10145281,B
2038798890,5798947,B
2338447355,10255503,A
2011504748,10255503,A
2750434199,10255503,B
1979640743,6927212,B
2052597203,5980789,A
2078250697,5980789,B
2163333618,7169572,B
2051848851,9827321,B
2020650391,9827321,B
2035845594,8286490,A
2044128918,7732397,B
2106493096,9107428,B
2805639326,11395413,A
2897073955,11395413,B
2335366719,9896485,B
2743147755,10216013,B
2743147755,10649240,B
2024486378,6597084,A
2131897007,6277557,A
2001929002,9402862,B
2142487256,9437775,B
2550031190,8920042,A
2550031190,8920042,A
1983770106,9234886,C
2018825213,6008341,B
2040823934,6680195,B
2124439293,6984484,C
2034376222,7589124,B
2093343185,7643552,C
2093343185,7643552,C
2129759071,7643552,C
2129759071,7643552,C
1983854033,7830601,C
2120070569,10286084,B
2124806986,5262298,B
1033986100,5482928,B
1593264421,5482928,B
2109861005,8840900,A
2044543281,4927512,B
1970518726,9491684,A
1963490803,5756479,C
2011387227,8810789,B
2068748179,8810789,B
2146652318,9108978,A
2321966871,9685261,A
2025978830,5603820,B
2320079484,9646735,A
2026831869,5043281,B
2005921248,8623610,C
2005921248,8623610,C
2019240567,7858578,B
2907985678,11499079,B
2162774163,8742338,B
2162774163,9146180,B
2053478361,8497473,B
1975913084,8742338,B
1975913084,9146180,B
1854775519,8519330,B
2040372063,8497473,B
2092785080,8519330,B
2076069332,6531185,A
2566891099,11279782,B
1980159331,5696254,B
2072399774,6991793,C
2045735260,6153202,C
1971427480,6379677,B
2087987429,8420072,D
2092422505,6984388,A
2077684107,6019981,B
1535064397,8420072,C
2160274654,6296846,B
2017022490,9758566,B
2011671750,7141716,B
2111651943,5789177,B
2026213587,6403097,B
1993103293,6403097,B
2058519809,8394604,B
2000263984,4701414,C
1524308567,4701414,B
137369268,7359480,A
2091299596,6001588,C
2006677219,6558942,B
2086327418,7470659,C
107153115,6723523,A
2070853968,7505990,B
1984550627,6825185,B
2044089729,5814510,C
2095417833,5814510,C
2531373045,10973903,A
2044310913,5885585,C
2170243062,8501692,B
2131985675,8501692,B
1999121307,4971793,C
2047018911,9809811,A
2122842266,8592192,B
2070748907,9109225,A
2963342175,10812318,B
1998786489,5073408,B
2131736450,6737948,A
2101929693,6784732,A
1986773535,4786009,B
2130730365,6816012,B
2076324807,5445935,B
2003967896,5426028,B
2165744111,5580769,B
2072466490,5543131,C
2886923023,11529352,B
2036587149,7704320,B
1964824395,7704320,B
2075457384,7155082,C
2087897361,6802489,B
2603516620,10722250,B
1890572636,6920398,B
1984682741,10055666,A
2130700195,7537903,B
2039516219,5554292,A
2059706197,8557726,A
1981207301,5925572,B
2026311937,8956648,B
2142207150,4526866,A
2032626787,7405997,B
2120314911,7531136,B
2023269246,7005414,B
2066039563,5618727,C
2086370957,5169627,B
2069872468,6424464,A
2032947134,4258717,B
1979016938,5506231,B
2565133478,10144932,B
2062446427,6187585,B
2410284937,10413565,B
2734331538,10501322,B
1980579320,10283282,B
1999373441,8324448,B
2014348885,8324448,B
2950465120,11535814,B
2162603773,7030140,B
2015798764,9173612,A
2074067348,7072767,B
2133483948,5916748,C
2133483948,6001569,C
2156784910,9902996,C
2156784910,9902996,C
2026881541,7790370,C
2019456771,6001569,B
2131508956,8486640,C
1975008778,5243037,B
2510711888,5084583,A
2590071013,10723856,B
2321158881,9234003,A
2321158881,8871903,B
1995991434,5744623,A
2040946561,7538183,C
1598458750,10591483,B
2885306721,10547455,B
2963308340,10547455,C
2979620027,10547455,C
2034489616,8531473,A
1911331953,11039782,B
2044343987,4681717,A
2725594000,11613733,A
2075683218,10072249,B
1500940888,5221967,B
2156292614,9129445,C
2028922415,7999148,A
2387522997,7902121,B
2124427232,11299544,B
2146496903,6210930,B
2146883739,6210930,B
2064683980,6210930,B
2157486149,9116204,B
2015920136,9278170,B
2182195052,5820858,B
2085008446,10071943,B
2068371024,7368267,A
2056772029,5567812,B
1981627924,6007823,A
2062856535,6855840,C
1987422324,6855840,B
1979975654,7402690,B
2007975906,6670607,B
2011661408,6150425,B
2345160882,10049295,B
2611771682,10049295,B
2842043471,11586928,B
1968430851,RE43983,C
1968430851,7524909,B
1968430851,7449525,C
1977109846,RE43983,B
1977109846,7449525,B
1993024944,9242295,A
1981339525,10726979,B
2171510852,6093569,A
2061342006,9242295,B
1989117556,8641114,A
2011392915,5869092,B
2741299170,10676533,B
1996648625,5037758,A
1987732943,10086088,C
2609547362,10940214,B
2099588756,8969077,B
2099588756,8969077,B
2547983352,10940214,C
1651090052,10940214,B
2086939150,8969077,B
2086939150,8969077,B
2091937293,6153579,B
2067337497,7842476,A
2598998892,10567655,B
2314680095,9759684,A
2314680095,9759684,A
1991239060,5988875,A
2954932848,11180531,B
2755887109,11559244,B
1972352024,8765208,C
2049625655,4119402,B
2105249005,8673319,A
1831318153,5994083,B
1486000288,5994083,B
2014690236,9056090,B
2995002630,11403761,B
2904555209,11449759,B
1513424136,8424059,A
2284798855,10402535,A
164074458,9585632,B
194144942,9846765,B
194144942,9846765,B
2089663551,7317445,C
2883432564,11449759,B
2949226188,10894021,B
2043571477,9375184,A
2923212559,11158069,A
1969809020,9856563,A
2006331644,9220456,C
1987813541,9220456,B
2135009083,9907508,B
2052378238,7186558,B
2070236616,10343130,B
2028836177,5786196,A
2004680898,5575888,B
2062158886,5575888,B
1965258940,5575888,B
2154696374,8218318,A
2491824795,7037655,A
2778736126,10676522,B
2115075004,6691148,A
2115075004,6629126,B
2155764740,8551481,C
2278345709,10842812,A
1728301756,10953236,B
2080762372,4189534,A
2341215584,10030272,C
2889593493,10385406,A
1969663514,5904938,B
2315200117,9623396,A
1982287948,9364488,B
1982287948,9364488,B
2990706848,11366054,B
1971121022,8834926,B
1971121022,8834926,B
1502719659,5804552,B
1558889227,5223263,B
2016020258,8222257,B
2136064865,8222257,A
2016981603,11554229,B
2057976869,5817638,B
2116874132,8846643,B
2009170502,8846643,A
2096580759,10163317,B
2002658399,6583251,B
1979101209,7746225,A
2015537010,7746225,A
1980550220,5814815,A
1982761740,7474775,A
2007747334,4532422,C
3012260279,11251719,A
2151359832,6924997,B
2045670750,8590530,B
1826234378,10385398,B
2076029094,9487538,B
2076029094,9487538,B
1544699890,9260326,B
2739618453,10551357,A
2054284100,7798000,B
1983231021,7798000,A
2080814283,7798000,A
2443061491,9991176,B
1967803973,7652773,A
2600733062,10551357,A
2070285589,7652773,B
2560945109,10551357,A
2000050388,7652773,B
2182612853,6329208,B
56939234,6369030,B
2125851240,7979742,A
2062073399,7426616,A
2978273154,11034732,A
2024936777,8392633,B
1562944819,10346425,B
2963245654,10605877,A
2132933799,6458926,C
2031994974,7544838,B
2158662592,8191426,B
2801814746,11064965,A
1970324842,7122716,B
2055813188,7276374,B
1997634147,6852500,B
1997249625,5649073,A
2045772586,10272111,B
2148495509,6696622,B
1990856631,6696622,A
2163386801,7276374,B
2142172464,4954442,A
2075094074,6078680,A
2278294589,5319549,C
2066121629,6067373,C
2073758603,5790690,B
2063278806,7236619,C
2072462912,6594378,B
2248886010,6011862,C
1982183450,7043066,C
2022040962,5319549,C
2028329627,7043066,C
1973446330,7043066,A
2060576022,6683973,C
2085206647,7236619,B
2119065649,5343390,B
2100308983,6078680,A
2006182210,9320887,C
2006182210,9320887,C
2167126399,7126303,B
2203944560,7492116,B
2517613758,10384994,B
2024165103,8980549,B
2024165103,8980549,B
2004950059,5587287,A
2122394872,7339341,C
2016546853,7199545,A
2137019689,4623625,B
1999405577,8338581,A
1999405577,8394938,B
2001897014,8075494,A
1575690115,4755467,B
2157207000,8504138,A
2011180920,8576614,C
2027352230,8158353,B
2004972189,4060820,B
2104988385,5391869,A
2798980231,10915729,B
2949689763,10915729,B
2036791371,5391869,A
2625564100,10515458,B
2904136631,11436839,A
2130445549,9253716,B
2957396663,11604133,B
2768535317,11040918,C
2770514288,11040918,A
2010081009,7989630,B
3004660526,11456698,C
2505573394,10069592,B
2105841454,8934954,A
2809764256,10439755,B
2600178014,11038730,B
2893563017,10738167,B
2094682670,4351826,B
2955848903,11319634,C
2088498329,8647674,B
2088498329,8647674,B
1979539012,4665089,B
2017352979,5832103,B
2067476805,5289374,B
2030297549,5832103,C
1989033067,6855114,B
2135287337,5832103,B
60528975,5984870,B
2169388041,6138045,A
1975354634,5931780,B
2065058593,6442287,B
2031762826,7184582,C
2081845808,5289374,B
2030684898,5657362,B
2056221094,9168373,B
2473445549,6523559,A
2175174536,6047550,C
2011766395,6047550,C
1971738610,9168373,A
2005179875,11106676,A
2060383661,7262282,A
1979801445,9315386,B
2172497769,8926888,B
1983986597,4249213,B
2063929783,5537485,B
2075100290,5289374,A
1990843754,9985277,C
1994151519,9985277,B
2084083233,6973154,B
1972829324,6973154,B
2057317603,6663871,A
2001659332,6663871,B
2324597994,9274040,A
2108794261,6523559,A
2070299948,11106685,A
2324752890,9213013,A
2384790806,10396349,A
2472924502,10784548,C
2287750065,10396349,A
2198797607,10784548,A
47150009,5472869,B
2118171778,8804979,A
2086356769,5614419,A
2112397567,8804979,A
2048443746,6821485,B
2120950467,7189581,A
2106276590,6695765,B
2161326386,6695765,B
2161326386,6193647,B
2109218298,6193647,B
2109218298,6695765,C
2049550437,7189580,A
2101651250,7189581,A
2087351950,5830703,C
2110614029,5336759,C
2136282978,7668717,B
2099053789,8037535,A
2144584907,8707431,A
2099541965,5338830,B
1964320314,5830703,B
2518585139,11478178,B
2019577433,8760039,B
2030375273,9517345,A
2431286612,10987412,B
2062202414,6183964,B
2062202414,6566056,C
2027881996,6911538,C
2029204346,7420035,B
1535925497,6813714,A
2167889693,6785809,B
2167889693,6584566,B
2615408854,10768291,B
2902261016,6850544,C
2137749022,8274738,B
2084528475,6850544,B
2171156817,5952962,B
2108050391,6055431,A
2106183710,9316701,A
2064730890,10262090,B
2164882393,5739788,A
2171759106,5869474,B
2582527583,9863962,C
2590587618,9863962,C
2606818684,9863962,A
2947203276,10788488,C
2087867182,9180209,B
563482615,10570173,A
2970654620,10999926,C
1536141953,6258391,B
2034476335,9675679,B
2555275198,9563053,B
2061924124,7612006,B
2914392824,10960024,B
1765270771,5942157,B
2321631218,5942157,B
1966814309,6667134,B
1968905186,6667134,B
2142063758,4846182,B
2075664218,6878494,B
1967247991,6667134,B
1972850178,5942157,B
2511501764,11107204,B
2035000459,9260486,B
2131053533,7659062,C
1975247696,7118216,C
2114016178,7858081,C
1984682722,5799257,B
2030144645,9064047,B
2161538140,7291316,A
1995679061,9732087,A
1995679061,9732087,A
189509974,6060644,A
2036271777,9289750,C
2082237701,6864291,B
2011568098,7901681,B
2113202945,7707530,A
2154347669,6591411,A
2123692429,6968306,B
2115622747,6560752,A
2068674204,6117182,B
2029799042,4826765,B
2068127361,9044392,A
2128174223,6434729,A
2150540901,6347393,B
2090317622,7296252,A
2007623553,6194598,B
2109850067,8253168,B
1921573438,10004037,B
2159807110,7447403,B
2041610178,5017689,A
2333238604,5333302,B
2280879875,10336790,A
1988560142,8163506,B
2289031692,9466684,C
2001295164,9331163,B
2001295164,9331163,B
2017047318,9331163,C
2017047318,9331163,C
1979551322,9528144,A
2128003986,8034629,A
2122763604,7709544,B
1973013136,5763979,A
2329498014,9031100,B
2043292156,9031100,A
2052722114,9031100,B
2052722114,8787411,B
2135790033,9452185,B
2070996714,9090675,C
2070996714,9090675,B
2119951209,6023011,B
2069895261,4092493,A
1550172061,8210119,B
2069406655,5240913,A
2469245192,11512099,A
2150575210,7563864,C
1531267945,7202216,C
2169712122,7563864,C
1976809982,6347393,A
1977774784,6868533,A
2140619390,6968306,A
2171141198,6868533,A
1972393920,8589848,B
1997797456,6996512,A
1968636796,7676780,B
2049546399,7895557,B
2551444739,10393114,B
2030722531,6009111,A
2521528049,10220118,B
1554409860,6533734,A
2048320654,7148603,A
2047770478,9826016,A
2767572220,11548789,B
2886963749,11548789,B
2167942507,4828701,A
2481975162,10287173,B
2953234510,11569689,C
2964547188,11569689,C
2735607949,11473004,B
2612479437,11473004,B
2137270698,7015003,B
2883106405,11075710,B
2898104747,11075710,B
2068978060,3937974,B
2889672357,11501544,A
2030069266,9683938,A
2944505126,11501544,A
2918285969,11501544,A
2016116191,8420664,B
2165973959,8603748,B
2108026550,5652102,A
2166599552,9340775,B
2974682480,11249082,B
2027687427,9216385,B
2038847053,9216385,A
2008352997,8235897,A
2424512063,10019796,B
2073607364,8912153,B
1981477675,6905865,C
2914308506,11406361,A
2024199579,5821334,B
2092893920,5668294,B
2022376010,8488874,C
2738763667,10521892,B
2019025532,7481267,B
2061606518,6875374,B
2140513990,8501991,A
1976174647,5450313,A
2104644563,7481267,B
2028870745,8859216,C
2107529619,6858173,B
2061666598,7481267,C
2087305422,8732161,A
2067330392,7879590,B
2088712873,5617227,B
2133479720,5617227,B
2056548197,8492408,B
2098454183,5458518,B
2107050615,7687792,A
119875627,5942433,B
2591598946,10435802,C
1986077684,5145864,C
2005934548,5110813,C
1972470846,5110813,B
1970260922,4665019,B
1969120160,9902998,C
1969120160,9902998,C
2123803156,9097715,C
1968573729,9902998,B
1968573729,9902998,B
2065310788,5141852,B
2028136227,10471272,A
2081733568,8357758,B
2002349068,8357758,B
2079680016,4140771,B
2019636395,9406128,C
2019636395,9406128,C
2156398717,9499467,B
3010787967,11499928,B
2036050833,5625412,A
2100973934,5723331,B
2210954824,5325295,A
1964991243,7420689,B
3018645360,11607545,A
2802728029,11189344,A
2258225534,10214797,C
1579397518,10214743,B
1978674831,10214743,C
2134361512,8774938,A
2927667751,11074189,A
1986302800,10340599,C
2063297041,10340599,C
1996902215,8632244,A
2029024982,4937970,B
2143410630,6650919,B
2161867711,6915156,B
2088748888,5836974,B
2149317055,5836974,B
2166010373,6650919,B
3022399616,11414469,B
3012811586,11414469,B
1971129146,6248583,B
2726870116,11137384,B
1980745570,10150095,C
1964325331,9037270,C
2056684767,7679743,A
2049348955,6081337,B
2161617500,8698086,C
2780659543,11510980,B
2136267808,9926363,B
2063554232,5682037,A
2739140129,10504267,A
1977743117,5030722,B
2125677320,9079011,A
2327706535,7186409,B
2080089207,8067204,C
1972823864,5030722,B
2015739302,5030722,B
2741755572,10752639,B
2568920520,11168368,A
1899185858,6061589,B
2096939179,7927595,B
2160700813,8129185,B
2979927278,8075921,B
2161129850,7818793,B
2118807009,5902798,B
272253102,10214743,C
2130887095,8423568,B
2130887095,8423568,A
2005029321,5316983,B
1976498408,6245851,B
1562171723,6922809,B
2127363101,7139756,B
1534129512,9855012,B
2782921059,11083416,B
2756296795,11373757,C
2794819237,10750968,B
2800369311,10575786,A
2755435249,11373757,B
2046105675,5388591,A
1881967296,10149902,B
2066019586,5723437,B
2037494235,8830451,A
2142621898,9878326,B
2081626198,9658470,B
2081626198,9658470,B
1546144549,8636787,C
1546144549,8636787,C
2097331723,9468768,B
2007559078,9351898,A
2137488129,6304868,B
2738070685,10265408,C
1966548275,9644076,B
1978841198,8280147,A
2112708215,8020163,B
2047876330,8020163,B
2966744887,11100685,B
116236279,9741116,A
636754477,9978142,B
2078943111,8257670,A
2026624543,7776338,C
1586903776,10055843,B
2273897973,9700213,B
2609885553,5723306,B
2630683241,11217228,B
2132072504,7139756,B
2069386331,5381664,B
1989817933,5316699,B
2161893194,9232415,B
1849094693,9624429,C
2898488511,11060024,B
2523565517,10789055,A
1965134548,11584885,B
2990494110,11339326,C
2128361738,8188460,A
2144598449,7488851,B
2136330412,8252534,B
1999604127,7871820,C
2049961703,7033763,B
2049961703,7238480,B
2046604154,7449561,C
2271643461,7033763,B
2271643461,7238480,B
2035585587,7033763,B
2035585587,7238480,B
2045321827,7504221,B
2166401696,6355422,B
2099381267,6287441,A
2013336853,7871820,B
1972995382,8889588,B
1566997948,9783063,B
2320468741,9180437,B
2914633308,11230667,C
2073048215,7751607,C
2059483071,7499578,B
2047011597,8050481,B
2131483942,8476407,B
1847214778,6741277,B
2124643439,9045527,B
2317647829,8476407,B
2036706093,9575042,B
1989409852,9522390,B
1990308050,9795951,B
1988735503,4868802,B
2888932900,10947392,B
2556648043,10792275,C
2063964350,9522390,B
2320360382,9795951,B
2982552178,10947392,B
2895188267,11389788,B
2059454728,7687807,C
2002628653,9904018,B
2002628653,9904018,B
2489256775,10076568,C
2590437487,8496927,B
2564971970,8496927,B
2085442449,6496452,C
2020309592,4475392,A
2550835414,10905727,B
2083987072,7742213,A
2766013930,11295456,C
2159456860,5561675,A
2412158886,11020471,B
2050873047,3975773,B
2064812257,7919243,C
2907118095,11241575,B
2153883201,9214618,B
1965349214,9551610,C
1990639439,9551610,B
2093494049,7473312,C
2120268699,8523848,B
1986958942,8608992,B
2090374150,8871731,B
2158482287,9062307,B
1976963408,10472315,B
2235723574,4435040,A
2142612173,7742213,A
2168003088,7742213,B
2025687237,9952163,C
1983556710,9952163,B
2210968259,10815528,B
2026865178,4894583,B
2886041044,11329908,C
2118394861,6571024,A
2127274662,6454410,B
2172276011,6512857,A
2161741659,8320489,B
1986201328,7579147,B
2118643159,7122311,B
2096045085,9414775,B
2096045085,9345426,B
2123748169,5015346,A
2069286298,6682934,B
2170778354,7260242,A
2134193517,9339795,B
2170321438,7693697,A
767947777,9700882,A
2165118406,11053513,A
2945908281,10759833,C
2792576589,11531023,B
2101510083,7361468,A
2033511684,5968801,B
1998335624,8558625,B
2546411975,10683334,C
2273529430,10954527,C
2175307180,10954527,B
2122655151,7196590,B
2109971402,5789961,B
2132787499,9861950,A
2132787499,9861950,A
2158051629,9861950,B
2158051629,9861950,A
287930748,6695953,B
2170006263,7919053,A
2092743373,8374371,C
2956068152,10063158,B
2607079595,10063158,B
2771562385,10063158,B
2025550567,8996504,A
2101596058,4394447,B
2108444237,4410625,B
2529088062,10151757,B
1663370587,5472748,A
2021671061,7970195,B
2092103242,6136199,B
2088584649,7901577,A
2895753734,10472261,A
2036193709,7291578,B
63965692,8641704,B
2046266243,8641704,C
2100033648,7971252,A
2111359369,7846672,B
2084604143,7846672,B
2162748820,7776911,B
2072552676,4287416,B
2462308657,10106785,A
2046092294,9346859,B
2046092294,9346859,B
2479492501,11219216,B
2157269402,5144308,A
1871937220,10731117,C
2292218940,10233256,B
2144462457,8762114,B
2104093766,8762114,B
2071462266,6048539,B
1774821796,6211343,B
1774821796,6344200,B
1774821796,6348198,B
1971371379,5275851,B
2285703678,9458160,C
2054524682,4522657,A
2295244923,10181078,B
2093013610,6381486,C
2023653390,9226913,B
2023653390,9226913,B
2038403656,9226913,C
2038403656,9226913,B
2161147341,6055571,B
2171752072,5881728,B
2163555927,9797821,B
2036194862,5147826,B
2117062972,6972328,B
2170081920,6492346,B
2329897166,4145252,B
2320159189,4164566,B
1965344095,9296716,A
2153511133,8885554,A
2594172079,11262640,C
2040000960,5070192,B
2040032597,5665561,B
2001776918,9518736,B
2320935044,4845124,C
2031649698,7105352,B
2023765040,7923538,C
2045604672,8883981,B
1973073597,7923538,C
1977474982,8176560,B
1882240703,8056138,B
1484567250,8056138,B
2900193304,10990723,B
2090703372,9151724,A
2075961679,4897475,A
3001431070,11573342,B
2098990873,8461311,A
2030240341,7241571,B
2035093916,7241571,B
2910029067,11269330,B
2028911604,7655912,A
2021254699,4641264,B
2093838623,9642910,C
2787149056,10294302,B
2032683611,7280866,B
1995302448,7280866,A
2103331785,8726410,A
2088162154,7285091,A
2035266697,5608568,B
2151688741,5792620,B
2120781748,5792620,A
2181212257,6919355,B
2076443493,9878025,A
2893415742,10172823,B
2489279494,9782380,C
2489279494,9782380,C
3013178755,11142539,B
2762507409,9974765,B
2762507409,10172823,B
2789423333,10533029,C
2891973557,10533029,B
2066880279,9573967,B
2000991764,8895611,A
1507836628,9835705,A
1507836628,9835705,A
2265245231,10167459,A
2139041386,6261807,A
1250969645,5256558,B
2159419151,5391725,B
2107056396,5391725,B
2167330024,6111181,A
1522554481,5834627,B
2069214830,4896098,A
1935151344,9481699,B
2780263332,9974765,A
2780263332,10172823,B
2780263332,10533029,C
2592111148,10189865,C
2003522381,7235641,B
1572144604,5602098,B
2094455441,8609639,A
2035030540,8609639,B
2034331010,8822524,B
2154023465,9989497,C
2154023465,9989497,C
2011650104,7214298,B
1645530958,6540895,A
2017961823,8283308,B
1792921166,9008453,A
1792921166,9008453,A
2320272230,9381040,C
2063701867,8139045,B
201245152,9136936,A
201245152,9136936,A
1746466700,7736656,B
2999997703,11548947,B
1964882540,5856310,B
2145722821,9321818,B
2145722821,9321818,B
2427380806,9427466,B
1599723431,8508370,B
1969285706,9255347,B
2022510357,8350203,B
2002344937,10290876,B
2056551499,5253329,A
2019444031,5959082,A
2095770340,7092448,B
2105454457,8112247,A
1552072210,8112247,A
3013399348,11481881,A
2110254185,8112758,A
2048030021,8572107,B
961523,6068979,B
1965535726,9531081,A
2122729738,5187090,B
1978322849,5142032,B
2094340376,9677128,B
2094340376,9677128,B
2021713929,10650062,B
2118393023,5187983,B
2090526963,5128535,A
2004922603,5128535,B
2064490438,4920261,B
2140695109,8615312,B
1509633852,7363204,B
2074125350,5753431,B
2168230918,5187983,A
2804831417,11073318,B
2083249525,8951530,A
2010672204,6124373,B
2190356450,10457642,A
2605166062,11561224,B
2201305784,6673746,B
2062588082,4428859,B
2093936345,5922587,B
1939096811,9365428,B
1540808432,8309097,B
2121768689,5632022,A
2165404851,9624161,C
2044784355,6410043,B
2044784355,6413535,A
2044784355,6413534,B
2768725301,10185001,B
2162182878,9624161,B
2590551071,9624161,C
2725570054,11235290,B
2910922529,11235290,B
2412801756,10702815,C
2078906217,6162411,B
2005354060,9353037,A
2124966451,7148887,B
2124966451,6514082,B
2145860001,6514082,B
2145860001,7148887,B
2009042088,5847711,A
2084071086,5544283,B
2155755997,9792729,B
2155755997,9792729,A
2077207492,5760781,C
1993068330,8995736,B
1971913521,6674430,A
2042689079,8600125,A
1515327660,5242817,B
2471061664,10403043,A
2024865049,5288304,B
2117208454,5927988,A
2117208454,6159014,B
2117208454,6019607,A
1525268615,5594842,A
2006060268,6514082,B
2006060268,7148887,B
2136623196,6674430,B
1977841275,8187802,C
2097797019,8600125,A
2122188822,9129595,B
2161044106,9311299,A
2101767739,7339046,A
2949476641,11561221,A
2122735631,8495588,B
2069284995,9092569,B
2123833985,9292446,A
2136959720,8441720,B
1972482634,8951343,B
2994750443,11345918,A
2164889494,6707254,B
2154275964,10569225,A
2094741229,8725264,B
761334399,10700375,B
2188145342,10628214,B
2071635366,9860022,A
2107882770,9365862,C
1997034535,7102732,B
1997034535,6633366,B
2037743850,5268579,B
1578427147,5585264,C
1969383215,6086902,C
2029335950,5234684,B
1988426260,5369026,C
1982465932,9791443,B
2804521747,10858292,C
2107494088,6463315,B
2170234233,5504837,A
2465490393,11211608,B
2077638584,5211937,B
1090983970,11261109,A
2162564797,7582471,A
1972446303,7816094,B
2000877907,7691966,A
1989658206,9156006,B
2053336175,9156006,B
3003494014,10823134,B
3001567646,11326574,B
3001567646,10823134,B
2027936488,10311206,A
2066651348,5866323,B
2153869641,5047331,A
2322447985,8227171,B
2065686500,6381350,B
2100228279,7074188,B
1961356786,3988431,A
2325821049,10827974,A
2563412843,10519035,C
2084146190,6379948,B
2128148071,11090025,A
2015647562,11090025,A
2060396672,9828452,A
1989654694,8218422,A
2115570069,8891391,C
2095690595,8218422,A
2544683988,8891391,A
2103802855,4663162,B
2019387651,4588689,A
2908325554,11468977,A
2754761787,11596328,B
2404001829,11033205,B
2136463281,10198694,B
2902552313,11000222,A
2061324875,5166070,B
2011510506,8762114,B
2176228384,10581137,B
1496011245,7148045,B
2103664890,6271255,C
2034756351,6960453,B
1981683389,6271255,A
2810099537,11494662,B
1947047644,6256598,B
2980390765,11113553,B
2969682794,11034980,B
2087973518,8884006,A
2087973518,8884006,A
2164040421,5529927,A
2066767494,9278956,B
2034177419,9278956,C
2465579685,8884006,A
2465579685,8884006,A
2134783465,8110672,B
2134783465,8110672,A
1992603413,7739055,B
2040236192,8562964,B
2013749488,7547511,B
2070192776,7327141,A
2963936013,11055555,B
2024269279,8309614,B
2091936548,8785371,C
1970949549,9623041,A
2560673981,10961395,A
2954879702,11231476,A
1993434621,5371005,C
2021199036,4981788,B
1963756739,10071416,A
2985431023,10766811,B
2589270622,10562806,B
2589270622,9682885,B
2004680946,9121813,B
1978904783,6645726,C
2075472820,7312031,B
2151203442,8704315,B
2151203442,8704315,B
2050630117,9599505,A
2272644457,4906742,B
2138137277,5504005,B
1972874020,5783386,A
2800107604,11253522,A
2094367852,8014494,B
2512801689,10476349,A
2949789309,9255334,B
2042050383,9255334,B
2995459111,10782613,A
2331558370,8395123,B
2763612785,10735628,A
2003778945,5804209,B
1975004037,7553658,B
1918758813,10476349,A
2615346422,11406686,B
2079422282,8102968,C
2084548343,5464751,B
2140760142,5654902,A
2181054825,9385651,A
2321859177,9385651,A
2023744893,5100791,C
2034030429,5100791,B
2138231612,9334517,B
2138231612,9334544,A
2062346966,6967062,B
2027423883,RE39436,B
1255354432,5192683,B
2081275594,8705873,B
2025512392,6904151,B
2170201972,7731279,A
2155179240,7076962,B
87379000,3952093,A
2132999869,8187257,B
2553632827,10010288,B
1990537384,8546095,B
2083642388,8775459,A
1991076371,5625097,A
2247201897,8986358,A
2247201897,8986358,A
2059321776,6245510,B
2318589926,4646564,B
1973891844,5859351,B
2128267380,5859351,C
2116346320,9451222,C
114706226,7011958,B
1977366560,8809600,A
2064052315,9607306,B
2325362057,9364782,B
2325362057,8926735,B
2092909474,5214205,A
2079280301,5492983,B
1887652822,8158595,B
2167054397,6384663,C
2167054397,6541752,B
2108688120,7120453,B
2153565265,5659544,B
2024875127,5521083,B
2168358362,5659544,B
2145736411,5570367,A
2067780011,4991181,B
2894785334,11433117,B
2570157332,9484861,A
2107361031,9214969,B
1914102069,9214969,B
2478052765,10181825,A
2062507196,9337781,B
2062507196,9337781,B
2044577565,9137082,B
1600672839,9172334,C
2155582760,6767709,A
2116012997,5434901,C
2322072612,9206196,B
2949290371,9783496,A
2949290371,9783496,B
2951930101,9206196,B
2953204996,9650329,A
1664633470,10406059,B
2012750035,5385865,A
2055262131,8796435,A
2912964819,11614403,B
2016485753,10793525,A
2042913892,6395520,B
2769660394,10811558,B
2991146533,11404976,B
122384246,10062188,A
1999471323,10495464,B
1992743473,5830216,C
2002934363,4722892,A
2964058886,10027412,B
2525366067,10027412,B
2999552614,11358334,A
2609372059,11013475,B
2017930349,7440188,B
2153616282,7361805,B
2023070110,5059523,B
1907187946,7872104,C
2125469228,6671338,A
2057061753,9614554,A
2753208931,10530540,A
2320587338,8816117,B
2014015460,8203120,B
2014015460,8247769,B
2029094924,8203120,B
2070951363,8203120,A
2070951363,8247769,B
2082057748,9053903,C
2115405822,9464998,A
2115405822,9464998,A
1992445498,9425381,B
1988825177,7354991,B
2141021263,10060924,B
2026145742,5840042,C
2082073784,9891593,B
2082073784,9891593,B
2899567128,10922173,B
1995044638,9488716,A
1995044638,9488716,B
2777168067,10540910,A
2056264148,7955983,B
2073972459,7361576,B
2774586156,11395621,A
2167926247,6889142,C
1484435120,8941728,B
2040216605,7248925,B
1981813066,5510335,B
2153249004,7312331,B
2035682977,11091529,B
2133641544,6017907,B
1964761928,9569887,A
1964761928,9569887,B
2032914042,4402819,B
219183697,11055745,B
1490543040,5302388,A
2028876747,6316277,C
2046234208,9086406,A
2742833851,11122832,B
218119803,6399215,B
1631415175,8909480,A
1631415175,8909480,A
2100235761,7098009,B
2963456618,11531886,B
2576792746,10665451,B
2782814796,10673539,B
1550123562,5962318,B
2030059674,8946514,C
1788831531,10215830,C
2899947099,11365195,C
2009028183,8748608,B
2083474623,8119642,B
1980014219,5792775,B
2019313771,5792775,B
1980813888,8119642,B
2517261754,10665451,B
2532582639,10673539,C
2771854641,10673539,C
2979238294,10847948,B
2944736191,10847948,A
2594863616,10651343,C
2232022809,10665451,B
2120334952,5935784,C
2109111327,8084594,B
2040237381,5912334,B
2130996655,9290531,B
2130996655,9290531,B
2073267515,7339681,A
2164846674,7339681,B
2991196989,11180394,A
2001337966,5871985,B
2139173441,6773918,A
1508550819,10183477,A
2775106578,10922457,B
2033023655,8149265,A
2013469690,8149265,A
1190351698,10452026,B
2045626474,10108146,B
2293187184,10452026,B
2522953400,10968303,A
1968156775,6787671,B
1980333073,6787671,B
2150379055,6787671,C
2041066113,8913900,A
2041066113,8913900,A
2015766794,8913900,A
2015766794,8913900,A
2083269397,8343736,B
2609106339,10996060,B
1624557985,6285646,B
1999493161,5142051,B
2952775781,5318972,C
2163990742,6818633,C
2059286898,5142051,B
1989652446,5607922,C
2090431672,5152978,B
2152457228,8277677,C
2072972521,8277677,B
2035213989,8277677,B
2014615772,8958050,C
1965423292,8958050,B
2039562703,8958050,C
1623765515,7818723,A
1582944414,5602003,A
2021869972,4476549,A
3003781505,11211800,A
1991416779,9675555,A
1991416779,9675555,A
2099900459,7251636,C
2159048649,8069179,B
2766903317,10727604,A
2144725693,5790366,A
2035959269,10449254,B
2513923675,10801879,B
2083875299,9375516,B
2008520692,5755913,B
1969471745,5755913,B
24657015,5871728,C
2054043701,10765634,B
2126137077,8060943,A
2029923209,9397758,A
2118750966,8402224,A
2809115158,10150873,B
2101713485,7354712,B
1966946287,9029583,B
2070474251,8947102,B
2022026062,8924031,B
2788646863,8924031,B
1996270466,5908753,B
2069372043,5082794,C
2998707963,11155551,B
2172038131,7668377,C
2139410636,5666091,C
1601866782,6766149,B
2053965850,5041566,C
1963670317,4887608,B
2116408584,4969470,B
2158126890,6649901,B
2048067530,4835112,A
2046637003,10002444,A
2567465595,10605878,B
2119006805,7915793,B
2126171575,6766149,B
2023563871,5214130,A
2137957539,9669051,B
2137957539,9669051,B
2024461230,9170218,B
2929169130,11579130,A
3005507516,11415582,B
1997922263,6943123,A
2117484565,5873977,B
2159395281,5496437,B
2013425019,9665974,A
2110610824,6972330,C
2076824075,4116986,A
2062079652,4533933,A
2026523599,9170218,B
2137314064,9167998,C
2337397325,10808003,B
1996182885,10781459,A
338677501,6256264,B
1953299913,6819984,A
2148304771,8263754,B
2219472438,10781229,A
2014873630,8877906,B
2626371516,10808003,A
2165309777,7184843,C
2328710499,10859696,B
2547849746,10302752,A
2547305697,10705210,C
2914628244,5508183,B
1534031358,5650557,C
2150127155,9464985,A
2150127155,9464985,A
2070119709,9464985,A
2070119709,9464985,A
2345669571,11541111,B
2128320383,8764666,B
2056653426,8764666,B
2019261401,8764666,B
1493535217,7442515,B
1541679272,6207643,B
2974815587,11229623,B
2005170260,7078680,B
2005154377,4749489,B
2025721529,4749489,B
2741963944,10190174,B
2750218004,10190174,A
1542945320,10260105,B
2169045182,8956817,B
2103653214,8956817,C
2029102827,8956817,C
2170829292,8101352,B
1976000458,9334304,A
1976000458,9334304,A
2013968350,10874726,B
2048392782,9745314,B
2097697572,9839718,A
2061798607,7190049,B
1966684505,8519074,A
2264051036,7189435,C
2774328991,11573328,A
1977339513,7400754,A
2095095287,10438346,B
2025079461,6958815,B
2486582092,6958815,A
2031961359,7729750,B
2073903909,7729750,B
1965880511,7400754,B
1990989604,7304724,A
2053096589,6017524,B
2132576125,10765634,B
2061748374,9089316,B
2061748374,8998888,B
1511045751,8498488,B
2082888832,9417247,B
2125930376,8975033,B
2151545429,6385757,C
2071727855,9176927,B
2239964057,9892518,B
2239964057,9892518,B
2169736359,7336210,C
2099660316,7249640,A
2134854819,7249640,B
2013627582,5747450,B
2104224322,7977468,C
2107519448,5570706,B
2312377959,10369017,A
2533729875,10736765,B
1989100749,6270964,B
1604555343,6428951,A
2752350703,10939923,B
2086818546,7182916,C
2792957625,10721936,B
1999380457,8138362,B
2070812407,5745234,B
2055144990,6411677,B
2622514185,11191476,A
2614978180,11191476,B
2483809583,11191476,A
2009451636,5343550,C
2084213801,5381493,B
1492495888,5597707,B
1542916548,5597707,C
1937495871,7893940,B
1971234121,8906393,A
1942986816,5636106,B
2139152642,7471524,B
1589803197,6819575,A
2158132280,6594158,B
2118025617,7471524,B
2151660848,5636106,B
2477244379,6636430,B
2180570323,5959849,A
2142979528,7471524,B
2148065690,7388761,A
2101992420,5959849,A
1523278921,5636106,A
1560646871,6636430,B
1936781479,6819575,B
2752119587,11017526,B
2736699937,11017526,C
2076165736,8577664,A
2106761023,5434767,B
2790583344,11081977,A
1752591280,6087127,C
2137149769,6467350,B
1994386829,6644118,B
2059929839,6186004,B
2123880839,9512463,C
2011575633,8406569,B
2070662104,5942208,A
2058734459,6186004,A
1519736545,10352907,C
2082344282,6467350,A
2082344282,6644118,B
2121924928,8094547,C
2121924928,8094547,C
2005922167,6808714,B
173153764,4342748,A
2009121145,7823782,B
2088055770,6103523,A
1965880839,6044294,B
1981835334,6171109,A
2904084754,11230732,B
1988489343,8445688,A
2113622443,7587253,A
2113622443,7587253,A
1567848197,9374887,B
2113686712,9104483,A
2113686712,9104483,A
1965711492,10042048,B
2024765950,4054557,A
2009538479,6124099,C
2025430608,9183771,B
2163630648,9195121,A
2131617079,9195121,B
2074225167,9183771,B
1498958866,9052584,B
2156509965,9052584,A
2102332590,9195121,A
2144385190,6889317,A
2154410262,5445817,B
2103004739,9353175,B
2080719955,9353175,C
2009613337,7333205,B
2130614998,7333205,B
1965859695,7333205,B
2073133796,4578584,B
2166190598,8922759,B
2166190598,8922759,B
2099157357,8775174,B
1978141437,9632866,B
1978141437,9632866,B
2003924093,5167955,A
2084550648,7576263,B
2142262621,10914743,B
2085796321,5472866,D
2079201209,5989920,B
2079201209,5968819,A
2078831015,5766879,C
1974229522,5989834,C
2102438497,6083749,C
2040948537,9758459,B
2192028523,10718830,A
2165381665,7474220,A
2981410480,10238651,A
2981410480,10813928,A
2035501710,8966413,A
2607458397,10145112,B
2401344975,10145112,C
2800579675,10145112,C
2886778433,10489946,B
2043063641,8803822,B
1772403743,9612225,B
1772403743,9612225,B
2043524230,7017351,A
2119767911,5096471,B
2080217897,8260648,A
2080217897,8260648,A
2946572145,11549945,B
1608922066,10190154,B
2012926532,4996277,B
1999006354,5262052,B
1978657319,5403898,B
2140779413,5403898,B
2080226389,5262052,A
2076435522,5403898,B
2138225432,9944718,C
2017397893,4927916,A
2037066577,5571708,A
2066949058,6380364,C
2087480868,4927916,B
2259839548,10586657,B
2012238225,8531952,A
2137514701,8885473,A
2137514701,8885473,A
2001589094,6140482,B
2001589094,5962674,C
2121170903,9752195,B
1996885693,6531589,B
1996885693,5614622,B
1996885693,5962674,B
2103935712,5962674,B
2042992160,7257566,B
2297955216,10246397,A
2061896179,6884414,B
1986482536,7411726,A
2138141821,9212359,B
2163844156,9109203,B
2517812356,9809720,A
2517812356,9809720,B
2015476284,7583379,B
1965653970,7583379,A
2982433592,11428869,B
2158244716,7371392,B
2122575257,8846056,B
2073173176,9748765,B
2073173176,9748765,B
119393740,6146758,C
2036187871,6129742,C
1595675180,10156600,B
2534733270,10840668,A
2767219328,10840668,B
2124859803,7889334,B
1968997854,8771706,A
1968997854,8771706,B
2124859803,7940387,B
2124859803,7880876,B
2602824220,10025613,B
1529185339,10025613,C
1997524999,7309600,B
2800745467,10726930,B
2623248219,11071522,B
2137153304,6162627,B
2330058750,9975916,A
2330058750,9975916,A
2509349425,10285593,B
2040187974,9327317,B
2074270372,7566693,A
1577567706,10876859,A
2088665313,7745225,B
2895599460,11092550,B
2766814362,11092550,B
2801392497,11092550,C
2009858479,9198645,A
2009858479,9198645,A
2007133335,7029561,A
2032962758,6780871,B
1983073804,8093218,A
1983073804,8093218,A
2146000291,5434767,A
1998761584,10091484,B
2902745594,11616184,B
2794701126,11616184,B
2081541805,6926739,B
2020240045,6402898,A
2074685244,5304499,B
2140928377,5304499,B
2888066204,10863967,A
1988643039,6574632,A
1979580053,3976596,B
2508055283,10414725,B
2037707760,6835377,C
2025149032,4608199,B
1494577831,4661676,A
2101024350,7459188,B
2029106103,6579996,B
2287047720,10365310,B
2171801866,5141903,B
2012156495,4571519,C
2590281271,7838493,B
2134494138,8442319,B
2153336175,8895739,B
2951050115,11548805,C
1988657316,7329644,C
2099478590,5655665,A
2071307279,10307760,B
2546038043,10511787,C
23304017,4383855,B
2973258793,11098336,B
2034630064,9944967,B
2312658729,9662492,C
2333104226,9750827,A
2333104226,9750827,A
2019339732,9927437,B
2143923628,5219991,B
1998828795,5633584,B
2047595261,5321357,A
1990405815,6218673,B
2107353559,4663284,B
2777689039,11227033,B
2072354777,4663284,C
2020184391,4663284,B
2017143296,7285403,B
1939339273,4925800,B
2036361816,4925800,B
2055874010,6140472,B
2090721623,7361517,B
1970660817,9146557,B
2074840065,6825037,B
2501850334,10338193,B
2802571075,11218886,B
2012346895,5196358,B
2468651315,10204395,A
2029873185,4924285,B
2144599313,9495517,B
2101340178,7304343,B
2009716769,6574036,B
2047494037,9588488,A
2047494037,9588488,A
2116713451,9588488,A
2116713451,9588488,A
2058344996,9588488,A
2058344996,9588488,A
2035713881,7108853,B
1528755127,10803662,A
1623573260,5308760,C
2574087689,10895617,B
1531399461,5308760,B
2045021766,7826509,B
2027425345,5149785,B
2046277230,10982221,C
1965919240,7659990,C
2059495986,7505142,C
2001490904,9367079,A
2043900646,9589153,A
1963710334,6957331,B
2963202339,10546408,A
2045406184,4908452,A
1981605689,9324745,B
2020801855,10806367,C
2100836809,5105463,A
2023128772,7982200,B
2141983550,7912260,C
1583202528,7047061,A
1685626711,10806367,C
2041516101,10806367,B
2074990903,5958215,A
1994126948,5958215,B
2159356412,9580690,C
3017735617,10837833,A
2137484046,9597015,B
2137484046,9597015,B
2541128173,8693365,A
1981682904,8693365,A
2049585233,4340448,B
2100347398,8003610,C
2116588888,8003610,B
2470901602,10071248,B
2128739370,7457194,B
2013758816,7457194,B
2100378298,8163482,C
2048178264,6642318,B
1997838817,6642318,A
1988495891,5467128,B
2084665125,5121214,B
1988089093,5607567,B
2022354172,5607567,B
2046896778,5453171,B
1976912793,4666855,A
2600579021,9930448,B
2600579021,9930448,B
2082136256,5828756,B
184020157,7310425,A
2150492334,6377682,C
1924075674,5828756,A
2156954690,6826284,B
1474114151,9864340,B
1990275696,6057920,A
2004382811,6057920,B
2070719504,8703438,A
117635932,6694020,C
2108610239,5828756,B
815913155,9164734,B
2810424947,11226829,A
2001232628,9164734,A
2079251902,6268093,A
1984871730,6448173,B
2963350322,11334807,A
2789737104,11298676,B
2071582480,8585675,A
3008994271,11033746,B
2113004635,8279091,B
2027800944,8481295,C
2076195802,7346246,A
1987224719,7719736,B
1987224719,7719736,B
2008370810,7719736,B
2008370810,7719736,B
2043395470,9447895,A
1965469072,10006823,B
2055579666,6472583,B
2005782971,7105817,B
1975940228,4962306,A
1979738093,6787080,A
2184319032,10402747,A
2184319032,11481468,A
2149665940,6950753,B
2154048056,6855242,C
1977642962,10336800,C
2767101367,10889494,B
2946487374,11134838,C
2180802545,8062249,B
2180802545,8585637,B
2140719459,8585637,C
2968827721,10996639,C
1726065781,6933812,A
1546278275,8585637,B
2078187290,9199667,A
2762286122,10875669,B
2171754838,6130178,B
2740230027,10668078,B
2162193039,9951094,B
2162193039,9951094,A
2782510411,10550420,A
2171475148,8140561,A
2045038734,6774533,A
2089553410,5955434,B
2141649520,9767419,B
2141649520,9767419,B
2138956160,10579652,B
2138956160,10437866,B
2136861615,6632758,C
1869247686,7035756,B
2162068441,9340894,B
23923810,9340894,B
2085678190,9340894,C
2937213596,10822467,A
2008008410,8465732,A
2156047793,9570140,A
2105460321,9090899,C
1536294730,9090899,B
2312980113,9458213,C
2134769933,6240188,C
2024103918,10383936,A
2162767209,6263435,B
1605724471,6263435,A
1951917172,7798815,A
2111043703,7798815,A
2095368400,9549978,B
2063358283,5925333,B
1985170971,5925333,B
2241210882,9795503,B
1550158752,5825930,A
2126967438,7196072,B
2060850754,7229807,B
2017234673,9920069,B
2017234673,9920069,B
2312881420,9434736,B
2808164442,11510919,A
2057237438,8359182,C
2150716489,5410012,B
2048207563,8359182,C
2133123469,8696590,A
2035179658,8359182,C
2072496651,5498803,B
2088300392,5567800,B
2074281222,5344982,B
2147777071,5554715,B
2027519600,8616329,B
2144208546,8183745,B
2963347245,11039122,A
1878680682,6856724,B
2964014568,11113832,B
2078707691,5216917,B
1971342563,8433786,A
2046424784,7377318,B
1539192501,6900410,B
2052223917,5933471,A
1974376267,9285593,B
2996930141,9946066,A
1981762933,7046373,B
1994579533,7046373,B
2894904035,11544427,C
1637313787,11029049,B
2012994941,8746310,A
2012994941,8746310,B
2996037132,10896739,C
1162145996,8440900,A
1162145996,8497417,A
1966273763,8463719,A
1979214084,8233411,A
2013459239,6391549,B
2012585750,6428965,B
1542755384,6428965,B
2077548040,8475172,B
2132450494,9449190,B
2041063537,6620565,C
1995243315,6620565,C
1980728935,6528799,C
2065471713,9435043,B
2091356634,6253166,B
2000977546,6689887,B
1983741817,4526586,B
2070394947,4083816,B
2067857310,7294486,B
2102180548,8025607,B
2028564940,4832486,B
2127000776,9728775,B
2127000776,9728775,B
2276445368,11578335,B
1537194022,5844039,B
2050444994,6537411,B
2074376327,4124558,B
2028026158,4557734,B
2053569888,5499255,C
1965357411,5499255,A
2964989275,11534613,B
2514597160,10102644,B
2028151674,8367359,B
2285589285,10248742,C
2093420622,8617435,B
2069764263,9272998,A
1519878159,10162161,B
2962739026,9853747,B
2901861678,10965088,B
2140694759,6218757,C
2088485125,4579851,B
2043935023,8220530,B
2051227383,10468327,B
2013513106,10724153,B
2143134341,8220530,A
2081958145,8220530,B
2175477678,8541058,B
1967569039,6271324,B
2133628382,5837730,B
1965190463,6242666,B
2097976936,6242666,B
2026348045,5837730,B
2022180773,6355681,B
2121357459,5837730,B
2089623753,9040689,B
2029274345,6844150,B
2076221362,6844150,B
2009960309,6844150,B
1981201346,5919649,B
2014266280,5441982,B
2068699542,5441982,B
1730668751,6638963,B
2034802709,5716978,A
2163920027,5420152,B
2122409860,6638963,B
2469309996,10584159,B
2602200632,11045807,A
2761159698,10351756,C
2052950922,9951593,B
2739807020,10081574,B
2766868674,10351756,B
2024117890,6090609,B
1988654934,4824690,A
2040655526,8142665,B
2028732182,9662014,A
2809457188,10509374,B
2079232551,7076438,C
2160527704,10130274,B
1573049408,8970578,B
1993495836,8970578,B
2147825214,8970578,A
2052547228,8604458,B
2149644622,7939284,B
1524571013,8575121,B
2026610143,9068165,B
2082188913,6572855,B
2022593397,6572855,B
2328733244,9537112,B
2328733244,9537112,B
2114959655,8644926,A
2033892196,5861258,C
2043672703,8873438,A
1967091591,9757713,B
2518485932,9757713,A
2011518554,9757713,B
2163691914,5484031,A
2139305230,8090438,A
2027451913,8949558,B
2614825880,5796314,A
2160390851,6099848,A
2055626914,8637679,B
1987373627,8871741,B
2164500609,10201625,A
2032287967,5721265,C
1969671537,7590520,B
2157260510,8515891,B
2131152566,5796314,A
1978146746,5869534,B
2158164089,6182026,A
1998257909,8649607,A
2927883038,10892651,C
2592324583,7180459,B
2318408936,4954171,B
2117442011,7194498,A
1967265566,7754832,B
2290799006,10367144,C
2744074562,10367144,A
2119817247,7988963,B
2894231941,11614395,A
2038398738,5039792,B
1973855678,5856496,B
2106183512,6630289,B
2085548493,6630289,A
2034037652,7786279,B
2081937540,6740325,B
2012220503,9341855,C
2163315813,7705939,C
2081210182,9298050,C
2069710366,9791743,A
1987450093,9366934,B
1965877922,7705939,C
1538494789,9946133,B
1538494789,9946133,B
2072751993,9366934,B
1991485924,9298050,C
2118163598,4205057,B
1974093337,9830409,A
2124691865,8390530,B
1980640010,7741465,A
2006256634,5398139,A
2119321388,10357486,B
2079907666,8641921,A
2053987790,8383761,B
1989978991,7365701,B
2107156452,7057559,A
2167631857,7057559,A
2545192988,7057559,A
1635745108,7256753,A
1981040841,6747190,C
2095588840,6747190,B
2079119749,6627617,A
2092849346,7192595,A
2061885915,4751064,B
1987810509,8728739,B
2006071629,5912172,A
2006071629,8211422,B
2094557839,8566935,A
2007636152,5585799,B
2275863076,10717768,B
2031101818,5077267,A
2035446822,8005209,C
2158697492,6030785,C
2046295474,5196302,A
2942951370,11459484,A
269326775,5345490,A
2152600964,5542036,A
2041183000,9057734,B
2138124881,7610306,B
2965891112,11295171,B
2150100977,7610306,B
2219873312,6751363,A
2136507825,7124149,A
2091170269,6611343,B
2001286221,10299736,B
1970915933,10330683,B
2043098576,7720250,A
1973369466,7730037,B
2022578767,9325729,B
2150802402,9203861,B
1810489654,7627900,C
2151369956,7627900,C
2036999337,7730037,B
2753658396,10429718,B
2972805988,11556046,A
2345311358,9814771,B
2191767739,9814771,C
61349681,9931790,C
2963905964,11049223,A
2172264830,8420406,A
2009756725,9057096,C
2081950219,9072553,B
2081669804,7166425,A
2075572162,6967021,B
1977957296,5639436,A
2093312887,5202517,B
2077899001,7012092,B
2077899001,7015245,B
2904087936,10621022,A
2902203584,10817289,A
2431555648,10197667,A
2432097019,10197667,A
2058372634,8490035,B
1995569668,8490035,B
2963942157,10691980,B
2090835704,10114120,B
2944493303,11552204,B
2118422058,8490035,B
2160401863,6472586,B
2131319509,7371482,B
1495374295,6835500,B
2029386192,7615218,B
1992217699,8603991,B
1985328495,3938109,B
2125886128,9431637,A
2529550497,10488416,B
1901989712,8147428,A
2554492133,10100101,B
2554492133,10086062,C
2076256212,6214538,B
3014628058,11441127,C
2901758899,10823845,A
2595359867,10329538,C
1906648922,5917937,A
2154186909,5442458,A
2106811752,8509985,B
2468720882,10566654,A
2766930522,9886949,B
2766930522,10515626,B
2107947640,8920327,B
2402526535,9641357,B
2099780734,9222137,B
2593738651,9938414,B
1981105500,10077242,B
2950247380,10077242,A
2048147931,5300200,A
2607232993,11135280,C
3015634674,11181648,B
2038792524,10023468,B
3025769737,11345741,B
2134254671,7865231,B
2344412469,10551245,B
2167653388,7865231,B
2891364861,10919280,A
2962693349,10919280,A
2091030593,9705311,B
2101115746,9145447,A
2031063939,9705311,B
1606497190,9705311,B
2095555640,8987754,A
2747352312,10564512,B
2102114937,10256600,B
2298114209,10256600,B
2734487904,10564512,B
2783936842,10663766,A
2999901550,11237008,A
2006608203,9417465,B
2951552685,10233147,B
2114864121,6050078,C
1978926229,8343382,B
2112000326,8779077,B
2767470621,10487173,C
2086805474,5422596,B
2130472166,5422596,A
2039800530,5422596,B
2076771519,6054253,B
2150160369,6054253,B
2539286694,10791133,A
1973757470,8852078,B
2083688289,8852078,B
2145656773,7204992,B
2145656773,7204992,A
2168424630,6355777,A
2018229133,9561491,B
2018229133,9561491,B
2148014473,6403780,C
2148014473,6392023,C
2111390810,6458942,A
1990817578,6660269,B
2111390810,6403780,B
1990817578,6392023,B
1980100970,5422356,B
1975830948,4933274,B
2334138868,7845216,B
2096379014,8007770,B
2117023925,6884877,B
2142359405,8906681,B
2158907165,8653119,B
2065090566,8273856,C
2086821453,8273856,C
2020295402,6884877,B
2064119141,7381534,C
2064119141,7538203,C
2160563054,7638607,C
2606159523,10016515,A
1583850031,7599866,A
2329760721,10418639,B
2080386446,9397463,B
2044501259,6410681,B
2748300647,10484226,B
2897508537,6670574,B
2037917220,6093873,B
1835084431,8293685,C
2794363057,10500643,B
2794363057,10518330,A
2012861252,8507215,B
2133344401,8507215,C
2125503275,8507215,B
2064034213,8158372,C
1980409809,8309314,C
2108616768,10513545,B
3006607037,11085935,C
2023821590,8455620,A
2023821590,8455620,A
2032334145,7851587,A
2136045787,8748393,B
2126162679,7427402,B
1741681584,8178095,B
2062123879,6486342,A
1990722657,5872282,B
2994519628,7119208,A
2241929215,10266584,B
2320188938,5102626,A
2003231175,5164790,A
2014081535,4703016,A
2326276166,4892814,B
2085338730,9804171,B
2738337914,10228376,C
2492723352,10487347,C
2497571000,9804171,C
2724460709,10359379,C
2752681220,10359379,C
1497590633,8682630,B
2120443018,4555490,A
1616576116,6606625,A
2017750301,4703016,B
2086356817,9290768,B
2889516910,10617942,B
1964516584,7692593,A
2176431990,6700122,A
2578462104,11447519,A
1992893949,5050376,A
2891765619,10775459,B
2129782922,9435043,B
2160681537,9113281,B
1657284351,5863717,A
2001138152,9636007,B
2042543030,8081418,B
2159063393,8081418,B
2075061387,8194936,B
2785516453,10792657,B
2075516404,4318714,A
2739641321,11377692,B
2164133094,7344869,B
2537964555,10248349,B
2067886511,8895770,B
2028851272,9150866,B
2594377120,10934162,A
2075112651,5109425,B
2042103910,9743281,C
2042103910,9743281,C
308893022,6296830,B
2063843214,7567349,A
2063843214,7567349,A
2068163943,4940330,C
1973659754,9061076,B
2788427867,10107612,A
1978646801,8833827,A
1978646801,8979152,A
2033246370,9314932,B
2033246370,8833827,B
2033246370,8979152,A
2161133527,10017747,C
2075189551,10093939,C
2075189551,10017747,C
2236982768,9649347,B
2069038721,8309768,B
2151985817,4673623,A
2952716728,11304808,C
2537099623,10224628,B
2515441280,10224628,B
2165455935,9257745,B
2165455935,9257745,B
1969071886,8361594,A
2606899927,9956172,B
2606899927,10434063,B
2163659250,7423508,B
1967523006,9676751,B
2318015981,10355695,B
2726249440,10771041,A
2087023406,7163951,C
2966668280,10632172,B
2014670536,4164939,B
2077572820,8846003,B
2149606342,7487486,A
2080578475,9310767,A
2092543802,9310767,A
1495930512,4439747,A
2396852205,9721582,A
2712307889,10045137,C
2534425412,10045137,A
2572018381,11203576,B
2648439938,10339651,A
2128166151,4912600,B
2005067480,6204386,B
2015796548,4593702,A
2127317932,9820056,B
2218871240,10599926,B
1809542849,7307275,B
1982114584,6713474,B
2039288158,10000759,B
2093739340,10188097,B
2074613067,10188097,B
1498677439,5994292,B
2000497977,9895436,B
2121981798,5864810,B
2315378623,8908422,B
2314740226,4335107,C
2050079444,8858999,C
2048296785,8552731,A
1976076675,8858999,C
2914547108,5667991,B
2154344799,5667991,B
2047619392,3989808,A
1527974258,7596789,B
2050465420,4788789,A
1982986428,5718902,B
2403799752,10077448,B
1976799037,9968636,B
1976799037,9968636,B
2057174151,8703468,C
2896759242,11123312,B
2038809517,9200046,C
2159251248,7782056,B
2144203524,7782056,B
1987203814,8635028,A
1987203814,8635028,A
2164006739,6880487,B
2586297567,10806927,C
2007897711,6880487,A
2470452988,10849361,C
2048287472,8452411,B
2048287472,8452411,B
2328159516,4540315,B
2114426595,5985565,B
2100022997,6214554,B
2112029057,9632547,B
2741997980,10927418,B
2159522774,9127289,A
2159522774,9127289,B
2045986249,5922603,B
2781623702,10850102,B
1583070569,8613780,C
1964068258,8344214,C
1964068258,8232459,D
99571906,8620631,B
99571906,8620631,B
1964768983,8620631,A
1964768983,8620631,A
2143761133,6429009,B
1997242574,5541102,B
1963865319,7534410,B
2094440424,6613301,A
1979774299,8048932,A
2147998456,10278639,C
2078329021,4339513,B
1998382491,8810996,B
2021603608,9025316,B
2038052244,7849581,A
2609618433,10578369,B
2059205219,7777505,B
1975258541,6117640,A
2080054048,9507367,B
2002024041,9507367,B
3013224334,11308354,A
2937681675,11482239,B
2964210131,11482239,B
2037149016,8496941,A
1997712397,5309523,C
2044447454,5309523,B
2052611803,6046448,C
1988780585,RE29835,B
2407560265,10228554,B
2912095155,10707947,B
2135947060,8117436,B
1970061687,10722719,A
2100179936,6308313,A
2158615334,6195786,A
1992699253,10135849,A
2806465206,10829544,B
2806465206,10501526,B
2086841541,7939083,C
2140615181,6105139,B
2117675956,8117436,A
2125719710,7260809,A
2124080028,6105139,A
2164718172,6195786,A
2767900196,10506433,A
2068320271,9560849,B
2068320271,9560849,A
2080036195,3948885,C
2080520986,4992426,A
2092440821,7562123,A
1581531227,7562123,A
2259894597,9242012,B
2105331070,8426392,C
2025292645,5922976,A
1819257022,10295815,A
2809409545,11003717,A
1553668194,5505788,A
1593668863,7248096,B
1970350678,8513290,B
1970350678,9186402,B
2011460312,7744842,A
2169021169,8452574,A
2169753064,6593139,B
2024398622,6331659,A
1970337306,8637685,A
2010536372,8962259,B
2048602968,6452615,A
1976768129,8343559,A
2047929714,8343559,A
2056389153,10448637,A
2405848894,10233145,B
2332364304,9610560,B
1976561995,9750789,B
2171589483,8518153,B
2096858136,7933764,B
2051321141,7031571,B
2001266028,7483615,B
2062846543,7031571,B
2124466112,9024246,B
2094039439,5892520,A
1966436556,5854240,B
2936516195,11236059,B
1986009756,9871193,B
1922539407,10097217,B
1987441899,9590176,B
2038972460,6551813,B
2038972460,5925538,B
2069140352,5178859,B
2036853280,7326343,C
1558906694,10494719,B
1981013857,7736513,B
1975702896,7261811,B
1987709957,8900840,B
1987709957,8900840,B
1978964535,7728107,A
3009418641,10728081,B
2118315228,6052657,B
2070837616,6660320,B
1884110724,5912336,C
2082591298,5912336,B
2107308688,8927670,B
1993066071,10297436,C
2099955858,5838000,A
2131744213,5137501,B
2120521927,9073837,B
1537206807,7760828,B
1975840462,7760828,B
2090693285,9559809,B
2090693285,9559809,B
2244879503,10122496,B
2106286755,7760828,B
2075845089,7898638,B
2040820371,9559809,B
2040820371,9559809,B
1964202925,9559809,B
1964202925,9559809,B
2463804094,10680754,B
2188454793,10544308,C
2773812517,8338578,C
2000291943,7794937,C
2091069208,8338578,B
2130883855,8319295,A
1963687124,6438673,A
2135286511,8329056,B
1971512253,8329056,C
2100398241,8384990,B
2074460148,8384990,A
2134894522,8250216,B
1649914760,11268152,B
1821969010,RE39034,A
2076521641,6662114,B
1993212726,10851446,B
1988444893,6916618,B
1900084733,6399077,C
1533641138,7984021,B
2741506352,10472631,B
1993483760,9932582,B
2042112358,5559017,B
1999639971,8637520,B
2912831340,11125633,B
2066229611,8236792,A
1736641051,8937849,C
2903783614,10955297,B
1974643611,6617121,B
2550120573,10201591,B
2119348362,11092602,B
2595554167,10310372,A
2102344292,7720284,A
2060451775,8548195,B
2102595142,6744734,A
2000506808,6534332,A
2017160368,6534332,A
2617470760,10585614,C
1995955428,6534332,B
2147473535,7118626,B
1987453501,9550769,B
2322093705,9550769,B
3023367954,8470526,B
1513634422,8470526,B
2966744799,11503269,A
2586186649,10344259,B
2560275981,6035080,B
2045294186,9229686,A
2038967872,7627849,C
2152190733,8402396,A
2046055022,4826992,B
2012815255,4826992,B
2122080710,8402396,C
2097032051,8402396,C
1976927110,8614466,B
2828247440,10435664,B
2069802120,8614466,B
2058685494,8637287,B
2141782328,8093028,B
1978358353,8093028,B
2426000087,8637287,B
2049688408,9510601,C
2012565606,9510601,C
2113950575,9119869,B
2144778294,8869127,B
2100283823,8689191,A
2065236359,8387018,A
2116559233,7003460,B
2122788291,9100562,A
2056931374,5641466,B
2443953389,9537024,A
2886041407,10905769,B
2936180235,10905769,B
2159490723,8486863,C
2159490723,8486863,C
2072829360,5976875,B
2108793878,9883852,B
2108793878,9883852,B
1968487944,6768872,A
2141571596,5673699,A
2157976233,5673699,A
2750830611,10554312,A
2755792667,10554312,A
2155505000,6166853,B
2318723234,10085444,B
1995763189,7271267,B
2088058599,7375221,B
1969875569,9486469,B
2576591198,9486469,B
2120007347,8085960,B
1979452374,4069070,B
2009727757,8383021,B
2141004242,8262950,B
2034560958,7566429,A
1483985323,5420009,C
2051816978,9933367,B
1603906859,8262950,A
2059859258,6720166,C
2059859258,6051374,B
2059859258,6558898,B
2059859258,6586568,B
2059859258,5981172,B
2059859258,6451578,B
2013873417,8696122,B
2050670598,7404640,A
1979657729,8201943,B
1983302712,7896496,C
2031612938,7404640,C
2051058235,5646206,B
2001811885,7284859,C
2001811885,7404640,A
1565828087,4990596,B
2007393785,6143337,B
2299854973,5522223,C
2116215559,5945666,A
2290485507,9905938,A
2290485507,9905938,A
1584937215,7571676,B
2951428992,5602266,B
2027982069,5306631,B
2042388557,8886331,B
2097904002,8652218,B
1986854303,9731002,B
1986854303,9731002,B
2766650178,11354830,C
2054320683,9495771,B
2593966955,10832828,A
2005304850,8144966,B
2077136301,8144966,B
2974099175,11174443,B
2039708882,5181211,B
2029805529,8287878,C
2124455863,5139858,A
2038380001,5139858,A
1969617129,8314209,B
1978119727,8975049,B
2762062036,10404224,A
2886822502,10404224,B
2185103564,9912303,A
2755089468,10404224,B
1532344182,9912303,B
2116983516,9141832,B
2116983516,9141832,B
2156438706,9141832,B
2156438706,9141832,B
2323088953,9912303,B
2037164109,9246310,B
2149760066,7674035,B
1593247906,10275704,B
2789719132,10849924,B
2165780303,7939301,B
2051949323,8697854,B
2140559522,7641897,B
2070687290,8762109,A
1979043059,10379168,B
2149532209,7970547,B
2019720925,7078684,A
2082398508,9458509,A
2107109995,9244130,A
2107109995,9244130,A
2791633436,11406471,B
2329550434,10568535,B
3023260842,11406471,A
2137379052,11510600,A
2763808922,10480313,A
1987382181,10646105,B
1964293900,10646105,A
2000947929,5420040,B
1996110486,5821267,B
2150608527,5821267,A
2082165590,11510600,B
2000976912,8391565,B
2096036271,7691909,A
978701329,11214836,B
2571833638,7404963,B
2958841191,10947534,B
2158231296,7972780,C
2054971807,9335586,B
1993540550,8889739,B
1515739837,7877381,A
2121755841,7877381,B
1966100365,5192553,A
2019568643,6919072,B
2400760395,10232027,B
2002762794,6630516,B
2022578627,9672833,A
2898876152,10781487,B
2141432032,8884240,A
2047168811,9152716,A
87886728,8572385,A
87886728,8572385,A
145532983,4867404,A
2081974839,8557526,C
2127913563,5855891,C
2995611313,10914749,C
2131555480,7956193,C
2083512629,7956193,C
2170359862,6951935,B
2091800127,8110699,B
2137276014,7417142,B
1963958211,7417142,B
2162230944,6951935,B
2063572173,5061688,A
2037202087,6525154,B
1846731397,5716620,C
1846731397,5744142,C
1846731397,5709996,C
1846731397,5985610,C
1846731397,5871998,C
1846731397,5756284,C
2155546268,6850920,C
2138637179,6150419,B
2011358418,6420424,A
1997817500,8712199,A
2003002406,8712199,B
2160573780,8869120,B
1977258541,10337884,B
2327994098,10337884,B
2093517656,6803486,B
1982986921,6693201,C
1972769974,6808766,B
2346871046,10568834,A
2147741460,7345117,B
2114065822,9399068,B
1992578138,9650497,B
1992578138,9650497,B
2551158420,11384198,A
2394981328,10882949,B
2083176685,5324453,B
1970067898,4997930,A
2036208858,4997930,C
2083741735,9551054,D
2089823266,7242536,B
2083311051,7767216,B
2072637562,6676749,C
2059287621,6676749,C
2889910324,11442323,B
1497284250,9864674,A
1497284250,9864674,A
2897386705,10888264,B
1987290595,6676749,B
2085355078,8748180,B
2112791462,8748180,B
2760275767,10143706,C
2032718714,8892554,A
2504930191,9927559,B
2505601289,9927559,B
2416148055,9927559,A
2136240349,6534484,B
2164069060,5204112,B
2112856913,4880635,B
1571270012,4453257,A
2104029696,7527927,B
2736001737,10627786,C
2007047235,9093227,A
2233712664,10352576,B
2492972982,10352576,B
3015752974,10845070,C
2840143818,11612615,B
2025664064,4042681,C
2092527027,4575458,B
2138015594,4284622,C
2330555089,9793417,A
2047838596,9793417,A
2320155727,4575458,C
2333667806,4284622,A
2299395869,10550139,C
2787530084,10586692,A
1965541345,8409258,A
1515690629,9906340,A
1515690629,9906340,A
2022714299,8349141,A
2294621531,10133728,B
1975638594,8909514,B
2982108360,11111199,A
2086428976,6690029,A
1966929992,6740512,A
2022259237,9191026,B
2065223629,6927796,C
2049905908,6927796,C
2031194107,9476980,C
2409998957,10794998,B
1999455876,9191026,A
2087213817,9858386,C
1993596957,9500610,B
1993596957,9500610,B
2131952092,8379780,A
2155887101,7693118,B
2770319189,10751335,A
2088622131,6247163,B
2126482975,9526904,B
3013859786,10911029,B
2013675509,8524731,B
2013675509,9662390,B
2162076197,6635751,B
1498135837,7456219,C
1974692834,7652069,C
1974692834,7851509,C
2557845633,10363256,B
1518322943,7541186,C
2262220648,10371705,B
2558157502,10371705,B
2329244646,10087137,B
2536732259,11529635,A
2152747159,10150997,C
2100448650,5491693,B
2166269754,6208651,B
2117278010,8689164,B
1968457075,10758738,B
2333584888,9878913,B
2026188745,7220421,A
2997736563,11094064,B
1997747203,8831706,C
2054882945,7811381,A
1966593501,4661471,B
2087191092,5482852,B
2165614959,8790502,B
1528906364,9926603,B
612094917,7868492,B
2395954519,10222372,B
2999418717,11198897,B
2944156281,11538362,A
3002685851,11538362,B
2067856993,10913781,B
2047987355,9376499,B
2138816633,7187804,A
173888719,9138150,C
173888719,9138150,C
2155674302,7187804,B
1573715174,7187804,A
2801367090,10392943,A
2030146825,6996480,B
167366804,5828688,B
2023634794,4811207,A
2009855242,5567841,C
2167560145,7818149,A
2083060301,9007140,A
2532604255,7088178,A
2026205961,8225265,B
1566324337,6166590,B
2085819054,6326483,B
2166974823,5773010,C
2023284097,6054125,C
2082601154,7417156,B
2009313534,7417156,B
1999379855,5498530,C
2554940833,11187758,B
2031630422,8344728,B
1500055917,5517516,B
2117563026,7486847,C
2031911562,8606591,C
2174806658,6480876,A
2095309128,7486847,C
2767157920,10103402,B
1596865247,4532703,B
1600673482,4532703,B
2049093383,4378330,B
1993831945,4378330,B
1965494710,5189260,A
1552222944,4378330,A
1980695443,4532703,B
2086538110,8278296,B
2030175708,6978360,C
2162326980,5893922,A
2417779412,9778967,B
2050732834,5803913,A
2612281081,11464745,C
2729529316,11464745,B
1977370306,8030487,C
2266702408,9995756,B
2266702408,9995756,B
2889200798,10055660,B
2525389593,11306611,B
2997028236,11526993,B
2073732222,9435055,B
252096847,10218179,A
2093375181,5974869,A
2005763441,7501507,B
2087527309,7501508,B
2023374645,7951939,C
2086224485,6946552,B
2073766658,8212023,B
1979466068,5690906,C
2047386154,8948562,A
2157919738,8802965,A
2013231762,8951498,B
2044504732,5122361,C
2085042344,7951939,B
1966926463,7994312,A
2612596534,10919904,B
2033014831,7718794,C
2590544655,10836774,B
2046229587,4863735,B
2014382675,11510875,B
2019212972,4133895,A
2073537992,4133895,C
2089249230,6001555,B
2401421938,9387213,B
2094251934,8591951,B
2026301900,9100570,B
1984991429,9062300,B
1984991429,9062300,B
2015410828,7738578,A
2120173544,7889009,B
2093427215,4394443,B
2901521629,11199524,C
2066066893,6194167,B
1536836043,10567075,A
2171486966,8101818,B
2025256487,9200293,B
2162013216,8103109,A
2799477091,11017143,A
2153236830,8704191,B
2001348844,9710730,B
2001348844,9710730,B
280843072,9519868,B
35895045,9519868,B
2154991443,7671891,B
2072155891,9710730,B
2072155891,9710730,B
1774239607,7609262,B
1938049985,7428514,B
2098390261,6802474,B
1975284723,9556281,B
2106279568,8945588,C
2769619954,10898073,B
2074263311,8929495,A
2158510734,7979436,C
2726729564,5605154,A
2002758285,8436757,A
1970593129,7501508,B
2147514478,10115004,A
2006517943,6010850,A
1998749128,10093970,A
1977922799,5861246,B
1985149546,9233097,C
1586575941,7092437,A
2034375576,7179449,B
2059573452,8110577,B
2053357472,9468607,C
1985751227,6693281,B
2093905503,6330058,A
2069419870,7314682,B
1971302739,9441178,C
1971829019,9130226,C
1971829019,8383077,C
2016482431,7049031,C
2014824986,7303840,B
2139920138,9712146,B
2136318306,9712146,C
2056906710,8099149,B
2581339983,10356342,B
2481070017,10356342,B
2006657071,9121955,B
2092307462,9362919,A
2159513694,9152390,B
2110699536,9152390,B
2079253420,7826880,B
2038389132,5244658,B
1761338641,9970056,B
1761338641,9970056,B
2111148911,6812002,B
2001307066,5903149,A
2055184902,7323689,A
2341281514,7671085,A
2162119791,7671085,B
2765423619,10509134,B
2754791742,10456031,C
2754791742,10010249,C
2119401228,4460591,B
2596547862,10456031,B
2596547862,10010249,B
2806783021,10918274,B
2078470514,5929304,B
3022349928,11452443,C
3022349928,10918274,C
2012642862,4808314,B
2057968571,6827551,A
2055500087,8946144,C
2542867354,8964901,B
2041201526,5216252,B
195788035,5750109,B
1595575799,4636385,C
2147821073,7700278,B
2152285122,7700278,A
2051388386,7563577,B
2031353801,7551348,B
2039836118,10130674,A
2442795362,10060973,B
2276617466,6355410,B
2000234805,6225454,A
2054431964,5311873,C
2123290675,5311873,B
2071004311,8769712,A
2034067445,6508771,A
819783679,6205177,C
819783679,6560284,C
1987810026,8785905,B
1485392248,8785905,B
2884621558,10913777,C
1981131846,6063512,B
2001576395,7877555,B
2138289583,7877555,A
2022875711,8741748,B
1589714231,7094581,C
2134852403,6057368,B
2134852403,6541520,B
2134852403,6593367,B
2025246943,6541520,B
2093311237,5863298,B
2023771726,10799473,B
2025684883,10799473,C
2045678942,9079137,A
2048385692,4393011,C
1992612970,4478761,B
1992948287,8501190,B
2332500259,8629312,B
2487564402,10505629,A
54240641,8745249,B
2551108972,10506214,A
2172073677,8619865,C
1984067244,9118897,C
2095679248,11070839,C
2551108972,10154245,A
1600503600,6205177,C
2000158643,9860563,C
2000158643,9854271,C
2000158643,9462276,C
2128092781,8619865,B
2610811087,9698822,C
2610811087,9698823,C
2610811087,9698821,C
2610811087,9698820,C
2050723463,6205177,B
2000597243,6249318,B
2001110885,7817723,B
2001110885,7817723,B
2173238699,10635983,B
1231819488,4010255,A
2062537693,6699715,B
2099241614,6210669,C
2174424607,7136689,B
1983355441,6270640,B
2506035595,7579188,A
2410788664,10611998,B
2057925431,4441363,A
2995752136,11529324,A
2253628690,9289382,B
2588432486,10568891,B
2560759083,11266661,B
2560759083,10568891,B
2343051658,10537916,A
2334889336,10568891,B
2334889336,11266661,B
1985038921,7840504,A
1999269859,8563370,C
2007095775,7670838,B
2087784250,7670838,B
2070993176,7414409,B
2154282797,7149770,B
2086018200,4247533,B
2952790766,8722919,B
2952790766,8722919,B
2951541436,7566779,B
1996488435,6613331,B
2042979552,9261423,B
1974240014,8949081,A
1992471571,10157245,A
2116196992,9952103,C
2742873489,11514215,A
2511571588,10004212,C
2170572834,7696361,A
2005957804,9440891,B
2800830250,10336678,B
2736722474,10336678,A
2127611187,7177693,C
2123622978,8836557,B
1997436357,7231328,B
2160174421,6274336,C
2085583206,7619011,A
2076435546,4882751,B
2161030015,8643286,B
2159642275,5298508,C
2030026595,5298508,C
1998197177,7033950,B
2944338292,10675301,B
2944338292,10576100,B
2104013314,6020534,B
1998535612,6542784,B
1619054726,6238342,B
1985931123,6514204,B
2074187072,6514204,A
2556753831,11089995,B
2558942501,11089995,B
2552692303,11089995,C
2159822586,7356905,B
2133579007,7409406,B
2134189462,9493813,B
2066063074,4622105,A
2342278120,5518830,A
2140034271,4147774,A
2418970968,4271973,A
1998950232,6534314,A
1593142205,4418150,A
2903708613,10009587,B
2808377301,11498943,B
2291547165,9605031,C
2038322068,7927095,B
2021616144,9384017,A
2073932571,7364754,B
2544224436,8519350,B
2039420107,8778715,B
1490830377,8778715,B
2543272673,8778715,C
2014867795,7855372,A
2167326543,7855372,B
2532683517,7855372,B
2072398405,7553965,C
1987832157,8465484,B
2511906688,11306336,B
2005778474,8814860,C
2076636818,8835865,C
2078340972,7906538,B
2149951068,9345749,A
2149951068,9345749,B
2225388408,11014047,A
2089575779,5641887,A
2047382724,6638749,B
2051922942,6638749,B
2055995845,6686438,A
1994229892,6686438,B
2068372483,6377841,B
2004148510,7709266,B
2065854466,7742800,B
2123501833,9206444,B
2580674256,10385345,B
2322478088,10385345,B
2322478088,10294484,B
2958990709,11193130,B
2146132094,9206444,B
2118983411,6927888,B
1965418779,6893998,C
2578182640,10607721,A
1968483981,7065175,A
2811355354,10360499,B
2811355354,11164082,B
2012078259,7534449,C
2091770605,8871454,B
2986565411,11519041,B
2056069621,9057731,B
2066310495,10071142,C
1989510752,6730838,A
2109006095,8552429,B
2166278190,4209458,B
2167122131,7227982,B
2167122131,6724856,B
2042641641,6869904,C
2042641641,6897276,C
2077866453,7087690,C
2077866453,7018949,C
2082839106,5532167,B
2349282589,9824468,A
2098798785,8969019,B
2095345300,8969019,C
2045185480,5812729,B
2064502308,4847008,A
2080662051,5968877,B
2129834046,8131521,A
2136210293,10266688,B
2038076146,6979740,B
2462524015,9580699,A
2566966562,10160959,C
2080541972,4860365,A
1987523215,9146317,A
2166466007,6461866,C
2980170825,10616512,B
2112858385,9148649,A
2149861882,8582861,B
2567657965,10543162,A
2043338510,6484132,A
2085673846,6484132,B
2020100202,9468557,B
2554538572,11292808,B
2747262949,11517531,A
2157182807,4636463,B
1993038301,7808716,B
2064071413,7808716,B
2111350651,9191398,A
2111350651,9191398,A
2758650674,10996214,B
1971294874,5196514,B
2064535701,5196514,B
2089788479,6002773,B
2078323525,5699449,B
2064634713,5367579,A
2081835817,4832447,C
2067371510,5111515,A
1541572440,5903648,A
2087349692,7447312,A
2066432033,5699449,A
2094988490,5111515,C
2075406193,7050635,B
2921049723,11384417,B
2625994551,11591602,B
2129115366,7741529,C
2110333181,7741529,B
2337459709,9920426,B
2007371457,6542681,B
202033729,7349611,B
2016999605,6845204,B
2051428202,8114484,B
1861731781,7349611,C
2030239974,6542681,B
1978394713,6744552,B
2030735646,6414780,B
1995554071,8349547,B
2318586557,8349547,B
2139020077,6539155,B
1590129082,9435810,B
2113260315,6414780,B
2126590950,6505342,A
2072216787,9366225,C
2801794625,11335845,A
2064209602,6063613,C
2810507192,10544085,B
1594166258,4795839,B
2279594242,10297120,B
1999395934,9744672,B
2065408931,4595835,B
2077925230,4299227,A
2083270578,9700636,B
2897613685,11227964,B
2067866165,8690967,B
2143320618,7269241,B
2038794066,8999165,C
2099350558,8698219,B
1963839785,5903358,A
2329291312,10259922,B
1991905963,6094267,A
2171236197,7088480,B
2080298447,10469833,B
2080298447,10326983,B
1981427848,4832447,C
2019922668,7050635,A
2039638017,7088480,B
1574563474,5699449,A
2114859236,6476200,A
2114859236,6492106,A
2163302928,6476200,B
2163302928,6492106,B
2011192269,8239762,A
1725934436,7031913,B
2256663574,8282749,C
2970648067,11012163,B
2982557306,11012163,B
153533001,5559014,C
2329222738,10024856,B
2099017265,9045549,C
2996819431,11396645,B
2125409540,6572862,C
2125409540,5559014,C
2331963514,10435412,B
2645694119,10923442,B
1481971068,6847760,B
2127172227,6676973,C
1863525853,7384759,B
2169950267,6878859,B
2985582625,11166004,B
2106287195,6063622,B
1969068489,6924061,A
2059685670,6924061,B
2038221839,8387256,B
2965928951,10837624,B
2002754161,9106342,B
2472219146,5939721,B
2121535648,6968299,A
2134219901,5969210,B
2075829878,5969210,B
2047697135,6858680,B
2048816939,6560570,B
2045841791,6560570,A
2058846338,5393858,B
2009719677,9028796,B
2009719677,9028796,A
1990365349,5268277,B
2051417737,7517533,B
2751885541,10171237,C
2008748674,5711296,B
2098690351,6909443,A
2299375218,11214851,B
1976794692,4952556,A
2125644659,6154475,B
2006532099,5013113,A
2008099954,7428348,B
2041464298,9741691,B
1978381470,6644019,B
2607230416,10428444,B
2056760766,9791445,C
1870844066,9791445,B
2110749146,7867710,B
2029978331,5543267,A
2097169502,9193863,B
2138445354,6195187,B
2100796791,9161969,A
2164518728,6207651,B
2164518728,6297224,B
2131830106,5438017,B
1969996585,4385799,B
2091070115,6373806,B
2070025245,8372435,B
2000127230,6856433,B
2057694482,6856433,C
2105803196,6745615,B
2109572195,6571608,C
2109572195,6523396,C
2109572195,6745615,B
1653712242,7996678,B
2160873564,6505223,C
1980108880,5079239,B
1504346451,6344311,B
2495037733,11225505,C
2010185460,4753248,A
2058059662,5293261,B
2172056419,7867710,C
1997716214,7867710,C
2962748819,10769411,B
2962869576,11532094,B
2982683587,11361505,A
2046608104,9361463,B
2002881798,4894543,B
2048707909,4894543,B
1963706147,4894543,B
1998050449,5293261,B
2599727256,10717812,A
1989148233,8629255,B
2150316073,8593032,B
1989256337,5830737,A
2110250476,9114099,B
2039954137,9737596,C
2300404593,9737596,B
2062427495,8593032,B
2933783536,11557786,A
2012024700,6114699,A
2727609483,11370822,C
2582217477,11524994,B
2012076185,4726890,A
1516179705,9737596,B
3012169719,8796220,A
2051052135,9114099,B
2731316741,9370560,C
2620623242,8796220,B
2072865009,6310110,B
2077075172,6284409,C
1979172723,7326510,A
2900078643,11171297,C
1983320823,7521224,A
2014143576,6025879,C
1915264974,9685959,A
2409915377,8222014,A
2028352501,7307256,A
1975589189,10512444,C
2318294910,6715984,B
2046551122,10631821,A
2130817802,8947826,B
2015824038,9051528,B
2039919306,11137409,C
2090782745,11137409,C
2085246925,8758272,A
2158458608,6660274,C
2090671888,6475492,B
2118763814,6475492,B
1611733870,9998106,A
2122162409,6660274,B
2046094917,5070071,B
2029147286,5047385,C
2071337680,4907731,B
2162243217,5778192,B
2558120460,10775388,B
2028678930,7462628,B
2028678930,7138533,B
2000876607,10538818,C
2281766547,10538818,C
1993865292,7442517,A
2911354688,11587646,C
2982596783,11587646,A
2760948449,10597354,B
2760948449,10093613,A
2104911012,5040140,A
59497343,4343206,B
2029183322,5896198,B
2169816570,10603314,B
2014344889,8759342,B
2401079923,10942346,A
2046912957,5485312,A
1965130402,4588260,B
2745557098,5485312,A
2023623179,8822513,A
2126722841,8041004,B
2130933084,8041004,B
27160179,7983381,B
1984026658,8374309,C
2129315116,8009796,B
2339041044,10431455,A
2134784445,8553637,A
2056506798,9206509,B
2005837647,9206509,B
2063435515,7030081,B
1510982899,5778192,A
2031444091,5916127,A
2159096543,8997454,B
2159096543,8997454,B
2330147816,8997454,C
2330147816,8997454,C
2002837272,9875386,C
2002837272,9875386,C
146690787,4632780,B
2051357690,8394026,A
2539559280,8668647,C
2884721995,10509013,C
176560932,9155520,B
94365490,9801615,B
2605159090,11129591,B
2112952684,10667791,B
2903935354,11027736,A
2221390476,9012864,C
1984443735,4951677,B
2060665379,5037383,B
1972994241,8394026,B
2027162925,6864301,A
2899617931,10650806,A
2039537714,6211930,A
2014762792,7183098,A
1595153035,7767795,A
2125902892,7190995,B
2055098860,5804388,C
2324607762,7045106,B
2462871742,7227297,A
2565984263,9908892,B
1951692743,9981990,A
2612716628,10118935,C
2985892575,11258551,A
2086684009,7064192,B
2000643195,8444991,C
2154589026,6489450,B
1988659348,8444991,C
2059452241,6183737,B
2063097729,6183737,B
2166216346,7313094,C
2095882659,7978713,A
2593590061,10211039,A
2604177827,11442978,A
2267028499,10185311,A
1983748607,4975278,B
2465126304,10682426,B
2067064360,7785838,B
1996573558,7785838,A
1976292966,7785838,A
2065019280,4889538,C
2170402142,6809845,B
2541437559,10599700,A
1560194512,5300436,B
2070221621,4019334,A
2031783473,10579925,A
2017916023,8883765,A
2168155100,8592611,A
2163501491,7417156,A
1997301699,6043386,A
1985387611,8883765,B
2125768714,9493480,B
2125768714,9493480,B
2126789240,8883765,B
1966755659,5618700,B
2781789395,10570562,B
2005725871,5629922,B
2160874404,6380408,A
2094912915,5840925,B
1955792382,6900575,A
2059439771,7654140,B
2038669708,7654140,B
2071454387,8163481,B
2431492046,11577037,B
2908550013,11361248,A
2056217859,4775361,A
2950334424,5728840,C
2509059166,10976227,B
2791514042,10869629,B
2024347915,10820816,B
2175677802,7173026,A
2175677802,6979684,C
2040096784,6800622,C
2042680993,7465724,B
2059977245,8916711,C
1972166531,8519123,C
2176041316,6951853,B
2145327605,7056913,A
1981353467,5804388,B
2103856341,7312210,B
1968051974,10347476,A
2007514336,8519123,C
2136332941,8548794,B
2160955870,6884799,C
2160955870,6800622,C
2166231675,8916711,C
2081512025,6951853,C
2047664771,7285380,B
1717967045,7535943,B
2582919740,10559387,B
2147187250,10289735,B
2139116984,7803594,C
2101147288,7803594,A
2241164711,9548509,C
1596995274,7286973,B
2736677931,10305133,A
2133156844,7774339,A
2149156280,7774339,A
2082555149,9818065,A
2082555149,9818065,A
2158450083,7743047,B
2592351687,10389086,C
2065040156,7224862,C
2073631130,8704253,C
2160161091,7336879,C
2127159955,7535943,C
2034332255,8704253,B
2129425785,7336879,C
2056207692,4832751,C
2397421006,10428153,B
2129043014,6342394,B
1848136262,6844162,A
2158598357,9046519,C
2106957229,9046519,C
2772431251,11616441,B
2076949199,10010505,B
2125711423,8515753,A
1881755304,9822017,A
2110022257,8515753,A
2802316465,11155668,B
2904132455,11616441,A
2145016731,6097328,B
2062657377,8344109,B
2023745213,8363225,B
2071475156,8363225,B
2069652264,8363225,B
2901348750,11525683,A
2969124484,10748299,A
2144624533,6599401,A
2775335721,10888389,A
2470546554,10758551,B
2038214174,9566329,B
2038214174,9566329,B
2808895156,10260056,A
2301067198,7168833,B
2103069054,10010308,B
1968099748,9218457,B
1968099748,9235686,B
2785931320,11332526,B
2043520769,7468518,A
1966943936,9879233,C
2092784735,6023656,B
2145219808,6023656,B
2744142136,11566050,C
2794387443,11566050,C
2777819235,11566050,C
1963771454,9752973,A
1999310206,7660029,B
2005365958,7303921,B
2804269865,11356235,B
2804455465,11356235,A
1550574557,4086268,B
2003233566,4605794,A
2048305286,4938596,A
2099310055,5493511,B
2065717717,8377648,B
2111569769,7498155,B
2483024785,10446259,A
1976644216,5936665,B
1965219481,10017511,B
2165972132,6557159,A
1980365623,6334205,A
1997550127,8961993,B
3025086266,11074438,A
2562747978,11235050,B
2585010481,10577414,B
2317020103,9815894,B
2039930386,9815894,B
2029681740,9480737,C
2054086585,8883429,C
2027228771,5821003,B
2131082656,8802106,B
1500428588,4735901,A
1982537807,8859748,A
2117301613,8129352,B
2056603312,7507196,A
2313418620,4640118,A
2020442377,8877476,C
2143084660,8759610,B
2085048408,10675346,C
2034780639,9121048,B
2004270760,4063552,B
2883145706,11392782,A
1611250855,10792170,B
1969681389,6697652,B
1969681389,6912412,B
2079116187,7989260,B
1977225004,7989260,C
2034657009,7989260,C
2027063895,9546091,B
2078665732,7665059,B
2103902138,7823460,A
2485065991,10376712,B
2071837622,8282939,C
2105894404,9889192,C
1538912543,4349339,B
2083449712,9717252,B
2510406296,10584215,B
2501514371,10584215,C
2127501272,7473326,B
2330714365,6071470,A
2042303470,9834381,C
1568781893,10368980,B
1947008080,10368980,A
2038121085,5212296,B
2061317490,6071470,B
2331327646,9139364,B
2050939029,6084399,B
2069766798,6388440,B
2328121102,5210070,C
1981479935,6719147,B
283982585,4920011,C
2949308423,8076299,A
2949308423,8076299,A
1973177703,7374673,B
2008007598,6852969,B
2156456192,9827552,B
2078333514,7378089,B
2123645175,9787614,A
2013289963,8286429,A
1823223148,9787614,A
1965839750,8227510,A
1992582600,9663358,A
2062749775,5567290,B
2148555720,7462089,B
2078504091,6132769,B
1999935662,9518308,B
1999935662,9518308,B
2027418515,9518308,A
2027418515,9518308,B
2036375358,7477362,A
2127735184,8498347,B
2025178683,8559297,C
1968876938,8227375,B
2145300776,7324434,C
2010127311,8872850,A
2169596663,7936906,A
2095297868,9881354,A
2789415069,11270211,A
2014905278,7725837,A
2092926285,7888317,B
2160080698,7049284,B
2013395086,6184201,B
2013395086,5789379,B
2162418500,7049284,C
2088954563,7888317,C
2113047062,9695203,C
2966483972,11141473,B
2074017235,8905748,B
2076588925,9183043,A
2057379579,9283671,A
2057379579,9283671,B
2121502474,8092706,B
2593317637,10436924,B
26785193,5968820,B
1999179129,7381802,C
2169952323,8911733,B
2151058832,7357907,B
2151058832,7354881,B
2004123481,9504745,B
2011694928,6783794,B
2548376542,10736962,C
2158326572,6288213,B
2158326572,6348321,B
587436387,4678860,B
1912391360,5016185,B
2753404376,11226342,B
2623741413,11226342,C
1592396495,6268143,A
3017630123,11018625,B
2139923395,5424189,B
2090824681,8289931,C
2144873122,6647003,C
2131194264,6534525,C
2793800929,10868737,C
1997572162,7313158,B
2093911484,8092025,A
2082207471,7305189,B
2276562407,6536096,B
2039748641,5369089,B
2039748641,6536096,B
2141482466,7616658,B
2100700755,7864897,B
1994594855,9909139,C
1994594855,9909139,C
2004740431,5375173,B
2201400649,10813849,B
2620987087,9937104,B
2165441202,9554971,B
2039042265,9642560,B
2618667257,9937104,B
2011126109,9165190,C
2008507082,9456360,A
2008507082,9456360,A
2083440409,9456360,B
2083440409,9456360,B
2040777539,5721212,B
2805863201,11155654,A
2042357656,5643877,B
2233857184,9775863,C
2541665495,9931360,C
2030576070,10270289,C
1971375371,9653207,C
2543681583,8923015,A
2543681583,8923015,B
2105446372,9653207,C
1986471197,9292591,A
1971573671,9230005,A
1505517304,10298058,C
2729258083,10479693,B
2163330532,8432051,B
2048530412,7212933,A
2035969597,7689056,A
1971192759,9580375,C
2017171463,8337909,A
2053337280,8337909,C
2063994004,8420322,A
2000783684,6990350,B
1523252251,8518260,A
2014767448,5731419,B
2150379282,8716441,A
2158296157,4666760,A
1997584244,4785399,A
2073930610,7611673,C
2063248617,8424560,B
3015700791,11587645,B
2904797988,11607965,A
2889256752,11217996,B
2007863696,6356864,B
2536764786,9993169,A
2147220807,6128606,A
2112796928,6128606,A
1482847149,6225925,A
2084813358,5859867,B
2030063307,7368525,C
2889078817,10668140,B
2155378208,9340569,B
2097297514,9340569,B
1902568950,6128606,A
2615366051,7039552,A
2008911550,8383412,B
2151998556,8638872,A
1985847088,6070583,B
2800457405,10374274,A
2104609839,7535295,B
2069560114,6035107,A
2154102696,6892292,A
1851732076,7203935,B
2141940231,6892292,A
2157876135,7302543,A
2002271565,10888588,A
2013384776,10888588,B
2055036730,7441444,B
2101394360,8120422,A
2584055673,11166940,B
2061465719,8715436,B
2252787125,8993449,C
2025037959,8367121,B
2164379886,8024169,A
2583451302,10338982,A
2022088154,4832870,A
2017790686,4950595,B
1521188137,4056520,B
23367426,8909648,A
2594516300,9852498,A
2545150938,10772909,B
2618238633,11104919,B
2158685954,9706949,B
2158685954,9706949,A
1998041992,8685953,B
2044990045,8666761,B
2194573552,5871630,A
2089055579,8404658,B
1967532296,8404658,B
1999208852,6921841,B
2149807696,8150181,C
2029926102,5731195,A
1920103350,10290233,B
2057455991,5741442,A
2016667672,7288871,B
2147861954,5962786,A
1979990686,4863854,A
158293408,7288871,B
2020314565,5653980,B
2000200620,10687896,A
3006406380,11362549,C
2794787475,11265717,B
1959417927,9994905,B
1991751536,6427234,A
2101366948,6092175,B
2013378128,9110063,B
2966615249,11491468,B
1994455989,6464729,B
2067552824,5474932,B
1976626604,7807440,B
1592389388,5474932,A
2795745655,11603373,B
2967842640,11325252,B
2962736495,10946515,A
1442887484,10176438,A
2157867691,9566372,B
2157867691,9566372,B
2600874388,10132609,B
2062134654,5830680,C
2043103394,10514358,A
2009437149,5827841,B
2051464107,7943377,B
2067718937,7943377,A
2038176977,6761045,B
2157279946,9766922,B
2157279946,9766922,B
2083876657,10202208,B
1660264222,6403306,C
2031297109,6472518,C
2125526573,5976536,B
2142146144,5976536,B
2515090018,10711021,B
2017252311,7219020,A
2052737786,4565787,B
2146270515,5942409,C
1965551142,8766754,B
2052770796,5082789,B
2009039798,6828025,A
2162426951,7808913,B
2073886204,8272044,A
2116333041,8902912,A
2048995594,5966396,B
2038334542,10048976,A
2145734278,8392991,A
2153492240,9804623,C
2153492240,9804623,C
2149424498,7808913,B
2004099636,8700928,A
2118629250,8095006,A
1988044227,9804623,A
1988044227,9804623,A
2161118390,6052361,A
2767607466,10915424,A
2036992577,9406870,C
2036992577,9786836,C
2036992577,9786837,C
2080386242,6927569,A
2128076027,8977845,B
2128076027,8977845,B
2058893396,9657048,B
2770221287,10227373,C
2021857421,10547272,C
1980261485,10547272,A
1997337414,10547272,C
2215281084,9657048,B
2047953259,10906016,B
1977543000,8206699,B
2025909861,7928392,B
1968369538,8171051,A
2033762977,8171051,A
1980375617,7133173,B
2091275062,4914024,B
2081723637,4914024,B
2065757592,7656245,B
2065757592,7872541,B
2548028633,7713201,B
2028598968,7373059,B
2153897261,10889798,A
2462612624,10889798,B
238804518,10889798,B
2972821798,11490824,C
2008195091,5700470,C
98982967,9813235,C
98982967,9813235,C
2083183663,9047518,C
2083183663,9047518,C
2397674976,10316068,B
2042007854,8286467,C
2115763122,6511429,C
2029487879,9072309,B
2464695167,11557877,C
2082042773,5763228,C
1985740947,6727451,B
2903865631,10856835,A
1790384607,9559482,B
2117514166,10675618,A
2035012741,10675618,B
2085189273,7889956,B
2085189273,7532785,B
2074039305,9474730,B
2395951027,9474730,B
1987312316,6049116,A
2995782799,11512109,A
2811112991,11589802,B
1967694802,7745127,B
1970239478,7820860,B
2077886402,7282466,A
2605339529,11306041,B
2082187092,5019590,C
2513545777,9855327,B
2565890199,10327052,A
2289969164,10327052,B
2096143567,9863939,B
2333800257,8980073,B
2027318914,9598281,B
1985545540,8940142,A
2052274348,8940142,A
1985681584,9187782,A
2215123059,4549123,A
2028660080,6343288,A
2087147837,4357466,B
2612625105,10799389,B
2495190891,10192355,A
2067737436,7785785,B
1964398303,7989185,A
2160133890,6291824,A
2784479776,10891730,B
2928830786,11572292,A
2153565958,9316629,A
2092189603,9671356,B
2092189603,9671356,B
1986901137,10149825,B
2086324969,10149825,B
2057953646,7667191,B
2022113777,7704404,C
2555391732,11235063,B
112142372,8242081,C
1515068677,7943581,C
2144196643,7943581,A
2173466864,10859577,A
2067031497,7910110,B
1963860512,7910110,B
2610778617,10482628,A
2138683928,5484887,A
2168116639,8090996,C
2970562905,11373067,B
1912698848,6821749,B
1735846362,5849524,B
1971996414,5910433,A
2025617979,5910433,A
2127467614,9449226,B
2127467614,9449226,B
1863602485,7229574,B
1968912221,5871982,A
2147779580,7156813,A
2024343337,9810685,B
2024343337,9810685,B
1966173262,8416417,B
2017377021,8416417,A
2291302287,11180724,A
2026761499,7678062,B
1971572251,7795274,B
2096841970,7571000,C
2160220319,5822723,A
2010946566,6146643,B
2086322900,7201911,C
2086322900,7201911,C
2023081353,6153421,C
2095312711,5514539,C
2046719285,4985072,B
1977808678,7282205,A
1835462644,8923590,A
1835462644,8923590,B
2890185666,11534136,A
2078060545,9709642,A
255366893,5600725,B
2197558578,5600725,C
2055012674,8857266,B
2276329789,10755823,B
2048417392,5265185,A
1993670874,6420132,C
2620408277,11135716,A
2022363284,8706653,A
2102906871,9702946,A
2102906871,9702946,A
2117472128,8034577,A
2614980928,11551176,A
2057547550,8968931,B
2057547550,8968931,B
2140096940,6567415,A
2120099700,8423483,B
800577,9637739,B
2944256494,10844378,C
2808563997,10844378,C
2001487604,9637739,B
2074906567,7651946,B
2085233841,6362500,B
2541305317,7465168,A
2110457085,6375993,B
2110457085,6361807,B
2158380719,7645469,B
2112102812,8442777,A
1560919037,9005962,B
1560919037,9005962,A
1576817631,5248594,A
2039430448,6432646,B
2136144959,8560368,B
1870526123,4997760,B
2084503006,9856512,A
1997280115,9408900,B
2072580989,8673882,A
1581319170,6411231,C
2787752687,10726830,B
2908082349,11175165,B
2759215635,11327092,B
2901106610,11471074,B
2081529378,8039520,C
1995749979,10206886,B
2147639930,5858966,C
2745331431,10775041,B
2304114527,10344331,B
2543590818,9047025,B
2083520783,9854494,A
2807288284,10465187,A
2963940252,10402983,B
2963940252,10332264,A
2936095540,11543398,A
2009681404,7725299,A
2428379178,10844434,C
2020805267,9286793,B
1988759034,9996798,C
1988759034,9286793,B
2402582395,9501509,B
2402582395,9501509,B
2082805394,9501509,A
2082805394,9501509,A
2146885773,6916908,B
143506948,8660789,B
2047332899,9286793,B
2098944182,6329156,B
2094028015,5736050,B
1994370147,4456598,C
1944120618,6004802,B
2140671053,8061262,A
1995104587,9877788,B
2608547410,11439434,B
1633645685,10009372,A
2090439892,5980909,B
1986466480,9740463,A
1986466480,9740463,A
2533274341,10751034,A
2139562753,9877788,B
2127342004,7250293,C
2127342004,6869794,C
2898721059,10703804,B
2146108709,7250293,A
2803375825,10609364,B
2172069549,6184248,B
2027695300,5707684,B
2062049828,6773823,A
2042459174,6878734,B
2041991502,9758728,C
2032164369,9758728,B
2034620614,5109123,A
2738956480,11078222,B
2738161653,10913757,B
2214410993,9805716,B
1560863720,6323512,B
2622696093,10220378,A
1975675098,7056947,B
1964599604,7056947,B
941403958,5185809,C
1990017062,4060455,A
2318864990,9620924,A
1986895634,8420333,B
1985980289,9649358,C
1985980289,9649358,C
2013405371,9649358,C
2013405371,9649358,C
2098343344,8833175,A
2795216559,10803261,A
3016156059,11309736,B
3021629623,11309736,B
2575198905,10541558,A
1977014720,10218221,B
2533453940,10218221,B
2915001257,11309736,B
2321353098,8833175,B
2063930344,10711341,A
2095634638,7958955,B
2294393004,10388405,C
2151341198,9086492,B
2151341198,9086492,B
1563456403,8996339,A
2005230061,8595937,B
2088587583,5451960,B
2056099392,6653962,A
1904793087,7012982,B
2072664917,7012982,A
2142109775,7012982,A
1974648906,5503559,B
2066151043,5891455,B
2101267669,7277414,B
2790916743,11510358,B
2106119536,7079988,C
2785965949,10694526,A
2059416948,6312690,A
1978510119,7024405,A
2049005054,7515273,C
1537086089,5132288,B
2017624220,4562540,B
1976596580,4598366,A
2117772341,5287278,A
1992649586,5871962,C
1992649586,6572864,C
2087924794,5882852,B
2059010078,7201911,C
2059010078,7201911,C
2942363812,11104967,B
1527106821,8117969,B
2485900365,5433963,B
2889975446,11481706,B
1979625042,9484023,B
1979625042,9514744,B
2307835650,9789651,B
1835950289,5875196,A
2084805644,7440590,A
2052754898,7440590,B
2134595594,6204067,B
2549020502,8969824,B
1982445402,5874431,A
1597992669,5821084,B
1620920251,5726011,B
2090557333,9755243,B
1956018566,9546201,A
1956018566,9546201,A
2068920034,4988191,A
1985601902,5122668,B
1982941055,5602324,B
2031613531,8652458,B
2150510209,6183987,B
2514564689,11004097,A
1979939354,7511811,B
2523240304,11004097,B
2756404908,10755324,A
2755667614,10235263,A
2007515473,7005290,B
2098309254,6560281,A
1970470405,9439438,A
2016636234,8961853,B
1979555632,9618840,B
2058337659,8745761,A
2047270223,8991271,B
2146402430,8144052,B
2067555392,6620351,B
2045211176,5538983,B
2009581564,5538983,B
1527282154,4946580,C
2075316309,4980202,B
2009043902,9096568,B
2106589841,8078729,B
2165690307,7026365,B
2037490893,6444201,B
1964008903,6429010,C
2130185623,6040168,B
2003756967,5007106,B
2090321208,8779164,A
2802192298,11537026,B
2002685181,8673804,B
2094702321,5776179,B
2050375954,7446138,B
2622458545,10697902,B
1985377877,6753035,B
2526906199,10697902,A
2945531729,11084223,B
1968857786,8559820,C
2119768870,8802386,A
1974885404,5397428,B
1984155381,4912064,C
2157408573,6095980,B
2156833984,6095980,B
2156681753,6654169,A
1990505272,6095980,A
1989330519,8721860,A
1983785724,5776179,B
1982593602,4582690,A
2172003470,8889105,C
1627973511,6110693,A
2514224568,10390698,A
2608217239,10579150,A
2012197287,9329257,B
2626799581,10396906,B
2418423817,4836216,B
2208068599,4685471,A
2944805549,11427316,A
2090002498,9889184,C
1987291561,6815165,B
2578354986,10961606,A
2030193130,8674347,B
1984623681,8932869,A
2623488569,9696962,B
2040986477,5231008,B
1504669895,5792742,B
1968579769,8365298,A
1544486797,8365298,A
2150762532,6258781,B
2163610852,6258781,B
2150762532,6252040,B
2063820008,5817629,C
1977812789,9422234,B
2139015071,7010494,B
2784012408,10183754,A
2003354740,5545192,C
2095492811,5545192,B
156083293,4579821,B
2804603887,10874610,B
1987742215,9419559,B
1987742215,9419559,B
1688201728,7941856,B
2269570064,9730894,C
1940125556,7105171,A
3022771133,7809986,B
2891465455,10914633,A
2917735203,10914633,B
2152263074,8477846,A
1981856015,9595112,B
2233138502,9595112,B
2152085763,9296772,A
2024146132,9296772,B
2027919238,9296772,A
2755746995,11454636,B
2770447301,11454636,C
2909648729,11002848,A
2039805401,7049004,B
2093190537,7049004,B
2012717122,9603916,C
2075109639,8509701,C
2075109639,8270906,B
1968214002,9355456,B
2015938155,6120940,A
1978992496,6120940,B
2140858237,10378025,B
2029232346,6013416,B
2320995617,4992268,B
2030125234,6344191,B
2000824502,9598466,C
2063454800,8976323,A
2026737385,3938536,B
2165671755,7934223,B
2018185036,6207403,A
1964020454,6675136,B
3023069236,11612957,B
2605274597,10280397,C
2417670710,10280397,B
2164713381,8998793,C
1936118753,7216077,C
2019350214,4755022,B
2104448323,6609093,A
2018608356,4684611,C
1713020077,5371834,B
2157273849,7476257,B
1999296669,8263092,C
2013622119,6800296,B
2066089879,10425348,A
2937260225,10468849,A
2019205435,10093979,B
2112330481,10232081,B
2068500158,6836684,B
2099800354,10234941,A
2563001111,4445389,A
1967064289,9856295,B
2080146918,9857808,B
2079267013,9422335,B
2064911018,9787095,B
2127072344,8075900,B
2290005614,7411000,B
2062957419,5712089,B
2167919436,11311512,B
1485782945,7395258,A
1995875761,8927516,B
2087554017,7018537,C
2106287602,6683691,A
2794115241,11098300,A
2081847968,8222623,A
2107591360,9232236,C
2801441400,10611786,A
2032200905,6924102,A
2592352897,10967356,B
2757600282,10967356,C
2328483668,10400743,B
2077450827,8090190,C
2072622558,9705276,B
1997804540,5391711,A
2899831870,11232355,A
2585003791,11030246,B
2914999862,10728104,B
2798932700,10482375,A
2963673569,11030246,B
3010343788,11461638,A
2972354974,11461638,B
2983864285,11544535,A
1825240531,9281941,C
1977927114,5637502,B
1992512956,8779148,C
2015490463,6892089,A
2039252248,6892089,A
2163492651,6453187,B
1524777672,6600091,B
2069370524,9769407,C
2792286189,11187584,A
1617737671,5456252,B
2046164357,5456252,A
2085018665,7787111,B
2087096430,7527951,B
1596761774,7315214,C
2963126277,10755146,A
1536501248,9895530,B
2090733447,9134171,A
2090733447,9134171,A
2162946128,9506926,A
2117995996,10221088,B
2171419424,10018646,B
2077840661,8058798,B
2077840661,8058798,B
2130087387,7901691,A
2593448281,11360271,B
2071646973,5315629,B
2012537912,7915276,C
2178634665,7915276,B
2002804831,4465814,B
2148848666,7581184,A
2089327800,8185655,C
2103481263,6702734,B
2887506388,11458221,B
1997815999,9567652,B
2161784652,5824535,B
2061884303,10153606,B
2775293259,10677741,B
2222362100,7827778,A
2219782408,11213574,A
2512774260,10673921,A
2520315817,10673921,A
2766426813,10673921,C
1969359469,4645740,B
2084279050,7676159,B
2972442068,11195645,B
2084673102,7038827,B
2072148945,6900920,B
2028081091,8189643,B
2028081091,8059690,B
2135121303,8755118,B
2032352181,5374831,C
2002941644,6368592,B
2122260535,7855167,B
2020756340,4317087,A
1996927538,5741648,B
2142344860,9466843,B
2120387820,7785850,B
2089107171,8304521,C
2081001152,8304521,B
2105632053,7955805,C
2080567946,10788483,C
1964611683,6756249,C
1988836761,6756249,B
2077017089,6806640,C
2319475524,4800165,B
2015388675,6342587,A
2415046030,9908918,A
2123103161,8735096,A
2062382534,9606100,B
2064499768,8735096,B
648741584,9606100,B
2136559579,7595191,B
1974431527,6887707,B
2126120334,6051552,B
1965869117,4088969,B
2467275739,4503403,B
1992633605,5622851,A
1983868454,4686485,B
1981207275,4503403,B
2608912581,10417506,B
2964344294,11182629,B
2039128622,5461415,A
2088590034,5014197,A
2132220074,5429966,B
2061322965,9344818,B
1973812756,6487541,A
2125100427,5751336,A
2159136631,5631694,A
2092533313,5544313,A
2025645149,7169576,A
1989038735,8175702,B
2963799774,10817967,B
2025602475,9720245,A
1929747072,10095953,B
2056022906,9237331,A
1518550195,9791706,A
2052016823,9179134,B
1518550195,9179134,A
1973426562,9565414,B
2064199107,9565414,C
2089832091,8816297,A
2554221984,10457751,B
1986845535,4721915,A
2164071621,5596132,B
2161086331,5958422,B
2087383080,5596132,C
2087383080,6649813,C
2076226725,5684301,A
2100116106,5920067,C
2571303395,5920067,B
2150723233,6083925,B
2150723233,6022864,B
2022848710,7728258,B
1966911537,6022864,C
1966911537,6083925,C
1966911537,6677127,C
2025214473,7115367,A
2015546204,9713650,A
1506716198,7867639,B
2115145070,8063178,B
2069796910,6033889,A
2162171069,9086409,B
2083595651,6033889,B
2742840265,11397178,C
2842361952,11468028,A
2329094372,8828513,B
2054613599,7001708,A
2059096372,7964333,B
2085360086,7253287,A
1973662849,8546526,A
2549012843,8462892,A
2053260973,6051232,B
2100373446,7516309,A
2055475427,8832170,B
2002465293,9849197,B
1646609213,6389079,B
2484697083,6389079,B
2731046709,10918678,B
2758238729,10918678,C
2043567262,4665544,B
1744150050,7712092,A
3003710749,11426429,B
3003710749,11129849,B
3003710749,11439662,B
3003710749,11458165,B
3003710749,11116794,B
2048969967,8746882,A
2969259198,11426429,B
2969259198,11007220,B
2969259198,11129849,B
2969259198,11458165,B
2969259198,10555971,B
2969259198,11020428,B
2969259198,11439662,B
2969259198,11116794,B
2969259198,10258648,B
2155064214,8506954,A
2413173573,10780393,B
2046891915,5786462,A
2023502599,7847186,B
2767047972,10653661,B
2088138084,8623608,B
2115123775,7928061,C
2174848253,7122654,C
2012043490,7122654,C
1975503105,4294260,B
2025467777,6859496,B
2064470328,9492450,B
2111378589,9018367,B
2074428511,7803498,B
2158114633,9132997,B
2625943805,10736558,B
2104341315,6805974,C
2032169383,9267081,A
2038516159,9267081,B
2026783592,9132997,B
2024354164,8722573,A
2515986007,10565900,A
2057305507,8536301,B
2769931750,10442689,B
1526206219,8536301,B
2021066455,7702611,A
2146884517,8662664,C
2034299095,8911084,B
2057525101,9572490,A
2057525101,9572490,A
2019201904,9572490,B
2019201904,9572490,B
2801309396,11051692,C
2127513491,7437697,A
2109225474,7189556,A
2130472692,6486392,B
2623232514,10047446,A
2561463699,9849450,B
2121597117,7457433,B
2034759816,9337935,B
2038130735,9337935,C
2744180450,10835872,B
2123978582,9165097,B
2761512103,10846356,A
2326964421,8729233,B
3019027775,11490966,B
2080426060,9109252,B
2012526549,6326352,B
2012526549,6465427,B
2046935089,6787353,C
1674558376,6787353,B
2068382039,6787353,A
2138084120,4692323,A
2016171875,10450336,A
2119055989,9078065,A
1993930201,9078065,B
2809795785,11298422,B
2954508620,11298422,A
2955947959,11554262,B
2081728564,5663306,B
2059342086,8244652,B
2884135283,10696677,B
2799662852,10696677,B
2011650342,8338795,C
2532797889,7741613,C
2108737159,7741613,A
2127492122,9366697,B
2170059396,9366697,C
2942350788,11460437,C
255770294,9970035,B
2800172473,10837022,A
2028478923,9758493,A
2028478923,9758493,A
2783839013,10604794,B
2039941255,5920000,B
2022505792,7375762,B
39457907,4522918,A
2084168547,4522918,B
1573948298,4612282,B
195472449,4612282,A
2081540462,6945078,A
1994481770,8232452,B
1994481770,8232452,B
2032643964,8163291,C
1662654526,5464757,B
1966681494,5733790,C
2163193234,8916390,A
2163193234,8916390,A
2021990649,6696575,B
2079492248,6986970,B
2123363819,7629317,B
2080177167,10059617,B
2080177167,10005690,B
2008285430,5215917,A
2085680808,8156111,A
1956014468,4612281,A
2285519942,5670310,B
2403483316,7223535,C
1644029924,5504894,B
2606607171,9388054,B
2783606239,10267737,B
2161262171,9538934,B
2161262171,9538934,B
2170076211,6350571,B
2155431410,6603658,B
2046847675,9747077,C
2046847675,9747077,C
2013774124,8791098,A
2762804773,10787436,C
2781383440,10532103,B
1968348056,9963482,A
2963741525,10515075,A
2070469410,6015376,A
2071942447,7501398,A
2401368754,9650429,A
2097707681,9650429,A
2104149001,9650429,A
1982043343,4929542,B
2041671846,7601120,B
2095608864,5411566,B
1989641713,6413934,B
2891259284,10529091,B
2121929431,8134479,A
2005705666,7429649,B
2149820705,8987097,B
2094110130,8987097,B
2007758571,5884999,B
2046896309,5938330,A
2033752407,5982515,B
2029109346,5692077,B
2029109346,5982515,A
1971226761,4356170,C
2775359889,10962987,A
2060670658,6285900,B
2053723322,7330027,B
2162895555,8586194,A
2150560620,9878940,B
2150560620,9878940,B
2038964619,8586194,B
2155452934,5959058,B
1578617090,5959058,B
2057310811,4607009,B
2042762904,8429665,B
2092466090,8429665,B
2031226851,4871669,B
2004048482,5010005,C
2033937654,5010005,A
2073190925,5010005,B
2798785178,11269974,A
2061802444,8373133,B
2026923615,8373133,A
1974615852,4725342,B
1995910871,7074913,B
2025960775,5242530,A
2177807113,6841976,B
2107539253,6841976,B
1975190231,8715430,B
2130674057,6330479,B
1483136517,5231975,B
2010014493,8685182,B
2396106116,10751933,A
2993809280,11445941,A
2921414933,11445941,A
2808985159,11383220,B
1487283867,5109119,A
2527681713,10218024,B
2901084199,11468661,C
2791837838,10755419,A
2104650869,9950037,B
2032687035,9425405,B
2741413525,10074819,B
2741413525,9938149,C
2418175002,9728734,C
2418175002,9327979,B
2765761676,9938149,B
2331480043,9625320,A
2095250769,9625320,A
125077854,7825259,C
931747440,5654401,B
2032792184,9701580,C
2965658867,11144831,B
2963918968,11531861,A
2076838088,4299128,A
2928589846,11420183,B
2119735125,8722442,C
2119735125,8722442,C
2964081807,10521729,B
2030314226,6524406,C
1998192811,6855216,A
2024365685,6855216,B
1982505950,6001195,A
2010061154,6524406,A
2905301197,11148124,C
2102489964,7647293,A
2163438246,7668804,A
2151873965,8812481,B
2087168822,4843112,B
2011325814,5085861,C
2078916961,5085861,C
2908163373,11472980,B
1535035109,7647293,A
2734610698,10787624,B
2148469603,8885962,A
1995859838,9400197,D
2032735905,9400197,B
1997409447,7940302,A
1970905965,5486499,A
2082197705,4064013,B
2598980403,11208698,B
2564807677,11208698,B
1932558065,10095478,B
1940688833,10813894,A
2734372005,10900343,A
1970802099,7188450,C
2004675407,6601341,B
1983257004,6601341,B
2042418787,6880291,B
2035945221,6601341,A
2083490282,6880291,B
2290692811,10027480,C
2162443130,8233871,B
2028664989,10264990,B
2141873643,5283179,C
1984697553,8009292,B
2259151440,10072058,A
2048695207,8655017,B
2578656791,10793964,B
1562781407,6226852,A
1863948597,10793964,B
2059421295,8080660,A
2059421295,8080660,B
2021977313,6184351,B
2116597539,6184351,B
1989865123,8655017,C
2315264706,10126163,B
2917202476,10975379,B
2917202476,10563211,B
2104948281,9177153,A
2004354991,7462488,B
2155803562,6635486,B
2105842900,6858387,B
2140082316,7384758,B
2140082316,7666987,A
2099486029,5075379,B
2017836258,4666978,A
2044255523,9362296,B
1923404803,10289912,A
2107460191,7757069,A
2134034210,7757069,B
1991144105,5514378,A
1998187761,8591597,B
1998187761,8951302,B
2059968966,5716404,B
2429516608,5567612,B
2157623783,8044631,B
2130915237,8587160,A
2532498625,8030791,B
2133319228,7511976,B
2147435369,8030791,B
2029549255,6831781,A
2066953722,11179028,B
2248442723,5567612,B
1974695238,8050747,C
1974695238,8150496,C
2320749781,4956682,A
2331090884,8642711,C
2031097360,9433920,C
2228491174,9433920,B
2216188842,9327267,B
2162599548,9327267,C
2162599548,9433920,C
2889606920,11591605,B
1243162967,6217891,B
2080092639,10010709,A
2120110455,10338387,A
2120110455,10353201,A
2012099220,7649014,B
1886411122,7112332,A
2132488565,8005277,A
1582751195,5924119,B
2026125198,9886604,C
2028662647,9005126,B
2921030550,11513104,B
2996424139,11443538,B
1991807706,4297615,A
2037034436,7968515,C
2607556181,10342221,C
2982683046,10841183,C
2104160271,7576907,B
2550765437,10953010,B
2606950780,9874202,B
2524976749,10720226,B
2068960993,6775404,A
1994529906,5605155,C
2100768472,6775404,A
2753146975,10258640,C
2913668923,11549121,C
2149926874,8287810,A
2963083708,11583842,B
2205027653,9883258,B
2096431169,9021409,B
2096431169,9021409,B
2062365830,5912156,B
1602446680,7189694,B
2582631566,9616051,B
2021222335,5110732,C
1996456099,7959930,C
1996456099,7959930,C
2043739672,5891857,B
2079469845,9964680,B
2021946498,8519122,B
2086576477,7575751,C
2006931092,6017693,B
1999618736,6017693,A
1976061210,7238862,A
2125091155,9125967,B
1993552877,7204989,B
2006437872,7204989,A
96256813,8518658,A
2039883528,7723045,B
2073409337,8632989,B
2224040236,10501562,B
2160806314,8331632,A
2423381167,10872415,A
2422592703,9886760,B
2783409826,10815280,A
2014204921,8672836,B
2014722142,9166913,A
2950667952,11420154,A
1982599553,8796494,B
1982619421,6010703,C
2738462093,10535514,B
2135816910,7688993,C
2115799249,10339139,A
2122823333,9088778,B
2009995916,9351702,B
2149639865,9907475,C
2009106599,5759796,A
2066208710,6908746,B
2047758849,8300910,A
163994845,8300910,B
2040397005,7617750,A
2008841761,7286485,C
2008841761,7336611,C
2008841761,7277391,C
2008841761,7424546,C
2008841761,7298699,C
2001795010,7277391,C
2001795010,7424546,C
1973148104,7835366,C
1973148104,7860205,B
2001795010,7298699,C
2026982549,7492732,C
2026982549,7656985,C
2026982549,7860205,C
1995891445,7221656,C
2144052782,5759152,A
2143329969,7542793,C
2095928257,9208845,A
2828258977,11280676,A
2028597318,8958999,A
2004564801,5744299,A
207131197,9196049,A
1589967672,8532352,B
2098900647,8241905,B
1753164127,8009887,A
2103928142,6340459,C
1480391751,10114063,C
1941062209,6720830,B
2741130933,11295119,B
2117789065,7252004,A
2949368800,6172235,B
2949368800,6353110,B
2052271656,8045769,A
2013107203,5574186,A
2517294284,10100131,B
2063572247,6143950,A
2951463323,8008090,B
2007006038,7112680,B
2149255217,9031613,B
2149255217,9031613,B
1529501680,5541912,B
2124546478,5115430,A
2128506328,7407831,B
2291115233,10522737,C
2249803141,10522737,C
2093418918,5583238,A
2093418918,5648511,B
2074085602,9711928,B
2121297687,6930182,C
2054744318,6903551,B
2130557256,6420547,B
2140799755,8235906,A
2111319471,6903551,C
2070126926,7252004,A
2142012261,7252004,B
2011789996,10939201,B
1958568464,8538534,B
167247313,5908924,B
1882182318,4604352,A
2140787438,7250288,B
2129745602,5656497,B
2226308158,9778363,B
1968748981,9778363,B
2006868978,8715943,A
2945211721,4946679,B
2126995842,4403032,C
2554856610,10609286,A
2979702796,10957026,A
2962833508,10515460,B
2022838644,4352885,A
1866950804,9012237,B
1963631555,7232659,B
2054068057,9448232,B
2054068057,9448232,B
2073246287,8183025,C
2035015694,8183025,B
2017559538,5795887,C
2107187997,8183025,C
1500058340,10460237,C
2019781203,6124267,B
1641373107,5464778,B
2140449516,6309639,B
2140449516,6177547,C
2524544468,10262424,C
2066167731,5120650,C
2103121679,6640535,A
2883248290,11292783,B
2944080171,10753952,B
2030772144,9273027,C
1986100488,9198989,B
2017802103,9722467,B
2017802103,9722467,A
2058072306,6855838,B
2617693854,11292783,B
1022201698,9700925,A
1022201698,9700925,A
2599984222,11021686,A
1907826581,7544856,A
2012353219,8252287,B
2053983549,6830889,B
1845136592,4994380,B
2060189634,5245180,B
2107093697,8363989,B
1995916095,6278810,A
2946335051,11434250,B
2988876253,11434250,C
3011485080,11319368,B
2015490639,9987367,B
2057498860,6165427,B
2148904550,5437864,B
2276184075,6284726,A
2031736396,4882272,A
1965689146,4594338,B
2785586911,10151701,A
2029744358,8882165,A
1981895190,9956276,B
1981895190,9956276,B
1992571832,9956276,C
1992571832,9956276,C
2574427757,9074000,B
2604801416,10973819,A
2026670733,10912761,B
2318739709,10973819,A
2541070178,10973819,B
2144242764,9074000,B
2407673319,10040865,B
2018708394,5861167,B
2533303882,10348050,A
2595193417,10033148,B
2595193417,10348050,B
2560301374,10348050,B
2096696714,9124066,B
2024944629,9314931,B
2010813320,10032462,B
2040231041,9672834,B
2972422227,11445307,C
6572092,8811701,A
2060678924,4163778,A
2785177470,9945914,B
2785177470,10495703,B
2525398846,9945914,A
2762032850,10050982,B
2121367799,9638705,B
2316754462,10690661,B
2110118801,6376753,A
2803682233,11000810,B
2598347889,10213747,B
2168826409,9050340,C
3006388796,11390800,A
2412749000,9546359,A
2412749000,9546359,A
2148675068,8542950,A
2148675068,8542950,A
1550122207,5316940,A
2105932117,6646167,B
1493284097,6839436,A
2995711654,11608506,A
2407069735,10172880,B
2088998294,8605592,C
2107420231,6897808,A
2007774435,5960032,A
1968534231,7258236,C
2759122578,11047877,A
1600636947,6581106,A
2055435965,5633158,B
2334041562,6522952,A
1983263678,5724460,B
1972783048,9972063,A
2021346124,6015522,A
2200014025,9571172,B
2150599611,9531735,C
2113607428,7370296,B
2125840012,8601418,A
3009351270,11065351,C
2908306313,11021752,B
2528795980,10753795,B
2417977945,10330657,B
2608366244,9953415,A
1971815399,8761376,C
1938513407,5960032,A
2164366384,8457549,A
2747276570,6920765,A
2811650152,7710343,B
2152405638,7920099,A
2137386469,9793967,A
2137386469,9793967,A
1981198356,7612676,B
2539583871,7612676,B
2146872468,8229713,A
2016882668,6475948,A
2086253191,6475948,C
2021474229,9305123,A
2021474229,9305123,A
2595439944,11052608,A
2020082506,7650562,A
2020082506,7549114,A
2561826662,11316758,A
2028621966,6383752,B
2074134575,7884197,B
2030506606,7824696,C
2030506606,8716253,C
2030506606,8030462,C
2030506606,7790168,C
2030506606,7932367,C
2094446044,6294349,B
2094446044,6972180,B
2034186223,6972180,B
2034186223,6294349,B
2092623916,7892594,B
1569892463,7381802,A
2745123992,11612349,A
1591904264,8112257,B
2264187979,6081115,B
1989225237,4838646,B
2092725414,4838646,B
2026813683,8470565,C
2135612713,8563626,B
2003603259,8275721,B
2089185211,5905863,A
2521946006,10145602,A
2309722030,11473079,B
3009270007,11470484,C
2142935497,7827609,A
2556035544,10524211,C
1983441746,9615399,B
2034473939,8212027,B
2625209912,10537403,B
2344262225,10537403,B
2411286836,10239921,C
2404497247,10343144,A
2073448073,8688521,B
2056705371,8521731,B
2175854214,7718687,B
1551041907,7257711,B
2318899903,6869568,B
2041240028,7907327,C
1986083736,6358970,B
2017045083,5973121,C
2138069377,5973121,C
2616233320,6441142,C
1979907501,6441142,C
2073270483,7625936,B
1986875933,5648368,B
2142533666,7933794,B
2318754754,9631204,C
2624436881,11053289,B
2012708443,10047366,A
2752989895,10751549,A
1538776436,7951940,B
1607738763,9920374,B
1950611399,8497085,B
1950611399,8497085,B
2053378324,5721477,B
2229463916,10064578,C
2751507925,10314855,B
2011660888,9619902,B
1730071461,9631204,A
1730071461,10006051,A
2986358342,11039089,C
2980985353,10976816,B
2154440992,8358169,A
2795313425,11011782,B
2938495624,11011782,B
1996166426,5356472,C
2136189954,8044655,A
2105748596,8044655,B
2137563910,4890328,A
2169995814,8630322,B
1981535514,8675699,A
2402539268,10398672,B
2534382603,8213695,B
2504525645,10500164,B
1991551158,9260499,C
2973796336,11046898,C
2143009686,7117423,B
1578194941,7215831,B
2161832202,7117423,B
2171983847,7215831,A
2022591353,6466309,B
2013797091,7394065,B
1691610911,6790657,A
2807756049,10805046,A
2495295603,6668627,C
2059637802,4251995,A
2023766068,6316600,A
2022578603,7511123,B
2057089852,9000003,B
2057089852,9000003,B
2065312163,8367366,A
1996864303,8367366,B
2414102663,10331913,B
2077388406,10351911,B
2024074644,6395066,B
2118757715,5643726,B
2178772393,10131585,B
2067338371,5092346,B
1998676414,10151907,C
2416469573,10151907,B
2137380783,4153932,A
1988917762,9654217,A
2087185239,8224188,A
2140195260,8224188,B
2085689413,9654217,B
960254145,7527931,C
2071595697,5032395,A
1994174872,3962706,A
1998651455,4554060,B
2030829310,4264814,A
2084666874,4554060,B
2898555203,10765720,C
2943676623,10765720,A
2110957600,7452373,B
2110957600,7279183,C
2005876554,6692772,B
2053897416,5418250,B
2084767285,4002912,A
77596791,7678561,B
2029345474,9028433,C
1914908213,8932576,B
2025603271,8921580,C
2135346135,9382281,C
2133485603,7057198,B
2150052195,5142861,A
2406662329,11365293,B
2019435556,7799453,A
2096473247,7134486,C
2088764776,7924003,A
2080612178,7349729,A
2000950207,5900317,B
2113033498,10139333,A
2886461236,11325936,B
2898427751,11325936,C
2322463216,5766851,B
1973327917,5766851,B
1981791972,5877283,B
2053999798,4818770,B
2079952745,4818770,B
1504286848,8986529,B
2314022131,8986529,B
2762706490,10830732,B
2192110567,6653651,C
2060926582,9417311,A
2152403445,8637564,B
2171549129,9275485,A
2171549129,9275485,A
1966444841,10322377,B
2004609943,5700925,B
2006417859,6026412,A
2139603447,8548808,A
1588711600,4110703,B
2945050027,11098096,B
1977950411,9538297,C
1993082588,9538297,A
2115682103,8304421,B
2060742045,5569830,B
1860263029,5569830,A
2473135273,10468119,B
3003673201,11347866,C
2069923299,8196810,A
2007890014,9364669,A
2022870009,9538297,B
2154735180,9364669,B
2103923927,5648212,C
2765723575,10304720,B
2120764900,8715591,B
1967244845,6171880,B
2177211640,6962044,B
2135002785,7630003,B
1566572727,5837441,B
2049961683,9732127,B
1823595194,8108683,A
2069346319,5989546,B
2953662904,10561740,A
2953662904,10195290,B
1989351594,6878772,C
2036961324,10098936,B
1936044326,9925281,B
1936044326,9925281,B
2805503999,11020497,B
2943929512,11518262,A
2029104956,7841718,B
2762318459,11214530,B
2001403648,6995133,B
2033134788,6043072,A
2022206243,4909911,B
2093275945,6407853,B
99606051,6135627,A
2211406265,9902657,B
2108154717,4188374,B
2543160654,5214523,B
2019372559,9453895,B
2321617708,8217060,A
2772468450,10106553,B
2132969117,7264923,B
1979807897,9276503,B
2124866764,7672790,A
1985025296,8520928,A
2734891710,10866298,B
2979513236,10922816,A
2109744329,8181134,A
1576512141,7421669,C
1976838847,6432851,C
2031929702,5238851,A
1121017325,4235886,B
2098560746,8946846,C
2119500477,8946683,B
2001786953,6356845,A
2087225699,6356845,B
1987190270,7235551,C
2612737103,11358947,A
2338947658,9796753,B
2054524095,4405712,B
1990584102,8017170,C
2086124574,5082672,B
1995565872,5082672,B
2108987798,7317005,B
2162094253,6936604,B
2144097210,6348569,B
2065308048,6348569,B
2108959005,9348049,A
2169670869,8615804,C
2111790617,8615804,A
2024203344,6824680,B
1787558827,10005022,B
2082923233,6824680,A
2092165306,8167143,A
2330786690,9452930,B
997973745,9751042,A
1995420962,8167143,B
2086915865,7497950,B
2583584065,11534720,B
2623197127,11534720,B
2753868815,11534720,B
890438156,10197580,B
2310773425,11220717,B
2769110263,11220717,B
2158057034,8995410,A
2124945508,7324442,A
2092851472,10152416,A
2061096832,5439781,B
2027350700,9955480,C
1987201034,10264592,C
2051753197,8183257,A
2031975728,8891767,A
2087619567,7497950,A
2043632914,6824680,B
1983826793,8004884,B
2063563872,8658561,A
2048247538,8658561,B
1984755459,8359480,C
2095433188,8726021,A
2162047604,8359480,A
2034181826,6946211,B
280638040,6946211,B
1583090871,7778419,B
1967184461,8217435,B
2080355472,7553651,A
2091927346,8638640,B
2023325045,8680043,A
2105612329,9548936,A
2128848325,8874262,B
2983539929,4786600,B
2041886889,8874262,B
2085457971,9349911,B
2085457971,8642363,A
2145139054,8557616,B
2081100493,8557616,B
2081100493,8642363,B
2117813135,8557616,B
2052973665,9349911,B
1972691449,9349911,A
2153961385,8044432,B
2000185164,9107617,C
2911115303,11472916,A
2800701703,10370521,B
2953075887,11472916,A
2010262414,9684959,A
2889951254,10895540,B
2143515597,10656515,B
2028752753,5150716,B
2045681806,6487233,B
1636414849,6567436,B
2970512331,10977804,A
2037748322,7438922,C
2947079594,11079843,A
2087600173,5436150,B
2116622258,6096964,B
1741990788,7342170,B
1741990788,7038234,B
2399958287,9785615,B
2039802750,7773721,C
1966492933,7764820,C
2544059123,9696396,C
2015670816,6150817,A
1977293716,5747118,B
2951746672,5316636,A
2036476078,5747118,B
1975417737,6852769,B
2030564544,RE37759,B
2038817390,6080555,B
1973886069,5876965,A
1973886069,6046032,A
1986763150,5876965,C
2000210111,6242426,B
2030741868,4873292,A
2017731106,7764720,B
2070451806,8462426,B
2062387146,7764720,A
2011349869,8462426,A
273807467,9669055,B
273807467,9669055,B
249402774,9669055,B
249402774,9669055,B
1918323994,9669055,B
1918323994,9669055,B
2530307082,11138319,A
2402031099,4857530,C
1999534714,6804553,C
1999534714,6662045,C
1999534714,7020518,C
2011074774,5089630,B
2011035667,7020518,B
2011035667,6804553,B
2011035667,6662045,B
2090081674,6804553,B
2090081674,6662045,B
2790336720,11101379,A
1631146593,6387453,B
2046338040,6503476,A
2082464144,6908470,B
2157513435,6908470,A
2525482964,5565142,B
1965322749,6309833,C
2157266312,5824523,A
2141589508,5824523,A
1600744878,10783900,A
2404856031,10229672,B
2171638900,6100417,B
1580324831,8121347,B
2133566984,6492986,B
2071393510,10576462,A
2078969835,7829492,A
2911251270,10138197,B
2422425949,10822246,B
2084685424,7560488,B
2327552459,10078897,B
2318201504,10078897,B
2129798443,8877119,B
2241811761,7273458,B
2511782286,10010499,B
2124261705,7226439,B
2538211105,7226439,C
2147323866,7226439,B
2793842733,10632013,B
2061496319,8197435,C
2093014785,6503231,B
2098711167,9267946,B
2093413416,9267946,B
1626735991,7653199,B
1992112807,7653199,B
1665316997,7653199,A
20884315,8197435,B
1866599711,10736840,B
1992825921,10736840,B
2115124307,6503231,B
2033688147,8808225,B
2033688147,8636713,B
1977812165,8197435,B
2053414409,7273299,A
2099432644,7618162,A
2963015630,10535000,B
1975649169,8781175,A
69312713,8660342,A
2111872190,5639454,B
1885264728,8383402,A
2397510152,5057324,B
2951222545,5264352,B
2885297700,10611767,C
2313995824,9481678,B
1963865700,9511069,B
2099749788,6420545,B
2075980703,5951163,B
2085026878,5372997,B
2150640504,5951163,B
2622283956,11278645,B
2138702324,8835502,B
2032460583,6140466,C
2001272243,6790941,C
1970850359,9875670,B
831225334,9384371,A
2320897256,9654023,A
1988915307,9654023,C
2075410973,8658616,C
2005850990,8946243,A
2161119706,8946243,B
1524309701,5242673,A
2066939040,8924383,A
2557737001,10705093,B
2589800444,10263308,B
2084630988,7995185,C
1994367938,7995185,C
1966065652,7995185,C
1963495843,8617563,B
2134924597,8617563,A
2048867718,5891857,B
1969445712,10190175,B
2005870584,10190175,B
2075359749,5166942,A
2026190481,10786560,B
2953433552,10453197,A
2040727774,11401321,B
1995810042,6977767,B
2474404457,10375264,A
2016241188,7884193,C
2294873883,9672430,B
2004935008,8628946,B
2001188506,4779980,A
2131421040,4779980,A
1968919006,8263090,C
2991582462,10979361,A
1585168454,8990369,B
2137979825,7913092,A
2828078463,10887167,B
2010907373,7090852,B
2048398646,8616060,B
2111306891,7913092,A
2324777977,9449743,B
1754276576,10137187,B
2966737474,11043040,B
2041662768,9428829,B
2164661659,9364551,A
2321417524,5296793,B
1996600736,9359303,B
1999685882,9359303,C
2119349877,6907516,B
2063623543,6884290,C
1591713043,6884290,B
2342846323,10039515,B
1723887014,6884290,B
2001191688,8658159,A
2129650377,9581595,B
2901716464,10457653,B
2100012130,7838506,A
1608850522,10147630,B
2051214612,6480153,B
2092925070,8207494,A
2048995594,5987048,B
2080499609,5705163,B
2496095505,11334831,B
1517078815,5512658,C
2031702708,9322121,B
2153327918,5317731,A
2103074347,4806494,C
1996493310,5512658,C
2140685577,5512658,B
2087372557,5082927,A
2047985722,5993697,B
2029741544,6559299,A
1971451760,4339269,B
2150417163,6855513,B
1855928291,10376847,B
2537325500,7868506,A
1974702352,9577182,B
2003570488,6869924,C
1990116192,6869924,B
2075487318,7968332,B
2049018532,7329775,A
1841055572,10527502,C
1973035870,5087570,B
2802194646,10137162,A
2063246059,6869924,B
2017915075,6790587,B
2156574707,8614347,A
2008537261,7834779,C
2166644675,6884564,B
2143114114,10603374,B
2996215553,11449537,C
2277594698,10296546,A
2925461120,11449537,A
2061900100,9169383,B
2005936361,7046342,B
2114122047,6295168,A
2046991705,6879448,A
2104566829,6324673,B
2037461268,6415430,A
1997465715,5473160,B
2075876252,7860554,B
2071043694,7860554,B
2023976182,7860554,B
2147197472,5015861,B
2116774777,8384035,C
1974424447,9053832,C
2055088322,9001968,A
2157116024,9224391,B
2157116024,9224391,A
1947145428,9496835,A
2562519351,9914972,B
2004540163,9914972,B
2946726246,11270031,A
144634238,5652190,B
1986702048,7517667,B
2739437116,10603124,B
2120371403,8547374,A
1974404152,6778565,B
2026958216,7106764,C
2008393918,7106764,B
2065068573,6778565,C
2139353945,7106764,C
2116555999,7785607,B
2264757702,9829490,B
2014898138,6391224,B
2015833722,9942683,B
1876044072,4382846,B
2136498995,5256534,B
1556531314,5256534,A
2136619540,7052696,C
1973939475,7052696,D
1995952828,6535817,A
1995219349,6535817,B
2029927335,9628377,A
2094087315,5674205,B
2104450327,8741642,B
2025644461,8741642,B
2086716153,9413528,A
1603948570,9573983,C
2128733072,9611317,A
2742359800,11466341,B
2125626824,7587647,B
1822001265,6481513,A
2156150946,6481513,A
1991493794,9413528,A
2077997060,10107768,B
2158627838,9168292,B
1931453759,5284773,B
2004255221,11429609,A
2206901490,5685267,B
2094902038,8535718,B
2804526737,10239884,B
2072829814,6090960,B
2142809896,4752565,B
2157765554,7808106,B
2053774067,7808106,A
1972690761,8338108,C
1608218663,6503729,C
2985086301,11357886,B
2985086301,11213605,A
2982153410,11357886,B
2982153410,11213605,B
2111315936,8835111,B
2154196189,6575620,B
1916449804,6448923,B
1554607612,5744035,B
2121528242,5777090,B
2105664303,10124051,A
2323883449,10124051,C
2076165096,7214685,B
2036098884,8548294,A
2098756736,7432052,B
2753535118,11441197,A
2012918940,8476264,B
2021444275,6897560,B
2127886711,7061014,B
2785596345,10590060,B
2137800096,8204838,B
2784218102,10867719,A
2119320829,9081817,A
2062100384,5710720,B
2538507104,11432796,A
2185937074,7598199,B
2100417866,8903722,A
2120541556,8323732,A
2016333926,8529790,B
2164940397,6687525,B
1591328192,5468468,C
2094636283,10638962,C
2058654002,7911962,A
2889937008,11529054,A
1967883527,7822694,B
2100582954,7870086,B
2736536606,10621474,A
2094244059,7727952,B
1970666401,7423113,B
2013330879,7423113,B
1551075487,7699819,B
1986042927,8741325,B
2539766987,7983465,A
2538412732,7983465,B
2127858404,6911576,A
2066254477,6265563,B
2317719219,9517945,B
2317719219,9517945,A
2054105977,7985869,A
1987117272,6207159,B
2073484564,8283077,C
2784775106,6783647,B
2052069470,7351488,B
2005304852,8283077,C
2319769579,7735777,A
2512549170,11296244,C
2000340009,9327130,A
2161964161,6156319,B
1537838794,4745182,C
2121758805,8296743,B
2131498141,6928645,A
2109426995,8296743,A
2121018372,6928645,B
1894845554,5149660,C
1986058989,8754190,A
2115826518,8363768,A
2073196202,7644489,B
2069172638,7644489,B
2588813628,11296244,C
2077498495,9731001,B
2047830145,8609100,C
2108330997,8609100,B
2110588791,9435788,B
2688444924,9884804,B
2688444924,9884804,B
2800030655,11286525,B
2087880348,6291626,B
2024147745,6187355,A
2014342925,8750243,B
2329971990,4594628,B
2004241424,10388444,C
2074326483,6207805,B
39353691,9722783,B
2019205130,8111826,A
2086845044,4452776,B
2010823118,4461303,A
2137915125,8392127,B
2137915125,8392127,B
1136136811,11326211,C
2566813231,11326211,B
2140542510,5612453,A
1756332661,6749847,B
2083083078,6175642,A
2199312772,10916331,B
2156905589,8563236,C
1549878987,4361447,B
1964006617,6103527,A
1504979905,6400318,C
2078831729,8867361,B
2148099428,8168771,C
2079208358,6486311,C
2142226096,7476776,B
2125633326,7476776,B
2283008123,9928317,A
2343009464,11003808,A
2977442598,10381024,B
2766033778,10381024,B
2406827245,10526633,B
1914939604,5734019,B
2074599640,6703024,C
2074599640,6699477,C
2025950462,6066471,B
2159919400,5734019,C
1994754263,5734019,B
2148455029,6043415,B
2055166026,5908748,B
2147298843,4986753,A
2122958154,6043415,B
1860006701,6043415,C
2141652106,7879977,A
2046703036,7485708,C
2123994079,6486311,C
2022867458,6486311,C
1582505011,7462458,D
1983538600,6916790,B
2953774170,11358996,C
2779455690,10544197,B
2528522534,10799618,B
2151221351,9968558,B
2804781280,11235147,B
2026223125,8326400,B
2081375377,9726771,B
2081375377,10324204,B
2050921222,5691138,B
1588008705,6995709,B
2756779805,10511853,B
2029622957,8840880,B
2029622957,8809035,B
2082368884,9892811,C
2011424261,7936860,B
2074702672,7074614,C
1975141469,7074614,B
1800991598,7818797,B
2146082061,7818797,C
2103742333,8166467,A
2147877714,8166467,A
2396559509,9676836,B
2396559509,9676836,B
1991260532,11167503,B
2963643748,10579495,B
2214441298,6552255,B
1554884609,6552255,C
2772178953,11241491,B
2041380706,9279816,A
2049520156,6552255,B
1981013532,6645715,B
2111145925,6197935,B
2096913263,8728738,B
2157271057,9891207,B
2157271057,9891207,A
2163635701,10416216,B
2116173871,7723104,B
1556316846,6386632,B
2323804625,10229630,B
2596908440,11440951,A
2261715050,7979214,B
2944286011,10807990,C
2153113365,6674484,B
2169943951,7339440,B
2006310244,8154354,B
2121343131,8390489,B
2404262786,10640570,B
2109003578,8629245,C
2109003578,8629245,C
2263141151,9725381,B
1204516837,9725381,B
2507697567,10053400,B
1994344114,9608146,B
2076859341,8129152,B
1966241365,7862530,B
1608295003,4489027,B
2160950528,4497935,B
2054441889,8626353,A
1997561118,8626353,C
2071170849,5097012,B
2523824143,10053482,B
2522051694,10053482,B
2064069756,6653443,C
2012816540,7226741,B
2012816540,6653443,B
2074161159,5889139,A
1970514524,5015851,A
2032782882,4143134,B
2058251054,8486974,B
2977332248,10891110,B
2265998757,9957273,A
3010660994,11045792,B
2056767611,7164330,B
2152979089,7164330,A
2789992655,11561223,B
2145848895,6807306,B
2124660252,6072542,A
2105798631,7051271,A
2498929449,10639744,A
2023537782,4021726,A
2037331283,5227725,A
2137393530,7550424,B
2102434283,8174568,B
2023205884,8305430,B
1966044240,8174568,B
1990103805,9495783,B
2184792990,11239634,C
2374532636,10482392,A
2039626440,9116246,A
2039626440,9116246,B
1994404281,8680469,B
2590466527,11239634,B
2051458333,9412484,C
2052319966,9412484,C
2077736925,6807133,B
1988797644,6524766,A
2114172921,7472038,B
2320400930,8552143,B
2318394663,9597656,B
2335561961,9096437,B
2594892890,11504154,C
2080106067,5903390,A
1973011657,6532380,A
2096276710,5586201,B
2527107606,11504154,C
2056757387,6532380,B
2405147607,10078118,B
1966058649,8208746,B
1966058649,8351726,B
1966058649,8204330,A
1972730508,5448170,A
2116763342,5792621,B
2119697070,7081433,A
2119915144,6882704,C
2026797150,6882704,B
2077025527,5128250,C
1989087169,5116751,B
2069632591,5336496,B
2113259749,11083783,B
1532887936,11083783,B
1967960338,9200259,C
2164978432,9200259,C
2128590330,9730898,B
2128590330,9730898,B
2099434315,5366896,B
2616053846,10197486,B
2140081727,8574548,B
2140081727,8734760,B
2557745710,10249318,B
2135509476,5327086,B
1978543626,5285156,A
2014946815,5285156,C
2140550951,9086465,B
1982047918,5285156,B
2121138403,7666463,A
2107525534,9858389,B
2079474135,5545537,A
1983657802,5359034,B
2600496674,10196746,B
2974441886,11514301,B
2915529594,11433132,A
2511536143,11527692,B
2594547304,11527692,C
2599794881,11527692,B
2328074743,8587294,B
1971268196,9730029,A
1971268196,9730029,A
2581153077,10448588,B
2407128237,10511061,A
2048169030,4487988,A
1975454520,9761789,B
1975454520,9761789,B
1171402553,10144433,A
2982616000,11063475,A
1856680051,8961925,B
2033963042,9759731,B
2131250527,7627067,B
2044678933,9267112,B
2075776686,5007708,B
1980223267,7157443,B
2752487640,10426809,A
2725862715,10426809,B
2514311135,10426809,A
2001989331,6531305,B
204105600,6148095,B
1483912770,5859102,C
2146408743,8249807,B
2024463196,8197539,B
1973456594,8197539,B
2316539699,8657027,B
2090638558,5866777,B
2044491356,7740088,B
1997370579,7902943,B
2026760689,5959093,C
2907673944,10953114,B
2146325332,7241622,B
2504527523,10654801,A
2064080946,6662128,A
2147361695,7617080,A
1985808161,6662128,A
1983234044,10139388,B
2534499716,10477031,B
2060531062,9497714,B
1971642868,9497714,B
2039018957,5517016,A
2106834701,6160131,A
1576613078,10450750,A
1483742899,7437611,A
2016479931,6003321,B
1970252775,8290565,A
2071128130,9424094,B
2134775417,7487537,A
1979337702,6759517,B
2014825765,6581102,A
2765706718,10133092,B
2765706718,10823982,B
2566832827,10133092,B
1971768397,9219466,B
2540924929,9294069,B
2540924929,9294069,B
2150625778,8178727,A
1569822000,6184682,B
2034317417,8615285,C
2034317417,8281663,B
2026677775,8971602,C
2085098481,7991449,A
2020904418,8165673,B
2048174206,6329819,B
2048174206,6647134,B
2048174206,6307369,B
2048174206,6184682,B
2048174206,6265874,B
2054042216,5363844,A
2042399828,6265874,B
2769516383,11543481,A
2000178442,6307369,B
2623273860,11043785,B
2749350844,10338315,C
2011179337,8315958,A
1943330140,7424218,A
2204303246,9183598,B
2204303246,9183598,B
2072963066,9311380,B
2120458329,6813607,A
2024002477,8560505,A
2892165678,10560530,A
2915048622,11071038,A
2809215053,10811073,A
2521075965,11589802,B
1999367645,5182193,A
2523810481,9894890,C
2523810481,9894890,C
2040126490,9449377,B
2040126490,9449377,B
2624758906,11327041,A
2200245088,11327041,C
2003622012,7928983,B
2542276916,8483450,C
2542276916,8724857,C
2290639651,10311286,C
1517176639,7001738,A
2006616207,6793496,B
2765647682,10507005,C
2044454437,7885372,C
1550704818,6014686,A
2054348005,8600674,C
2034006723,8911644,B
2130022329,5729181,B
2001220467,5312871,B
3023242395,5312871,B
2134567113,10081005,B
2087069040,9289510,B
2092767733,9289510,B
2136951906,6780810,A
2028305454,4448693,A
1971430341,10092662,B
2092561677,10092662,B
2156175226,9809528,A
2075478988,8350066,A
2122529145,8391164,B
2073214264,8645412,B
2073214264,8868599,A
2053246435,9755292,B
2118025948,9126876,C
2118025948,9126876,C
2527897048,11154407,B
2083805576,7255985,B
2065571542,8689767,B
2065571542,8689767,B
2089826300,8689767,B
2089826300,8689767,B
2079919603,7255985,B
2120365277,7888112,B
2114545442,5116471,B
2022287033,5116471,A
1987026189,5089099,A
2952207688,5438143,B
2040437764,8956612,B
1598588503,5981211,B
181323322,5981211,B
1965739711,4732756,A
1984202680,5646404,A
2029178212,7889922,A
2075881245,7724954,A
2080604034,4945057,A
2024635028,10109048,B
1983333064,8718341,C
2026195872,8894997,B
2026195872,8894997,B
2139739677,7252951,B
2062400828,9260479,A
2001988281,4795815,B
1980693559,7361412,B
2007380163,7361412,B
2327353813,4848983,B
2141759095,5011938,B
2165741029,6303920,A
2079241389,6303920,A
1999974616,6287762,C
1989005340,7361412,B
2142866567,9658442,A
2085851286,7598341,B
2008274264,7136170,C
2093650426,9050586,B
2057331388,9339216,B
2086626257,6186938,B
1523741989,4745976,A
2004080243,5900515,B
2088467913,5900515,B
2119737944,10444226,B
2159295592,8940286,B
2021161919,10175368,B
2588805164,10400262,B
2151263439,10137306,B
2760897957,10388285,B
1926387934,10842388,B
2287658627,10413901,B
2203737482,10299736,C
2898962197,11547326,B
1994910752,9097708,A
2002944156,7488481,B
2526177807,9968653,B
265004962,5789154,A
2108579342,6086748,B
2509584579,5402363,B
2023815439,8935102,B
2164058808,7333729,B
2594152625,11078468,B
1987449777,8753862,A
1971623565,6262946,C
2043910420,5319977,B
2156690225,6958255,B
2078318663,7741686,B
1528806418,6958255,B
2154140185,8318419,C
2008403913,7459137,B
2047004000,6208900,C
2317242391,9506848,C
2092946214,9506848,B
2043044857,9486883,A
2073873353,8367077,B
2333590739,7930150,B
2039851716,10046284,B
2502062113,10046284,B
1986821647,7874407,B
1975121704,8311705,A
2010653472,8573534,B
2024556623,5556896,B
1992098565,3972774,B
2963553839,11578411,B
2954047626,11578411,B
2139950567,9487534,C
2724500892,11403752,B
2133718879,10314917,B
2129981175,9799098,A
2763379279,11400079,A
2140916396,8592226,B
2129003708,8625551,B
1584601394,6178450,A
2536806372,9368124,A
2012470197,9368124,C
2560511456,11530394,B
2043229054,4113711,B
2164757273,6884438,B
2323084148,5103018,B
2185061936,9384560,B
2028057242,9384560,B
1842589914,7742806,B
2054987590,9580826,B
2347107477,10995317,B
2612139275,10995317,B
1993289002,5998361,C
2021975670,7098016,A
2467593680,5378819,B
2087151511,5378819,B
2074084429,5883076,B
2098253677,8337594,B
2946006574,11130945,B
2113889581,8275200,A
2146746130,7237721,B
2108024794,9150762,B
2064397833,9644119,B
2808232574,11191721,B
2123733913,7008782,B
2170938576,7517528,B
2470355596,9881413,A
2133125158,10280208,B
1978038691,7940387,B
1978038691,7889334,C
2135715463,7940387,B
2165555463,9381477,B
2009129758,8366630,A
2002552626,8945935,B
2085765660,9528979,B
2782787235,10724089,B
1999324708,6057348,B
2624934173,10449205,A
2624934173,9918994,B
2769806525,11575987,B
2442747803,10696947,C
2047796161,5955096,B
2005401885,6605280,B
1906667724,7101689,C
1980368409,6605280,C
1997884858,6605280,B
2081810151,8392351,A
2003220541,8290884,B
2027300306,7279500,C
2169521061,7279500,C
2913539857,11477039,A
2052319496,7279500,C
2047603836,6165731,B
2324613276,9659252,A
2594882747,10822589,B
3023211965,10794898,B
1603728330,8761510,A
2117538598,8285709,B
2041780659,9477708,A
2060419519,8285709,B
1582978016,7027980,A
2133926609,7792670,A
2128648204,7490036,B
1979456093,7259286,B
2087346343,9181281,B
2983016709,11331371,B
2529007059,10093806,B
1988204695,9484747,A
1988204695,9484747,A
2096596928,7475292,B
1991828562,9484747,B
1991828562,9484747,B
646749919,10250035,B
2075070056,5854247,C
3014278982,10934536,C
2070885678,7414106,A
2734641604,10252073,B
2118758051,8716669,A
2997615262,10974059,B
2767121701,10252073,B
2040648721,10238886,B
2029932629,8729258,B
2010449883,9493890,A
1987424526,5317103,B
2030966680,8565850,B
2479356191,10325370,B
2069092801,5185438,B
1994899810,9540612,B
2890049554,11204274,B
2906141651,11204274,A
2055269515,4869109,A
2082956161,5986080,A
2002444837,7977054,A
2087961443,7977054,A
2130601386,7000205,A
2163902997,6308304,A
2264187324,11420910,A
2103126253,9595257,B
2103126253,9595257,B
2169705332,9595257,B
2169705332,9595257,A
2101854866,6130903,A
2065923345,5864806,C
2009774095,7226768,B
2102780391,7266223,A
2102780391,7280676,B
1991620112,7627145,C
1991620112,7599523,C
2094000177,7526111,C
1999498672,8304525,A
1629830706,8283325,A
1994846293,8579235,A
2045741785,5017491,B
2073630189,8260009,C
2137853755,8260009,B
2962887591,9686358,B
2962695498,9686358,B
2963364234,9686358,B
2891529989,10785127,B
2004663030,4996191,B
2167930104,9523718,C
2041155130,5260414,B
2888386623,11598769,B
2108557980,9063762,B
2108557980,9063762,A
2047572892,9390292,A
2004793313,8533548,A
2319663829,9868094,B
2019185749,9026981,A
2048286838,6221154,B
2046723419,7647210,B
2021472873,6224921,A
1993003751,9722636,B
1993003751,9722636,B
2086244028,7745248,A
2026151438,9242273,B
2157007134,5319977,B
2123224401,6262946,B
1546777811,6958255,B
2171316581,4620443,A
1603441840,5619476,A
2770468852,11305133,B
2768728910,11305133,A
1555194327,7615834,B
2096376772,4503708,B
2131756766,5469742,B
2072155155,4875218,A
2035512944,6141476,A
2725040470,11017880,A
2594388103,11124577,B
2548136148,10016486,B
2152278126,7914802,B
2103807618,8050737,B
2146028899,6706481,C
2022056231,9445605,B
1737552634,9863929,B
2741771015,11066479,A
2526039053,9932406,B
2058388773,9206257,B
2272665585,9803022,B
2134585009,9416190,B
2171380576,9394364,B
1515712242,9556118,B
2576519591,10246414,B
2120540733,7465573,B
2536818565,10858316,C
2277797998,10858316,B
2539099060,10961214,A
2049937328,4447732,B
2009786431,4486665,B
1981407745,4997828,A
2065795307,9353396,B
2394673797,10129022,A
2016618130,10086075,A
2119505328,10266820,B
2029989267,10266820,B
2023179512,9794702,C
2023179512,9794702,C
2154835276,10072036,B
1641150516,10225199,B
2935739645,10587999,A
2304431002,11032179,C
2804183850,10587999,A
2939405790,10587999,B
2939405790,10327123,A
2776048789,10511402,C
1974392344,4139440,B
1968692601,4139440,B
2021238384,4139440,B
2037695155,7485730,B
1989779897,9301680,A
1971139501,9294190,A
2292056657,10175115,A
2107628060,6304294,A
2077421604,7718603,B
2077421604,7528174,A
2090984079,7718603,B
1992166236,5262968,A
1990481999,5426785,A
2018786187,5262968,B
2031256126,6463312,B
2005856630,5246842,B
2105471555,10680403,B
1547373640,10680403,B
2161258082,9789239,A
2058273801,6985763,B
2320560347,10421725,B
2740258389,10766855,C
2081096716,10525162,A
2043373175,11186887,B
2035763759,5440661,B
2015699295,7442782,C
2592009960,8969524,B
2086563519,6821254,A
2164854110,6171257,C
2307044127,9850268,B
2899503265,11178859,B
2630923131,4976780,B
2426479818,10208300,B
2462096759,10298236,B
2735736138,10298236,B
2947737686,11613743,B
1988090160,9182519,A
1999657923,7335897,B
1984603194,7335897,C
1982213356,4950590,C
1996181797,4950590,A
2169932359,7623071,A
2795272742,11005023,B
2033575402,7358497,A
2116079385,7358497,B
2132552671,8084128,B
2060956631,6947885,B
2068537423,7729918,B
2050523636,7574362,B
2132238464,7729918,A
2034948999,6684375,B
2797323676,11422094,B
1877482452,8589736,B
2009848416,5767108,B
2067467185,9562487,A
2088151540,9562487,B
2075433236,9562487,A
34177217,5369008,A
2039408875,6331690,C
227459124,5252684,B
2048109527,4743445,B
2982851192,11562807,B
1494714087,5961984,B
1136286326,10287565,B
2007135089,5210421,B
2007347214,10927412,A
1913544933,6985763,A
1965014434,6216021,A
290714950,8094915,B
1963717053,5861627,A
2137708766,6381349,A
1970759812,4984159,C
2042393919,5596100,C
2952757530,5233059,B
2950824957,5401888,B
2122161869,5822222,B
2008724537,4520207,A
2414249360,9785548,B
2414249360,9785548,B
2167598841,9043363,B
2105055683,7328316,A
1490590586,7254597,A
1490590586,7908441,B
1490590586,7194495,A
1490590586,7299242,B
1971097218,9424080,A
1987210188,9343790,B
2097968564,9343790,B
1987221939,8295935,B
2017104164,8295935,C
2603788471,10577983,B
1999664306,7509870,C
2107150212,7685365,B
1648707267,5439809,C
1987198752,7611508,B
2115774540,7611508,A
2093977894,6197139,C
2014407475,8293498,C
2030540111,9273289,C
1998043623,6916838,C
2098693002,8440456,B
1985282072,6803225,B
2040278274,5169773,B
1970363544,8539450,A
2152777241,8185875,A
2123046580,8012517,B
2048886760,6841669,C
2076758171,7709031,B
1989551191,8817859,C
2073726267,7180602,B
1507799966,4346073,B
1970221856,8440456,B
2111449475,9523131,B
2111449475,9523131,B
95350114,9523131,B
95350114,9523131,B
2598477322,9006200,B
2903859834,10364271,C
2903859834,10570175,C
2903859834,10450346,C
2315179367,7302392,B
2051762105,5464754,A
2580674650,11020730,B
2023525491,6844850,B
2028248302,6097835,A
2084584909,5162222,B
2060658253,8846373,B
1922019985,7550489,B
2149961418,9816107,C
1974512982,8846886,B
2060378387,8551526,B
2327462989,9333217,C
2521990769,8691507,B
2521990769,9175331,B
2064494688,9333217,B
2207845716,8691507,B
2207845716,9333217,B
1996822660,8551526,B
2486458103,10522884,A
2791325235,10493373,B
2791325235,10456780,C
1718335061,7020561,A
2139717510,6689574,B
2095297110,4961228,A
2013239325,10144976,A
2080791656,9457045,B
2080791656,9457045,A
2260943715,9885018,A
2805979385,10519423,A
2756448128,10485881,B
2752080896,11559591,A
2894805846,10485881,B
1882003315,10111963,B
2108260939,8764678,B
2077620241,8764678,A
2128342616,7212851,C
2955983025,11579051,B
2027381426,7291653,C
2766028652,10767062,B
2008503144,6696576,B
2255008614,4014991,B
2098654953,4014991,B
1984397028,5266313,B
2036383482,6518316,B
2064127231,5556762,B
2902438162,10892399,A
2160002736,9818514,B
2143329135,7569547,B
2065108032,6891046,B
2076187424,6891046,B
2164671134,7817817,B
2152053410,7817817,A
2086751230,6951694,B
2112270062,10545133,A
2143363296,10545133,A
1964442943,10545133,C
2464856455,10732214,A
2481755018,10732214,B
2037742896,9615735,A
2901453036,11227367,A
2141711229,8086438,A
1965483043,10493037,A
2150898533,7074616,C
2059530986,10137011,B
1969437976,10137011,C
2095376192,6656907,B
1942111791,6656907,B
1981329238,6693182,B
2590662779,11373278,B
2069401153,7601325,A
2952254242,5017356,A
2085463533,5340814,B
2022578092,6482444,B
2154711531,6482444,B
2040415177,7300994,B
2594753755,11088392,B
1976029957,7285373,C
2591549032,11279780,A
2162099246,6787624,B
2035961779,7344875,B
1600928034,5976830,B
1989079184,9856482,A
2767841061,10436789,B
1525883576,5071963,B
2709477493,6953607,A
2085640583,6953607,A
98489869,6509397,B
1506934002,6426187,B
2016919291,4693994,A
2581041160,11480398,B
2007408534,9903536,A
2075655999,9706314,B
2141042450,10980804,B
1999019277,8735074,B
278605720,4970653,B
1992682085,4970653,B
2555495562,10436793,C
2177419178,9397613,A
2175623134,9634610,B
2175623134,9634610,B
2098907338,9197221,B
2098907338,9197221,B
2152182721,7904443,A
2125021515,8442073,B
2166791809,9770471,A
2144993965,9517223,B
2075753472,9367346,A
2030338356,10053733,B
2061251909,6844924,A
85660028,7160898,B
2071669912,6692743,B
2142861223,6692743,B
1975930441,9798780,A
2016428178,9072808,B
2033748653,4976265,B
2112848669,9962690,A
2804855082,11244475,B
2895344848,10726313,B
1984052581,7888374,A
2107165730,5664016,A
2123524906,10019833,A
1980249738,8184215,A
2921062674,11070141,A
1975204978,8460647,C
2091204926,8512714,B
2030779361,9087377,C
2030779361,9087377,C
2949063270,10434077,B
2246401730,10434077,B
2319553673,10983121,A
1971928770,5385826,C
2153363081,8626495,B
2963490371,11082780,B
2535344757,10284970,B
2403830142,10284970,B
2106447003,6662161,B
2167018101,9577433,C
2092962524,6706528,A
2770046552,11504414,B
1966156851,7888345,B
1965612891,8273749,C
2058579117,7542545,C
2919056496,11298096,B
1979662898,4476062,B
2110506063,4381391,A
2006881766,4367329,B
1974055763,6831990,B
2099827551,4252937,B
2066002159,8501031,C
2008969831,9923136,C
2008969831,9923136,C
2564816919,10811593,B
1974345169,8440844,A
2050474514,8530707,C
2950043957,8558010,B
1991932098,8907546,A
2060604102,8501031,C
2953449464,11056448,A
2534454057,11030348,A
2955225240,11409142,B
2313576768,10336661,A
2754127973,9831847,B
2590315573,9831847,B
2407917029,9685910,A
2407917029,9831847,B
1555736993,8362445,A
1999684414,5254546,C
2281861932,5354867,A
2317158515,5666770,A
1968530502,9655377,B
1976757942,6004799,C
2015586442,5185760,B
1999226079,9169540,B
2022436613,9739616,B
2105072006,5457706,B
2020481873,8815566,B
1986078859,6071533,B
2012451621,5196144,B
2111485638,6018098,B
1491676439,4009446,A
2087847404,5648061,A
2079984011,11141730,C
2022726821,7830085,C
1978394461,8076842,A
1967473238,7935961,B
2084976638,7078261,B
2171558776,11141730,B
2606470863,10518230,B
2158636026,6855317,C
2146210286,6430580,A
1998569509,6490599,B
2163899339,6148310,A
2566739873,9678824,B
2566739873,9678824,B
2092752195,7078041,C
2134577314,6148808,B
2107210296,7582896,C
2093984735,7326957,B
2050410917,5081105,B
2792381036,10580171,B
1972638838,7738097,B
2144008063,5081105,C
2141610814,6009176,A
1591954407,6578144,B
1601946101,8422681,A
2309592339,10127675,A
1978078306,10540762,A
1963975500,4150290,A
3004883066,11407816,B
3004883066,11242378,B
3004883066,11242379,B
3004883066,11254732,B
3004883066,11407817,B
2138095279,6835394,B
2131737701,6835394,A
2132882223,9462812,B
1976319891,9326008,B
1976319891,9326008,B
2563485470,10946042,B
2540186218,10946042,B
2393734355,9944933,A
2102369126,9978413,B
2102369126,9978413,B
2762722641,10665329,C
1990895728,10190144,C
1974215031,8980593,B
2029816065,9074002,B
2147439784,6673770,C
2287553709,10067960,A
1969567795,9581514,B
1991309494,5966393,B
1968534071,7830085,B
1984906485,8076842,A
2133792735,7782361,A
1570522649,5004693,B
1923040955,5037742,C
2086968896,4645755,B
2021583151,9285319,B
2021583151,9285319,B
2138561778,8613934,B
2081427397,8673557,A
1994725092,9837702,B
2130454879,10092632,C
2166814705,5922855,B
2084659024,6490599,B
1997038017,5922855,C
2077338870,9715300,B
2611257466,10635291,A
2793749862,10859648,C
2109677301,8799280,A
1974893432,9724365,C
2139348704,7161062,C
2053808754,6639129,B
2018377452,10218006,A
2079190083,9899687,A
2080963187,8803742,A
2007770502,9082307,B
2107436758,8786497,B
2050000334,9019160,B
2050000334,9019160,B
2756342836,10677708,B
2314636543,8239139,B
1988933211,8234078,B
2105656997,10752966,B
2071556727,6071376,B
1966390229,4443222,B
2142775113,4472167,A
2053074791,9346013,B
2046825626,9346013,B
2909930801,11283238,B
2037767012,8841548,B
2117821761,8513151,B
2038373076,8513151,B
2023931724,6616913,B
2023931724,6156294,B
1968393015,5916563,C
2126018089,5449608,B
2046768926,5508186,B
2055430157,9005890,A
2141373718,8215171,A
2745028014,10463878,B
2119590858,7568377,A
2088448753,9005890,B
1992109659,7568377,A
2039846758,8215171,A
2070424864,9095610,C
2082884007,9028829,B
2587349459,10894722,B
2554856082,10641524,B
2461424192,10641524,B
2093700058,6692791,B
2971472139,11499943,B
2086738240,8089196,A
1483835552,8691579,B
1483835552,8709800,B
1998016122,7332589,A
2080695431,8691523,C
1547497405,9533013,B
2123128269,8691523,B
2015819404,4759850,B
2022180529,4814084,B
1974480600,7761403,B
1974480600,7177855,B
2005714810,8271132,C
107596469,8271132,C
2119075805,8271132,B
2790304925,10511534,C
2736281236,10511534,C
2509293655,10301659,B
1524149156,4707358,A
2154128794,7993869,B
2159400887,6949342,B
2109363337,6647341,A
2137476312,7105293,A
2122599407,6647341,A
1970522686,6015869,A
2009341597,5469369,A
2122128696,7324926,B
2032456877,8613983,B
1504614629,8165855,B
1968650514,8613983,B
2325078608,10617711,B
2966768869,10723694,B
2727441399,11566064,B
2101390214,5541060,B
2114850263,4091133,B
2151815187,4129836,B
2016281732,9549249,C
2057747651,9677056,B
2057747651,9677056,C
2481191400,10046026,B
2145493570,9149503,B
2056846040,10260866,A
2546698177,10808239,A
2462904652,11229714,B
2084736735,7510659,B
2797421662,10141865,A
2774171833,10141865,B
2513230255,10808239,B
2774808722,10141865,C
2286416783,8476419,C
2004020904,8476419,C
2347077816,10067247,B
2133557197,7561558,A
1917595211,10695474,B
2143720355,8897873,A
2143720355,8897873,B
2139284931,8897873,C
2139284931,8897873,C
2755753067,10591390,B
1994120487,8203627,B
2064873440,8203627,B
2167719770,8501195,A
1987630964,8501195,B
2025850420,5484610,C
1666983619,5344722,A
2016745966,8846387,B
2089534896,7972856,B
2102578168,9451917,A
1965598878,8455014,C
1965598878,8455014,C
2965939114,11008368,A
3016855528,11008368,B
2062150933,7655161,C
1972361549,7648556,B
2003097513,7655161,C
1775999962,11376329,B
2605684940,11243208,A
2023106581,5026826,A
1968944699,5206140,B
2962739339,11030414,A
1976249944,6152883,A
2108162970,8976977,C
2108162970,8976977,C
1793938508,5770435,B
2520139978,9887747,A
2520139978,9887747,A
2017456980,6576777,B
1991361085,7691591,B
2070743700,8263664,B
2067532740,6103865,B
2118411153,7951846,B
2347177733,10806746,B
2047548456,8263664,B
1985485626,7786220,A
2147472368,7894298,C
2226068699,9710925,A
1989854445,5402785,B
2123573631,7603709,B
231508729,4659669,B
1982832403,9513194,B
2030144139,7485721,A
2080731306,7485721,B
2057525479,7667203,B
2075810920,9847262,B
2509949078,10460141,A
2043522102,7807825,B
1961139916,7807825,A
2150233505,5102995,C
1517676588,5102995,A
2982666087,11277633,B
2890684145,11277633,A
2051515789,5193097,B
1724747758,10153058,B
2935085295,11232212,B
2410067170,10053472,A
2066569239,9512087,B
1972167418,8129369,B
1977067479,9321866,B
2095395718,9935240,B
2083253728,7951300,B
2122068908,8676744,A
2111508559,9004201,B
2734462149,10422054,B
2553774099,10842796,C
2076084923,9314330,B
2076084923,9314330,B
2059772445,10151649,A
2003368278,10271780,B
1971955395,9481885,B
1971955395,9481885,B
1973712395,8168854,C
2093557716,9006190,C
2119017522,9249468,B
2119017522,9249468,B
1986756287,8778676,B
3000369826,11371394,A
1986560237,5192668,A
2145224502,8685415,A
1984895721,6679861,A
2341380235,10759715,B
2004249506,10614126,C
2075590997,4196265,B
2340779338,10221172,C
2098978690,8912336,C
2995163334,11543571,B
2030897668,7520856,B
2460760509,9712239,B
2518246018,9712239,B
126943698,8715194,A
2101088230,8658650,C
2057181663,9029563,C
2607398836,10342782,C
2752234465,10169873,B
2282608838,9652846,A
2793678581,10592779,B
2100007281,8712122,A
1489846501,8137283,A
2706946672,10327724,B
2097245801,9053551,B
2097245801,9053551,B
2807700480,10531807,B
2090605921,5845288,B
2142410562,8137283,A
1971985463,7945658,A
2023204304,7043082,A
1928461943,5953451,A
1983499166,9641882,B
2078496230,10334299,B
1996181407,10127346,C
2431732335,10169873,C
2140544742,7386568,B
2009332535,8447785,A
2155497143,7570944,B
2102775535,7658119,A
2102775535,7878075,A
2029333060,4675853,A
2123662892,5775330,B
1979319235,7136759,B
2150048503,5680866,B
1967971484,9024335,B
2010475544,9024335,A
2462878427,10145518,B
2050882455,5134961,B
1550582996,7720305,A
2324379552,9968698,B
2088653799,8580104,C
2953202879,4966909,B
1993419508,8580104,B
1986210607,8709223,B
2795198377,11155595,C
2916397957,11155595,B
2138084972,7364868,B
2168780924,7452534,A
1910353902,5155020,A
1990626907,5514375,B
2000987249,5514375,B
2028160533,5503834,C
2013152452,7452534,B
2079440940,7033589,B
2108610096,5204243,B
2107419870,7255862,C
1572779399,7202339,A
2029353051,9222877,B
1988851070,4776322,A
2169309588,10576326,B
2040996256,6441186,C
1973921862,6965381,B
2088997772,6965381,B
1970188810,9349946,A
1970188810,9349946,B
2103205980,7256323,B
2069178599,9638703,B
2065056509,5961974,B
2087352720,6923570,A
1923784894,7031870,A
1973308713,6825216,B
2016947895,6930103,B
1965178151,7514423,C
2067492735,5961974,C
2090126168,5053232,B
2611803514,10912858,A
2030239105,5744140,B
2159997200,7046300,B
2021437674,7046300,A
2170174999,6362322,B
2131154911,6574104,C
2996883050,11373438,A
2008332933,9371277,A
2008332933,9533947,A
2526034737,10368846,A
2024846792,4384936,B
2532624923,10307141,C
1990268331,4297173,C
2067658327,3957545,B
2170972419,8623376,B
2162081800,6091556,B
2023935140,5614612,A
2314419084,9125415,A
2032505485,5223479,C
2097390106,9134236,B
1966679468,7630943,B
2069100373,7956989,B
2083266097,9612245,B
2007072510,8435487,A
2077561133,7956989,B
2070354369,7956989,B
2786042257,11555055,B
2039207244,9611455,B
2783967412,11594723,B
2125764597,5909466,A
2153476743,7251274,C
2153476743,7561647,B
2250489232,6614566,C
2165209993,7408040,B
1952983460,6419404,B
1963721680,7105832,B
2171231808,8724728,A
3008982455,11336883,B
2117780537,7995670,B
2139378390,5994066,C
2025343898,5613253,A
2045214181,9603877,B
2123184878,6829374,B
2326150569,8920673,B
1989765308,6036941,B
1545395016,10960218,B
1971264852,7082749,B
2180028056,7587887,B
2142004558,9101769,B
1972018315,5149628,C
2091830776,5198338,C
2057419005,9481885,B
2057419005,9481885,B
2077516186,8168854,C
2130959624,9249468,B
2130959624,9249468,B
2027096848,7728189,C
1993598575,8168854,C
2620838827,10429435,A
1998014948,9270446,B
2144027211,9531633,A
2144027211,9531633,A
2613112576,10405191,A
2910711839,10178538,C
2562765729,10439890,B
2810094722,10235642,B
2011726748,9974094,A
2785329097,10588033,A
2755788272,10824475,A
2875461843,10178538,B
2292074435,10367701,B
2462441505,10143693,C
2482654517,10308656,B
2315225663,10308656,B
2395734007,10296382,A
2751615371,10401294,B
2288135812,9518995,B
2088806402,4533252,B
2048824373,4533252,B
2123643472,7187485,B
1979514275,5565866,B
2115684190,6236344,B
2120228084,6236344,B
2111600381,9914756,C
2143612200,5880689,A
1992856211,5364868,B
1988096704,5089397,A
2139473184,8362618,B
2011038603,8362618,B
2058282938,5586195,A
2331528766,9421521,C
1670456408,10762437,A
2757195057,10405191,A
2154594151,8609406,B
2805279773,11026641,B
1997579527,7617102,B
2092515771,8680176,B
2175312160,7587887,C
2095436988,8083990,C
2760335896,10559061,B
2103250882,9613324,B
2027058958,7435740,B
2026674145,9163216,B
2026674145,9163216,B
2168994208,7807161,B
1916363698,10292645,C
2344814834,10292645,B
2032988849,10755220,A
2544734676,7706872,B
2106548533,8386187,C
2106548533,8386187,C
2013307657,7976800,A
1974919269,6582960,A
2134171861,8442839,A
2127461687,8442839,A
2127918208,7263486,C
2115856579,7664644,A
1993968118,8717210,A
1552818321,6613962,A
2139373056,8343481,B
2524496780,10908076,B
1164911982,9983123,B
2079973970,7238800,B
2551571666,11449744,C
1900116963,7292982,B
2140881187,9064006,B
2991348673,11513052,B
2030272841,6845137,B
1994644247,6845137,B
1578182855,7153535,B
2170800565,6433931,B
1985184127,6433931,B
1965478714,6288054,C
3021185062,10961306,B
2046832808,9512209,B
2065403797,8685400,B
1966634013,9512209,B
2012789061,8685400,B
1981577958,6476192,C
2085209565,7244708,B
2345988829,9499558,C
2345988829,9499558,B
1548797188,7244708,B
2045545966,7879337,C
1917284305,5403582,A
2119359230,10989810,B
2903345161,10977831,B
2022685230,6219578,B
2170419238,9056899,A
2145789959,9913862,A
2113018061,8810666,A
2071070138,5780024,A
2033287927,5401650,B
2055049254,8353833,A
2015023291,9600723,B
2041896408,8442776,A
2041896408,8442776,B
2072444542,5202501,B
2031215908,10213476,B
2030850255,9630992,C
2001811961,8442776,B
2001811961,8442776,A
1977627070,6842502,B
2780012455,11504075,A
1976215100,9087224,A
2936557804,11508386,A
2008759459,7592322,B
2191152700,11031641,B
1967920635,8270527,C
2110576705,6987747,A
1493372914,7333538,C
2008693147,7485211,B
1977487743,8758951,B
2036523820,6627454,B
265794180,8868373,B
265794180,8868373,A
2086926157,8990760,B
2562236146,11385307,B
1975104474,9556088,B
2179102785,5263325,B
2044004015,9037113,A
2149049392,10531922,A
2080892289,6906205,B
2967802720,11416702,A
2017729185,7750039,B
1981944524,8731932,B
2016464448,9926290,A
49354503,9221764,A
2113900564,10633707,A
2149371405,8154280,B
2136469045,7572838,C
2125414885,7476780,A
2952376179,5830875,C
2115109087,8812322,B
2397144118,10074350,B
2940807449,11138989,B
304179306,8812322,B
180176693,9165565,B
2159466550,6384416,A
2133810587,6867026,B
2102050279,10213476,A
2155880554,7043702,B
2078268106,8871391,C
2800268408,10450663,A
2020736186,5804575,A
2027654789,6064749,A
2007988465,6362321,B
2897973376,11261445,B
2151807381,7280722,C
2135839006,7280722,A
1997495474,7280722,A
2072505660,9444433,B
2072505660,9444433,B
2062728957,4946828,B
2008130732,4946828,B
1975582497,7995702,B
2045902448,7995702,C
2005794202,7196663,B
1986630395,10694961,B
2007802010,10694961,B
2134345633,10694961,B
2050923523,5217792,B
2129859528,10749947,C
2559768001,11085014,C
2940017689,11267756,C
2746418635,10421769,B
2007299313,4652518,C
2027539993,4652518,B
2034804051,7252006,B
2095738779,7252006,B
2045608618,7252006,A
2114904060,9882222,B
2114904060,9882222,C
1994789488,9075050,C
2063271924,6967018,A
2143363498,9931039,B
2087034030,8989471,A
2078749814,8804911,B
2078749814,8804911,B
2050228630,9075050,C
2082144929,4048443,B
2145485527,4449190,B
2063643328,7516019,A
2024772100,7516019,B
2067777919,7516019,B
1627215994,4048443,A
2130432819,4741038,B
2150332440,5666466,C
2042774971,4100377,B
2073093418,4008376,B
2116856128,6175755,A
2942236383,9780788,A
2942236383,9780788,A
1945128499,5058136,B
2090093197,6413508,B
2051923766,6413508,B
2091638198,4897814,A
2118305958,7304207,A
2162605275,7920409,A
2165049123,10983117,B
2120543665,4188710,B
2243467818,10420734,B
2018430903,7169758,B
2011262372,7169758,B
2100184006,9234903,B
2062192410,6266458,B
1971401652,8037437,A
1984848039,RE39433,C
1984848039,6200567,C
2213278041,7351584,B
1973799214,4040905,A
1979845406,7609816,A
1520536091,7251263,B
1542486542,7251263,B
2132669347,7251263,C
2093115906,7609816,C
2033232736,9007562,B
2541665535,10016519,B
2138781891,9007562,B
2043695661,7609816,C
1991282733,6472537,B
2003120593,9476865,B
2103136320,8626353,C
2012945271,6660476,B
2127459580,7920409,A
2740080273,10323239,B
2167791445,9732386,C
2098489144,9732386,C
2083099355,9732386,B
2074192450,8965134,A
2460827612,10196453,B
2464755228,10196453,C
2410412076,10196453,C
2113445079,9615754,B
1574088577,10024864,A
2170130746,8839278,B
2767532939,11026606,B
2010884742,10184933,A
2084331957,6492642,A
2891723103,11161094,A
2919985007,11192795,B
2050549457,9157863,C
1997646485,9157863,C
2915717308,10924418,A
2184075236,9672418,B
2781002512,10797800,B
2089311153,7919762,A
2137498162,7388894,B
2113164930,7388894,A
2276617471,7450623,A
2791152316,10797800,B
2142129536,6674972,B
2314863001,10344038,B
2542654366,8330143,B
2290264637,10361284,B
2404157781,7244708,B
1994806413,9868707,A
2964694629,10584103,B
2964694629,11261164,B
2769676847,11062808,B
2119027399,8685660,A
1993371359,8741573,B
2140872369,9115403,B
2042876027,8705368,A
1965366143,9232217,B
2168897400,9391871,B
2157110413,8705368,A
2058135584,8601297,B
2981716985,10785089,A
2094000391,6271671,A
2120779367,8211681,B
2040216594,10028982,B
1499598241,10799154,B
2008503345,8947450,A
2546716241,8436312,B
1646078844,10564626,B
2941994553,10921781,B
2011654407,9617538,B
2544699329,8436312,B
2079366162,9029789,C
2112899426,9566679,B
2060551515,5681706,B
1533092962,8289322,B
2053259468,6943162,B
2068261374,6846641,A
2888767307,11358937,B
2291972089,10292898,B
2083195205,9887861,A
2512859564,9742600,A
2512859564,9742600,A
2149562987,6455540,B
2236338088,10526396,A
2153071055,8716593,C
2573682868,10526396,B
2604412028,10526396,B
2291776672,11136292,B
2056489392,6245566,A
2047774689,5171845,B
2001888618,8864598,C
2066719991,8864598,C
2018743538,5075251,C
2061265918,5928879,B
2159012745,7162402,B
2161359911,7162402,B
2789619083,11199537,B
2109728129,10118945,B
2540861638,10118945,C
2163033228,10455219,B
2159636736,9208547,C
2963420691,10754851,B
2951979964,11044450,A
2895256453,10747811,A
2142771691,9064318,C
2963448089,11514252,A
1986701829,9548860,B
2016710361,8178704,B
2788925906,11532770,B
2064685023,7262260,C
2030765529,8367055,B
2054695937,7262260,A
2032132647,7262260,B
2013906700,5143988,C
2039277212,7045577,B
1991526624,8019431,A
2144377058,5128874,B
2001817014,4175141,A
1498002839,4175141,C
2074918173,4175141,C
2010855816,7892414,C
2983999662,11116790,B
2171559697,7994150,B
1975029702,9119214,B
1890372665,9405787,B
1995653799,9405787,A
2054153605,9913822,B
2047532901,7317939,B
2084261469,5485289,B
1579325275,7086382,C
2144822315,7387644,C
2049833268,10357223,B
20183708,10357223,B
1982649860,6251603,B
1975156663,7123407,B
2612152325,11053205,B
2792453707,10849980,B
2792453707,10464925,C
1987795161,7123407,B
2056682030,7123407,C
2072750693,7037739,B
2057313421,4520024,B
2022510488,10639009,B
2122644454,8296078,A
3000096514,11612570,B
3000096514,11045428,B
2165437594,8451156,B
2079396287,9988349,B
2079396287,9988349,B
2124108127,5707822,A
2071060304,6356830,A
2154066176,6685937,B
2164484338,8318897,D
2100580949,7257803,B
2079773088,8211438,B
2059964424,6818454,C
2056465837,5966223,B
2102495353,5682255,B
2009994569,6172778,B
2062477849,7462706,B
2604985896,10599551,A
2077668518,8900416,A
2320035842,9175235,B
2318114494,9175235,B
1977131944,6010854,B
2079036318,9877445,A
1875768586,9877445,C
1972938334,4482423,B
2023963334,7820706,B
1675762916,8871750,C
1966894337,9730788,A
1975179452,9430671,B
2761254265,11435450,A
2050485506,5789183,B
1966838925,5789183,B
2313345272,6141950,B
1970223072,5901547,B
2132455957,6835741,B
2132455957,6852745,B
2142522073,6835741,A
2142522073,6852745,A
2048406901,8754120,B
2099447609,6319666,C
2079842208,4365639,B
2232933350,6608241,C
2107503279,7867492,B
2057969236,10077460,A
2068314821,4305882,B
1999600263,8232423,B
2041827969,6804320,B
2612764211,10420753,B
1987701728,8982595,B
2103079441,7613942,A
2017590841,8982595,C
2007348729,5595884,C
2239011188,10720854,B
1866901121,5946698,A
1866901121,5870763,A
1866901121,6067550,A
1558865741,10743092,C
1558865741,10142711,B
2004228578,6083911,B
1972121352,6978279,A
2102865215,9483728,A
2016077841,8972256,A
2048808158,8188244,A
2148577665,6959401,B
1997506570,6151607,B
2167113304,7093162,B
2167113304,7461292,B
2115735537,7372880,B
2950757632,8193392,B
2100716186,8900352,A
2100716186,9012368,A
2061108165,9012368,B
2061108165,8900352,B
119246761,9012368,A
119246761,8900352,A
2121103286,4657877,B
1975522335,9268890,C
1975522335,8775992,B
2014880785,4272617,B
356704187,4272617,B
2059406209,9506037,B
2109874845,9800399,B
2414362561,11352606,A
2419715638,9506037,B
2547041422,11446315,C
2886405078,11446315,C
1991102782,9388412,B
2115862114,9345726,B
2324130592,10413180,C
2107138777,5637323,B
2600663018,10787699,B
2590354792,10675366,A
2508017542,10137129,C
2159615750,8784828,B
2080454590,6436399,B
2095749748,7226597,C
2776792501,10227601,C
2623287084,10578703,A
2060896108,8660337,A
2005155348,10478969,B
2090000463,10294133,B
2122016860,10744322,C
2108641942,10744322,C
2093887468,9517433,B
2971585523,11236029,A
2069244766,5451433,A
2153024173,9081900,A
2998402843,11467575,B
2946458591,11586914,A
1963528534,7223596,B
2114785296,7223596,A
1997522247,8361510,B
2008262189,8809272,A
2045532284,5602760,B
2006892590,5693465,B
2141731867,5693465,B
2544809341,8696580,B
2803245612,11205024,A
2563943970,10399966,B
1977953512,7692516,B
2170812185,4199514,A
2513680795,11271216,B
2017860442,7308199,A
2005779385,8958621,A
2105996556,9249481,A
1975079363,9501823,B
1975079363,9501823,B
2022615898,7489391,A
2020085655,8396319,B
3000685606,11604851,B
2072530446,5928153,B
1999918804,5856965,B
2091674402,10210287,A
2022566626,10019827,B
2108194453,6377835,B
1979376716,6377835,A
2619033784,11008577,B
2153979905,5138929,B
2168656883,6085747,C
2008292466,5953713,B
2538731457,6085747,B
1988219186,4987077,B
2098608847,7516128,A
2121523964,7774336,B
2612973506,10370577,A
2906812473,10875810,A
2079508543,6522818,B
2116684613,6459525,B
2181725979,10528448,B
2471273895,10528448,B
2045729940,5627268,A
2896769810,11205734,A
2027609605,5556612,C
2557227117,10701394,A
2963470893,11024009,B
2280247824,10640792,B
2620240072,11260090,C
2538691340,11154246,B
2014215342,7271171,B
2739679073,11020473,B
2170636793,7556812,B
2082296334,7435740,C
2133722275,6921825,C
2075072223,8344319,B
2136483419,8344319,C
1945144029,8344319,C
2011822169,5934424,A
2056646363,8011864,B
2559967109,11186541,A
2081785612,8011864,B
1972742256,8063270,B
2491612060,5513098,B
2072114462,8952222,B
2131070237,10017827,B
2892074270,11098369,B
2892074270,11572590,B
1607368954,10301362,B
2192052049,10301362,B
2077006487,5574052,B
2295326929,11254933,B
1980085710,7071689,A
1929179128,10180478,A
2066475056,6943033,B
2070231190,6943033,A
2074136578,8536866,A
2005476129,9140769,A
2148049860,8049657,A
2158866334,5426094,B
2055905447,5401712,C
119876006,5401712,B
2024198300,5086034,B
2067703376,8394581,A
2088579650,8173797,B
2079766318,8237022,B
2101532425,5714593,A
2049159783,5866130,B
2049159783,6379902,B
2101532425,5866130,A
1585188078,4892829,A
2075827935,7676075,A
2063250806,8916375,B
2019040365,7538935,B
2135931397,7538935,B
1997467995,7538935,B
2042238568,9291509,B
236893983,9336058,A
2037808843,8869159,C
2037808843,8869159,C
2582817855,10240929,B
2060976275,8869159,C
2060976275,8869159,C
2101594312,7844634,A
2017338346,8473783,B
2045081900,9647414,A
2090847061,4032849,A
2029901686,8041151,A
2106540031,7932944,B
2013477410,8315963,A
2541215677,7710637,C
2051283557,7710637,C
2171634548,7660248,A
2913242877,7562153,A
2113006605,7016973,A
2150106885,7536396,A
2133473417,7620807,A
2100702488,8108394,B
2048413214,10251755,B
2549996586,11177440,B
1971816916,8461548,B
2810668615,11167350,A
2093338855,4228407,B
2168173319,9013794,B
1573035354,8494243,B
1991889838,10777693,A
2056617836,8051069,A
2125482251,8607014,C
1964579411,9233067,B
1964579411,9233067,B
2017292300,5595969,C
1991874583,8716675,B
2324190800,8716675,B
1814941343,9259576,B
1981309659,7268216,C
2102189204,7960140,C
2066643443,9981982,C
1976029213,5361759,A
1982352858,5361759,A
2037758508,5666959,B
2073908649,5361759,A
2071507288,9211688,B
2031571132,5423956,B
2964280466,9213945,B
2011833685,9555366,C
2011833685,9555366,C
2053425265,9342376,B
2053425265,9342376,B
1559678336,4722895,A
2411826366,7816123,B
2914886942,11215621,A
2995405778,11215621,A
1880275887,10705061,A
1590888914,7548651,B
2325692787,10220031,B
2125968777,10220031,B
2327555250,10220031,B
1971625140,9795687,A
1971625140,9795687,A
2090388952,6387234,B
1987009216,6387234,B
2023244828,6387234,B
2064366942,5582705,B
2752894000,10651048,A
2025981653,7269307,B
2021986008,7269307,A
2962688206,10713429,A
2103137962,9881124,C
2103137962,9881124,C
1970864084,9315569,B
1970864084,9315569,B
2084329780,8067166,B
2076434554,9434800,A
2001233045,8823704,A
2170526736,7632802,B
2145120842,7632802,B
2787620323,10656838,B
2022767348,9681815,B
2027633428,7067698,B
2135948849,7926035,A
2128453996,7316005,A
2154266022,9063778,A
2154266022,9063778,A
2103714221,6938186,A
1999670653,9037860,B
1567462511,7752605,A
2164496154,7555418,A
2026524236,5136171,A
2012487369,7541040,B
2002688313,5239060,C
1964488033,5126256,A
2109946481,8571214,B
2165434118,8876739,B
2035944150,8030090,A
1984253190,6245208,B
2151394047,5691365,B
1970486150,6087376,C
2033219811,6503922,A
2023395517,6503922,C
2078579469,8629163,B
2058732759,6503922,C
2108059464,7027457,A
2158035595,9619417,A
2149738600,8441927,A
2001985394,8441927,B
2145248957,6618391,B
2123967556,7027457,A
2137508720,7027457,B
2018891716,5799112,B
2159409179,8821877,B
2042347713,5817767,B
2315518232,8376694,B
1981925049,9315250,C
2073466275,8376694,A
2260484439,10198471,B
2188138540,10769140,A
1996505782,9171081,B
2001132710,6171833,A
1981324587,9435918,B
1981324587,9435918,B
2100218807,8458240,A
1967005776,5357600,A
1966619449,7911146,B
1980894894,8586148,B
2127694416,9686867,B
2153560677,7253001,B
2163566443,10689044,C
2129563024,10689044,C
2769311693,10953132,B
2591776360,10953132,B
2144054517,9461352,B
2620863574,10418721,B
2063473161,6787177,B
2967110167,11353581,B
2134271826,9325152,B
2134271826,9325152,A
2083818216,7081323,B
2146832726,6415079,C
2069222495,7116874,B
2084071193,9083147,B
2047999174,7116874,B
2327115767,6141142,B
2105594998,6603901,C
1997814831,7116874,B
2038601039,9083147,B
1481021782,7081323,C
2090976977,5877402,A
1996530611,6825395,B
2046843253,9369476,B
2091812231,7844592,A
2035710424,8410478,C
2167718209,8131053,B
2106111377,9317482,B
1997087286,7767138,B
2120398408,5995668,A
2132747369,5995668,B
1033986100,5514779,C
1593264421,5514779,B
2069852531,5514779,C
2006467419,11001497,B
2055911491,11001497,B
1894716638,9987353,B
1894716638,9987353,A
2060352413,11001497,B
2065460269,6573284,B
3009524608,10867444,B
2963604511,10769848,A
2068893770,9394371,B
2028281162,9394371,C
2063081054,10138522,B
1999139803,7638946,A
2793140345,10224644,B
2163850005,7156810,A
2075569349,8987194,C
2075569349,8987194,C
1568136454,8987194,C
1568136454,8987194,C
2077007433,5643843,A
2736775973,11529393,B
2313975734,9763167,B
2887959291,10738130,B
325120412,10403889,A
1974686403,8030447,B
2059996502,6747135,A
2979304648,11331354,B
2024690416,8546529,B
2158538495,9023987,C
163573223,9271123,B
163573223,9185529,B
163573223,9253608,A
2011038413,9236955,A
2315330408,8496920,C
1988257136,8496920,B
1969712580,8496920,B
2088120545,6143878,C
2058742631,9009009,B
2058742631,10133852,B
1982441432,9009009,B
1987386664,6728205,A
2041148082,5633144,B
1833312001,7414978,B
2111427756,8130776,B
2563871604,7706365,B
2109003525,8473998,A
2032111916,8473998,C
2068043773,9160687,C
1979678876,7706365,B
1967593630,9607003,A
2162548346,9294113,B
2010124203,7682796,A
1830619435,10894061,B
2531290489,10176508,B
2132442861,7573022,B
2329206302,10829798,B
1966941535,8107784,B
2066616476,8107784,A
2048256647,8107784,B
2158023920,7834696,B
1975205454,6500489,C
2006346404,6248539,A
2111809303,5959459,B
2148965221,5959459,B
2052827648,4430514,A
2048040143,4012492,B
2029229723,4508662,C
1982482289,8693810,A
1989438032,7068894,A
1972828686,6292916,B
2233207476,6952661,A
1998187050,4508662,A
1660645115,6973547,A
2127666029,8586410,B
2887344805,10608672,B
2887344805,10944610,B
2887344805,10608673,B
2543485734,7684709,A
2043836637,7684709,A
2116673244,8451756,B
2110691267,6728205,B
1981346216,9998406,C
1981346216,9998406,C
1968477448,9294113,A
2083847171,6535662,A
2118196872,7068894,B
2144718426,8693810,A
2043765666,9294113,B
2136102906,7684709,B
2267678423,9616051,A
2004430284,8207401,B
2951069250,10591441,B
2317781890,7184762,B
2168554388,7363037,A
2564096107,10483610,B
2135349135,6048965,C
2073703809,5994119,A
2907045155,11273148,C
2031478669,6048965,B
2287013464,10086539,B
1974016658,11001830,C
2774716830,10733428,B
2068137092,4618452,B
2021272987,10865446,A
2110599787,6756203,B
2054829179,7268125,A
2158228238,7466664,A
2124508862,6052495,A
2026823897,8834829,B
2178563877,4505587,A
2510205439,10723727,A
2055732149,8436140,B
1970938650,5492836,B
2005064823,5459272,B
2084741005,7159774,A
1979653087,5427827,C
2175579687,10457589,C
2118959263,6101236,B
2281400542,10501366,C
2055761974,8263508,C
2032780914,9956146,B
2032780914,9956146,C
1996195680,6620747,C
2409810657,10078455,B
2481347112,10078455,C
2168720389,9403010,A
2163610739,6708213,A
2340852340,6414029,A
2079812884,6414029,B
2039847851,6414029,B
2057808485,8380475,B
2074267324,5047333,C
2002887470,7993827,A
2167082343,7993827,A
2980158998,11531851,B
2979507179,10786208,C
2913849522,10786208,B
2913849522,10463314,B
2134476069,7893148,A
2028441461,8762070,B
2510103775,10377815,A
2122662954,8380280,A
1968735591,8704515,B
1964700413,5589457,B
2036839854,9834776,C
2036839854,9834776,C
2025624774,9834776,B
2025624774,9834776,B
2806629350,10454124,B
1964466688,5834183,B
2027594237,5834183,B
2084761659,9748595,C
2551922696,10673090,C
2104059425,9023529,A
2099960804,7236789,B
2009662212,9340778,B
2897412090,11022731,B
2902975674,11022731,C
2039600594,9302012,B
2053501955,5120649,B
1972010427,5591435,B
1967596920,8506887,B
2046160771,9593981,A
2089829210,8349617,B
2096202537,9593981,A
2021285781,9352543,A
2464398099,9856289,A
2464398099,9856289,A
2296315596,9856289,A
2296315596,9856289,A
2050599075,8343923,B
2263917547,10332025,C
2022713087,9709966,A
1989451593,5275813,B
1493564111,6107077,B
2167215078,8454520,C
2131235875,8454520,B
1993431809,8811201,C
2152624893,8397549,B
1992438485,8355342,B
1998556666,8154602,A
2953527758,11477502,B
2078742641,9784258,B
2078742641,9784258,B
1999572832,9784258,B
1999572832,9784258,B
2119121495,5132212,A
2008598148,6914266,B
2128851429,7217911,B
2128851429,7577364,B
2095568952,6914266,A
2067119104,6593306,B
2158924084,7217911,B
2158924084,7577364,B
2035169670,7718196,B
2023779179,7576050,B
2074383803,8309322,B
1997588937,4930352,B
2094862704,4930352,A
2792875829,10360494,A
1582780353,5840840,B
2153187487,8837484,B
2140621477,8796735,C
2140621477,8258031,C
2334313239,8258031,A
2154153097,9040718,B
2019195152,9696292,C
1967088863,7040145,A
2072389381,9696292,A
2039850666,6221258,A
2202462723,6262235,C
1913343791,6140083,C
2030384526,9064091,B
2128682436,6262235,C
2055147096,7767202,B
2313958617,9918972,B
2169140828,8588488,B
2158821783,10087366,A
1988372860,9480741,A
1988372860,9480741,B
2029772367,8216782,B
2931422330,11357853,B
1979419663,7255858,C
2109376948,6671407,B
1991212161,5486995,B
1516646376,5348886,A
123579720,7200493,B
2041368279,8841414,A
2041368279,9682118,B
2971162642,10896348,A
2130303535,9625752,B
2530177418,11124778,B
273041611,9844519,B
273041611,9844519,B
1982163659,4751185,A
1976623675,8095920,A
1980776940,7836181,A
2143690081,8559358,B
2180039260,7409459,A
2118123830,8559358,B
2127354619,8107399,A
2798777978,11069150,A
1575842579,6587816,C
2093702097,8718341,B
2049010692,10294470,A
762871406,10137187,A
2306949113,10449243,C
2189965380,10821175,B
1608020969,6140087,B
2891365945,10802301,B
2107082650,8436784,A
2107082650,8436784,A
1600352144,7312788,B
1966965192,6080606,A
2168566105,10190128,C
2742461458,11196291,A
2795649955,10360473,A
2091111935,8204583,B
2086295743,7120601,B
2323702497,8695345,C
2323702497,8695345,B
2012500092,7609808,B
2104209489,7609808,C
2091265863,7046934,A
2122857326,6336041,A
1992583999,5778683,B
2082466352,6017755,A
2057161685,6017755,B
1519258930,7105636,C
2818962606,10849860,B
1963876903,9368579,B
2036533821,9368579,B
2090967489,10121273,A
2012686120,9349786,C
2012686120,9614024,A
1994043074,9349786,A
1994043074,9614024,B
2038908732,8140491,C
1965572530,8781800,B
1969229182,7992031,B
2038690315,8121966,A
2088286835,9018579,B
2046821654,9018579,B
1980768491,6242253,B
2914911163,10849860,B
2914911163,10709674,B
2626692467,10709671,B
2600957803,10449174,A
1823813181,7858423,B
2088595989,9818297,A
2088595989,9818297,A
2049593940,9818297,A
2049593940,9818297,A
2112047897,6693226,A
2605020359,10056394,B
2149501383,9645882,A
1971637770,5179441,A
2118756337,5179441,A
2324181667,8927079,A
2104448842,8877824,A
1998157807,9593225,D
2335367227,4912133,B
2090977814,4508647,A
2029510460,7659990,C
2029510460,7505142,B
92437468,7505142,C
92437468,7659990,C
2034510880,7301644,C
2011375137,7301644,C
3012417314,11461519,B
2081629418,6107474,A
1973047854,6284254,B
1997476606,5922326,C
2066391818,6284254,B
1973326708,5644709,A
2124542970,7598766,B
2057691953,4726639,A
2062193553,7785818,B
2039925693,10295535,C
2039925693,10295536,B
2157675320,10295536,C
2014427523,8642349,A
2111969720,9395290,B
2028474222,6818391,B
2157873574,8084248,A
2017602138,8084248,C
2077956446,6803153,B
2162985513,9030286,B
1995134395,5854527,C
1981381943,9414598,B
2799721557,10613410,B
2118924561,7674608,B
2163691560,6410237,A
2163691560,6780583,B
2167107379,9315442,C
2338515340,5962241,B
2414641555,5962241,A
2949973912,10680694,B
2982425613,10680694,B
1996957900,5744419,B
2940996614,10947876,A
2025972003,4001032,B
2771058496,10585238,B
2147678437,5804427,B
2789534267,11273236,B
1976397055,7022862,B
2095059834,10161749,A
2012616179,8764663,B
2129109522,9289516,B
2049606885,5925737,B
2081045803,9587281,C
2167970331,10296352,B
2295214544,10296352,C
2544819452,10296352,C
2482733453,10849943,C
2129031151,6409648,B
2064731862,5038356,B
2077539904,9222881,C
2165801834,9222881,A
1848758347,9794554,C
2072232900,8445383,B
2143263365,8445383,C
2035213645,9129799,A
2169043909,5804815,B
1486864625,5804815,B
1551262512,7173295,C
2098868216,4436689,B
2148439197,7470430,B
1976563345,5324818,B
1968511420,6017750,B
2245757203,6017750,B
2049768278,10851415,A
2014165627,10851415,A
2057637108,7235678,B
2575711187,11525818,A
1976112378,5863904,B
2159342953,8680242,B
2020185126,8314212,B
2093879890,8382004,C
2115752790,6503626,B
2022751659,8611630,A
2146530776,6287859,B
2925125873,11547682,B
2969419378,11299802,B
2118283426,5259943,A
2074859864,5550892,B
2001267373,8587271,A
2148159649,7459296,B
2074326594,9292917,A
2094573634,6962976,C
2046309843,6239156,B
2087139802,6013470,C
2125359479,6950850,A
2149553130,4766077,B
1513322211,4855230,C
2123923834,8867619,C
1984451638,9843800,C
2132711531,4733397,B
2018546562,5110980,B
2049002799,9233521,B
2909586497,10681348,C
2088090387,9083374,C
2088090387,9083374,C
2068655254,10735748,A
2066654643,8867826,A
2006688370,7672946,A
2087399315,9914955,A
2033472307,6787664,B
2104867801,5416327,A
2158155007,6150091,B
2124332663,5639644,C
2162724900,9448173,B
1970336709,4152214,A
2014326933,7897732,B
1999655210,7462255,A
1591584201,9522081,B
2335408951,4676796,B
2088343538,5304541,B
2008445818,9073997,B
1991751386,5840317,C
2319876498,9128117,B
2074557581,7897374,B
1998838992,10314870,B
1966065286,9283244,B
2024431640,9283244,A
28728343,4897264,B
2066738972,5078006,C
2165646582,10314870,B
2148077960,7133194,B
1521897480,4897264,B
1032173011,4289690,B
2128085120,6284770,B
2212190124,10050165,B
2143533292,7334014,A
2169828070,7251745,A
2041408425,7608449,A
2762912833,11270088,A
2950623082,11268810,A
2013862278,6498078,B
2013862278,6617228,B
1967039515,10771822,B
2062913485,8213514,C
2062913485,8325806,C
2062913485,8532186,C
2062913485,8509306,C
2062913485,8254460,C
2062913485,8275044,C
2062913485,8379719,C
2062913485,8335253,C
2096362443,6894628,B
2032744608,6331396,C
2080051698,9438419,B
1504646466,6699679,B
2112801276,7374539,A
2076516659,6555570,B
2076516659,6127391,B
2046355703,10420489,C
1602071881,9317657,B
1602071881,9317657,B
2124281539,10431342,C
2177006361,11567062,A
2038948801,8927807,B
2022022362,5354666,A
2111731413,8842861,B
2100889067,7842551,B
2149689584,10864258,B
2142502695,5924680,C
2158128478,10378035,B
2584864876,10091449,B
1978685829,6864249,C
2028708712,8154793,B
2147639750,8456736,B
2077932526,8661204,C
2114591121,6834328,A
2114591121,6834328,A
2030533051,9663624,C
1986341123,9489475,A
1986341123,9489475,A
1934130410,7089443,C
2097653958,7089443,B
2154702295,6684298,A
2154702295,6684298,A
2028660451,8661204,A
2053018514,10004796,B
2605288518,10662229,C
2043325207,8384991,B
2506592213,11125919,B
2084668574,8107161,A
2119905950,8456736,A
2326272911,8416817,B
2076335046,8416817,B
1997818796,10608400,B
1984101217,8154793,C
1981930559,8116340,B
2148512245,8416817,A
2085787260,7998330,B
1899082147,10568531,C
1974279727,9809858,C
1971818285,9983209,B
1971818285,9983209,B
2067135009,8257919,C
2033695106,8580562,B
2167998160,9224532,A
2801651204,11446302,B
2067072298,8832520,B
2547662939,8689083,B
2112188822,8689083,B
2476701564,10274727,B
2589030631,8501702,B
2139920251,8501702,B
2070964566,6171301,A
2092884411,6171301,C
2315854557,9356341,B
2102005461,6147101,A
1986457337,9239643,B
2051628658,9239643,B
2155290627,8498496,B
1879657010,5569604,B
1986138859,5659561,B
1545366621,5659561,B
2032248246,5659561,B
2153631847,7421417,A
2153631847,7421417,A
2150966254,7228183,B
2787249623,10542941,B
2768090842,10542941,B
1982378416,5637619,B
2169499040,8913830,A
1538770913,8965077,B
2075125737,4841148,A
2275137306,9750740,A
2128635062,7440546,B
2537294345,10088335,B
2763690325,11038197,B
2738732016,11038197,C
2941583021,11279981,C
2144523774,4771127,B
1975055022,4755381,B
2133383163,4771127,B
2332126019,6447778,B
2742627751,10612522,B
1993977065,6753183,B
2056476156,6248538,C
2101298750,6183755,C
2156815460,6183755,B
2017116532,6248538,C
1830124154,6248538,B
1967068774,5162221,A
2571299740,11160489,A
2139476730,7118884,B
2112972912,5341389,B
2164279847,5341389,C
1955892893,5341389,C
2076952073,6709707,A
1994762573,6749945,C
2093404399,6749945,C
2020110404,6749945,C
1978200100,7256886,A
2036162953,7256886,A
1982900748,9416103,B
2161515667,8868202,A
2051878894,8868202,B
237273412,9211407,B
2121448712,5139954,A
1999909635,8889102,C
2046298072,9891219,C
2133031405,8889102,C
2947672880,11016470,A
2028634095,5766946,B
2159644785,4932061,A
2025035680,8013629,A
1971695022,9235461,B
1971695022,9235461,A
2128515771,8605133,A
1521628414,7933224,B
2149997807,5963571,B
2006786958,5804405,B
2250001651,10801995,B
2088529300,6746654,A
2086334390,6890507,B
2140556610,7020086,A
1606001478,8315446,A
2050899772,8315446,B
2113959957,9551650,B
2113959957,9551650,B
2024011207,9551650,A
2024011207,9551650,A
106773467,5945581,B
2160777220,9328374,B
2095131760,9328374,B
2611726950,10706185,A
2008028424,8961962,C
2317636475,8586151,B
2799284312,10842813,C
2799284312,10835555,C
2799284312,10821132,C
2082412758,6626844,C
2979978045,11083747,B
2023421218,10406118,C
2313569957,6573303,B
1905052409,9571786,B
2072736877,7211432,B
2035319510,7211432,B
2181372068,6969609,B
2014108045,6969609,C
2088692565,6969609,A
2991683950,11413245,B
2067558225,10174401,A
2884285099,11341408,C
2143452703,9790526,A
1998373451,7935325,B
1970472186,4350765,B
2085559460,4350765,B
2100491597,7026159,B
1485460496,8514926,A
2137466310,7745597,A
2007756255,9789456,B
2007756255,9789456,B
1755480191,11261474,B
2008805333,9726619,B
2027570660,9373052,B
2147326945,8639038,B
2524621006,10667716,B
10480007,8639038,B
2108151133,8401600,A
2104261414,9238795,A
2128066495,5416115,B
2169550506,6929911,B
2018023530,6060039,B
2105447011,7533294,B
1981825015,8395408,A
2607970166,10685020,A
2171388253,10568531,C
2061075141,8332010,C
1991500357,9211081,C
2103240677,5846197,B
2490009611,10694939,C
2749636735,10694939,C
2054809736,4816404,B
1544827998,10048224,C
2219741253,9763594,C
2128555254,8847592,B
2807979311,10667716,C
2605902426,10667716,B
2151710203,6622035,B
1973422187,9650731,A
2329462832,4711862,C
2059651041,5173160,B
1986372549,6191108,A
2022843873,6150330,B
2037257680,5130971,B
2027682803,5305303,C
2514684679,10141947,B
2514684679,10177780,B
2188791664,10177780,B
2188791664,10141947,B
1902637916,4607007,B
2024507430,6148433,A
2044919820,5142962,C
1980154402,8147820,B
1963541435,7529339,C
2069686101,5870502,B
2011530450,5870502,B
2006936465,6194143,C
2057336470,6194143,A
2032542148,6194143,C
2176184295,7655670,C
2176184295,7655670,C
2173909322,7655670,B
2173909322,7655670,A
1964628558,7496173,A
2158205294,8676744,A
1491033866,6617131,C
1978878914,8942928,B
2073964566,8942928,B
2018905283,9213105,B
2018905283,9213105,B
2068478171,9213105,B
2068478171,9213105,B
2137159328,7447209,B
2969160420,11071855,C
2740715363,10390364,B
2767802689,10390364,A
1996114402,6958816,B
2000427564,9994815,B
2000427564,9994815,B
2091573092,4747683,B
2205388826,9946941,A
2145559774,9743891,B
1992936311,9743891,C
2110894056,5466679,B
2040905494,7960106,B
3010467084,11571474,B
2949393628,8314132,B
1571028795,6314431,C
1847835147,5960009,B
2120281345,5960009,A
1983145917,7778810,A
2085857119,9096852,B
2136053594,10294756,A
2013195633,9335426,B
2994194970,11560515,C
2973447521,11230667,B
2789311628,11230667,C
2158319613,7294707,B
2797032258,11456005,A
2134023650,9382338,A
1564988474,6728715,A
2132685569,9785631,A
2132685569,9785631,B
179748155,5462731,A
2266133912,9880403,B
1988271098,9405136,A
2067580069,6728715,B
2102328844,7689695,A
2062007755,8313557,B
2155113779,8313557,B
1993060580,9712320,A
1974843652,5112756,B
2343368748,9796774,C
2343368748,9796774,C
2982412239,11319362,C
2554071243,10087239,C
2554071243,10836811,C
2011388879,9007140,B
2514181687,10087239,B
2151014829,10804543,B
1733095760,5689125,A
2095778218,7186534,C
2012976986,5689125,A
2070249135,5689125,B
2058050805,8507284,A
2125225959,6879167,B
1996886208,6319955,B
2123908661,7313250,B
18635245,7313250,A
2165830036,7313250,A
1924896324,4916076,A
2071539517,8752779,A
2123031600,6879167,B
2145626825,9628201,B
2145626825,9628201,B
2792281987,10426601,C
2792281987,10028825,C
2792281987,10709550,C
2792281987,10624735,C
2418752508,10407600,B
2077040040,9332757,C
2077040040,9332757,C
2027208025,4397863,B
1991507478,4324794,B
2168251119,4324794,B
2907381131,11103591,B
2135516248,7291331,B
2185582689,6015661,C
2087301624,6185444,B
2008474180,4275150,B
1977696713,11207396,B
2082355820,6174676,B
1966228101,7616984,B
2803013273,10927191,B
2047634760,7294606,B
2073043388,8450246,C
2546626129,7669756,A
1972581292,7939352,B
2133342728,7939352,A
1987096689,6388809,C
2342696065,11591660,A
2142413126,9725774,C
2162825986,10106773,B
2607736773,11137467,A
1834492561,9783604,B
1834492561,9783604,B
2155889346,9579748,C
1972646829,9579748,C
2004518630,7958093,B
2102219433,6535533,B
1555550317,7265095,B
2806693383,10869637,A
2060393226,6201989,B
2341537406,10683516,A
2014829082,8632825,C
2795155209,11360261,B
2145233046,6699670,A
1993769713,7572909,B
1963659586,4652501,B
2162163141,9873702,B
1996836462,9784870,A
1997962317,7569130,B
2765605943,10829730,B
2074057307,6498038,B
2080629941,6605607,A
2033013113,6605607,C
2777814901,11373731,A
2988155024,11571162,A
2282353487,10470909,A
2057371740,5998697,B
167493483,5439814,C
2054363543,6541605,C
1967218150,6174676,C
1980272041,6541605,B
1980272041,6174676,B
2067784083,6054573,C
2061664688,8948840,B
2284695936,6828409,B
2020282940,6828409,C
2074054046,6828409,C
2157335054,6344337,C
2025332665,8580127,B
1976935357,7052874,A
2083730311,8327707,B
1965420275,7835898,A
2981004305,11510923,A
2193977606,10359687,B
1968922175,6746676,C
2113328371,7604953,B
2041622774,4990331,A
1982102235,7985710,B
1977386732,9464015,B
2038462020,6706361,A
2296504526,10151720,A
2061787893,9568460,B
2061787893,9568460,B
2897539881,11198106,B
2007858036,7979273,A
2018406404,4762788,B
2982566092,11095031,B
2475124258,10630907,A
1969435495,5335240,B
795760343,9261519,B
2203301509,5335240,B
2900225524,10554172,A
2066514774,5696230,A
2760173530,10967009,B
2081602177,10272040,B
1977363621,6087196,A
1948765593,6300756,B
1976686248,7189391,C
2042689867,8071841,A
2566623531,10323073,C
2026581146,5539540,A
2038634713,6271936,B
2102153483,7735652,B
2079812094,6300756,A
2106425845,7085653,B
2304674135,11085037,B
2164358929,9690772,B
1995651823,6931329,A
2139476788,7303770,B
2163620192,6969539,B
2084950236,6566373,A
1993576820,8105418,B
1795861657,10465244,A
2530607656,10889854,C
2464792168,10889854,A
2048965511,10087137,B
2545320847,9878923,B
2962595658,10889678,B
2099539773,7919241,C
1973813661,7879552,B
1844416454,4950589,A
2898777639,10981004,B
2028040225,5775675,A
2142186780,6254063,A
2149843096,5775675,A
2149843096,6260827,B
2149843096,6416041,B
1997100245,10036132,C
2611921450,11392875,B
2886910649,10586707,B
2886910649,10475655,B
2067847820,10233098,B
2008971024,5775675,C
2149525724,8949235,B
2102495808,8435768,B
2047681644,8435768,A
2062374306,4966913,B
2026996268,9311841,B
2528611533,10677722,A
2738334925,10677722,A
2028009824,10055551,B
2313336779,9689245,C
2010868443,9596870,C
2141579247,6849429,B
2951108447,5498719,B
2053406821,4105774,A
2151781189,4376249,A
2013056904,5874464,B
2044552054,3954970,C
2051999859,4027015,A
2010718263,4078056,C
1996550293,5324831,B
2090032323,5274122,B
2148566821,5763361,C
1995478204,5114925,A
2040032464,4988625,B
2944412655,11105979,A
2950099840,11105979,A
1975159041,5114925,A
2113605275,6684695,C
2053841484,6418430,B
2029190892,8835871,C
2029190892,8835871,C
2803034182,10483258,A
2118460765,4568957,A
1988029892,6114138,A
1573802423,5710020,C
35646599,6150117,B
2046303437,5858681,B
2734322953,9993547,B
1970007986,5174598,B
197213204,5547593,C
52637315,9129417,B
2140004180,6947040,A
2461139648,11278742,A
2965665569,10948497,C
127043891,6590263,B
2035835540,4674112,A
2025690723,5231583,B
2169357102,7335768,B
2155254233,6035710,A
1970613547,8245277,A
2013840160,7711312,A
2093178697,8293244,C
1866950349,8293244,C
1992208449,8971609,B
2074420503,8971609,A
2058206258,3966907,B
2806955539,10910721,B
1982440702,8803749,B
2439239759,11408897,B
2562701216,11408897,B
2146654524,10119974,B
2749175664,10280317,B
2049049471,5736378,B
2089807736,6803466,B
2171403154,6803466,B
2604105524,10755942,B
1970915820,6887578,B
2117344815,9598598,B
2593387406,11017958,B
2153944911,8569372,C
2755643890,11311569,B
2283177130,10340066,B
2070792132,5736378,C
1947266049,8124851,B
2028660117,5547812,B
2037725895,8484009,A
1535456295,9196176,B
2661392524,5235461,C
2560652703,10118426,A
2161011460,7305892,C
2076830237,7305892,C
2042832996,4583039,B
1985499184,5747045,B
2165846431,5523088,C
193309367,9852816,B
1968229662,9852816,B
2062968232,8835613,A
2054082865,8835613,B
2159324217,7719957,B
1856289672,7137104,A
2015052870,7402706,B
1995374080,9574010,B
1995374080,9574010,B
2178357416,5656773,B
2118225051,5656773,B
2962798918,11334608,B
2064751554,8726409,C
1982522779,8726409,A
2002903570,8160330,B
2013084177,6774851,B
2099455441,6705319,B
2275016260,5491283,B
1514944406,5849996,A
2098125775,7743044,A
2160688560,8566259,A
2046935950,7964078,A
2068347341,8901137,B
2157978879,7217854,C
1980504034,7807368,B
2132280343,9274053,A
1972496578,5239617,A
2501027228,9986723,A
2112766385,5525804,B
1501928361,5525804,C
2043793449,5525804,B
2311366534,10650308,A
2507898583,10650308,B
2954621893,10506988,C
2995847523,10506988,B
2915524701,10506988,C
2152353207,10650308,B
1993438473,7582857,A
2896337871,11546539,B
1565038661,7582857,B
1693951671,8471189,B
619281428,10365220,B
2131755426,7085928,A
2059912567,10646846,A
2144805518,6310190,B
2232278720,9581498,B
1502804925,8004677,A
2547550778,9581498,B
2093969298,10145785,B
2045525968,5544306,A
2745544925,11149152,B
2061703543,9042631,A
2116553747,6338882,B
2082162833,6031588,B
1972271512,7569188,B
2161764310,7569188,B
2006935842,5371409,B
2082803241,7440490,A
1964459112,8238433,A
2084310534,8238433,A
2133987184,8906362,B
2093542712,7541197,A
2085615984,10391172,B
2162007370,8779601,C
2230566517,10716519,C
2140808105,8373609,A
2151521667,8373609,A
2085848731,9751933,A
2496454041,10427106,B
2599764459,9989471,B
2599764459,9989471,B
2009729031,5241083,B
2030712955,6720453,A
2030712955,6472563,A
2016621705,4789484,B
1992484663,6037137,B
1485652448,5380830,C
2394769859,6242587,C
2041586068,6242587,A
1970956749,8969100,A
2918440524,10256906,C
994675065,9033887,B
2035287988,8812431,A
2036463479,9745243,C
2324245537,6264790,A
1989782096,8674984,A
2084896220,7067804,B
2737717667,9733215,B
2331320027,10662478,B
2708901938,7574695,A
1975631835,10016506,A
2932311345,11505482,A
2912981244,11505482,C
2954069058,11505482,C
2036309344,9663478,A
2563024511,9740031,B
2563024511,9740031,B
2559169566,10118853,B
2139579867,10059609,B
2217678679,10059609,B
2107480049,10266852,C
2316223587,5798237,C
2160780020,8568732,B
1988449718,7194332,A
2116857214,7194332,A
2073725667,5497831,A
2041526056,5557037,B
1963801016,4235933,B
2085568020,4235933,A
2117778840,7917565,A
2031552619,7917565,A
2067019454,8450774,A
1997296121,4398963,A
2056695899,4398963,A
2005008347,9676858,B
2005008347,9676858,B
1530107470,5206174,A
2766602108,11034689,B
2598696003,11071806,B
2896462600,11579140,B
2890055040,11579140,B
2952151139,11579140,B
2154570060,9953439,C
1990972559,9910118,B
2146199022,7972796,B
2323035063,9953439,B
2963185263,10686544,B
2157981417,8750161,A
2054164188,8313893,B
2102781636,8815547,C
2051123283,9389230,B
1996884692,6335253,B
2241353956,6611243,C
2026684452,5492902,B
2406963070,10475418,A
2020297781,6055013,C
2004659742,9739928,B
2004659742,9739928,B
2129536432,5272624,B
2116553369,5272624,C
2109129901,9279160,C
1975716571,5573875,C
2063796006,5573875,B
2320754959,4460780,B
2035176188,5294537,A
2076347461,5545523,A
1964650835,9057099,B
1987696643,8340951,C
2082260955,8340951,B
1907838685,4275167,B
2565228279,11260352,B
1651672993,5932421,B
2043455587,10132809,B
2767754137,11335328,A
2036629117,6260409,A
197184986,9111442,B
2007609817,10079674,A
2140864368,9291774,B
2140864368,9291774,B
2053891531,9373180,B
1991499930,8694866,B
2141222886,8694866,A
2158398747,8694866,A
1646825271,4413522,B
2015241394,6167279,A
2091027292,6620985,A
2139706169,8582098,B
2022554714,8582098,A
2397421135,10419474,B
2132710964,5316910,C
2113760880,8514238,B
2786681745,11033195,C
1995854613,7742152,B
2136168676,7272111,B
1857515161,7272111,B
1975451609,6228982,B
2990825738,11419995,C
2275649293,10224638,B
2115508953,9102922,B
2006611540,8889379,C
2270602984,10435729,B
2099805313,9102922,B
2950993072,5907045,B
1977947860,5661038,B
2107676192,10329262,C
2573959761,10329262,C
2040560988,4615891,C
2023405609,10072272,B
2124770575,6537792,B
2035625155,8580852,B
2034413531,8465636,B
2480405806,11066711,C
1980099904,8849072,B
1969505841,6346373,A
1593311306,10793525,A
2120407699,6779339,A
2169541152,6536935,B
2169541152,6000826,B
2020568460,7921066,A
2037619224,5744324,C
1589161218,6130183,C
1967726940,10370717,C
2162125493,5744324,C
2154580143,9782439,A
2106673834,9782439,B
2754164803,11332493,B
2161007722,6597587,B
2774870055,10385044,C
1975105372,8541016,B
437717484,10093583,B
2015922654,10093583,B
2045070686,9212189,A
2142607055,9561274,A
2077304999,9244074,B
2077304999,9244074,C
2040362426,5288618,A
2118958711,8961776,B
2131701544,5288618,A
1999132835,9212189,A
2064203348,7842823,A
2014791743,7842823,B
2163533364,8961776,B
2115598142,9212189,A
2992765480,11408079,C
1967323987,5614539,C
2005332804,5942600,B
2066014937,5942600,A
2021122357,7696323,B
2083515612,7696323,C
2099698952,8058015,C
2012152951,9128107,B
2978452245,10908077,B
1549544824,5717070,B
2084007575,9607202,B
2053117219,5217893,B
38036433,9512401,B
2314492551,8904850,B
2036583077,9662632,B
2324363582,9428525,B
2798471025,10469293,A
2884075910,10469293,A
296051363,7027150,B
2073154463,5998133,C
2056454646,9823124,B
2024111997,9823124,B
2089501977,9823124,B
2030188882,5647029,B
2164492163,8566787,C
2090764413,7985543,B
2518432604,10875284,A
2098588712,7893200,B
1979707038,9732140,B
2040171299,5898493,A
2253513187,10752905,A
2061260099,8719045,B
2045297448,3991179,C
1474150320,9963486,C
1474150320,9963486,C
2043185636,6964858,B
1963726847,8311731,B
1963726847,8311731,A
2064141793,6126965,A
2082702626,6331630,C
2109913449,6518014,B
2113809944,7427486,B
2128269317,7105666,B
2892051732,11003995,A
2159911525,8609458,B
2101280850,7005298,B
1992255794,6455761,A
2077763055,7285657,A
1996030570,6849776,A
2148466612,8709766,B
2885405826,10098695,B
2909238162,11219772,C
2016788426,8162936,B
2016788426,8409192,B
2525567209,10364198,A
1995622702,6627641,B
2037335795,8509570,A
2037335795,8509570,A
1977005480,5981837,B
1966520891,6489538,B
2090477469,4884437,A
2016926950,6897358,B
2975601627,11193177,B
1984943002,7982874,A
1994436345,8586936,B
1996322679,9121953,A
2277403067,10120836,B
2130837969,10087242,C
2045477789,6455258,B
2045477789,6551780,B
2143585783,8063378,C
2006236542,6261775,B
1972998779,7521055,C
2554794831,9056085,A
2554794831,9056085,A
2164119154,8137400,C
2314837202,10967068,C
2028485324,9149399,B
2989176720,11238631,A
2945759188,10657306,A
2101848772,8494378,B
2008599684,8410287,B
2398925461,10774176,B
2523436208,10100107,B
2313145660,8697759,A
2949624222,6803477,B
2143342373,7119232,B
2519059721,11246962,A
2617419249,11246962,A
1900271541,5995734,B
2963351113,10542270,A
2108033344,6250928,A
2607001403,10396232,B
1973316801,9347885,B
2134241660,9347885,B
2504499384,10420338,C
2020045108,8643280,A
2620159188,10662229,C
2108313375,8121367,A
3003341156,11232308,B
3003341156,10902289,B
2056020005,8841406,B
2606551278,10471110,B
2067535120,5912158,B
2009568094,9334253,A
2151254925,7087789,B
2058211542,9845504,B
2090084341,9845504,C
2332459442,5036196,B
2046365689,4785070,B
1698028069,6673602,B
2125771413,6262250,B
2020879657,8159677,C
2126628185,10450051,B
2314547405,5073633,A
2612185886,10787665,A
2810093856,10787665,A
2166681032,7381862,C
2738127519,10960876,B
2117344739,7745614,A
2151986547,9416155,C
2046254807,5683874,B
2119002224,5808036,C
2017798903,7745614,A
2148612904,5683874,B
2117263757,7071217,C
2081325029,5714320,B
2058371926,6036683,B
2041729192,9500578,B
2945504898,11103595,A
1976669166,7275827,A
2369170217,10317356,A
2106271850,8755569,A
2021706058,7211399,B
2019408832,7798705,B
2065901503,7798705,B
2732924043,10385336,C
2115580390,7399624,A
2566894426,10066010,B
143043148,6708557,A
2164345023,8755569,A
2282584885,7289654,A
1591931851,8509506,C
2075573771,8302080,A
2161519087,9671414,C
2161519087,9671414,B
2171039193,9052308,B
2029796849,8979955,B
2070437306,8961880,B
2104458851,8012326,B
1972197728,5096586,B
185789272,5085862,A
2405918300,10655020,A
2901940929,11133134,B
2130900762,8012326,C
2594815174,10388466,A
2807953101,10882276,A
147319173,5358556,B
1970418206,6265615,A
2011312724,7772380,B
2038450925,4675283,A
2041782690,9250251,C
2072945751,9250251,C
2042287357,7783680,A
2042287357,7882151,B
2021846935,6365892,A
1964101377,5856671,A
2002887234,6478238,A
2887466153,11426371,B
2323875847,10966652,B
1976368751,10966652,B
1975092621,9877680,C
1975092621,9877680,C
2008778571,8244752,A
2161632393,6703023,C
2335355374,8202886,A
2058545965,10125412,B
2755966471,10655020,B
2404725544,10655020,C
2040569874,8445279,A
1985526166,10494673,B
2171183523,6156522,B
2081899465,6156522,B
2096604971,6376197,B
2150758175,6933118,B
2108956995,8012326,B
2949322450,7479558,B
2953016743,5438118,A
2041414956,7879569,B
2009633639,9317601,C
1577322643,6888994,B
2144267168,6888994,B
1976026821,10527579,B
2031505670,9744373,A
2013786222,6255289,B
2620111536,10858441,A
2028613319,9514892,B
2905174690,11028152,B
2913384061,11416228,A
2593570099,10436746,B
2105633564,9556379,A
2105633564,9556379,B
2082014485,9556379,C
2082014485,9556379,C
2015391121,9556379,A
2015391121,9556379,B
2414177932,6315771,A
303546134,10184113,B
2137448287,8612618,A
2086357144,9747927,A
2141757232,10041045,A
2141381980,4729111,B
2057451929,7220077,B
2088438660,5837507,A
1991419585,5837507,B
2078893417,7668659,B
2078893417,7371736,B
2078893417,7894992,A
2587064050,10752956,C
2666084870,10577656,C
2039215669,7371736,B
2035045389,7371736,C
2035045389,7894992,C
2002153341,4090022,C
2762344780,10577656,C
2115408637,6708557,A
2048760101,8666718,C
1877629058,5357508,B
2330482371,11279980,B
2766808079,11059948,B
2104512808,4745623,C
2034260992,8623353,B
2159878680,7553931,A
1998047157,7553931,A
2000087547,9020546,B
1979090002,8124087,B
1972250530,10501756,B
1924601238,7052694,B
2003681838,9669213,C
2520645691,9904869,C
2786804597,9904869,B
2786804597,10043099,B
2783820291,10043099,C
2510475044,9487829,B
2510475044,9487829,B
2605826110,11180803,C
2294990176,10870890,C
2511852120,10870890,C
2294203763,10870890,C
2160541773,11525163,A
2567338348,9968671,B
2567338348,10588958,B
1973781366,8270736,C
2756402556,10844418,A
2626741217,10431726,A
1519258930,7354722,B
2020615302,5540751,B
2610531281,10701361,C
2736738434,11613653,B
2029606767,9450739,B
2035484786,6962963,B
1971761228,4786395,B
1990700027,8742754,C
2144989767,8742754,C
2563224755,10106569,B
2328162869,10908161,A
2438774257,10485418,B
1787980698,10485418,B
2319846906,9138699,A
2798847548,11331009,A
2904279437,11331009,B
2137311025,7820858,B
2143665120,8819790,A
2097358877,10273547,C
2167153135,8387117,A
1980387451,9229651,B
1965966174,6777388,B
2122966558,8958316,A
2165455459,8885631,A
2070721826,7961315,B
2005430992,7756365,C
1986210073,7756365,C
2134165387,7961315,B
2104373779,7756365,B
2032209976,6011825,A
2056985174,6011825,A
2083263068,8236547,A
2028614157,6625180,B
2035675819,7729542,B
2111244276,7729542,B
2086828355,5885827,B
1976118880,5885827,B
2084006991,9814802,B
2132924384,8781194,B
2068367476,9167165,B
1578424296,6832162,A
22201280,10239012,B
1997687468,6832162,B
1842290555,8494245,B
2165845078,4555678,A
1991704335,4357341,B
1550852178,6370380,A
2605902374,10098695,B
2530378947,10736880,A
2153122199,9000548,B
1988134211,5849429,C
1993933306,8492106,B
2112461003,5827372,B
2045445980,5827372,B
2086949005,10900083,B
2118539741,6677342,B
2122818138,8110796,B
2122818138,8110796,B
2925023363,10620050,B
1990127664,6825982,B
2132419214,6217884,B
2036192752,8642048,B
1985463810,7700831,B
2058623102,6903184,B
2052017617,5792613,B
2090483700,5792613,B
2944265668,11262458,A
2018829119,9413571,B
2018829119,9413571,B
2312472549,7272276,C
2089402285,8351043,A
2078220650,7859944,A
1537884923,6789070,A
1564757367,7721102,A
2107329832,7859944,B
2140543201,5999893,A
1531817629,7587374,C
2116178260,7782573,B
2084676383,7587374,B
2069837594,6358688,C
2003990693,5824488,B
2062461963,5824488,B
2180321623,7271260,B
1965378998,9637723,B
1965378998,9637723,A
2018471740,6984521,A
2142430120,8461573,B
2083923465,7881211,A
2007841094,10330782,C
1996006850,10330782,B
2009219839,6057333,B
2080661253,10322161,A
1995423352,6677370,B
2040742197,9493842,C
2530945881,10974043,B
2116044305,9493842,B
2580464105,11566077,B
2766762285,11566077,B
1485044962,9275445,B
1977993578,5011685,B
1996349989,10034939,A
1984900437,4973667,B
2012866104,4990815,A
1986469118,5013649,B
2120433115,8058624,B
2535139316,8058624,A
2103431468,8058624,B
2150430780,7854862,B
2252233703,10584161,B
2065477260,10031138,A
2115693687,4168448,A
2099435261,10301592,B
2133045741,7375076,B
2003171404,9260723,A
2003171404,9023649,A
2026520402,10329587,C
2026520402,9587252,C
2074933455,10910085,C
2118054369,6645432,B
2907862135,10668020,A
2043363699,5229655,A
2036540135,9818020,C
2141362602,8090163,B
2009259854,10066217,A
1838331518,6350817,C
2023112095,8376463,A
2510558112,10689703,B
2186662694,9512204,A
2186662694,10035846,A
2901101335,10507182,C
2901101335,10722467,C
2488203523,9737485,C
2040508979,6921735,C
2152978370,7700308,B
2099024620,6001970,C
2077498532,6821423,B
2024028932,6617431,B
2316643329,8993612,B
2316643329,8377970,B
1967629510,6340741,A
2011459581,10866984,C
2076632848,8232049,B
2005243731,6662162,B
2142192963,4774359,A
2079034347,6441099,B
1986127483,6441099,B
1929630226,6441099,B
1929630226,6350817,B
2050445764,5245044,B
2025441035,6445852,B
395980133,6280760,B
1802956540,5494804,B
1917225420,6197497,B
2004747648,6660497,C
1602128787,7094554,B
1997003081,7094554,C
1495126185,6255115,B
2025235443,10415144,B
82976381,5683912,B
2129393719,9171216,B
2062180215,4687759,B
2041981695,3966413,A
2080637469,8901054,B
2116875979,8633686,B
2292514022,10889501,C
1900369959,4011613,A
2109753250,7888492,A
2012743573,6337207,B
2012743573,6335168,B
2042632109,8836794,A
1993720954,6303329,A
2012942410,9085590,B
2169545694,9090662,B
2086928290,7655757,A
2072348114,7312049,B
2117642605,8796733,B
2018768039,6979433,B
2011594810,8445650,C
1977531643,5742599,A
2436218925,5783693,B
2050680553,5972625,A
2476425775,10221401,B
2110772317,6168931,B
2161102764,9637522,C
1605041274,7595387,C
2078187809,7834171,B
2313800668,7341653,A
1987364807,5532284,C
1012722137,4649131,B
2476696777,9809817,C
2476696777,10435688,C
2071409044,7456204,B
2080545523,5484905,A
2467814765,11057858,B
2159824434,7947451,B
2085286228,6376745,A
2000630785,6040475,B
2036295429,8481747,C
2088982779,7612893,A
2162109810,8942848,A
2079995373,8942848,B
2963282277,11440964,C
2127894188,5867304,B
2014635368,6744555,C
1822697715,6970276,B
2153139859,5867304,B
2054253444,7009759,B
1989740417,7349609,B
2180359741,7009759,B
2060323649,5095518,B
2293860339,9882890,A
2293860339,9882890,A
1978183200,7581107,C
2100993561,6423493,A
2166058588,9416366,C
2166058588,9416366,C
2141981005,9056847,B
2163527490,6177447,A
2571337903,10682438,B
2032164272,9824276,B
2117854222,8281131,A
170174611,9544144,B
1502328873,8122245,C
2110264892,8522040,A
2179746454,9896744,B
2179746454,9896744,B
2343141697,9896744,B
2343141697,9896744,B
2161765100,9164106,B
2177427325,5639095,B
2136479020,5585254,B
2011037109,5585254,B
2071869082,5059538,B
2013599162,5652107,C
2314462699,9580560,A
2314462699,9580560,A
2255474195,10294213,B
2320759662,9598635,B
2044964567,9598635,B
1994311088,9580560,B
1994311088,9580560,B
2074875874,8481708,A
2022260500,10087234,B
2774685983,10373812,B
2009822728,6620618,B
160048297,6917466,B
2089844958,6927896,B
1990038772,8007996,A
1990038772,8007996,A
2600424538,11208386,B
1997141747,6746849,B
2067372909,6473459,C
1567962364,6473459,A
2022542556,4383730,A
2907563276,11126550,A
2087363756,10053668,B
2089254126,10053668,B
2053099967,9899555,B
1964849630,8377683,B
2157489401,10287587,C
2205544519,10711311,B
2015437876,8541169,B
2300818930,9908849,B
2767021423,11243214,B
2176731627,6790659,B
2014453291,4330378,B
2073352135,8569680,A
2619328491,10761402,B
2066814014,4773145,A
2066770391,7547859,B
2896240376,11329631,A
2397227590,9648684,A
2032425129,8610486,B
2807805721,11445442,B
2073095881,8610486,B
2105044477,9298952,B
2105044477,9298952,B
2111105264,5939320,B
2111105264,6057102,C
2111105264,6258527,B
2071191108,9791385,B
2891773478,11112245,A
2798854720,11112245,B
2042640643,5403462,A
2078059776,5403462,B
2054051862,9695479,B
2131256900,8709723,C
2753828114,11116393,B
2050974735,9962409,B
2050974735,9962409,B
2995189980,11598783,B
1856311515,6042835,B
2137952567,5563063,B
2113497156,9262582,C
2738478707,9962409,B
2738478707,9962409,B
1991587280,5650492,B
2001132794,7617822,B
2104180996,6681768,C
2146657018,6681768,C
2623374099,11247037,B
1978896667,9639392,C
1978896667,9639392,C
2021824829,5202231,B
2049954138,6109098,C
140436119,8281662,B
2079875983,8281662,B
2022156915,6109098,B
2067995336,6696271,A
2084140534,5202231,B
2567029207,7993918,C
2038741285,9818393,B
2038741285,9818393,B
2162792257,8368889,A
2028195042,9074993,A
2126059122,8065722,A
2313106923,10667761,B
1977252409,8309530,B
2767004327,10449186,B
1992115777,8609356,B
2890806689,11453492,B
1532313454,8015605,A
2122757189,4086222,A
1552790297,4217416,A
2143891449,4217416,A
2674824053,10373312,A
2701556738,10373312,C
2801403906,11510615,B
2062460840,4865973,B
1539067178,10816815,B
2282920859,10816815,A
2036676335,10816815,A
2084839593,5441883,A
2013745847,9012407,B
2052414014,8961004,B
1873343829,10301652,A
1978745104,5004805,A
1989297142,5004805,A
2021729201,5525464,B
2538209529,9018594,A
2114762199,9443326,A
2065916035,9214644,A
2024238627,6135390,B
2024198309,6605602,C
1964665869,6605602,B
1974085494,6605602,B
2000085459,4760019,B
2061067768,9411622,A
2152654001,5109282,B
2031734515,9709733,B
2031734515,9709733,B
2019285947,10408725,B
2040620464,7046859,A
1495031582,7046859,A
2112540821,9670259,C
1574079431,5866896,B
2121866882,7512506,B
2112800572,7512506,C
1971310894,5866896,B
1999722893,5561407,C
1612156831,4179795,B
1982585895,4415871,A
2624901533,10787672,C
2959968898,10903902,A
3015228417,10903902,A
2009984644,6818622,B
1985155787,9819439,B
2084431950,6398940,A
2333934519,5153154,C
1980557748,7032432,A
1892462207,11060184,B
2010876600,8285091,B
2328864114,8285091,B
2730659122,10310181,A
2556006110,10310181,B
2082200991,8912821,B
2166855633,6540903,C
1515423837,6140115,A
1990217036,8320646,B
1980094699,5653956,C
2767743409,10512904,B
2333032245,9802831,A
1985606679,8787776,B
2765938046,11287283,A
2897983652,11287283,B
1987189435,7306682,A
2017872694,4748008,A
1963757005,7791019,A
2317441794,8247784,A
2572738486,10774112,B
1979091604,8311787,B
2003419989,6552014,B
1988647289,6552014,B
2223901856,6696549,B
2409014377,6245782,B
2105616717,6019978,C
1999089101,5698202,A
3000004779,10503792,A
3000004779,11151167,A
2260723393,10061085,B
2073973661,7819557,B
2994256272,10984532,B
2038700845,7766495,B
2090481725,4133212,B
2001371234,6977248,B
2905804134,11420990,C
2521743729,10232027,C
2045707865,9700611,B
1931881775,9427400,B
2939096054,11259956,B
2332852080,9428731,C
2103203445,8412796,B
2343323027,10702719,A
2270525854,7912649,B
2778680691,11491123,B
2951266926,4424343,B
2148494593,6555367,A
2102659274,5748846,B
2808997875,11208672,C
2125983470,7368547,B
2006023877,8507278,A
2105606575,7495422,B
2078735123,7368547,B
2035787192,7368547,C
2009088066,5385834,C
2584616532,10437648,C
2169105511,5292639,C
2944616073,11163576,B
2952322674,11163576,A
2006229657,5916633,B
2052104874,5916633,B
2030845577,5916633,B
2217370284,10359395,B
2020687244,6004932,C
2082313454,4789670,B
1984514443,5292639,B
2084725617,5599790,B
2060358611,8337921,A
2001788252,7947703,B
1512272053,10106775,B
2562312696,9635000,B
2142772921,5954845,B
2314994122,9382291,B
2963573141,11423548,C
1983355326,8399611,A
2797759721,10964315,A
2072400945,5223423,A
2128935727,7865020,A
2160082868,8275204,A
2097200489,7865020,B
1975670140,6699676,C
2048872510,6628747,B
2038884108,7978343,B
2067776314,5758653,B
2783591611,10739261,A
2506442836,9952557,B
2506442836,9952557,A
2901347243,10670772,B
2592752843,11385386,B
2016613716,4137401,B
2333451476,9946492,C
2168978943,10136807,C
2006476522,10136807,B
2095625342,6751416,B
2046078937,7914889,B
2085906495,9258148,B
2001417296,9258148,A
2131012769,5157112,B
2063353135,4713351,A
2063354329,10653789,B
2011646142,9814422,B
2022202320,9771416,B
2022202320,9771416,B
2408830249,9771416,B
2408830249,9771416,B
2082375360,9441013,B
2013536398,9441013,B
2744996861,11591601,B
2042844848,6631364,B
2339642493,10773217,B
1993257312,6133736,B
2025511996,8704577,A
2079365541,8658614,A
2130112160,5831166,B
2116250716,5831166,B
2106077443,6055859,B
2011647964,8704577,C
1967241058,9293786,B
2272088536,9708609,B
2272088536,9708609,B
2060683627,5515716,A
1585493541,5580854,A
2158925771,7157618,B
1991489953,6509161,B
2112098245,6730502,B
2904694042,11604978,A
2943894006,11604978,B
2977616835,11604978,B
2968779771,11614643,A
2015107625,9608931,B
2070573812,4428942,B
2045687112,4331661,B
2902535017,10973927,A
2059673451,4133782,A
2085667840,6552139,C
2017951490,9715837,B
2017951490,9715837,A
2912967789,11331269,B
2968077992,11586974,A
2111642396,9639330,A
2111642396,9639330,A
2093537043,7211379,C
1759779501,6804231,A
2904261093,11495327,C
2168724994,8073226,B
3010128333,11481905,A
2794186477,10667778,C
2144471302,8731255,B
2962725110,11420040,A
2070833257,9014456,A
2790037312,10667778,B
2957975635,11495327,C
2916489178,11495327,B
2542064944,10408845,B
1936375955,7378385,C
1606348775,7642063,B
2033548253,5001060,B
2040764611,7638278,C
2138337577,7049600,B
2165363850,5922610,B
2119828997,8883730,B
2413337828,9376421,B
2413337828,10266520,A
2175696527,9376421,A
2175696527,10266520,B
2103694616,6975786,C
2159638479,6975786,B
2565357595,9941389,A
2565357595,9941389,A
2313856464,9694065,B
2001361583,6442321,B
2001361583,6614960,B
2162584255,8009607,A
2112260826,9764011,B
2033667197,8565499,B
2030298078,8565499,A
1974936736,5264906,A
2091343945,4634709,B
2134292630,9620634,A
2153496552,8218978,C
2329380755,9620634,C
2141496033,9620634,C
2074128166,8611763,B
1465845991,11208622,B
2769115673,10704052,A
2537471102,10576151,A
2767160442,10897357,B
2594057045,10742413,B
2005495332,9485048,B
2046170625,9485048,C
2087198445,9485048,B
1865377438,6888992,B
2049801397,6985661,C
2049801397,6990282,C
2045636645,6853786,C
1830967749,6853786,B
1978758625,6888992,C
1531788399,6954574,B
1531788399,6990282,A
2087452430,4806485,A
1971414812,9683022,B
1994067934,9465067,B
1994067934,9465067,B
2156859338,9465067,A
2156859338,9465067,A
1603751017,6110663,C
2159778818,9230055,B
2021021507,8583208,A
2148403724,8337835,B
2101090332,8533848,B
2013604810,10849667,B
2029379203,7250251,B
2778536993,11446545,B
1568755186,4935363,B
2078751812,7799536,B
2150229508,6149945,B
2953379328,6451822,C
1982317252,7940818,B
2147916385,6542650,A
2086810748,7940818,A
2143359488,6542650,B
2061079524,6452066,B
2061079524,6177242,A
1964107043,8955090,B
1991452505,5446147,A
2078533762,9885062,B
1987167282,4857080,C
2948020616,10656175,B
144415843,7568565,A
1971281374,7960179,C
2004949747,3932644,B
2136489037,6297298,C
2277882088,9604056,B
2277882088,9604056,B
2065338373,7510641,B
1989341548,6705125,C
1974871689,6705125,C
1998367513,6705125,A
2762448885,10466418,B
2067223395,8275124,A
2025662623,7936697,B
2074148174,8275124,B
2071221371,6503744,A
2009564804,7138258,B
2009564804,6911337,B
2009564804,6825019,B
2009564804,6905867,B
2009564804,6723545,B
2009564804,6699705,B
2162996363,7390894,B
2159102213,4935100,B
2047705375,5001060,B
2470893078,9850222,B
2470893078,9850222,B
1488783458,5001060,A
2318729770,9587001,B
2060779484,5834465,B
1964572848,5639881,B
2116582550,9111381,B
2172074686,6114703,A
2490555619,9111381,A
2527842394,9858691,B
2527842394,9858691,B
2041379652,9111381,B
2790720537,10814053,A
1983635763,5429921,B
1968124094,5429921,B
2059443463,6264736,A
2003621613,8057036,C
1967683719,5571695,C
2280000660,10872187,A
2104114506,8592447,B
2153761124,6493804,B
1580265547,5955933,C
2101999278,8073017,B
2043692676,8491999,B
1995541427,7213230,A
1518558009,7213230,B
1978096875,5260197,B
2010074838,8517537,C
3012272172,11085935,B
2557375835,10569084,B
2557375835,10675465,A
2897044950,8256530,B
1996334449,6417399,A
