magid,patent_id,assessment
2012001835,4865659,B
2011442792,7229815,B
2012734555,5005927,B
2013092938,5221732,B
2013070901,9200378,B
2012062052,5039858,B
2012447761,7135302,B
2012334205,8685691,B
2009438958,8460647,B
2009765252,6011810,B
2009721130,8410243,B
1434255190,5665704,B
2009649340,8603750,B
2009649340,8603750,B
2009646711,7438792,B
2008881527,9561497,B
2008840029,5366977,B
2010734093,4553243,B
2010773041,10240929,B
2010025317,9298041,A
1440165516,10775322,B
2010340961,9321802,B
2010340961,9321802,B
2016213664,10934408,B
2016211077,6614060,A
2016495540,9797882,A
2016440596,9538076,B
2016349481,5132988,B
2016266215,7777505,C
2016390781,8753660,A
2016379859,7772195,B
2015518152,7420064,B
2015857705,5373443,B
2015804516,7309690,B
2015733876,10562913,C
2017191121,9889194,B
2017155157,6586141,A
2017270665,4929600,C
2017223070,9945946,A
2017146999,9738872,A
2017440782,6242610,B
2017347785,5185244,B
2017377634,6284780,B
2017377634,6046221,C
2016602852,8420978,B
2016688752,6972906,A
2016670512,6727497,A
2016865478,8034902,B
2016858569,8268301,B
2016747503,7314735,A
2013927100,7853102,B
2013933535,10213599,B
2013655371,8778186,B
2013741212,10106397,B
2014120943,9247706,A
2014027204,6667151,A
2014080406,9399619,A
1481859923,5597899,B
1482303868,9401924,A
1482303868,9401924,A
2015240500,5670791,A
2015153302,9314504,B
2014686442,6072923,C
2014675157,5239269,B
809568539,6339840,A
2002906060,6157762,A
2003158492,8144331,A
2003103801,7868154,B
2003190991,8242058,B
887737704,10472418,B
852685029,10413894,B
850986762,10349049,B
850360999,10416115,A
2003047848,11355238,B
2002468303,7084266,B
2002286378,7884263,B
2002736489,7910718,B
2002735773,8815969,B
2002820943,5102812,B
2002613111,10201575,B
2002668922,9393306,B
2004362457,9535994,B
2004441270,8658050,B
2004484191,6673909,B
2004232034,5824414,B
2004240153,7480322,B
2003260716,7644602,B
2003398699,9916416,A
2003614668,7881570,A
2000898489,7695917,B
2000912956,9763984,B
2000912956,10426799,B
2001302607,6335160,A
2001255466,7964629,B
2001358890,5759836,B
2001308125,4998080,A
2001193439,6785612,A
2000334968,8842901,A
2000366854,9586928,B
2000366854,9586928,B
2000721981,7915579,A
2000548594,6853158,B
2001863054,5888787,C
2001847316,8557516,B
2001803927,9261511,B
2001878997,7630076,B
2001786661,9868754,C
766151262,11732008,C
2001478993,7419665,B
2001489831,9627199,B
2001493784,7579318,C
2007296377,9480696,B
2007499047,9217703,A
2007499047,9217703,B
2007443977,5487985,B
2006495167,9101573,B
2006516575,9011866,B
2006509978,9102703,B
2006566060,6699384,A
2006921607,8548036,A
2006907494,5552304,C
2008360799,6416855,B
1247408796,11046692,C
2008604105,7927828,B
2008684714,8252547,C
2008686504,9447511,B
2007800006,9708643,B
2007800006,9708643,B
2007840001,8609639,B
2008127626,6791744,B
2008127227,9497379,B
2008047831,10373718,B
2005035523,6232119,B
2005417694,4765705,B
2005287908,8711919,C
2005271556,5767557,B
967544571,10521441,A
2004582601,9136456,A
2004861518,7837992,B
987366515,10485196,B
998488345,9918989,B
998488345,9918989,C
2006371280,8236329,B
2006484644,8003364,C
1178374583,10140391,B
2005806903,4635263,A
2005599210,8513014,B
2005658643,9310449,B
2006020212,6297427,B
2029101260,5265034,B
1496736901,6278134,C
2029331221,10295021,A
2029375351,7399750,B
2029307047,6007328,A
2029297547,10443096,B
2029205063,10780129,B
2028564373,8778889,B
2028487503,5420027,B
2030338249,8472685,B
2030179577,8557399,C
2029661710,10746736,C
2029535016,6272207,C
2029801163,8011864,B
2029759242,9941560,B
2026920679,7144733,B
2026984266,8465960,B
2026823479,5723282,B
2027153744,10361487,B
2026322694,7446207,B
2026370792,10131695,C
2026206297,9169296,C
2026191400,9084786,B
2026181894,5656452,B
2027934846,10827412,C
2027856668,9845465,B
2027802196,9164206,A
2027802196,9164206,A
2028125059,10982913,B
2028208613,9365530,B
2028208613,9365530,B
2027336285,8597887,B
2027769566,9395369,A
2027659235,9334304,B
2027659235,9334304,B
2027579740,5474895,B
2033641220,6869770,B
2033661590,10786415,B
2033719431,9500688,A
2033899158,9598674,B
2032855532,9437899,C
2032876859,7723067,B
2033290519,10275422,B
2033309232,7700273,B
2033378500,10131634,B
2033208470,8685841,A
2034692223,9433750,B
2034714646,8558182,A
2034722490,4838989,B
2034732690,5333129,B
2034526964,5019721,B
2034969165,7923430,B
2034969165,7326681,A
2035042809,9375436,B
2035042809,9375436,B
2034856420,9409858,B
2034131461,9246177,A
2034131461,9246177,A
2034425204,9889221,B
2034376730,4508712,A
2034480831,6838694,A
2034183286,9067167,B
2034209707,5026687,B
2031334492,8299126,B
2031337364,7749984,B
2031365272,9845327,B
2031463777,8076662,B
2031106109,7341703,A
2032385632,9601103,C
2032691353,4740467,B
2032453905,9758796,B
2032453905,9758796,B
2031967641,9492525,B
2031838608,8259902,C
2031877935,9928406,A
2031877935,9928406,A
2032281007,6989271,B
2032125405,9644241,A
1488850571,6678421,B
2020596573,9890207,B
2020596573,9493549,B
2020614148,7361261,A
2020591648,7240343,B
2020621453,5889177,B
2019714652,5262657,B
2019702852,8993113,A
2021582829,4439301,B
2021361127,4518478,B
2021436828,5959180,B
2021836794,8029814,B
2020869271,9630905,B
2021067599,10514351,B
2021046264,5175357,B
2021132043,9588255,C
2018380423,4452249,A
2018478185,6903433,B
1487323982,6077510,B
1487361437,8580937,B
2017839954,9173939,C
2017817509,6624462,B
2017685142,9175390,A
2017642141,8609830,B
2017642141,8609830,B
2017968247,6552964,B
2019150133,9117821,B
2019631152,9449169,A
2019646304,4818678,C
2018802318,9396046,A
2018802318,9396046,A
2018780658,9359204,B
2018780658,9359204,A
2019024229,6194634,B
2024650425,7505366,A
2024642945,5871990,B
2024327887,9889189,B
2025896442,4815858,A
2026010038,9642925,B
2025314929,6911649,B
2025274719,8309944,B
2025412364,7709451,B
2025430406,5464933,C
2025392010,8117377,B
1493506547,7218151,A
2025572038,9227995,A
2025444775,10608614,B
2025535587,9259492,C
2025532600,5783383,B
2022649017,4760029,B
2022411799,6061300,B
2022782836,7037444,B
2021970202,6088380,A
2021941263,8664095,A
2022355196,5238835,B
2022163459,5696253,B
2022215414,9206423,C
2023554420,6140067,B
2023637681,4815942,A
2023527508,9957479,B
2023777067,9500658,B
1491728704,9809857,B
1491728704,9809857,B
2023032691,8268778,B
2022893265,8986626,A
2023003381,8992603,B
2022936129,7074578,B
2023210309,6517843,C
2023205876,7598042,B
2023179470,5985610,B
2023279442,9701727,B
1977054660,7276286,B
1976842305,9036891,A
1976794208,8580276,A
1976909436,9922266,A
1976909436,9355331,B
1976909436,9195903,B
1976910216,4664911,B
1976493998,7588687,A
1976477147,6121969,C
1976338194,7745001,B
1977985044,10129658,A
186409735,7052685,B
1977959321,9871191,B
1978406914,6335156,A
1978153633,9150887,A
1978251248,9175331,C
1977490635,8225666,A
1977462049,9199844,A
1974598415,8436057,B
1974710999,8343066,C
1975022146,6504149,B
1974190927,9043158,A
170489579,6255099,B
1974496433,8871516,B
1974505504,7033815,A
1975812348,8283456,B
1975710239,10074814,B
1975700802,7630604,A
1975699235,9131678,B
1981440980,6057102,B
1981451148,5939530,B
1981011668,5863609,A
1980805512,9382517,B
1980871955,9217741,B
1980907694,9012240,B
1980863692,10017735,C
1981195515,7456954,B
1982397092,8719198,C
1982751228,9689666,B
1981907831,6623870,C
1982352044,7470840,B
1979269149,9778194,B
1979269149,9778194,B
190349426,6017538,A
1979583496,11096994,B
1978427458,7750869,B
1978992298,8168447,B
1978952710,7226602,A
1978811439,4445141,A
1980327064,6975402,B
1980441719,7186409,B
1980449150,8936936,A
1980182314,8753498,A
1980246256,9234004,B
1980640779,9725774,C
1980586896,9346803,C
1980636692,7456294,A
1979652492,6630425,B
1979803512,9741128,B
1979803512,9741128,B
1979918706,4556979,A
2107516741,7612019,B
1969003187,7371051,B
2104671481,6421463,A
2170793993,7961694,A
2057688865,4327710,A
2056826630,8631269,B
2053341212,8175873,B
2061367996,7327346,B
2097203953,7678329,B
2068995687,8603808,B
2071144635,9513279,B
2071144635,9513279,B
1969302126,9117273,B
1969302126,9117273,B
1969102784,9367519,B
1969102784,9367519,B
2751486157,10628506,B
1969156218,9555644,B
2941093167,10527470,B
1968479900,6381018,B
1968479204,4720454,B
1968424794,9597351,C
1968424794,9597351,C
2545814139,6219365,A
2473329891,11783173,A
1968278124,7018809,B
1968303064,8580937,C
2889655735,11464768,B
1968207411,4799230,B
1992360621,9364557,C
1992360621,9364557,C
1982048483,9268861,B
1982048483,9268861,B
1968514543,5719324,B
1972684426,7012275,B
1972480392,5648248,B
1972325477,6361994,B
1972343118,7492116,B
1972099869,8082135,B
1972220601,6380394,C
1973680986,5670319,A
1973680986,5708142,A
1973731551,7229829,B
1973555421,6025611,B
1973784081,9687582,C
1973784081,9687582,C
1973868793,8993290,A
1973122969,9688740,A
1973334561,9505976,A
1973425536,4748118,B
1970575075,9995752,B
1970551910,6304588,B
1970631186,6711334,A
1970352578,10228784,B
1969507878,4833200,C
1969594943,8124251,B
1969951380,9181435,A
1969965109,4824826,A
1969993314,8685400,B
1969832217,7056692,B
1971390030,8703722,B
1971171113,9977036,B
1971171113,9977036,B
1971292110,7615342,B
1971228053,9702300,B
1971645224,8852940,B
1970812755,5354844,A
1970711809,5695767,C
1994109490,5990163,A
1994431851,6093809,B
1993527536,10612083,B
1993644347,8530854,A
1993481376,9808616,B
1995317330,7881361,A
1995151141,4900526,B
1994838791,6858455,B
1994897424,6699713,B
1991748531,4544887,A
1991746186,5427940,B
1991763672,9580553,B
1991822290,7079254,B
1992307021,9245090,A
1991495618,7619217,B
1991453997,9447168,B
1991532206,8366630,B
1991538068,6285813,B
1993020298,5831013,B
1992915966,9080150,C
1993264821,9635468,B
1993241304,7312361,C
1993193500,10746726,B
1992386924,8227432,B
1992815045,8883149,A
1992791539,5840629,B
1992677285,9043746,B
1998693301,6943194,A
1998466749,9548414,B
1998466749,9548414,B
1998872152,7227359,B
1998078889,9187524,B
1997942155,6858455,C
1997937515,9175326,A
1998402281,8961999,B
1998247770,9056923,B
1999719276,4545254,B
1999738340,9163067,B
2000162356,6713247,A
1999990472,9840741,B
1999990472,9840741,B
1999261571,9110063,B
1999142590,9226918,B
1999142590,9226918,A
1999528751,4385119,B
1999494484,10500283,A
1999508253,5456986,B
1999448229,6180341,B
1996413533,5688665,A
1996488951,6025388,B
1996532416,5162203,B
1995838394,6291742,A
1996134016,5474926,B
596767445,10206871,B
1997537633,9427478,B
1997654602,7179786,A
1997382945,8255217,A
1997500769,6962971,B
1996997088,8207401,B
1996947089,6044706,A
1996974914,8426367,B
1997247280,6002476,B
1997369126,9756312,B
1985798554,10242488,A
1985822271,9631207,B
1985202056,9273294,B
1985200221,7265261,B
1985524904,9864184,B
1985524904,9864184,B
1986469118,5106748,C
1986447155,6613565,A
1986772160,8617819,B
1986009297,9982306,B
1986009297,9982306,B
1986093376,4725550,B
1985873491,9487877,A
1985918192,9539315,C
1986128245,9187524,B
1986199521,6887677,B
1983973047,9592198,B
1984006297,8124409,B
1982993926,8992446,C
1983034638,7700072,A
1982973502,10106833,B
1983343132,7161016,B
1983168462,7570063,B
240424881,10203405,A
19161203,9953080,B
1984290611,8437959,B
1984290611,8437959,B
1984550767,9221842,A
228613302,7227010,A
228613302,7037680,B
1984433141,9136673,B
1989583350,6699466,C
1989594172,11186874,B
1990030292,9717783,B
1989512056,7125659,B
1990789777,6699658,B
1990874905,8252977,C
1990601349,7425431,A
1990758086,6148012,B
1990757963,8459123,B
1991220629,11719698,A
1990040127,9236443,C
1990040127,9236443,C
1987491548,6943054,B
1987902896,8536148,B
293871180,6721682,B
1987739795,6180408,B
1987005540,7767688,C
1986971467,9509995,B
1986951773,9715098,A
1987365118,8802738,B
1987396137,8691145,B
1987270419,9094385,A
1988660569,4904479,B
1988058347,10174284,C
1988075943,7856319,B
1988177803,9093925,B
1988176721,9758584,B
1988165957,7390931,A
1988164808,5917020,B
1988146323,8940546,A
309389016,10065985,A
1988271696,6410340,B
2081658173,6110941,B
2081495809,9500519,B
2081620485,8530238,A
2081853973,8481484,B
2081185151,5571686,B
2081262448,4323852,A
2083106799,5194585,C
2082290850,5591854,B
2082285371,7622112,A
2082094973,6479285,B
2082344586,10047346,C
2079526653,10479825,B
2079598611,7910622,B
2079671918,9757432,A
2078972442,5679511,B
2079063304,5296116,C
2079092251,8203030,B
2078934304,9879260,B
2079286373,7748388,B
2079160211,9107617,C
2080433548,9114192,B
2080461304,8741658,B
2080904861,6946543,A
2080011227,6799121,A
1547174164,7456197,B
2080370540,9594176,A
2085909020,8299263,B
2085919450,8956526,A
2086397198,5216684,B
2086393005,8039790,A
2086247331,6909010,B
1551842699,5304309,B
1551910894,6673909,B
2085881517,7238496,B
2087095474,7561714,B
65150559,6897244,C
2086658271,8557516,B
2086549170,7779032,A
2086547450,9260692,B
2087045223,8597651,A
2083873740,8899094,B
1549339229,7937396,A
1550481736,9775579,B
1550481736,9775579,B
2084112876,5426512,A
2083631354,8025406,C
2083669845,9255929,B
2083510841,7332355,B
2085082319,8097141,B
2085304717,8187889,A
2085158626,5213995,B
2085254036,9476102,B
2084373148,5888724,A
2084258602,8697085,B
2084262199,10012654,B
2084298114,7378268,B
2084286730,4582802,B
2084655627,8809559,C
2084723039,10479825,B
2084600650,8940963,B
2072959841,8293685,B
2073308465,5962322,B
2073200103,5954792,C
2072589205,6293979,B
2072518123,6423818,B
2072824140,7698294,B
2074070744,8320480,A
2073875816,7217562,C
2074477628,8088077,B
2074484068,8180148,B
2074243817,5908386,A
2074279111,7534933,B
2073707351,6737270,B
1541337995,8719790,A
2070886586,9475756,B
2071020066,10397308,B
2071187523,8686146,B
2070152906,10711308,B
2070635419,6803598,B
2070650819,6228989,B
2070473436,9621132,B
2070437576,7785799,C
2070528577,6866997,A
2072195035,8685287,B
2072032925,7385452,A
2072149411,6426831,A
2071266503,8101361,B
2071355028,9780363,B
2071326040,7026148,B
2071671822,10049502,A
2077237843,8361795,B
2077271883,9610343,B
2077236262,4285000,B
2077231572,6470301,A
2077316010,6048524,B
2077644034,5410016,B
2077338083,9764955,B
2077338083,9764955,B
2076865122,10202397,A
2076833831,9182409,B
2076686663,8116379,B
2078400662,10526633,B
2078298749,7402891,B
2078336668,6979825,A
2077702579,9856281,B
2077751077,9120080,B
2077953700,7679615,B
2078011193,9555134,B
1541910168,10633688,B
2075157563,8092812,B
1542361020,5466593,B
2075265878,7872100,B
2075284332,6762165,B
2075259645,7807177,B
2074677490,6879925,A
2076301797,8355548,B
2076328548,4663167,B
2076083664,7501290,C
2076101491,8345946,B
2076145687,5205159,B
2076344819,9005926,B
2075576299,5015568,B
2075664455,6573369,A
2075459066,4590993,A
2075775673,4803156,C
2099612886,6094049,B
2099820775,9101557,B
2099768074,5652133,A
2099863279,7408431,B
2098665190,8092812,B
2098749797,5822102,B
2099019142,8811620,B
2100956392,9962908,B
2100956392,9962908,B
2101040499,9249467,B
2101060241,7706296,A
2100920671,9051564,C
2100170872,11007441,A
2100159104,5535146,B
2100147358,7715677,A
2100448885,7276361,B
2100429345,7142296,A
2096928994,6871106,B
2096837288,11261494,B
2096668145,8812285,B
2097261566,5067018,B
2097358067,8326404,C
2097194973,6044706,A
2096154341,6225081,A
2098239386,7392143,B
2098474264,8946145,C
2098387863,8137283,B
2097616315,9259492,B
2097739553,6465185,B
2097511294,6381586,B
1564741855,5440021,C
2105106681,9304973,A
2105106681,9304973,A
2105335973,6524588,B
2105371835,8184728,A
2105158171,8329189,B
2105247509,6356370,A
2104628168,7218151,A
2106330334,10357539,B
2105738360,9023458,B
2105509900,5478932,B
2106075109,8252337,B
2106030825,7860656,A
2105893193,10052345,B
2105980774,8392891,A
2102163649,8699604,A
1566787323,10729665,B
2102679813,7915390,B
2102632804,8495429,B
2101734608,8265564,B
2101727925,6634211,B
2101603480,7314723,C
2102089654,10428151,A
2103709281,9687664,A
2103506045,6337206,B
2103986567,7951557,B
2102893019,10278986,A
2102901373,9045749,C
2102986716,7244429,B
2102834068,9090699,B
2102775535,8272278,B
2102775535,8181540,B
2102799596,10041944,B
2089813644,8776802,B
2089621094,5947921,B
2089728964,7226602,B
2089914064,8722338,B
2090022532,10174380,A
2090032197,9409785,C
2090926667,8936792,B
2090918580,7332453,C
2090971845,9862991,B
2090748242,7126009,B
2091263327,4801550,A
2090715097,5728739,B
2088171422,7273729,C
2087924794,6572864,B
2087920945,4580268,B
2088474473,7588699,B
2088553907,10920199,B
2087323048,8699357,B
2089148358,10112974,B
2089128786,6516305,A
2089157765,8846314,B
2089610874,9809620,A
2089610874,9809620,B
2089037091,9863939,B
1554698203,9928347,C
2094435043,7897598,B
2094477218,5998174,B
2094476373,9597393,A
2094476373,9597393,A
2094644660,10675345,B
2093844440,9198964,A
2094070298,8257867,B
1561007568,7857956,B
2095714898,6323979,B
2095666577,7271186,A
2095535715,8916387,B
2095564877,7534936,B
2095508117,6420547,C
2095877909,7949927,B
2095972686,9738688,A
2095118637,8334900,A
2095073811,8822434,B
2095256406,10501317,B
2092215208,5672682,C
2092113020,8592384,B
1557830866,10796319,B
2091403717,10329537,C
2091393763,8871509,B
2091827961,7437012,A
2093354311,9522081,B
2093088471,9238006,B
2093088471,9238006,B
2093197735,9586946,A
2093197735,9586946,A
2093498579,6723606,B
2092650543,8482285,B
2092968097,9907861,C
2046577658,10179154,C
2046613196,8131481,B
2046535753,7894128,A
2046443936,5502585,A
2046514555,9746478,B
2046957582,8433170,C
2046238677,9678061,B
2047694213,9771665,B
2047694213,9771665,B
2047626021,5683804,B
2048010932,10119133,C
2047977012,5837492,B
2047762049,7276286,B
2047100467,6445707,B
1513529766,7465582,A
1512913021,5998154,B
2044537873,5837998,A
2043812731,9812954,B
2043699240,5433717,B
2043639266,9789485,A
2044120595,7794230,A
2044022329,6770698,C
2045538822,5843664,B
2045275962,8377648,B
2045790143,7526637,A
2044659956,5789229,B
2045217272,7351402,A
2045077132,9265951,B
2045027162,8188563,B
2045024888,8471107,C
2051245422,9878961,B
2051245422,9878961,B
1518243266,8309140,B
2051228656,8293337,B
2051466941,7957787,A
2050655548,6187817,B
2050476296,8063270,C
2050469364,6120999,B
2050560594,6236496,B
2050579674,10371767,A
2050579674,10197642,B
2052299452,7191113,B
2052319881,4079421,B
2052322890,6064486,A
2051599937,9654208,A
2051599937,9654208,A
2052089739,6163039,A
2048760882,8158358,B
2049120107,10407381,B
2048241825,7906672,B
2048312633,6044209,A
2048346412,7006267,A
2048140742,7795025,B
2048124107,7232565,B
2048399075,5646113,B
2050139121,7087575,B
2050351071,7687463,B
2049551487,7280923,A
2049586866,7575751,A
2049662586,4637997,A
2049672282,5503981,A
2037780575,8155262,B
2037588060,9228527,C
2037647828,7015499,B
2038102635,10847829,B
2037869647,10761052,B
2037333220,5912415,B
2037261229,6689748,C
2037194222,7824857,B
2038905627,10149902,C
2038893582,5196318,B
2038332006,9224963,C
2038202065,10954489,B
1503954191,10013782,A
1504025083,7310623,B
1504635954,7259151,C
2035795703,5504771,B
43331981,7060435,B
2035221061,10072030,C
2035549210,8173407,B
2035564780,5837545,B
2035450885,9004201,B
2035416275,7279325,B
2036741092,6908612,B
2036711488,6489442,B
2036872637,8277811,C
2036854092,5310659,B
2036929783,9039919,B
2036409621,10422786,A
2036359347,9051496,B
2042146970,10126300,A
2042490892,9221216,A
2042490892,9221216,A
2042370460,7960417,B
2041860876,8845768,B
2043314361,8150134,A
2043094531,7297762,B
2043161346,9950032,B
2043161346,9950032,B
2043578044,7776340,B
2043430057,5856580,B
1511480110,7557674,A
2043014634,8501961,C
2042763976,7293449,B
2042774699,8515890,B
2042774699,8463735,B
2042883482,11840708,B
2042876370,8822955,B
2042862013,8150134,A
2039868523,8499209,A
2040027538,9568320,B
2040034782,9481793,B
2039984188,7392143,B
2039856012,7031922,B
2040243778,9884941,A
2040106208,6162641,B
2040218312,7106498,A
2040182739,8916540,A
2040181443,5846753,B
2039338719,8155530,B
2039159821,7803264,B
2041426200,7094555,B
2040389967,6812017,A
2040469426,9206271,B
2040469426,9206271,B
1508531386,6602399,B
1508427423,5679347,B
2040823522,9507032,B
2064351311,9300000,B
2064188038,6919207,A
2064229617,9901295,B
2064229617,9901295,B
2064636548,6281015,B
2063670406,8842268,B
2063614472,6864365,B
2064106294,5589453,B
2063848667,7723216,B
2065384342,8438513,B
2065226798,10799613,B
2065320706,10722138,B
2065334259,10266488,C
2065332133,8715982,B
2065524185,6972906,A
2065526144,7751220,A
1532650827,9165971,B
1531502647,6330370,B
1531396863,7072494,A
2061868787,9730960,C
2061868787,9730960,C
2062354880,6156274,B
2062404710,6518189,B
2062144541,7902365,B
2061329412,7049152,B
2061308322,8173423,B
2061733016,5276636,C
2061669522,9447134,B
2063179919,9110317,A
2062956033,7857451,B
2062561001,6057701,B
2062824545,8344588,B
2068767175,6824817,B
2068600342,10576447,C
2068612725,6486170,B
2068639929,6867243,B
2068681523,6183984,B
2069092801,5283354,B
2069030760,7297509,B
2068277926,6524573,A
2068176013,8999635,B
2068354623,5332601,A
2070017974,5544284,B
2070078679,8110654,A
56534538,5952199,B
2069463652,7560229,C
2069269138,4775759,B
2069345323,7745146,B
2069724352,8515793,B
1534132903,6078736,B
2066552858,7745575,B
1534345626,10301367,B
2066050863,8389565,B
2065851930,6985885,B
2065939445,9470956,B
2065939445,9470956,B
2066363606,9410966,B
2068044261,8266718,B
2068052762,9944911,B
2067410483,8465918,B
2067410483,8465918,B
2067491836,4956455,B
2067317565,10093950,A
2055374820,10267806,B
2055487597,8410056,B
2055546922,7928343,B
2055513679,7863712,B
2055524690,10040880,A
2055116648,7949210,B
2055159497,8772417,B
2055151337,7547547,B
2055159037,9207193,C
2055159037,9207193,C
2055022696,4385119,B
2055037481,9415020,B
2056533846,7196105,A
2056524306,6180654,B
2056524306,6925388,B
2056855143,7361261,B
1523448323,10421812,A
2055875072,6241963,B
2055875542,6573090,A
2053535373,6946256,B
2053597902,9239319,B
2053597902,9239319,B
2052968870,8933210,B
2052968870,8933210,B
2052887239,7776894,A
1521088455,7141422,A
2054485352,8709727,B
2054306770,5724135,B
2054308157,9797840,B
2054561027,8679248,B
2053812214,9367920,A
2053765315,8831047,B
2053757497,7582392,B
2054230891,9145640,B
2054229253,5574041,B
2054221383,9650657,C
2059727054,8328396,B
2059377882,6965026,B
2059636137,5861285,B
2059583074,10149902,B
2060937101,4863955,B
2060903868,8674328,C
2060978874,8932562,B
2061260099,7951078,B
2060527428,10135539,C
2060750121,9214574,B
2060599554,5817496,A
2060587175,8614094,C
2060594330,8425930,B
2060581341,8016419,B
2057671398,8494262,B
2057548071,7906111,B
1525041374,5334521,A
2057109031,9948254,C
2057136002,5993824,B
2057458887,6463200,B
2057350662,8244483,B
2058836855,9758827,C
2058796888,9499489,B
2058614488,7771722,A
2059097940,7733008,B
2059051170,8349332,A
2058451750,7363605,A
2058564940,5615276,A
2163537732,7704720,B
2163492077,8143681,A
2163198511,6396843,C
2162136845,8089916,A
2162251731,10240180,B
2162756329,7875597,B
2162791356,8354268,B
2164545730,10640785,B
2164450870,7165029,A
2164296264,7773883,B
2164875840,8552299,B
2164875840,8552299,B
2164105455,9975923,C
2164105455,9975923,C
2160437131,6440707,A
2160788656,10106783,C
2160124192,7346493,B
2160121923,5140670,A
2159944387,6953643,A
2162059035,5073962,A
1626530869,4876242,B
1627878190,6753407,B
2161541073,7169814,B
2161583257,7700544,B
2161348039,7323331,B
2167801159,7442996,B
2169220662,7584087,B
2169249817,10252966,A
2168963845,10289952,A
2168789347,8476061,C
2165726621,4489166,B
2166104037,7288404,B
2165197996,9956276,C
2165197996,9956276,C
2164894713,10544191,C
2165477836,9909135,B
2165565866,8811700,B
2165573391,6855549,B
2165510022,7867496,B
2165327934,8734793,B
2165368554,10227563,B
2166705503,9304973,B
2166705503,9304973,B
2166725011,8617836,A
2166955092,9108949,B
2167087622,8935561,A
2167034342,8594398,B
1641184900,7183974,A
2166277361,7317770,B
2152585732,5339347,B
2152361814,8724503,B
2152766938,7838657,B
2151865725,8505059,A
2152117549,7541040,B
2152293013,9808527,B
2152238807,7200539,A
2152240519,8209279,B
2153735713,8588759,B
2153660769,9642835,B
1608297190,6507138,C
2154098526,8351339,B
2153864313,9707550,B
2153864313,9707550,B
2153944096,8626902,B
2153203054,9192303,B
2153203054,9192303,B
2153312670,8487008,A
2153300722,7752046,A
2153072229,6606625,A
2153036496,8494218,B
2153036496,8494218,B
2153408446,8410056,B
2153515393,5489424,B
2149934289,6904151,B
2149912948,6753151,A
2149996379,9597395,B
2149269381,9534219,B
2149269381,9534219,B
2149762702,6226774,A
2149813143,6466515,A
2149848264,9206154,B
2151502878,7643676,C
1606631727,11052204,B
2151770858,6021579,B
2150733580,7705339,B
2151203874,10156560,B
2157749392,6421387,A
2157872661,6130969,B
2157785816,5268442,B
2157212789,7358347,A
2157560373,8885882,A
2157651545,8362311,B
2157672700,5976536,C
2157392528,8334258,B
2158864722,9975923,C
2158864722,9975923,C
2158905026,7270730,B
2158947578,8406356,B
2159423922,7884264,B
2159511216,5143854,B
2158439254,10470385,B
2158637234,11155795,B
2155173857,10561351,B
2155169139,8137974,A
2155095451,6696622,B
2155491300,6660835,C
2155459696,6529656,B
2154445203,9074028,A
2154367235,9696310,C
2154527742,8445254,B
2154895333,9573981,B
2154599995,8449445,C
2156476193,7231063,B
2156287202,10570404,A
2156368294,10360324,A
2155656396,9120080,B
2156030242,8515058,B
2156045336,5974335,A
2156210116,6943790,A
2155849954,9234219,B
1723023387,4683200,A
1724101715,10612011,A
2344002521,10539278,B
2343193821,10905704,B
1717285968,10442841,B
1710240375,8859210,B
2347173789,10538618,B
2371395013,10927363,B
2374078013,10588920,B
2337348862,10912800,B
2337171493,10144938,B
2335234345,9006445,B
2335198524,10598614,B
2338331293,9559714,B
2338331293,9559714,A
2339243161,11058763,B
2339636857,10491309,A
2339472497,5116878,B
2404303489,10793439,A
2407351638,9777021,B
2407351638,9777021,B
2407317051,11213490,A
2394510740,11248216,A
2395284524,10878341,A
2400030613,10626190,B
2399522843,7437640,B
2399522843,7509550,B
2399522843,7302624,B
2325938127,8492245,B
2325527532,9175026,B
2323968754,9475798,B
2326940064,11149270,B
1701096682,5013998,B
2326695312,9493355,B
2326865539,10183256,B
2321267306,9682143,B
2321162665,10526371,B
2321787893,9797897,B
2321787893,9797897,B
2320085261,9382279,B
2320085261,9382279,B
2320884670,8877930,B
2322985045,4761280,C
2323675449,8993113,A
2322600650,10357576,B
2322457197,10537733,B
2331816175,9394609,A
2331816175,9394609,A
2331315618,10659488,A
2333901856,10054597,B
2334506473,9397241,B
2334506473,9397241,B
2333398309,8796454,A
2333268851,8921578,C
2333221069,10888804,B
2327915065,10744228,B
2327842216,10729690,B
2328527128,10072060,A
2328336897,8333076,A
2328336897,8333076,A
2327041436,6245427,B
2327129862,10890559,A
2330038918,5841046,A
2329601454,9105791,B
2328956447,10899711,B
2328827833,8688381,B
2329251224,10589096,B
2329155900,10122775,B
2329155900,10110664,B
2329155900,9959028,A
2473452110,10973842,B
1766436225,10716476,B
2481250887,10472687,B
2508145820,9242012,B
2503647767,11076757,B
2515667275,10001363,A
2511757532,10194821,B
2497706524,11466253,B
2497965792,10783997,C
2493875727,8758974,A
2414804618,9163088,B
2415549502,9720519,A
2409112513,10752730,B
2411062408,10408728,B
2460389352,9803142,C
2417560675,9917418,B
1756236371,5756283,B
1754574012,9003204,B
2180058938,9770711,B
2180058938,9770711,B
2185703920,10400255,A
2175390874,10666243,B
2174559483,11124848,B
2179455671,7241612,B
2217159267,10826065,B
2213456163,10847829,B
2220232160,10209258,A
2219638600,6979451,B
1663638355,5954994,B
1668277478,10234528,B
2189789117,10378876,B
2193032185,11344498,B
2188699551,11371097,B
2205607349,9705277,B
1653785294,6445024,A
2170652857,6745204,A
2170678594,6801579,B
2170025809,8080057,B
2169951395,8970841,B
2172024628,6687281,B
2172487210,6692956,B
2172244737,8883144,B
2173497140,6777231,B
2172196408,7840046,B
2171186823,9309456,A
2171186823,9309456,B
2171145696,4922507,C
2171129336,8835111,B
2171567274,9919932,A
2171681592,5420891,A
2171391787,9480406,B
2171391787,9480406,B
2171383791,8193312,B
2302603047,10154974,A
2297972198,11732008,A
2312499556,10016484,B
2312956300,9005917,A
2312668155,10630636,B
2309774607,10024858,B
2295645431,10177780,B
2296178917,7770135,A
2293653799,10823630,A
2294568087,10336784,B
2317403988,9745288,B
2317970228,11156684,A
2319447374,10717054,A
2319620876,10005878,B
2314336220,5308615,B
1676851385,9980956,B
2315432762,10188685,B
2316362899,9393306,B
2315964575,7547400,B
2252729201,11123304,B
2254378216,11090378,B
2253775878,10605803,B
2250199440,6083496,C
2249030457,10466287,A
2260572861,11206986,A
2256502890,8493281,B
2227002078,10349910,B
2227431445,11179373,B
2283177409,11702672,A
2278959121,10442438,A
2279856163,10335416,A
2274360660,10526660,B
2271772628,11085039,B
2271444823,11484224,B
2120949553,8823416,C
2120634777,11174497,B
2121213128,6022687,C
2120273104,9689939,B
2120273104,9689939,B
2119940607,9193951,B
2120486432,7010060,A
2120561812,9504752,B
2120320116,9551079,B
2120320116,9551079,B
2120390577,7273925,A
2122172801,10316290,B
2122105370,9732132,B
2122308952,8685287,C
1583599494,7768640,B
2121445620,10376561,A
2121852115,6448788,B
2121800455,8300854,A
2121589924,10240158,B
2118064914,7902160,B
2117944864,8388959,B
2117862793,8779001,B
2118564793,5793369,A
2118558483,8754206,B
2118274231,9783594,B
2118274231,9783594,B
2118206090,7582291,B
2118375831,7996224,A
2118382645,9890106,B
2117389146,7101989,B
2117492108,6071555,B
2117304673,8390530,B
2117731646,8159235,A
2117790290,8326780,A
1582094469,6762297,B
2119804415,8041509,B
2119555853,8904200,C
2119555210,7795242,B
2119479524,8198415,A
2119651987,6242259,B
2119635501,7826472,A
2119599393,8370553,B
2118713144,7923553,B
1580500775,7695903,B
1580270414,6510410,A
2119207148,10640570,A
2125930899,5581754,B
2126370915,8532411,B
2126394322,8187887,B
2126273119,10056554,C
2125499492,5464937,C
1585961080,9997644,B
2125536613,9410956,B
2127469981,5448149,B
2127500237,7666648,B
2127204797,7230157,B
2127193646,9951014,B
2127275677,5880040,A
2127775411,7927011,B
2127623881,7319089,B
2126760846,7893227,B
2126760846,7893227,B
2126647344,6803598,A
2126573810,8183236,B
2127084638,10224569,B
2127057139,9631239,B
2127097337,8003348,B
2127115871,9554484,B
2126971395,8223890,A
2123578281,8116391,B
2123198781,8676827,B
2123240902,8906389,C
2123681717,10272050,C
1584844572,6731775,A
2122743214,6262343,A
2122520060,7788561,A
2122586603,8992517,B
2122612225,8450014,B
2122837094,7226935,B
2124798407,9446135,B
2124552096,7432053,B
2124564465,9708671,A
2124641083,9828637,B
2124665871,5606026,B
2124074823,9533887,B
2124074823,9533887,B
2124033454,9217019,B
2124166821,4659694,A
2123781149,7304912,B
2123997046,7573956,A
2109881303,6413773,B
2109926324,5796098,A
2110210540,5937009,A
2110041295,5438879,A
2108992216,8841471,C
2109000128,5081226,A
2109463985,5233520,A
2109493632,5583153,B
2109493630,9469879,A
2109532363,9613911,B
2109383320,7396921,B
2109433372,6949370,B
2109401266,8161338,A
2111003787,9966622,B
2111003787,9966622,B
2111525860,7336372,A
2111730172,5862059,A
2111658605,7402400,C
2111414495,7749962,B
1573646904,6221648,B
2110846335,7074413,A
2110849863,10208120,B
2107153569,9797897,A
2107153569,9797897,B
2107100610,9908930,C
2107638170,8937167,B
2106513137,9695214,B
2106670937,8071760,B
2106612653,8987531,A
2106612653,8987531,A
1571554264,8265769,B
2108528276,9932364,A
2108528276,9932364,A
2108715124,6207157,B
2108666079,9617522,A
2108666079,9617522,B
2108664872,9115386,B
2108406129,9073967,B
2115313390,9193770,B
2115262731,9336578,A
2115822399,9725774,B
2115586774,8313777,B
2115678662,6324165,C
2114788778,9232054,B
2114538779,8688208,B
2114694446,9076712,B
2115032514,7826894,A
2115030795,6921667,B
2115090302,9780652,B
2115085431,8592193,A
2116749863,10799113,B
2116828181,7738413,A
2116777154,7079956,B
1579007267,5198750,B
2116140115,10077340,A
2116021044,5925560,A
2115968803,9045756,B
2115957702,10556930,B
2116465900,8080057,C
2116296647,6465228,A
2116445836,9613911,B
2112390692,6815539,A
2112915607,7554423,A
1575597416,8094034,A
1575840287,10164239,B
2111798264,8108759,B
2111819461,7863250,A
2112289062,9890407,B
2112124813,7767841,B
2112091201,9518026,C
2112178465,7792015,A
2114140963,6277625,C
2114396072,8852875,B
2114468163,7093179,B
2114243700,7598368,A
2114169554,10545153,B
2113127264,7589069,A
2113069378,8259902,B
2113696846,9068928,B
2113394330,5654174,C
2113391818,8513305,B
2142260418,8630975,A
2141984735,6901411,C
2142024216,6313277,A
2142349199,8494569,B
2141350766,10287579,B
2141463661,8214402,B
2141316224,5831016,C
2141819495,9921223,B
2141770615,8318906,B
2141870909,7899524,B
2141570452,10379194,B
2141658417,5621857,C
2143451704,5404424,A
2143518589,8524248,B
2143330700,5337266,C
2143760667,8798137,B
2143101450,8399735,A
2143160697,9485553,B
2139281532,8173428,A
2139063521,7183432,B
1596205408,5980929,B
1596369052,11038263,C
1596850266,6055508,A
2138818960,9528979,C
2138750781,7799519,B
2140692987,8013316,B
2140982760,9744188,B
2140974246,6064997,B
2140100637,5283171,B
2140047620,6413742,C
2139763082,11001943,A
2140384293,8119340,B
2140202673,7270589,B
2140170815,8597931,A
2140277420,7745597,A
2147644240,7164138,B
2147997790,9315551,B
2147961945,7297542,B
2147832788,8485975,B
2147047222,5570351,A
1602568023,8129187,A
2146912125,9441263,B
2146898399,8218838,C
2146986076,5981734,B
2147168187,8772515,B
2147182421,10287578,B
2147233164,6759189,B
2147215609,9638923,B
2148920429,7910344,B
1604406067,8609372,B
2149198063,7511881,B
2149103875,6978425,B
2149148996,9006425,B
1603773499,7863251,B
2148331201,8361769,B
2148149315,5698870,B
2148663802,8858995,B
2148594799,9613911,B
2148439764,4649227,B
2148570604,6990080,A
2144800312,9516328,A
2144819248,5757099,B
2144865419,7569668,B
2145193011,7990524,A
2145169621,8677377,A
2145020403,7246054,B
2145007734,5983381,C
2144185385,8164512,A
2144266766,10730932,B
2144077757,5653986,B
2144390703,10401370,B
2144495502,5784492,A
2146723496,10760093,B
2146605477,7977468,C
2146599462,9157102,B
2145568597,6016211,B
2145418547,8671403,A
2145928478,10858664,B
2146070279,7054706,B
2145774285,7080055,B
2145793246,8053638,B
2145859123,9169516,B
2145909957,9518103,B
2131135362,7831050,A
2131072672,6025611,B
2131044107,5923687,A
2131736450,6856199,B
2131521863,10688446,B
2130510086,5212778,A
2130223058,5688664,A
2130874595,5448149,A
2130876557,6023783,B
2130955565,9568483,B
2130956967,6762699,B
2130961903,6035060,B
2132020845,10961508,B
2132041547,8626813,A
2132184418,10248758,B
2132094045,6285775,C
1591934909,7323552,C
2128626254,9679111,B
2128644325,5817750,A
2128122026,9630995,A
2128122026,9630995,A
2129823392,7720282,A
2129823392,7720282,A
2129725434,8586347,B
2130103410,9827299,B
1590499183,6342350,B
1590569105,8254079,A
1590243065,7366132,A
2129997424,6063985,B
2129316761,5730975,B
2129517698,8014460,A
1594653212,8566030,A
2136541538,9057053,B
2136616021,9217157,C
2135818598,6306099,C
2135830727,6573041,A
2135780270,7573078,C
2135895868,6314546,A
2136189984,9519859,A
2135949267,11789018,B
2137963714,10597678,B
2137741805,9645151,B
2138257298,10305331,C
2137153141,8370787,B
2136962441,8361462,B
2136934181,8204564,A
2137015514,6151597,A
2137014115,6591035,B
2137557621,9982301,B
2137477826,7579166,B
2137666255,7452958,A
2133900335,7587636,B
2133724024,7141382,B
2134166638,9327130,A
2134183340,5448149,B
2134030438,9975923,C
2134030438,9975923,C
2133963438,9908884,B
2133123311,8749543,A
2133227841,6661560,A
2132974495,8911733,B
2134863321,7879334,B
2134881389,6210676,B
2134940591,7909928,B
2135486162,9198874,B
2135486162,9198874,B
2135394414,6198832,A
2134324720,6058363,B
1593968135,6964854,B
2134741696,9135147,A
2134741696,9135147,A
2134566626,7449308,B
2082571252,8600728,B
2085967153,8947283,B
2078916077,10056554,B
2079063703,6349272,B
2094273627,9758827,C
2086680433,8363031,A
2086680433,8363031,A
2089122317,7452519,C
2088827692,6734976,B
1963636589,6720166,B
1963636589,6586568,B
1963636589,6558898,B
1963636589,6451578,B
1963636589,6156495,B
1963636589,6051374,B
1963636589,5981172,B
2063260497,4815858,A
2065529401,7928343,B
2071152461,6989528,B
2071746712,8451273,A
2111269064,8982947,B
2113998616,9841331,B
2113864182,7779344,A
2123449829,6917940,B
2122600511,6653917,A
2125336290,9588416,C
2124750223,8447383,B
2124600118,7924608,B
2117170008,7098888,A
2121543088,7859944,A
2120051890,7397567,B
1963724790,5646155,B
2096925484,6647034,A
2106279568,9556281,B
2105061875,9201133,A
2109263695,9743066,A
2108626816,9329148,C
2102532014,7950012,B
2100158609,9014230,B
2103358825,10532328,B
2018578368,7512479,B
2013441557,8976447,A
2012387844,8785420,B
2015933107,7458017,A
2027221769,10019516,A
2022614409,6140470,B
2022647086,8605760,B
2002404925,6140052,B
2000224674,10287360,B
1955747548,7315815,B
2009727399,7565369,A
2011992920,10210245,B
2048014961,11172910,B
2042608162,9043158,A
2046790586,9144490,B
2059259117,5263951,B
2059348147,9018642,B
1962994287,11312676,B
2036003502,4724373,A
2557414982,10740881,C
2326491192,10294567,A
2328842742,9998563,A
2428626443,8404477,A
2460742184,10249305,B
2472974503,9998563,A
2401583265,10354758,C
2396471236,10423746,B
2980161228,9632098,B
2980161228,9632098,B
2969649759,11341372,B
2914154006,11631333,B
3005052073,11815056,B
3013707654,11714152,A
2992915014,11676248,C
2788787971,6864753,B
2769171246,11499831,B
2798380924,10748036,A
2737725206,11670071,A
2739136981,11138742,A
2743765030,10312361,B
2904212102,11435958,B
2902391434,10827181,B
2144190599,8527627,B
2143598267,9321828,B
2145934037,4521339,A
2155431930,9225460,A
2150787135,7521591,B
2150925643,6125379,B
2150914675,7590250,B
2150308567,7769093,B
2132583825,6178036,B
2133247158,6801108,B
2170974892,6982156,B
2170974892,6783759,B
2170663025,6920246,B
2169265773,6831917,C
2267676825,5865909,B
2261652660,10934556,B
2164111072,8396324,B
2159425014,9160966,B
2160049315,6035060,A
2160049315,5974172,B
1964089675,8222899,B
2165851431,5550751,B
2168118663,7570804,A
2482132764,10179733,B
2485540755,9983397,B
2546268644,8626813,C
2566594221,10348306,B
2566809385,10319080,A
2534121892,10467033,C
2545048025,8112095,A
1929234662,7220822,B
2464792396,7837976,B
1931706129,7112321,B
2808644398,11808877,B
2798172597,10787639,A
2798370135,11436258,A
2770938273,10591410,C
2901576335,10924282,A
2901836044,11736193,B
2936123380,11100920,A
2625932461,10296465,B
2588528512,8865297,B
2601634942,10478478,B
1936137078,10081812,A
2745954574,10113957,A
2168647703,8438128,A
2174357263,5830685,B
2169864111,8935506,A
2169529790,9808527,C
2156517458,8482445,A
1921809757,9982306,C
1921809757,9982306,B
2160714012,8386121,A
2312208644,10453178,A
2338353692,10476017,B
2335398690,9997705,A
1925361731,7006081,A
1865218796,7574334,A
1640560747,10673535,C
1951818427,5840498,B
1952003395,6604071,B
1966822758,9418319,C
1916771750,6161196,B
1915250530,10019657,A
1947484849,9946825,A
1534240353,6048973,B
1536693374,7971104,B
1580665995,5661032,B
1586718979,6834288,B
1600629507,7676578,A
1550152151,7557664,B
1546312742,7720154,B
1563825766,5734737,A
1982492076,5705689,A
1981246965,9923837,C
1996883886,7711015,B
1989934604,8153240,B
1993553872,9064774,B
1993553872,9064774,B
1968507581,9464097,B
1971306383,5837826,C
1969922553,8964799,B
1969922553,8964799,B
1977612207,8086549,B
1974106871,7350403,B
1972807641,6569952,B
2956125539,11766469,A
2955471513,11678801,B
2965367973,11803241,B
3023162001,11376232,C
1946046260,4923798,B
1944503649,8329468,A
1481385757,5912777,B
1483597266,7426290,B
632083788,5366990,C
2335580458,6773892,B
2170199218,4514505,C
2169613543,8073721,B
2167533411,5145676,B
1966835108,8592384,B
2603643740,10232342,B
2137512704,6448788,A
2136216085,5430826,A
2134911085,7369610,B
2130964272,9540928,B
2150018230,7952960,A
2150412709,6720111,B
2150811592,9253486,C
1967103437,8574948,B
1967069462,9325140,A
1967069462,9325140,A
1967210596,9005968,C
1966880100,8945931,B
98582896,7734449,B
1997458077,5621108,A
2015742582,4945044,B
2086962598,5956173,B
2075821591,5946096,B
1966517619,6413779,A
2084690414,9249392,B
2084690414,9249392,B
1967882971,9411042,A
1967878410,5955425,B
1967869928,7209621,C
2101438435,7236939,A
2064880339,7034854,B
2061994809,9126392,B
2061058200,4535037,B
2059327929,8971572,A
1967750727,9540481,B
1968007428,9347077,B
1968007428,9347077,B
1968067088,8753570,B
2164774194,8358819,A
2178672776,7083912,B
2169010307,8913805,A
2169010307,8913805,A
2125120422,8990132,A
2125120422,8990132,B
2123272469,7728488,B
2127137551,8285719,A
2130251049,6396843,B
2146016509,9822135,B
2147576921,8223890,B
2138592758,6862121,B
2143453243,6873762,B
2145301764,6627539,B
1967413976,5464937,C
1990669960,6263232,A
1987358711,8012590,B
1967301842,7263467,A
1967293583,6772004,C
1997732022,5357784,B
2000999468,9062151,B
1968032558,8163506,B
1979746030,10273294,C
1972822091,11051000,A
1970039826,7598914,B
1970890275,8912213,A
2047357083,8753897,B
2047693419,8838897,A
2051593530,7933112,B
140434592,8642953,A
1965236856,9186317,B
1965235488,9565101,B
1965230138,7638481,A
2026491391,5107007,B
1965130304,4624756,B
2024519982,8538740,A
2040991568,5668657,B
2038284539,8952333,B
2033716425,9014230,B
2037692909,7668211,B
2008280388,4218454,B
2009069239,8097191,B
2006964394,5217865,B
2020526866,5711350,A
2023955378,7276489,A
2015398344,5888834,B
2077475987,9139643,A
2073723790,5989905,B
2090641592,9795652,B
2092848181,6174528,B
2084812394,5858685,B
2055368852,9025910,C
2055368852,9025910,C
2052572538,7964763,B
2058026033,7250559,B
2049659093,9400219,B
2062259209,6806709,A
1526227463,10108659,A
1526227463,10078646,B
1964764242,7723482,B
1964654827,10731227,A
140616940,8074014,B
28793995,5363800,B
1980400324,7391895,B
1977541636,9846313,B
1989956515,5185749,B
1989568823,7465784,C
1993373874,9442078,B
1571956553,7423147,C
1969589357,6051846,B
1967096441,4946830,B
1963870680,9631218,A
2993097250,7781199,B
2765737812,11025215,A
2739958288,11117968,B
2736914210,10048400,B
1965973999,10519502,B
1910585175,5384777,A
1850832570,7630503,A
1966818440,4067756,B
1966172287,10563080,B
1988533916,8815935,B
1983072443,8721858,B
1966049388,10137617,C
1966024218,5656451,C
1966127544,8158421,A
1521539613,7158804,A
1493893823,9110706,B
1552311020,4851401,B
2128940415,6610533,B
2125749846,7196711,A
2141063311,5475588,B
2140871319,7776817,B
2146299667,9785789,A
2143547088,5841788,C
2108862644,7734633,A
2109141758,7782955,B
2109324344,4966845,B
2102510758,5843458,B
2124293695,6308163,B
2121103473,6292915,C
2512020627,9974081,B
2528291203,10188422,B
2523361439,10929872,A
2482706444,10501549,B
2165861896,6824599,A
2167973749,6818749,B
2154199591,8209667,A
2154824169,6167025,B
2161350305,6242666,C
2162037567,7093223,A
2159192115,4771291,B
2158447652,8862900,B
2240664336,6906714,A
2964726042,11621668,B
2964537050,11655507,B
2969954258,11801008,B
2967928209,10780115,A
2971404641,11481934,A
2971220211,11385104,B
2976911017,11316363,A
2975580645,11761008,A
2974763170,11834677,C
2952402846,8236853,B
2951913665,10993935,B
2951949811,6670477,B
2957148388,11808978,B
2963108400,11448820,B
2962833861,11208877,A
2953138257,7560523,C
2954238247,11234947,B
3015534721,11762990,A
3007786218,11035581,B
1829201655,8277811,B
2989044540,11411719,B
2986132895,10973836,B
2987530805,11200685,A
2991680843,11502818,A
2982995548,11572426,A
3002101381,11780969,B
2911757077,11207294,A
2911948103,11471489,C
2905328423,11649455,A
2908180678,11373732,B
2924651413,11103710,B
2923281033,10979147,A
2915828735,11168077,A
2916234446,11413611,C
2914917669,11214568,B
2917932292,11441182,A
2917232086,11811563,B
2896538040,11031017,B
2890480499,11414598,B
2891080096,11149269,B
2890847794,11069033,A
2890196230,11387651,B
2892251979,11272843,B
2892596944,11660294,B
2891835428,11321837,B
2901852235,11476875,A
2897935660,11376428,B
2899609811,10724009,B
2950131888,6180766,B
2950990159,6774243,B
2944319552,11390703,B
1817515827,7771722,B
2929479638,11682276,A
2941541234,10925572,A
2942551262,10997457,C
2938981698,11315780,A
2940269022,10880464,B
2947286571,10984593,B
1822174623,10040867,B
1822840505,5610060,B
1821422107,11732303,B
2946538658,11118981,B
2946307971,11168133,B
1837629322,10451453,A
2567987817,11499195,C
2567565177,10814021,A
2571259417,10809626,A
2571142134,11718529,A
2569676673,10766181,C
2566587374,10640954,C
2566687796,10045988,B
2580203704,11371736,C
2580733813,10995146,B
2573047674,8758750,B
2559974977,11840708,A
2560258999,10590562,B
2560630060,10648002,A
2556043117,11254943,A
2558830623,11452705,B
2557757724,10125129,B
2562279139,10974236,B
2563082090,10744488,B
2598162516,10369196,A
2599766640,11041214,B
2596236883,9657105,A
2605967716,11059769,C
2605223542,10633657,B
2602200632,10940476,B
2588217511,11040323,A
2588081052,11286307,B
2588026287,10869029,A
2583283187,11326162,C
2582798323,11025215,B
2584553548,10604648,B
2591666022,11033632,A
2593743356,11760785,B
2593067506,10131712,B
2589484863,11093667,B
2588834240,10633657,A
2589086684,11364304,B
2591405070,9837239,B
2533168162,10398759,B
2533168162,10293027,C
2529601334,11188821,B
2528564455,9545436,B
2531266470,10160715,B
2530512182,8507790,B
1771501949,10378022,B
2518012548,10306670,A
1774265263,5283483,B
1773435064,8920322,B
2546526105,11788057,B
2541880467,10775338,B
2543278837,9463263,B
2551962687,11193948,B
2553404176,11390687,B
2549541186,10683510,A
2548743898,7079994,C
2538586797,10333457,B
2535320638,11771770,B
2534295037,11080022,B
2534772180,10888603,C
2537719889,10578610,A
2536743823,11680086,C
2787189653,11130256,A
2789398522,10930841,B
2789457069,11492669,B
2789972921,10980795,B
2783962280,11719705,A
2784064188,10844032,B
2784207412,10836717,B
2783244104,10904676,C
2786145011,11059883,B
2784732912,11229653,B
2793309516,11268082,C
2793403107,11414556,A
2792531801,10983035,A
2793865141,11449747,B
2793939821,10995177,B
2791017111,11306311,B
2790374391,11378717,B
2769523476,6930227,A
2769337281,11059734,B
2771003264,10403897,A
2781585625,10801960,B
2777659747,10618042,B
2783161106,11281647,B
2782271669,10725058,B
2773528081,11502934,A
2773756920,10576282,B
2772586412,10975476,A
2772638709,11339175,A
2775460579,11136356,B
1807136536,4628030,B
2886355829,11802161,B
2888475560,11774432,A
2885754973,10763083,B
2886083798,10755387,A
2885828578,11371101,B
2884710315,11146069,B
2801073846,10877311,A
2801723981,11239806,A
2797106171,11041855,B
2795418924,11357780,A
2797588484,10588906,B
2797503414,11263339,B
2810004461,10922589,A
2805495511,11330804,B
2806061522,9062350,A
2805686959,11154822,C
2805744774,11053313,B
2626428949,10759830,A
2619147606,11273214,C
2621046444,10589132,A
2645361946,10781425,C
2734448772,11705639,A
2680346971,11203582,B
2611661371,10738303,A
2611657990,10927418,B
2613321716,11814640,B
2612844455,11037291,B
2607170299,10565758,B
2607478115,10898544,C
2614660076,10935988,A
2617148594,10630206,B
2758786452,11154215,B
2759797565,10436978,A
2757276548,11209403,B
2760361093,11037794,B
2760948449,10865184,B
2752537178,11648200,A
2752790246,10660035,B
2766126954,11454616,B
2766982144,11345927,A
2763600490,10497416,A
2739511015,11453914,B
2740756233,10189865,B
2740635163,10740338,A
2735555835,10775429,C
2751383512,11018526,B
2743003202,10346565,A
2747209576,10646568,A
2062518749,8455373,B
2051159582,7358737,B
2052758469,7778951,B
2053886812,6856319,A
2076984688,7368570,A
2076433791,7077991,B
2077296695,7149746,A
2073659633,6424665,B
2079121340,8513001,B
2079682549,8697747,B
2080416062,7056738,B
2080913247,8134143,A
2067464498,9192303,A
2067464498,9192303,A
1904847174,10962551,B
2071679850,5930369,B
2069523649,8449904,B
2026065301,6929934,B
2031840667,5281609,A
1897978787,10519205,C
2018235103,8785187,A
2017004282,5352906,A
2022843324,5714207,B
2023125034,10448989,C
2022155946,8274738,B
2047461917,8126594,B
2044170745,10297022,A
114891729,8293477,B
2047679994,9047703,A
2047679994,9047703,B
1899446890,6249603,A
2035408741,8309715,A
2037182851,7203680,B
2033752407,6072923,C
2033745884,7418113,A
2032921388,5323780,B
2041020373,8003567,B
2042337599,8614452,A
2039274312,9121771,B
2131902440,6735424,B
2128530835,5068723,A
2134432657,8871730,A
2133489883,5568384,A
2120802167,4895447,B
2127143393,7160575,B
2122396612,6037604,B
2122268984,5986082,B
2123355582,10711308,B
2123223015,7305641,A
2147251504,8175324,C
2139380585,10504010,A
2139337153,4588260,B
2140271963,8588190,A
1919233819,6397200,A
2145962794,6385241,A
2145668881,6249318,A
2146157226,5976920,A
2145088943,9663755,B
2141611790,9968698,B
2142117491,8737741,A
2142209073,8547260,B
2092071682,10833841,B
2092708066,10925999,B
2094283130,10288433,B
2099312388,8209150,A
2096280743,8231688,A
2096538701,7732215,A
2096745200,8214788,B
2083914261,10774186,B
2084909501,8163946,A
1908470451,6363170,A
2087748341,7925133,C
2087748341,7809225,C
2111947818,8549498,C
2113170874,6153741,B
2112459725,6087968,B
2108447981,7321629,A
2114981914,7813700,A
2114147063,8374352,A
2113758773,8060349,A
2114358940,4994380,B
2115258833,10014544,A
1912372725,5925354,C
1912978193,9862697,B
2102016391,6570924,B
2100757036,8061201,B
2100210097,8744367,A
2102912251,8515890,B
2102912251,8463735,B
2103423093,7467329,B
2103083600,7583287,B
2105093228,8586028,A
2104601649,9770828,B
2104601649,9770828,B
1867230786,9335606,B
106621349,5505947,A
1549396322,8341096,C
1499137617,5009786,B
1491807613,7120568,B
1531023616,6528795,C
1868993394,11060541,A
1511898631,5741486,B
1861072170,8078060,A
1992835190,6988057,B
1996637381,9531384,A
1998056998,8279860,B
1998056998,8045464,B
1995570013,4958072,B
1984573594,6763124,C
1983889586,7313482,A
1982066763,9397864,B
1981782146,7567254,A
1982720061,9560377,B
1986848262,7521003,B
1892505945,11344633,B
1893381599,11385157,C
2007298926,7430351,A
2011222015,8250497,B
2000715675,8227414,B
2006986923,4415225,A
2003736234,8005234,B
1881279620,4704275,C
1895399802,6167748,C
1963556664,10092858,B
1963731994,6638763,B
1964813222,9105396,B
1919022421,6640196,B
1975522586,6372958,B
1975120084,9411941,B
1980205271,9470733,B
1980205271,9470733,B
1981221287,6407313,B
1978789489,6324220,B
1969356610,7928896,A
1969292658,7713741,B
1965946083,8095844,B
1973260221,10759834,A
1974133253,8409799,B
1973979786,6762201,B
1974519423,9130142,B
1974519423,9130142,B
1971930425,7096454,B
195288149,7124069,B
1525321487,8541571,B
2017377634,5968945,B
2017377634,5736570,B
2017377634,6180644,B
1525341233,6483629,B
2897909940,7998838,B
1500781771,7998838,B
1999580573,6756491,B
2091863069,7692006,D
1981399974,7692006,D
1981399974,8247416,D
1819569145,5079333,B
2091563245,7105186,B
2002321088,5094819,B
1983782333,7348319,A
1547465446,7389460,B
2140520890,8594398,B
2113338652,7478190,B
2048136478,8679796,B
1987342733,6194568,B
2782356138,10509984,C
2901979315,10509984,C
2083061464,6191304,C
2083061464,6069158,C
2083061464,6239138,C
2286641718,7501232,B
2278404668,9688976,A
1991291335,6718290,C
2052736353,6718290,A
2108057038,5737489,B
2152918819,7181399,B
94198941,6701168,B
2055137968,5228040,A
2144070988,5228040,B
1964584726,4297783,B
1619573282,6545281,C
1599183989,6921903,C
2147700626,6545281,C
1982710932,7855372,B
2916780823,11042019,B
1984540180,4859666,D
2158690166,5770428,B
2742208583,10375814,B
2104787731,6391847,B
2603444331,11105867,B
2157427479,6437486,B
2889568084,11357950,B
2153076508,5516669,C
2531764510,9654174,B
2531764510,9654174,A
2033675319,8265697,C
2033675319,8271023,C
2033675319,8249659,C
2085068826,8275322,B
2108545656,8799392,B
2145680963,8799392,B
2253749763,10682633,A
2550499061,9658318,A
2109179795,7831341,B
2044533061,5168156,A
2056544294,5502560,A
2626305252,10080757,B
2136620787,5869763,C
2151401363,4410822,C
2161277330,4918372,C
1968822999,5026687,B
1970764326,5149525,C
328135467,8098908,C
2059586894,5026687,B
2531054429,9896509,B
2064163367,9193790,C
2064163367,9193790,C
2256438062,5859219,B
2248986893,6943924,B
2069451031,6262818,B
2043292072,8064708,B
2131410437,7580582,A
1527487034,7580582,C
2020440343,8852861,C
2078540538,10996538,A
2255959273,9919274,C
2128539791,6585952,B
1997693922,6193943,C
1997693922,5855864,C
1964599501,7166265,B
2921801667,10838129,B
1964127768,9454819,A
1984777846,5395614,B
2042804760,6367310,A
2081202662,8488234,B
618591694,5573588,B
2987444934,11092486,B
2800627144,11092486,A
2978007676,11187582,B
2129660602,6950823,B
2742397928,10395966,B
2086969543,7462288,B
2323084136,5427579,B
2167687487,9499496,B
2167687487,9499496,B
2576603068,10859651,B
2048685838,9499489,B
2056911242,6902896,B
2952190155,10362415,B
2072745778,4292427,D
2059326356,7662565,B
2087878624,8153773,C
2526396693,10601953,A
2963277177,10380428,B
2052910376,6995300,C
1989166876,6410716,C
2158991342,5981728,A
1991033557,5857000,A
2979238571,10910824,B
2979238571,11005358,B
2724199795,10751292,B
1942952754,6233544,A
2159333646,6233544,B
2324114915,4267312,C
1989602446,4518802,D
2941341895,10698121,C
2080987992,5240717,A
1967514042,7965641,A
2130578220,7965641,C
2129254194,8792367,A
2139969722,8306299,B
2130630926,6802950,B
1982407890,8332388,B
2079981210,9272038,B
2081435041,9481930,C
2081435041,9481930,C
336504306,6924487,B
2253822684,9552911,B
2770503532,11296657,B
2058951069,6075127,B
2268647557,9412480,B
1978362254,8806000,B
2027467724,8803264,B
2017366817,8803264,C
2124834703,8803264,B
2593732719,10743941,C
2306430080,10743941,C
2023979453,4463098,B
2076276812,8866100,A
2045840497,9157908,D
2079002911,6194632,C
2012673173,5990834,A
2891915125,10715932,B
1982537841,6194632,B
1584395178,7061008,B
2071851599,9885124,C
2071851599,9885124,C
2153645654,8828720,B
2153645654,8691569,B
2128793953,5644652,C
1977916443,8299020,B
2071229409,6630355,B
2071229409,6254830,B
2163827341,6156512,C
2511147723,7708992,A
2338275268,9787913,A
1916842239,4976949,B
2027717361,8563936,B
2081091627,7074578,C
2042934065,4559302,B
2161036079,6705729,B
2090260289,4183864,B
2119825572,5047518,A
2133000946,6297215,A
2771923211,10542335,C
1976301815,6172185,B
1729017708,6040435,B
2130885148,6465429,B
2119119556,6031598,B
2077991208,4836666,B
2096433880,8880353,B
2252244504,6329508,C
2086660182,6034231,A
1024591929,10300599,B
2601443020,10138242,A
2051033051,6120764,B
2317358567,10150984,A
2156430239,5113424,A
1516548224,5455228,A
2102251287,7245786,A
1608026,7285621,A
2003945277,6379679,C
2021134339,8629251,B
2092527265,9695400,B
2092527265,9695400,B
2128955498,9054224,B
2988833278,11458202,B
2958016919,10789462,A
1980094565,6451729,A
2081901407,5827935,C
2028254009,7868189,C
1965182316,8176635,B
1790455277,4533630,B
2086421421,4654200,A
2073987086,7795995,B
1987664448,5738878,C
2141882676,6946441,B
2138781394,9523079,B
2171710828,8380722,A
2166972310,9072765,C
2166972310,9072765,C
2146948025,5530177,B
2154127133,9170049,C
2046102294,8983206,B
2146336755,6228654,B
2070832585,6737397,B
562364249,10410533,B
2014073572,7110114,C
1980428913,7402421,B
1977785692,4829016,B
2079100753,7732186,B
2075172746,9060714,B
2765350715,10868817,C
1976920263,7312048,B
2766686941,11050101,B
2116792521,5965385,B
2544903202,8981007,B
1982299735,6933065,B
2000971601,6368789,B
2018873507,7294706,C
2056866295,5637300,C
2901533276,11448654,B
2046473300,9820951,B
2950682592,6008334,B
2620623778,10673065,B
1897277771,6069243,C
2040837243,4520113,B
1971820347,5028132,B
2106073687,8298805,B
1970497184,7226774,B
1516518292,8597661,C
3015176171,11384361,C
2154620278,9472675,B
2004772469,9689876,C
2030050085,6908931,B
2062772621,6238892,B
2328727222,8168191,C
630322457,10369210,C
2135581496,7020701,B
2135581496,7797367,B
2135581496,6735630,B
2135581496,6826607,B
2135581496,7844687,B
2135581496,6859831,B
2135581496,8140658,B
2135581496,6832251,B
74574178,9771400,C
1997584765,9499580,B
2146056777,10203993,B
2021367143,9684106,B
2169015628,6275726,B
2122633688,9710964,A
2122633688,9710964,A
2020845336,8895054,B
2039461538,5413881,B
2059067380,8183345,C
2152554526,4973668,A
2000176041,6590923,B
2031067243,9368938,A
2322974570,4859655,B
2069875004,6599523,B
2051332673,7148474,C
2217527699,9652397,B
1965672293,9652397,C
334817170,4474963,C
1983372941,4647349,B
2042694922,5420011,A
2335232012,9574012,B
2335232012,9574012,A
2405357297,8338176,C
2892229557,10864479,B
2155022488,10420484,A
2168543630,5986077,B
34815243,4966792,B
2125072052,10495713,B
2126184639,9513357,B
2126882739,6806709,C
1980450228,7544518,B
1988497944,5310659,A
2257789931,6800284,B
2017682292,7572593,B
2109769866,7572593,B
2025393109,7536254,C
2132219236,7964843,B
1980159006,7231257,C
2571835842,10125059,B
2019703059,6630448,C
2019703059,6746865,C
1983079072,9097886,B
2005561626,8326099,B
2767129675,10627416,A
1669818091,5741961,A
1989024478,5834283,C
1971393623,5999285,B
1989298576,5999285,B
2124087691,7925126,A
2086975772,4593095,D
2120955237,7098375,C
1979667600,8386121,B
1500387582,8929417,B
2145997322,4994668,A
2066465956,4332719,C
1869936965,9185173,C
2949888107,8598354,D
1530881421,6532821,C
2138996973,8902917,C
2899351760,10646568,B
2752294240,10646568,C
2080542131,9588106,B
2080542131,9588106,A
2073713006,7619754,B
2072040612,7626178,B
2896553662,11239422,B
2171644822,9635468,B
2513637319,10246433,B
2028695130,9635468,B
1995977601,4812312,B
2026417261,9515745,A
2065416828,4802182,B
2963043422,11006383,B
2175703234,7393868,C
1999595098,4851511,C
1519346233,4851511,A
2015985335,9497980,A
2102332781,8431688,C
2102332781,8431688,C
2914116505,8139860,B
1967372094,6839067,A
2141367331,10226227,B
2053831637,8835492,B
2067133567,8951724,B
2315471375,10067119,B
1979342129,8566331,C
2004744631,4110461,C
2170287831,7714122,A
2121027290,9938588,C
2009179024,4778261,B
2168278684,7714122,C
2010324635,9734063,A
2014377479,5994517,B
2054894473,7491750,B
1971252501,8831328,A
1992638640,8125223,C
1619650510,5528955,B
1990682656,4753652,C
2052769066,4443545,C
2096596035,5381333,B
1990225592,5359373,B
2951542840,5106853,B
2070293119,6057556,B
2512690653,9757684,B
1968505495,6014204,B
83358416,9185620,B
2115763425,5355528,C
225397484,7417113,B
1967366986,6790939,B
2784010653,10951317,A
2327950098,9905712,B
2327950098,9905712,B
2324065764,9905712,B
2324065764,9905712,B
2089183776,10660580,B
2421877501,4346074,B
2155988765,10622497,A
1969014046,10622497,A
965190258,8306942,B
2066381187,8688427,B
2276452723,9434694,D
2003825364,6699476,C
2145463015,9783787,C
2145463015,9783787,C
2099694719,RE46631,B
2099694719,RE46641,B
2145828552,8288096,C
2059092103,5947921,B
2012982300,6075836,B
1991951294,6987831,B
1676091265,9392986,C
2138789847,6795897,B
2047390210,4259476,D
1977483745,5985578,B
2145428806,8801953,C
2552633750,11220717,B
2105965834,8193290,C
2071204743,7731763,B
2899302063,11244076,B
2077965983,7375620,B
2085931627,5010112,B
2136085939,7235393,B
1989985675,9323051,B
2899408839,11321626,A
2125835482,9911841,C
1977011387,6858384,C
2070917681,6800472,B
2017765429,7194382,A
2004755595,5038104,A
1928005842,8084487,D
2494592631,5242824,B
2003280352,4918164,B
2105000548,9197350,C
2011365758,9565101,C
2160723237,5948622,B
2589281802,9994912,B
2589281802,9994912,C
2460247892,9994912,B
2460247892,9994912,B
2033635557,9938197,C
2032943519,4762820,B
2170140145,7626188,B
1964918296,8194169,B
2149541897,9048888,B
2985859657,11521645,A
2063706685,8388959,A
2808328968,11216617,B
2954877868,11425163,B
2112414398,7582630,C
1990207624,4966851,A
3012191338,11303722,B
53432995,8259101,B
1979102429,5250824,B
2159195430,8786078,B
2957926190,10795436,C
2957926190,10529113,B
2039594026,7381703,C
2886817841,10154874,C
2021666323,7332343,B
153661115,4591496,B
1999886630,6224893,C
2056874236,4159979,A
1995476422,5124150,C
2069774065,7505800,C
2022433169,8886514,C
2111856253,8886514,C
1991522508,8886514,B
2045681267,8190228,A
2045681267,8190228,A
2273374179,9999661,C
2137736178,9143796,B
1985333059,9347041,C
1629714094,5198543,C
2050748687,9058816,C
2045037873,9058816,C
809743676,10113965,B
2060374876,9466838,C
2054061264,7444838,B
1991042231,6093543,C
2101662348,5598343,A
2139211766,4533635,B
1997725411,6655324,B
1689561462,6599697,B
261809659,7276643,C
2040440597,5723074,B
2553640744,10966414,B
2553640744,10791722,B
2032525032,6731804,A
2005576763,5635617,C
2963060301,10709342,B
2478284186,10709342,B
2147203719,9681529,B
2023308993,8976351,A
2023308993,8976351,A
68836975,9659185,C
68836975,9659185,C
2891180361,10600528,B
2012803205,8716254,C
1613950543,7569552,B
2026761791,5059533,B
1526210217,8786602,B
2054994189,9230539,B
2100489977,9597658,B
2284511699,8252737,B
1974805382,5405765,A
2079319869,9343491,C
2141031767,6665420,B
2288359630,10680411,B
2143088201,7991589,A
2130273970,7702430,B
1985769048,6258798,C
2081773773,6352521,B
2166103502,5237064,C
2047937178,8653218,B
2047937178,8653218,B
2091732745,5030420,B
2148209197,5994246,B
2104733463,5994246,B
2565567344,10758860,B
2028184308,7967979,B
2073523147,10364328,B
2033163227,9760805,B
2588076120,10273329,B
2039211334,6235497,B
623439416,9626845,C
1603296336,6526443,A
1988870953,7431970,B
1524464175,6692640,B
2085949108,7411060,A
2787655546,10854809,C
2152069082,6384204,B
2152069082,6268216,B
2475684574,9927438,C
2004457956,6569642,C
2053765640,7974328,C
2062313010,8808993,C
2973423731,11222196,C
2887189406,10685759,C
2008472023,5510518,B
3015205011,11501102,A
106929857,6630425,C
2327417557,5652062,B
1953818864,9129568,B
1966136943,5476789,B
1995641269,10388178,B
2112445289,7270820,A
2055243295,7964557,C
1977358268,7218104,B
1989207884,7262361,B
1986381291,7542884,A
2009076600,7041232,A
2032816497,6893966,B
2888345342,11521081,A
2112744811,7747841,A
2067534211,4857140,C
2791476026,10414759,B
2400419707,10433943,C
2099573773,6351466,A
2005375775,4961389,B
2059266946,8846301,A
1594106044,5938760,B
2062673333,8048851,B
2062673333,7807640,B
2996722698,11055625,B
2591506164,10074379,C
2033098486,8048851,C
2101013511,7807640,B
2101013511,8048851,B
2101013511,8568766,C
1976917834,5429938,B
2076995009,6448470,A
2973198269,11036303,C
1984887029,8772308,A
1992151665,5737011,A
2313083023,10507284,B
2500189027,8983812,B
2293587889,10050608,A
2808570353,11045424,C
2808570353,10744094,C
2808570353,10441544,C
2894964113,11224762,C
2148429423,9468776,B
2005072232,7525094,C
2029230634,6514435,B
2029230634,6528234,B
2611784308,10451974,B
2168571833,8498133,C
2108017920,8649613,C
2090494026,6476206,B
2897452946,10913777,B
2909425355,11489315,C
2905073010,11489315,C
2088416429,10138347,C
1982744231,8377699,B
1994843976,8377699,B
2199222259,9946231,B
2067602290,9785172,B
2065298656,9493890,A
1978100015,9493742,A
1978100015,9493742,A
2032327849,6211362,B
2316733372,9678084,C
2132928347,10108270,C
9986379,7507872,B
2604773358,10123705,B
2990484724,5466665,B
324954388,5466665,B
2006825848,8098701,B
2615200047,10844025,B
2604758469,10130939,B
2481818936,5466665,B
1978764665,4984178,B
1999413474,8227414,B
2120256133,8227414,C
2129978376,5830472,C
2622230826,9845421,B
2110878271,5160618,B
1483674093,RE46572,B
2405783768,11131012,C
1990942033,6153063,B
2164124198,5682384,B
1983558466,5682384,B
2061530735,8674988,A
2099646831,4536565,C
2080613173,6770220,B
1598937284,8962685,B
2003169260,8398993,B
1638160795,4948975,B
85320773,7574048,A
2802967567,11543481,B
2144310129,8471622,B
2144310129,8471622,B
2587729904,11457890,C
2103850350,5968910,C
2091581698,9127255,C
2065769637,8188116,B
57495375,4769504,B
2913244733,11092605,B
2622460910,10406184,C
2028643946,4847200,B
2763526563,10642712,C
1542838656,5968910,C
2020651384,6184025,A
2020651384,6342383,B
2585720760,10188851,C
2170543432,9827709,A
1988696413,5958815,B
1964266993,5958815,B
48151549,7118929,A
2330052574,5491257,B
1963482704,9327037,B
1963482704,9327037,B
2919614457,11575544,B
3004553454,5591620,A
1989395159,9401041,A
1989395159,9401041,A
2162465705,5578573,A
2071000828,5168069,A
1972239476,9588539,A
2006462639,6130228,B
1862754089,9435812,B
2019249659,5366608,C
2053655454,10049502,A
2169313400,7752212,A
306645702,9719678,B
1451201776,7859308,A
15316918,4482693,D
2077639212,8541252,A
2135305752,10057281,B
1971736073,8541252,A
2042160045,10347722,B
2010018294,7256417,C
2008349719,6272224,A
2907836420,10887015,B
1966089167,8609617,C
2086914328,4897368,B
2123543040,6054309,B
2059713327,4386093,A
2027752643,4148888,C
2072448680,5310678,C
1982160871,8037365,A
2766055276,11369681,B
2085817938,8744214,B
2085193076,8887234,B
2905987193,10144878,A
2056560391,5562904,B
1966594431,8450366,A
2075464505,6705089,B
2081598870,9006415,D
2014591547,10633417,C
2155468007,5614738,C
2087069158,5614738,C
2000701374,4440676,A
2025421134,7214598,C
2169016692,6556689,B
2062677539,9720036,A
2539066057,10775429,C
2073210201,8954372,B
2073210201,8954372,A
2069086357,6018346,A
2002048904,6018346,A
2044791638,9266803,B
2044791638,9266803,B
2143940929,6344552,B
2127306599,8620340,B
2127306599,8620340,B
1969057879,6037135,C
2048505333,4970563,B
2100084929,7585901,B
2010368907,6274718,B
1997201199,5707620,C
2059421993,6858118,C
2040706944,7220840,B
1991575214,7645856,B
2120232329,8057390,B
2113837710,8057390,A
1908411130,8656376,A
1964814905,8247428,B
84885791,6562453,B
1965048487,7692625,A
187107057,7421166,C
1960622425,5472871,B
233685,5789487,B
2079855982,6111022,C
2079855982,5945491,C
2786392952,10998943,B
1424262508,3946065,C
1996291422,7524316,B
2054121425,8785055,C
2140220315,5366889,A
2801662382,10294155,B
2048464827,9346021,B
2050697065,5457124,B
2744263726,11139853,A
2157415111,7970214,A
2314499020,8796012,A
2904574097,10597354,B
2760948449,10806719,B
2760948449,10314797,B
2760948449,10654809,B
2067194131,5650523,C
1979409616,8383890,A
1970085058,6385286,C
2160175653,6448390,B
1975496794,8494229,A
2467623509,10780269,B
2063673643,9249124,B
2330755000,9249124,B
1972055671,9249124,B
2778953328,10491529,B
2149171665,9317783,A
1972048758,8861873,B
2080852995,7454040,C
2082498284,6187260,B
2008736866,5278433,A
1979147812,9066108,A
1981639771,11286582,C
2156191466,9550710,B
2038103875,6900881,B
1984829778,9124551,A
2113011035,9718861,C
1999110211,10230137,B
2022965886,8753542,B
2170948389,9133314,A
2022688406,6316782,A
2328696734,8430997,B
1973522284,4921826,B
2063752345,7265800,B
2027412931,10031364,B
2197916097,10031364,B
2212466271,9276040,B
2141260882,4603209,B
2062481143,8669512,B
2011864672,8669512,B
2057565678,9587326,C
2039086390,6017474,C
2156116681,6017474,C
2135069991,6017474,C
2952564188,9388182,D
2038359970,6623870,C
1604444839,5696838,A
2062956536,9048628,B
2114575499,9008800,C
2047442111,9008800,C
2052191421,5111466,B
2112696837,8009193,B
2334533757,4487767,C
1968712069,9103973,B
2059129193,6423316,B
2048424746,8542355,B
2316492206,6855530,C
1993090163,6856712,A
2147717737,6025713,C
2328644453,5616558,C
1965014314,5700776,B
2025290973,6623870,C
2139296025,5773829,B
2165044297,4242502,C
2088178996,4225339,B
1998538362,6153967,B
2141770189,8732827,B
2141770189,8387141,B
2051967054,10550197,B
2316602810,10550197,A
2041798886,10550197,A
2162005968,8589364,B
1482128764,9564161,B
2075075673,9293536,B
2075075673,9293536,C
2793286287,11261233,C
2141262383,7279166,C
2225879046,4045176,B
2047217775,4374183,A
1570804920,5693488,B
2164738159,7952395,B
2137823511,7433597,B
2108876112,7615834,C
2058797429,6344552,C
1988846280,6890530,C
2079779806,9703019,B
393645433,10287876,C
1995189554,9455791,C
1995189554,9455791,B
1995976745,4536841,B
2220832663,9603814,B
2735322214,10478441,B
2042571824,5596200,B
2345742406,10473152,A
2345742406,10330144,A
1998017501,10473152,A
2009627793,9131725,A
2783769955,10164077,A
1976815884,8150257,C
2107713549,8515280,B
2192612296,11020551,B
2111406420,4486682,A
1981707733,7838821,B
1981707733,8513591,B
2019708380,5162108,B
2006630158,5773235,A
2090504138,4801533,B
2131721561,9146550,C
2751447624,7714307,B
2159731359,7556775,B
2016372738,4798718,A
1523957278,6304607,B
2060500403,8405393,A
2022618050,4996349,D
2902136131,11553839,B
2141373945,6395875,B
2136778106,7157266,B
2007927051,8204564,B
2410463796,10002228,A
2102667386,9270376,C
2768839886,10535159,B
1990899304,9325140,B
1990899304,9325140,B
2802081997,11516614,A
2005346197,9846307,B
2016066725,7462480,C
2067072558,6586141,B
2067072558,6673497,B
2027105095,6947521,A
1972638738,4229460,C
2131968996,6965716,B
2154835231,9479795,C
2154835231,9479795,B
2324111144,9492870,B
2015610190,8324703,A
2014979417,7610810,C
2145196715,9777063,B
2009113947,7659407,D
2136382027,7041465,B
2475555611,7041465,A
1487765632,7508936,A
2105870981,8670454,A
3013374992,11080817,B
2425907093,11077215,C
2945238312,11378558,A
2782524968,10138404,B
2974664339,10453971,A
1980283599,5980886,C
1976057280,8034922,D
1991376563,4051157,D
1975342260,4051157,D
2122595817,7297337,B
2076038358,8723732,B
2155089662,5705623,B
1583569723,6634887,B
159916904,10163369,B
2146339751,7162524,B
2097022612,4970434,A
2093278075,8197820,B
2314005607,7410133,B
1804081338,9412574,B
1984563873,7646549,A
2014837393,7141594,B
1964523131,5078962,B
2886649667,10895197,C
2166988357,7311776,B
1982251759,6077478,B
2071844919,5882937,B
2072206887,5587468,A
1236170533,10935281,B
2145187659,8027513,A
2127656032,9430598,B
2037299409,9430598,B
2065119147,8920567,B
2065119147,8920567,B
2125370729,5927853,B
2904472697,11611207,A
2091869729,9656978,C
1990827290,10527626,B
2054088537,7715457,B
2054088537,7715457,C
2120287871,6782024,C
1560592612,6782024,C
2058699125,5763183,C
2048919264,4143336,B
1963884205,7440535,B
2047506830,5793322,B
2018283607,7292613,C
2546837641,4568602,B
2106675244,8828657,B
2084717253,9525858,B
2003525836,9708699,C
2107758168,7528823,B
2107758168,7701441,B
1970957984,6115028,A
1975411882,7203191,A
2886476985,11590676,B
1964500055,5416225,B
2320798727,10717672,A
2290067868,10632305,A
2787608161,11450152,B
2087116416,6775447,B
1987783735,7228029,C
2097422766,10687113,B
2900092603,10646824,B
2986746846,6358653,B
2075185802,9693480,B
2059374549,4577103,B
2318837245,9340625,C
1735687393,9438245,A
1735687393,9438245,A
1968333110,4951287,B
2050224031,5504771,A
2120956571,5199038,B
1970735304,9293887,A
1986018212,7337671,C
2102319061,8061201,A
2999175507,11532795,C
2080142155,9028834,B
3023771019,8061201,B
2003929947,9155459,C
2081282586,5962316,B
2047033037,8600089,B
34586,6141591,B
2088658281,6046796,B
1968519843,5550316,A
1498299056,7532214,B
2156828155,8420815,D
2644344515,10724066,B
2115622917,7326360,C
766705158,5012189,B
2055077854,4663317,B
2018708513,4764963,B
2111670581,4220819,A
260671906,8901519,A
1832664310,9174245,C
1516253144,8623611,C
1516253144,8623611,B
2068861682,8975387,B
2067898810,6030624,B
2004588076,6235527,B
2163643958,6900054,B
2042870137,9113278,C
2145531568,7949430,B
2088466966,9166147,B
2141664272,6445317,B
2768352562,10745335,B
2097418439,7807700,C
2080704457,8168208,B
3016303636,11285242,B
2146530603,7263403,C
1548929756,7263403,B
2155122865,8300951,A
2005849705,7160634,B
2417288846,10002415,B
2135092079,7875587,B
1989188559,7875587,B
2006049715,7005072,A
2158353478,6284402,C
2069701350,5997530,B
2078181266,6549801,B
2302081001,4925562,B
2010791149,8629681,B
1980288916,6691563,B
1985625651,5039947,B
1924021973,6691563,A
2168688171,5039947,B
2111596361,5039947,B
2096976214,5997530,B
2888549442,11396497,C
2146923538,8306379,B
1988367598,8306379,B
2127667606,8306379,B
1986074089,9854644,C
2053779136,4297276,B
117165264,4297276,B
2104465572,7567017,B
2220228867,10740689,A
2091428605,9987135,A
2091428605,9987135,A
3013382578,11040960,D
952083443,5153319,B
1986905502,6057473,A
2170943742,9077039,B
2964249268,10951323,B
2115821651,9301163,A
2885406875,10911151,A
72756161,9122988,A
72756161,9122988,A
2018225183,9504751,D
1672873702,10436866,C
2331393093,10679407,C
2774135902,10601571,B
2143878771,9587265,C
2885288828,11571473,B
2105550963,5840303,C
2112611579,7601685,B
2078669474,5484669,B
2496532254,10617345,C
1965481860,5578601,B
2995766333,11538948,B
2075220870,8575310,B
2078170238,9177249,B
2078170238,9177249,A
2162411030,8358806,A
2132740825,8761893,B
1925430051,8637578,B
2124326261,7391908,B
2124326261,7236626,B
2981035667,11398645,B
2952978959,9586883,A
91196231,4708818,B
2069988341,8876740,A
2027495460,7931374,B
2791520226,11566242,B
1964399663,9208280,C
2102051060,7152070,A
2156874234,10287457,C
2050219270,6873905,B
2050219270,6978208,B
2797068438,11395838,B
2057228572,7452548,C
1589475083,8486451,B
2070796260,10003626,C
2144504139,8860137,B
2124907816,7049092,B
2029596645,5061687,C
2077378082,10050583,B
2161964614,8903037,B
2006110187,5092885,B
1993708932,6762406,C
2077237427,8133994,D
133390774,10500156,B
2263507453,8798374,B
2087510423,5140268,A
1970310867,6685946,B
2006478329,5171704,B
2536647726,6442663,A
2166732136,9713423,C
2802446650,11229710,C
2149262437,9676823,A
2149262437,9676823,A
2162569526,5342201,B
2058661533,6890487,B
2145677791,7232659,B
1971645260,10407327,B
2609065752,10912827,B
1969654255,4959484,D
66872401,4959484,B
2949911700,9035003,D
1987940043,8628725,B
2180604838,8628725,B
2055807508,8628725,B
3022018138,6850543,A
2802777054,10067031,B
2090766266,8236557,B
2293059961,11049238,C
2029114127,6119511,B
2122601565,7995810,A
1559942579,7446095,C
2167475291,7778598,A
2046176211,7009036,B
2130950221,7826626,B
1502316358,7826626,B
2039284229,7820737,A
1969201542,4060741,C
2753947404,10325588,C
2336305918,10378025,C
2064303660,9981977,B
1596381752,9792403,C
1596381752,9792403,C
2466545087,8683143,B
2141772520,6194137,B
2039682623,7103669,A
2048809622,9508764,B
2005587846,7666872,D
1991485628,6290183,B
2158838768,7369781,B
2607163305,10914722,A
1991287269,9629812,B
1968862984,6951398,A
2071008461,7955808,C
2114531054,7998692,C
10263192,7955808,B
2038690786,7675610,A
2025208075,9285144,A
2045698275,7015211,B
2120207700,8683424,A
1978102770,8752003,B
1966886506,6552348,A
1966484991,6306581,C
1986939344,10233457,B
2466226140,11147823,B
2084018660,6451554,C
1978570120,7361444,B
2004631469,7361444,B
2933431976,11581801,C
2950946645,9403862,B
2005423148,4218441,C
2099224719,8039210,A
2043944220,5874235,B
2038809726,5879889,B
1986871168,8101487,B
2105532055,6699479,A
2044387502,6891088,B
1600394682,5817782,B
2605720440,10593039,A
1971311022,9302252,A
2162767257,6383577,B
2003302807,9493549,B
2092639352,6818894,A
2169402935,10563013,B
2336412813,10927069,B
2271048273,10927069,A
2077690491,7078039,C
2077690491,7052699,C
2000309947,5532108,B
2076542379,5948918,B
2524903782,10022713,C
2038436168,5876950,C
2075268765,6903433,B
2080198488,4455421,C
2162653919,6266771,A
2044596719,4582931,C
2087748341,7447408,B
2087748341,7809226,A
1503870031,10699208,B
2120857104,11295207,B
2007349701,8897485,B
2062377682,9029760,B
1976217264,8873837,B
1971961178,6750124,A
2052768531,9732084,B
2052768531,9732084,C
2465792555,5935725,C
2994797859,10098903,C
2018654298,7973320,B
2764277447,10806950,C
1924917316,9962562,C
1971715460,7843908,A
2027609803,8066985,A
2080273948,8066985,C
2581567950,10419062,A
2261673754,11105567,B
2012668035,10017511,C
2124629389,6061818,A
1277600779,7420191,C
2077455405,7345034,C
2113832157,6316475,B
2113832157,6969730,B
2018892005,9829433,B
2042013197,7728296,B
41336638,5179644,B
1966248180,9523084,B
2018964373,9850474,C
2018964373,9850474,C
2051588048,6511666,B
2080514361,9526438,B
2054295033,9526438,B
2119196483,6750733,B
2027337986,7179786,C
2084851820,9730965,B
2515620685,10175556,B
2560537863,10175556,B
2098546432,9730965,B
2074272843,9730965,B
2037383561,8323668,B
2884781412,11110085,B
3004706082,11419954,B
3004706082,11426471,B
1973510141,6406903,B
1973335940,9315937,B
1973335940,9315937,B
2034258491,10370789,B
2046434935,9130028,C
2396343693,5210018,C
2117203926,9522978,C
1999784710,7626046,B
2266686784,7384554,B
2010141967,4316891,B
1997998703,4740587,C
2330073379,8761966,A
1887054657,7253293,B
2037637317,7551662,B
1997391985,7106194,A
2995946975,11492610,B
2156445756,9079189,B
2075834398,4920050,C
2593903660,10954145,B
2094032990,6503915,B
2921124030,10364148,C
2971882646,10364148,C
2099226218,7830249,A
1994060149,6700482,B
2140044524,7298801,C
2950364520,5561225,B
2899288697,10511145,B
1967184838,4031099,C
2054782168,9911974,B
2117716186,7018846,B
2019104318,9246310,B
2049544059,7587236,B
145284669,4665209,C
2318979922,4594964,A
1657638615,8165236,C
2143394225,8804513,B
2111597645,6937597,A
2108746233,7319689,C
2135502040,7082947,C
2460850226,10966679,B
2113553793,6415215,B
2805384436,10861709,C
2176396060,6835737,D
2176396060,7173042,D
2008466703,7348309,B
2096746743,8198419,C
2000016998,7582304,C
2128265580,7664643,C
1984034566,4872168,B
1881430677,6966020,A
1988986421,6973608,C
2517766111,5691957,B
2032561507,10026958,B
2164130550,7932399,B
2041460684,7505130,B
1984341857,7825085,C
2156817008,6404878,A
2129207560,7139699,B
1986827816,9859678,C
2158553828,9523101,B
2056779674,8496874,C
2073504809,10025336,A
2857940515,10809683,B
2002395290,6858455,A
2420786491,10305035,C
1977588918,11101321,C
2468759517,9704552,C
1991153959,8982514,C
2169551021,9159342,C
1612519798,10720578,C
2325180785,8735245,C
36009424,5403913,B
2145494382,7865313,B
2318002609,9903820,C
2318002609,9903820,C
2407631332,10635924,B
2044497060,6845669,A
1995355817,6845669,A
1493216874,6845669,A
2140646989,8268815,D
2339707408,7731939,B
2515137471,10174221,C
2808686917,10347760,A
1834665743,8153784,C
2103505760,9958416,C
2043649486,7383076,B
2786765196,10505853,B
2122802088,5962767,C
2028808858,8791263,C
2963235184,10628736,B
2588344358,10434089,B
2150804261,8580149,B
2159919187,7582736,B
2117758187,9243057,B
2028767860,8580149,B
1982492800,4811349,A
2051123320,9647800,C
1964642459,5457666,A
2138788758,7603715,A
2150770911,9399032,B
1978201557,7477362,C
1968022080,6083325,B
2159227746,8980287,B
2913573493,11418057,A
2613010233,11051210,A
1505181572,10488368,B
2056338671,5164278,A
2212316163,9467212,A
2162936053,7049010,B
2081663753,7508523,B
2058420306,7508523,A
2026635679,5851783,B
2150471474,9005666,C
2149919973,6107025,A
2001571515,6806090,B
2082958960,7954132,B
2333934305,9018318,C
2333934305,9018318,C
1978331534,4803261,B
2055666925,8886337,B
2076755359,7429482,B
2798312043,11519021,A
2015848085,6136619,C
2061146656,9577173,C
1579215414,7426656,B
1829726432,6241986,B
2106372377,6241986,C
2121634095,10233087,B
2075367033,10106418,C
2333035097,10106418,B
2059577837,7470790,C
2342918544,10325704,C
2058232693,7732107,C
2067928902,8697879,B
2491008760,10351603,A
2737841898,10526401,B
1652472705,9805168,B
2076845200,6184344,B
2619826100,10526401,C
2159844758,7754423,C
2032504018,4230682,A
2963505286,10468740,B
2142204047,5999904,A
2011908297,5236914,B
2106489692,6975997,B
1979274461,6432683,A
2963071055,10256906,C
1776191765,5999904,A
2326023032,9964444,B
2015614784,6005266,B
2160163798,6330262,B
2043482736,6045930,C
2171722704,6311133,C
2038436168,6472510,C
2278734165,5570404,A
1441271042,10107807,B
2168524283,8457967,C
2083848382,10150979,B
258392637,6835538,A
1979491356,8349910,B
1979491356,8097701,A
2053185437,9758702,B
138676517,6524789,A
2142091096,6333200,A
2993046500,7429456,C
2021672014,9801957,B
2609087102,10253371,B
3005328662,11572546,C
2950300661,5610174,C
2751694497,10224716,B
2505614715,11219673,B
2540126925,7094785,A
2158804606,8545791,B
1998448185,10258246,C
2625832748,10345408,B
2143488385,10258246,C
2124909803,4696927,D
2575091186,10194826,C
2768555117,10244962,C
2897121223,10244962,B
2897121223,10806366,B
2897121223,10512415,B
2056217870,7838491,B
2043110985,8114834,B
2039789432,4875775,B
2795578353,10781521,A
2011400486,5659173,B
2114979921,7662298,D
1986124524,4585738,C
1597159559,5922554,C
2036475282,5476514,B
2019755647,5476514,C
2028151586,8105632,C
2143613978,9274136,B
2883332806,11281545,A
2162580449,8071314,B
2113387539,9403828,B
2042267540,6734165,A
1982887343,6773459,A
2019333140,7361481,C
2602577565,10154353,C
2198523834,5081191,C
354044608,5141745,B
1921209771,6611804,B
2161112598,10190173,B
2161112598,9745635,C
2045841174,4442030,C
2044230121,8623873,D
2089574049,8425420,C
2124135395,5272704,A
2035133493,6293979,B
1995125551,5952203,C
2020792117,7078194,C
2049465119,8610454,B
1995147962,7361727,B
199629384,4812819,A
1568217877,7303752,B
2145041871,9328374,C
2250027591,9275190,B
2319407287,5522895,B
2117504488,6200813,C
2885681641,11239931,B
2119791458,8351489,A
1982918269,5623483,A
2795531422,10793926,B
1980669204,5494899,B
2064874276,6087545,B
2084095503,8658612,B
1992030885,8618273,C
1991198670,8063195,C
1984634613,6162638,C
1966292269,5438144,B
2110693389,7676351,B
2337801345,10314883,B
1978847395,7658704,A
1968098345,6576819,B
2147097244,6468591,C
2135693191,10034913,A
2141541055,4791940,A
2158117773,6004765,C
2123228603,7822458,B
2949946000,6903107,D
1981053280,5548293,B
2072819291,5331962,B
2902610598,11041802,B
2734414012,11045540,D
2117425077,5800598,A
2123222325,8389791,B
2254356676,6496624,B
2138267015,7729467,C
633729313,9616054,B
633729313,9603843,B
2158561022,7773659,B
2159364520,8204581,C
1972471313,6366314,C
2562980058,10017784,B
2112445690,9459163,B
2038489165,5554592,B
2399516774,9070702,A
2469704878,9487815,B
2087841059,6858709,B
2086905167,10298937,C
2566391891,9580699,C
2082549332,9982301,B
2042953533,9758828,B
2042953533,9758828,A
2128958485,9758828,B
2128958485,9758828,B
2008771097,8309365,A
2012445332,7668797,A
2064631001,7668797,A
2125182310,5104882,C
2040485622,9597818,B
2154608150,6377719,B
2022613529,7771732,B
2034083022,9315078,B
2002453811,8563520,C
2002453811,8563520,C
2098847566,6403775,B
2092947477,6503741,B
2884946612,11497768,C
2090221975,8427811,C
2022809276,8427811,C
2130501237,10466231,C
1984823435,8440952,B
2167606852,8227754,B
2127813623,5138879,B
2057140048,5877030,B
2324000530,6743349,B
2210198236,9619903,B
2075209136,5834431,C
2173348671,10449363,B
1986425268,9114262,C
2396196390,9764138,C
2051521096,8699852,B
2044692461,7641913,A
2037724711,7011837,B
2090083023,9670502,C
2299166201,9899201,C
2070213068,8324564,B
1821948585,8133730,A
2578491284,10770690,B
2156680589,6458475,B
2224291176,10038167,A
2066394881,8021763,D
2056872605,6645645,C
2056872605,6645645,C
1553260668,11251386,C
2016071171,6972431,B
1986120114,11145834,B
1986120114,11251386,B
2073087204,6789544,C
2096371094,6765193,B
2085954374,7117134,C
2602205881,9863935,C
1965673981,8378310,B
1965673981,8378310,B
2063407859,8378310,B
2063407859,8378310,B
2050837608,9133240,A
2331076375,8400566,B
2082191188,5795557,B
1593789477,8389018,A
1597286934,6194137,A
1966502128,8230238,A
1966370881,6504943,B
2030753596,8006499,B
2044367396,8006499,B
2000143814,9183327,B
2006651898,7544952,A
2034788118,9702300,B
2031981085,8007815,C
2013659868,9727034,B
2013659868,9727034,B
1993041640,9846042,A
1993041640,9846042,A
2068845888,9738046,C
1522243435,9768876,B
2027212740,7250609,C
1988957137,9383096,C
130327661,7147863,C
2079244655,4146621,B
2161603374,7268148,C
2049747186,6630516,B
1491620417,9115171,B
1491620417,9708370,C
1988997346,5962322,B
2601140832,10961581,B
1970352099,5753620,B
2136717663,9931300,B
2520535192,9931300,C
2811274365,11051247,A
2139843368,8802109,C
2238600772,10647584,B
1968708066,6982425,B
1582984670,5245013,B
1997988074,10393895,B
2892773194,11168267,C
2152543864,9316734,A
2003584923,6061134,A
2156857388,9581493,B
2089432333,9581493,B
2023623908,6828570,B
1986274604,5871941,B
2133854671,7801129,B
1984277388,10149851,B
1964253473,4690935,B
1529843839,7223846,C
1982160498,4595676,D
12760168,4415558,B
2158345769,8423538,B
2019661113,5920366,A
2029866115,6053962,A
2034279055,10183919,C
2078727419,8911937,A
2083725701,6037118,A
2092415607,5262530,B
2090709581,7045776,B
2140870387,4423159,B
2122178841,6902313,B
2003226577,6519284,B
1977599626,8071329,B
2004546930,8570320,B
2086618980,8879831,B
2493415560,11510993,B
156336222,5257276,A
2100297013,6770033,B
2096455570,6770033,A
2092342907,8406455,C
1992000854,4772552,B
2164112900,4772552,C
2911876022,11559222,B
2065437953,6067465,B
1963164531,7192934,B
2101430853,9901279,C
2940574519,11050070,C
2799892872,11050070,C
2035666161,6903188,B
2789972921,10744130,B
2325511479,7582858,B
2054238888,7470840,B
2060702007,7470840,B
1901250443,9991443,B
2058044820,6815174,B
1974840721,9367357,B
2941910807,11378634,C
2964258799,10872601,B
1993716993,5160374,B
2161481991,6008899,C
2004563971,4078053,B
1504775902,5350683,C
2161033554,5464937,B
2161033554,6521740,B
2098999466,7973017,C
2586093407,10326165,C
2157605227,6667318,B
2058871039,4194983,B
2127009283,8370798,B
2021021623,7973017,C
1963634927,8048907,A
2000267088,8623390,A
953697224,4150567,B
2121821983,7531575,B
2078206986,5330768,A
2065331822,8068731,A
2040273133,7466879,B
1964964673,9561471,B
2026048122,6357517,B
2740543081,10683485,B
2285598593,11213042,B
2108932712,9138171,B
2072718693,7741116,B
2107905696,7851783,C
2958365413,11418285,A
2942494631,10885364,B
1991353080,7141727,B
2042969406,4711679,C
2913742958,10725754,C
1971270920,9278453,A
2004723276,4074058,A
1989643756,9593380,C
2034406789,9884105,C
1640038950,9019591,B
2143833662,5518692,B
2605676002,10697977,C
2167285129,8281039,B
2042143920,9884142,A
2042143920,9884142,B
2218375728,10913202,B
2343827905,10913202,B
2149776857,4107340,B
2081493247,9518026,C
2617879891,9956214,B
2617879891,9956214,B
3022881664,11510943,B
2053578740,6328990,B
2465571069,10098871,B
2105844778,9381203,B
2009754045,8390286,C
2143502141,5268266,B
184363531,8587414,B
1503187785,7266510,A
2492136003,8663927,A
2004748168,6790634,B
2186470495,9240516,B
2016635795,6874371,A
2107909969,8550698,C
1147127727,5543289,B
1990833569,4873906,A
1985640523,8455516,B
2912770848,11370173,A
2314500680,8995223,B
2101947079,8227412,B
2166992855,8536776,C
1969722543,9396970,B
2318942618,8980838,A
2267343541,10885679,C
2084079047,9587304,C
2010457225,9197981,A
2003037329,9062296,B
2103462852,6107478,C
1965790874,7667088,C
2164652569,6885762,A
2990459709,11168077,C
2323389089,10471011,C
2099691450,5594103,B
2029198839,8691729,A
1554853710,5736564,B
2040204696,8883776,B
2912974782,8026242,C
2122635076,5745600,B
2046363397,5434953,A
1912436047,10464833,C
2033881701,8669120,C
1550337734,9527384,C
2170304823,9537578,B
2062619500,6151382,B
2519936654,10400074,C
2040112296,7807429,B
1925940638,6332030,B
2108604827,6563039,B
1764884175,5747728,C
2123182780,7983004,C
2081951348,9235106,C
2082142246,4707442,C
2051808270,9910042,B
1971947883,8143271,C
2008721157,4659694,C
2111593814,9256667,C
2885695965,11106183,B
2972772610,11106183,A
2972765624,11106183,A
1996785535,9574134,B
2097372460,9093657,C
2097372460,9093657,C
2127448001,9505978,C
3003994825,10649453,A
1514834139,8395769,C
2018291292,9360509,B
2027039973,9012038,A
1970848393,8071087,C
2329853429,6974801,C
2292252016,9064977,B
2313538659,10071825,A
2068036436,6922427,B
2112496859,8642570,A
1768434277,7465547,B
69932321,5066650,C
2432244743,10832595,A
2079787097,8952249,A
1984613385,6806066,B
2040348952,8562305,C
2025275264,7541179,B
2557751320,10071145,B
2117634255,7001907,C
2002350952,6703368,B
2002350952,6150378,B
2002350952,6288231,B
1971313962,5631264,A
2077815595,8354040,A
2107085247,8411910,C
2153377296,8861800,B
2022908268,7470427,B
2888061414,10610585,B
2117571215,9730458,A
2117571215,9730458,B
2105926799,8524247,C
1969739124,5359049,C
2007026088,7632472,B
2017020790,6376262,A
2039315797,9891207,B
2039315797,9891207,B
2047547286,6447125,A
2004821074,6447125,C
1564306379,7402665,B
2030193551,8604176,A
2064335375,8934557,B
2126778213,6687697,A
1592773151,9333368,B
1977324152,4831248,B
2886523983,11573797,A
2005110598,7304745,B
2037304261,7304745,A
2021424791,7304745,A
2040791336,8809218,B
1496566240,10905728,B
1969222539,5595684,B
2043614819,6884584,B
2020550394,8718992,A
226077284,7129393,B
2063865385,7932782,B
2010250466,5562608,B
1831686798,5766433,B
2141591006,8224624,A
2123459641,9244888,B
2255331344,11007162,D
2102071147,8301742,A
1972907529,6169989,A
2018097656,4707438,C
2156113506,6009342,B
2174530025,5665593,B
2937710049,11476634,B
2887103693,11476634,B
1973834085,7715729,A
2019920975,7477718,C
1992592015,5739265,C
3000143529,11398984,B
1601073598,6783762,B
2020748132,5387746,B
2015286424,9517445,A
2087016220,5241866,B
2063850130,7977952,B
2943693745,11308575,B
2040896065,5773705,C
2972481425,10649994,B
2074889160,6165794,B
2169656260,6661954,C
1983048244,7408984,C
1996271960,8600534,A
2036207072,9007075,A
1980058447,7952960,A
1990218369,8188081,B
2070050311,8188081,C
2019961364,4825264,B
2110349149,6907511,C
2046008680,6834335,B
2889891887,10362666,C
2512928222,9872652,A
2512928222,9872652,A
2899276207,10231864,A
2340570796,8465929,B
2016638506,9698286,B
2029447099,8294898,B
2037116307,8644358,C
2283681077,9770491,C
2033796082,9054497,B
2025105808,9698286,C
2971486179,11409527,A
2062148436,6030595,B
2564318420,10729752,C
2763173089,11173229,A
1987144019,5966482,A
2147654281,6845190,B
2003138575,10557778,B
1981815697,8563955,C
2131192527,5119157,C
1597361392,9723704,B
1597361392,9723704,B
2012410920,5262393,B
343628075,5262393,B
1989200899,7772157,C
2003933798,5262393,C
2072036245,8658608,B
2059807765,8884228,B
2059807765,8884228,B
2021060693,8558188,B
2105464105,7689949,B
2104056926,8040810,B
2004814162,8107397,B
2024627253,4897167,B
1988214245,9599602,B
1988214245,9599602,B
2005514663,5110987,B
2108749554,8075680,B
2045080973,8593073,B
2160030138,8738181,C
2060304564,7863560,A
2119890421,4232002,B
2083664165,5580429,B
2032398763,9195000,C
1538346024,9325151,A
2025728946,5989540,C
2029562175,5624945,C
967487999,10281399,A
2132960930,6779892,B
2149651413,7054681,B
2118212044,9588245,B
2057078667,7956074,C
2066919870,6955917,A
2950210829,10531665,C
1983972657,8030292,C
1983972657,8168604,C
1983972657,8030291,C
2047903784,5905553,C
2116413397,9165051,B
2072870749,4863958,B
2009626516,8178723,A
57163824,5385839,C
1982078589,5981198,B
2096603079,7988685,B
2009491074,8026021,B
2044543075,6322901,B
2014735730,5741671,B
1968130919,8841466,B
2027894334,4952843,A
2069116716,4952843,C
2946770750,11395852,C
2108902851,8425902,A
2108902851,8425902,A
2158585918,7333851,B
1734084943,7333851,C
2124753286,7333851,B
2101840766,5835417,C
126441818,6268549,C
1956741601,6509196,B
2042297195,8941103,B
2042297195,8941103,B
2009371972,6871527,C
2162343053,5389837,B
1988317772,6039947,C
1966551297,6039947,B
2171397519,6039947,B
1984026713,10638942,A
2052897630,5580715,B
2052897630,5639600,B
2052897630,5744122,B
2068570588,8451053,B
1593366456,5871019,B
1580325223,6030698,B
1981773183,4152178,A
2335019134,8658271,C
2081970320,7811847,B
2045046806,9509716,B
2076290926,8212552,B
2057320911,7367781,B
1985351575,6713086,A
1985351575,6720004,A
2334629868,6271443,B
1556920856,8238550,C
2912929199,11614434,B
2115769151,9678189,B
2115769151,9678189,C
2042559971,9075111,A
1964485686,6595926,A
2553428522,10953226,C
2092393168,8923474,C
1983869041,4764469,B
2072842579,4764469,A
2124459675,9450379,B
2080685619,3988508,B
2046736001,6914053,C
1976979813,6914053,B
2794817082,10877093,C
2037932104,9706111,B
2037932104,9706111,B
2041874560,6141571,B
2017492113,4881034,A
1981976248,8309095,C
1981976248,7943136,C
1981976248,8802104,C
2619241306,11492643,C
1984541780,5886214,A
2002016418,9604890,C
2048752791,9604890,B
2142078149,9074200,C
2006638056,9074200,B
2038510127,10294525,C
2467412329,10294525,C
1975322053,7598291,B
2044076278,7256532,B
2025502184,8476061,C
1976390355,5703341,B
2146544348,8945568,C
2063328834,7678926,A
2018231572,9783838,C
2018231572,9783838,C
1576701673,9640186,B
2561825854,11219644,C
1482208135,6526548,C
2097201911,5945713,A
45494400,5543932,A
2156657457,6526548,C
2096104525,8179642,C
2144226448,7767480,C
2799108731,10769123,A
2142550009,6529901,A
2043885422,6529901,A
2726074261,11541412,B
2028635655,4800279,B
2328736671,4732717,A
2136986649,8933841,C
2045670302,8795822,C
2003388263,7581028,A
2058054650,9248432,B
2035468889,5734923,C
2336642884,11458227,B
2028443570,4469786,A
2133794624,8592186,B
2187179392,4577510,B
2102397704,6727409,C
2143200869,8084458,C
1748435277,6787135,B
2093269331,9556353,C
2093269331,9556353,C
2147430825,5744780,B
2019241541,9629839,B
2019241541,9629839,B
2113325755,7904586,A
2765904780,11524154,C
2975699951,11524154,C
2054739123,5081397,B
1999352645,4307192,B
2097506152,8556814,A
2141809016,6313280,A
2120023383,7995820,A
2156290174,10321892,B
2612559733,7058271,A
2124356315,7058271,A
2415223489,9376476,B
2281074371,9593052,B
2281074371,9593052,B
2156195436,6975976,A
2159451366,7105717,B
2238071216,11066449,B
2022744472,8597930,C
2765157947,11079455,A
2156420207,9144382,B
1987488995,7566870,C
2954146568,11430144,B
2051291879,9489343,C
1980274583,6915151,B
1649573641,10195228,B
1507360068,7299280,A
50220315,5698271,C
1993934642,6465485,C
1969949307,9526762,B
2344345384,9526762,B
2332501062,9526762,A
2157638286,6762201,A
1830149700,7342528,B
2099404643,7478377,B
1978665357,8435333,A
2079834329,7386842,B
2079834329,7475392,A
2079834329,7478377,A
2079834329,7395531,B
2123123602,8214831,B
1972916075,5279611,A
2177028527,7626025,B
2083105392,4574096,B
2105385350,6208987,A
2099354209,5615689,A
2051335926,6594518,B
2092696225,6423260,A
2268450570,10180479,B
2115396644,7924321,B
2170884764,5802201,A
2160204468,7245761,C
2093692573,9713638,B
2918874639,11116833,C
2594281370,10473452,B
2640881669,10473452,A
2049554003,8401384,B
1518898045,8345944,B
2105338853,8696579,A
1552165379,10321892,B
2167825066,7876934,A
2138583139,8170303,A
1998247849,11317955,C
2891082727,10716943,B
2077247551,9125912,C
2025691806,8589078,B
2010219948,5897759,B
48586380,7871162,C
2083819795,8254086,B
2054428249,5394268,A
2046005846,9050285,B
3003944229,10278959,C
3003944229,11116750,C
2061252181,4035252,D
2903833230,10870200,A
2048995594,5972730,C
2535751244,8724875,B
2032643366,6906309,B
1977984201,6576254,B
2021714042,6723278,B
2053349474,9410962,C
1966228089,6916843,C
2045548864,4238742,B
2049963898,6969609,B
2239828519,9102525,C
2239828519,9102525,C
2769042349,10176575,B
2901903036,10395366,B
2901903036,11004198,A
2210996759,9492432,B
1964667340,4613591,B
2889403130,10370706,B
2807835884,10491301,B
2737933508,10491301,B
2791771420,10491301,B
2180420255,10830766,C
2037578687,7671209,C
2603102534,6824599,A
1968368090,8153524,B
55741879,9074253,C
2096922317,8153524,B
1939837620,7340695,C
2213862001,9638813,B
2092756340,10273214,B
2006490536,4381775,B
1972871522,9317657,B
1972871522,9317657,B
2056356579,6485928,B
2056430873,11024429,B
1944213197,8869164,C
1944213197,8869164,C
2105641235,8225291,A
2799774179,10813611,C
1642635425,5812608,B
2543697942,8923590,B
2543697942,8923590,B
1988262898,7703314,A
1598328988,6207399,B
2612266954,10614797,C
2465633026,10002461,A
2185930229,4116728,B
2064678150,8637494,C
2043939637,8637494,C
3010964076,10833770,B
2002468125,5447711,C
2125431509,5151856,B
2547375501,10000733,B
1589315386,6897426,A
2100851172,6897426,A
2113387625,6897426,A
2094882862,10827981,B
1451093745,10499823,B
1977856527,5993661,A
2034234676,4386455,A
2294948480,9892534,B
2143203528,9984497,B
2143203528,9984497,B
2247128519,7622251,B
1999704300,7273698,C
2805277237,10969479,A
1482910955,10849518,B
2049762935,5374489,C
1979948066,9102985,B
2037297215,8338098,B
2043246033,9250200,A
2138330843,8179268,A
2048064320,8189811,A
1534799609,9530991,A
1534799609,9530991,A
2805101907,10761538,B
2597180631,8337851,C
2564584709,8337851,C
1771695123,10773238,A
2143934230,8227407,C
2600593406,8092828,C
1969988832,8173767,B
1574908801,5435003,B
2066203226,8143022,B
2077646630,8143022,B
2793648564,10488175,C
2113024194,7186889,B
1986028613,7932404,B
2105033050,8440843,B
2477232126,10298969,A
2008156676,8487119,B
2623822309,11594694,C
1969542932,7932404,B
2346028527,10500275,A
2494628292,10298969,A
2000796598,8920877,C
2140875333,6133011,B
2951451921,10188109,D
2799050829,10622054,C
2051978502,9597643,B
1829000212,7752524,C
2154329816,8361404,B
97022323,6388168,B
2327682201,9324985,B
1546549579,6545054,C
2060254887,9237878,C
2084276840,9237878,B
2622196441,11224409,C
2162423772,6418398,A
2055429944,5302389,C
2053060309,4503038,C
2037642253,7623628,A
1985510176,7623628,A
2024278252,9395354,C
2024278252,9395354,C
2313543066,6058143,A
2084114869,7268048,B
1924343884,10095786,A
2067745163,6797605,C
2073689591,9526438,A
2355584007,4465859,D
2323267277,4465859,D
2811045089,10852370,B
2889655627,10887602,A
1894720657,4100293,A
2293566315,10660566,C
2058438698,8657890,B
1980441246,5474650,B
1980441246,5368685,B
2167663991,8772318,B
2019452431,4532340,C
2162277223,4945308,B
2050751648,4811738,B
2979889813,11503999,B
2314981395,8402711,B
2142908912,8948445,B
2142908912,8948445,B
1575427769,9356291,C
2060757645,8722399,B
2060757645,8669104,C
2025975943,7563803,B
2069802943,5571635,B
2141919808,6836873,A
2161952498,8518679,C
2171227767,8488964,A
2102934592,6097614,A
2811168853,10699382,B
2065251632,8913060,A
2078199874,8885994,B
2020381354,4055588,B
2594140204,11211525,C
3012925536,11603352,B
2047130031,9366189,A
2169783992,8839267,B
2057807584,8839267,B
2088398539,4533497,C
2121000074,7275210,A
2000844169,7596402,C
2031986640,7596402,C
2110690814,9296693,B
2031581726,9961495,A
2139188631,9262941,C
2139188631,9262941,C
1968927923,4704383,B
2560344053,11058800,C
2883105305,10527699,C
2078780725,5408107,B
1996252886,9547720,A
2912196822,8178553,C
2128655271,8674995,B
2742146703,10403015,B
2123444759,5132988,A
2071875782,7125495,C
2754089276,9770222,B
2009339223,6228591,B
2157371902,6990196,B
1980262845,6219365,B
2125960830,4928285,C
1967028013,5762960,C
2013126027,9290415,C
2951069119,5227485,B
2132543539,7962194,B
2081327173,9398876,B
2110290958,7527860,B
2100236515,8754810,B
2138319435,7610071,B
2529621345,10476017,C
2533315593,7721139,B
2375681451,10476017,C
1991725525,5464870,B
1510182376,4073719,C
2033685512,8579972,B
2057102138,10068275,B
2119528311,10439198,C
2942507287,11342580,C
2100815284,9642634,B
2045272081,5308622,B
2065821842,6628802,C
2239961480,5688325,B
1984746935,9826955,B
128325899,6725093,B
1913745723,9149509,B
2624339406,10637744,B
2068384201,7539366,B
51627173,6284483,C
2068425427,4997537,B
2024592025,7409298,A
2769601230,10944317,C
2176695111,9824932,B
2108164420,6487433,C
2095313414,6738342,A
2095313414,6738342,A
330493006,4356117,A
2007754809,8029989,B
2096746546,5191344,A
2044921565,5191344,A
2032344057,6667159,B
1992394280,4427011,B
1530227156,5256136,B
2066517183,8722242,C
1975292433,8719298,B
2144980989,6743587,C
37419476,6486672,A
2278585200,6783805,B
2345523698,10870103,B
2056053022,9165971,A
2529599587,11043783,C
173737480,8557602,C
1553159177,7463680,B
902059726,10799113,C
2495765713,10799113,B
2752659327,10209132,B
2514039374,10209132,B
2803006151,11352950,C
2170437366,8068687,B
1971150335,8128935,C
2089834877,7973989,C
2084991973,6804635,B
2950380235,8940793,D
2952171874,9006243,D
2011948272,8923773,B
2075281403,9513289,B
2082359643,9702300,B
2483562035,9833514,A
1969133100,7736430,B
1965280592,4386026,B
2098682837,5920666,C
2149291843,6084233,B
2115590885,5866898,B
2115590885,6084233,B
1970669754,7369953,C
2158469107,4908570,B
1972581945,5753260,B
2003960419,7504234,A
1966063893,5690933,B
2775257534,10709815,B
1963480450,7656922,C
2140572345,6590362,B
2045557149,6590362,B
2111893204,6590362,B
1990293784,8519378,B
2108100421,8903106,B
2012579141,6751322,A
2032181958,6284254,C
2061824324,9889011,B
2971453394,11038239,A
2251482333,9962101,B
1989439356,5612311,A
1989439356,6017877,B
2018020399,4789734,B
2015049089,6869611,B
2155265038,4199936,B
2062218937,9268092,B
2076849797,5160358,A
2112714637,6842723,B
2172220230,7466688,C
2034126936,5433895,B
2579799343,9404149,B
2094214100,5525523,C
2011466350,9347123,B
2011466350,9347123,A
2324191209,8894019,B
1673029991,7310065,B
2098122822,7202818,B
2048392782,9079913,B
2321530204,9637543,B
2279617388,6778724,B
1989801080,5975702,B
2084989846,7429690,C
2059151200,4752583,A
2034892882,9310368,A
2105772643,7120762,A
2921692863,10936827,B
2063293800,9310368,B
2024885527,9310368,C
1969762906,7070615,B
2093393273,4081522,C
1569398710,5125955,B
2102900586,8303911,B
1498527206,8352738,A
2044078880,6572933,B
1965399835,10351474,A
2122330587,9299229,B
2122330587,9299229,B
2079513084,9370072,C
1990337656,9234042,B
1990337656,9234042,B
2066052956,4186182,B
2903382697,11221205,B
2004485242,7276465,C
1215646,9206237,B
1976574093,10264609,B
1981183371,9534248,C
1981183371,9534248,C
2915363717,11280875,A
2604656505,9844607,B
2025651888,6611872,C
2095501128,7392136,A
1992349834,8927939,B
1992349834,8927939,B
2131690480,6004881,B
2061745554,8751218,B
1972035720,10156573,A
2908664636,10530068,B
2597475778,10530068,A
2097246665,6850233,A
2045048112,9080150,B
2087533954,7595850,A
1966281981,4281107,C
2095213230,4103082,C
2331468322,9192303,A
2331468322,9192303,A
2007110071,9899725,B
2135146221,7747922,A
577384073,9215991,B
2765252568,11045426,B
1989050358,8605952,B
2030046145,8999635,B
1991309187,8338386,C
1991309187,8338386,C
2214280130,9775845,B
2075708027,10150979,C
2914064369,10524755,C
2669032454,10924849,B
1541949755,7115394,C
1977494281,4290848,B
2053606080,4930113,C
2080908404,6511325,B
2586723043,11028444,C
2147786852,8689787,C
1965935519,7105835,B
2044252261,7807677,C
2079217609,4717742,B
2415470329,10894353,C
2020599549,7993567,A
2516969557,10036023,B
2516969557,9650637,B
2148695834,5981178,C
2950306122,6030991,C
2079435780,5870518,B
2802722268,10479905,C
2505091115,11492720,B
1999067358,7608551,B
2166859762,7183256,B
2606209624,10303979,C
1525571356,9208612,A
1565095970,9841367,B
2017772178,8918743,A
1973412025,7273930,C
1997818845,7273930,B
1517085130,8977394,B
2008213804,5266316,B
2724929617,11155897,B
2942100270,10750976,B
2942100270,10716534,B
2039537250,8859956,C
1531221353,6423539,C
1934655176,6423539,C
1995721620,9024798,C
2120113619,8990570,B
241356072,9178704,A
2037581663,5474926,A
2044567642,4515436,A
2062856128,6459559,B
142508262,7981660,B
2043362295,9148183,B
2095187502,8482343,A
2162732738,8432533,B
2153906927,6953653,C
1978957857,6438202,B
2000268654,5549897,B
2156539022,8112056,A
2015491771,7814034,B
2091293861,7241772,C
2091293861,7253181,C
2091293861,7265127,C
2022831783,7834014,A
2023481027,9988684,B
2591478628,10407730,B
1495270894,7459439,B
2051033094,6531457,C
2089610798,7491543,B
2317456155,8399258,B
2330317006,5120735,C
1967390642,8335651,B
2096802950,9711867,C
2096802950,9711867,C
2071424403,6103204,B
2949310029,5310532,B
2050944260,9096437,B
2322699606,10236135,C
2952301099,9481618,D
2952301099,9481618,D
2951405675,9481618,D
2951405675,9481618,D
2157274880,5834043,B
2611859159,10453191,B
2083405113,6492131,C
2157302107,8578325,A
2152308594,8349391,C
1969216403,8592781,A
2152615204,8094034,A
2170641664,5578909,B
1970070732,8788191,B
2025706674,10301678,C
1987879102,6509587,C
2103241926,6509587,B
2070957322,4594191,D
1972149672,4968692,B
2136523601,6630343,B
2128014305,7529004,A
2081510377,6862936,A
2084651914,7992070,B
2162840714,8588623,A
30496212,8588623,C
2037172677,8185796,C
2155666326,4518595,B
2095911810,8099645,B
2783420808,10574448,C
2752582329,10333618,C
2092520244,4463306,A
2116243031,8175466,B
2024214636,9549913,B
2051794253,5387378,A
2147378218,9716285,A
1001139837,8309568,B
2768109536,11270002,C
2738836551,10573605,C
1989856878,7466727,B
2044570969,8212025,D
2470718174,10444391,C
2023337547,5512443,B
2171449901,8569866,A
1642211604,5502645,A
1810507698,5502645,A
2151482292,5502645,A
2071565937,5651730,B
2170553595,6000942,A
2006319447,7074500,A
1983733014,7675057,C
2125406494,8172998,B
2025187432,7675057,B
2162631287,10045831,A
2026227253,9705098,A
1995877460,10252214,A
2070556110,7358288,B
1970443369,5661011,C
2038685803,9082554,D
2065667226,8003406,C
2725173126,11230708,D
2114303128,5058595,A
1970706921,4355026,D
2146439206,9165325,B
2146439206,9165325,B
2090481028,9564593,C
2130355276,9564593,C
2519387771,11311525,C
2045249129,10141705,A
2019034791,9289128,B
2002087228,6544928,B
2041284776,5652358,B
2883105305,10740931,C
2883105305,10393842,C
2982218542,11170543,B
2626886362,10451601,B
1520987434,6803776,A
2046100608,8120772,B
2563471535,10491309,B
2525538087,11136548,A
2090718108,6778890,B
2163520414,6026314,B
2147919338,6690686,B
2101591642,7561605,B
2053240700,7561605,B
2053240700,7558302,B
2054251807,4543954,B
223052128,5626851,B
2152573851,8384493,A
1991518694,9845292,B
2060797724,5948900,B
1587106557,9769189,B
1587106557,9769189,B
2467367009,10754881,B
2088369772,5602244,C
2906310569,11317085,C
2036395248,10350320,B
2041707931,10352843,B
2559121813,10122547,C
2115297400,6308094,B
2073515308,5021593,B
2036193825,6083413,B
2151551138,8825719,C
2054950805,8568878,A
1994835971,9482817,B
2124431443,9176275,B
2771131724,10453205,B
2019373135,7947951,A
1976952612,10052610,B
2112465272,4155052,A
2223993086,9829489,B
2142127369,8275866,A
1978790649,5803992,B
2121880588,4053331,B
2047125224,5291507,A
2010886656,5291507,B
2169507656,5849765,B
2099728705,7627841,B
2032902375,6700468,B
2137603476,3932820,B
2155049771,7217854,C
2165207661,5868680,B
2149384835,7412358,A
2074133080,5951369,B
2001183043,8344042,C
2951798863,8426590,C
1991492436,7393692,A
2139176464,8066632,B
2801562584,10849919,C
2017906582,6867420,B
2005483021,8126213,A
2130630531,8962557,A
2066246989,4134408,B
2084295537,5557033,B
1560331064,6690725,B
2168143370,5608458,B
1806449351,11117978,B
2055832921,5308411,B
2083720163,4151741,A
2955514018,10844124,B
2649171395,11020422,C
302712734,7432364,B
2016825610,9581570,C
2032173377,7205064,C
1976483127,6528274,B
2062067430,8340451,B
2037196677,8541006,C
2808984911,11389449,B
2148546286,8937154,A
2114057740,7145021,B
2001407426,4817015,B
1988317026,8739100,B
2002774040,4817015,B
2151651155,6974574,C
2757100952,11180868,B
2066155244,8221443,A
2728647275,10457909,B
2031585518,8428331,B
2048301314,7101495,B
2317295301,5807937,B
28807863,5763548,B
2807348396,11174325,B
151396837,8404788,B
126165516,5344891,B
2997475691,11472894,C
1998678501,6111022,C
1998678501,6162882,C
1998678501,6124411,C
2027511659,6928163,B
2169957916,8321823,B
2140055053,5432849,C
2075614606,4050989,B
2789279665,10014585,A
1986675495,9560073,C
2497982034,10601707,B
2437477951,10320421,A
2789271485,10230403,B
2463749360,10230403,B
2030423163,8116980,B
2030423163,8116980,B
2139529220,8981072,B
3005874226,11584712,A
1601165824,4970203,B
1523178289,4254045,C
2044835347,8632772,C
86605765,5658724,B
1998524324,5064770,A
2154984081,6844461,B
1987952926,4157657,A
2178947154,7388094,D
2082533411,7732174,B
1969490408,7589181,C
2111544730,4956455,B
2164503360,6961327,A
1977533308,5466930,B
2015890419,9047194,C
2513039756,11523886,A
2606941820,11523886,A
2045520532,4714696,B
2005659596,5514350,B
2083983993,5514350,B
2004669326,6723387,B
2009625616,7025969,B
2951376486,8895744,D
2091233885,5308752,B
2953229274,5466798,A
1987249176,6605237,C
1986652850,5914388,B
2035247789,5914388,B
2141321424,7639206,A
2204327600,9801600,B
2099823722,7831119,A
2107232715,7558450,A
1994613984,7075209,B
2563166551,11450064,A
2341667536,9926345,C
1991379980,7928343,B
2068310942,7610154,A
2126751817,7610154,B
1902173419,7610154,A
2002370873,7323322,B
2058574566,4764358,B
2041065548,6215081,B
2082078096,8343710,C
2168506726,7194299,A
2769528126,9895557,A
2806813209,11015975,A
2011786829,9011861,C
2011786829,9328162,B
2065913093,9011861,C
2065913093,9328162,C
2000972528,5147639,B
1990805542,5780351,C
2186519129,10302731,A
2054487272,4868194,C
2315718077,3944369,C
2170041648,11246896,B
2591465055,10344291,B
1539931508,5837852,C
2036727936,10466671,A
2474923669,5648532,C
2783946855,10635068,B
1965924724,6241966,B
1981045966,9666724,C
1531906377,7190720,C
2043586115,7190720,B
2153805739,7283598,B
2115799914,7299294,B
2018671496,5081002,C
1978066181,9768909,C
2070521485,6453093,B
1951708330,10588535,A
2172148445,6915040,B
2555602105,10411811,C
2008684482,5858661,B
2079842540,7993913,B
1988862374,7993913,A
1983312474,7993913,A
2123047021,5518724,C
2058401981,4813417,B
2034179220,9708200,B
2034179220,9708200,B
2092052273,8815105,B
1927988248,7446024,C
2041629553,9200995,C
2516582653,10753869,B
2951114147,6566510,D
2310176077,10328136,B
2528766486,10328136,B
2149664489,6046009,C
2061040479,7175845,B
2047723407,5630786,B
2087588890,9079786,C
2058435861,8481295,C
2054801523,10074752,B
1989606774,7569205,C
2908705871,11348364,A
1989393977,6952962,B
2854312182,10747641,C
1900238446,10414778,B
2737950285,11607817,A
1988472847,7393855,B
1965037453,7843382,A
2084394543,6413944,C
2092372476,5697373,A
221188354,7227053,B
2037447122,7375202,C
2139469303,8883453,B
1502487762,8369592,B
1993254016,5846909,B
2613290056,10273405,A
2160343175,9599671,A
2148989106,8515201,B
2091654902,9432024,A
2088258091,9260653,C
2012411957,9273956,C
2102967177,8124651,B
2304723467,9732105,D
2033101610,5824842,B
145730745,9805473,B
2155444810,9073968,C
2112667766,7141662,B
2091926133,7141662,B
1659878307,6133507,B
2060784694,7531027,B
2083273587,9620344,C
2083273587,9035239,C
2083273587,8937288,C
2939789248,10823864,C
2082241271,8412519,B
2082241271,8412519,B
2056538737,5837825,C
2021985688,10898076,A
2161539132,8797221,C
2111911221,9379449,C
2337784578,5371077,B
2732486120,10766940,B
1520153717,8032024,B
2167623909,8650608,A
2167623909,8650608,A
1985388544,6614469,B
2506679320,11226334,B
191654819,5071677,B
2081070427,4683758,A
2766150646,11174325,B
2318269181,9067946,B
2052764579,6740495,C
2052764579,6737244,C
2942015343,10824230,C
1984532536,9186496,B
41300287,7846285,C
2166494495,8239033,B
2085372401,6602693,B
2085372401,6492150,C
1996989066,5776699,B
2016945782,8626306,B
2017477520,6562570,B
2579008006,10731632,A
2051585221,5695938,A
2154588235,8699362,B
2622806574,11298533,B
2294206462,11298533,B
2094012698,11298533,A
2171061700,6610744,B
1999375550,8957394,C
2024527855,6521624,B
2950117310,5952345,C
2950117310,5877207,C
2101392329,7609860,A
2074941390,6301038,B
2001340016,9684106,A
2025937604,6453066,B
2032385590,7659103,C
1535719934,7865747,B
1574194921,7118757,B
2018663214,10247556,B
1910780539,7442500,B
2070751522,6190666,B
1450044025,5164313,A
1018436991,5164313,C
1840045258,6219341,B
2743157015,10317962,C
2032947426,6774126,C
2907537318,11467495,B
2113319670,6943266,C
2136014041,8111228,B
2130567989,4537834,C
1881079580,7068896,B
2048556455,9724304,B
2026456463,7220829,B
1994198701,5431125,B
2949437432,6921757,C
2011437554,7196115,C
1983983493,9167538,C
2004720068,9167538,B
2085447991,9167538,B
2165525436,5148814,C
2103863888,6726404,B
2064909929,7276286,B
2069890908,6741374,A
2074596187,6741374,A
2020406899,7122339,B
1997175432,8137700,B
2755278101,10286036,B
1995518280,4567146,B
2952893285,5252738,A
1965417609,7557824,B
2764336826,10039562,B
2085965143,5767519,B
1985371798,5060085,B
116432124,7315812,B
2765877698,10130117,D
2765877698,11026443,D
2082486482,7588903,B
2094633541,8303532,C
2093637890,8249357,A
2078435159,8213376,A
2317664077,9695193,C
2890985624,10763990,B
2101533740,10330678,B
2080657612,4902413,B
2056037149,6952436,B
2948195291,11036726,B
2065982076,5624773,C
2118659300,9745288,B
2122094998,9528116,C
2122094998,9528116,C
2324772702,9202606,B
1541919446,5486214,B
1976625814,9253511,B
2010554107,9843189,B
1899708280,5786199,B
2038807095,7211189,A
2031035470,6780314,B
2043067218,RE42313,B
2131134498,8462868,A
2079255615,4219542,A
2171323125,9907722,A
2147198338,9907722,B
2129371179,6667404,D
2028133301,5424195,B
2071687768,9845016,C
2071687768,9845016,C
2089661446,8546090,C
2044346139,6612308,A
2044346139,6799570,B
2137681687,6622725,B
2160303198,8710046,B
2750284714,10519503,C
2042324201,4424896,A
2571650024,11066449,B
2460221127,11066449,B
3010705472,11596671,C
2554090545,8513386,C
2918212426,11212459,B
2062079094,4029647,A
1868713559,5914933,B
1982939062,4233536,B
1994659667,7224124,B
1994659667,7368916,B
1994659667,7196476,B
2980061890,11397765,A
1972078733,7446213,B
1991104517,6380125,B
2009407308,5408040,B
1973370837,8779374,A
2241422886,9882344,C
2241422886,9882344,C
2160531904,9882344,B
2160531904,9882344,B
2168586962,7125855,B
2012120690,9103034,B
2317355900,9380962,B
2318641903,9072468,B
2118611499,8248462,A
2018134370,5416789,B
2170869931,6544599,A
2523723763,11344847,B
2013795411,6790447,B
2013154581,9003240,C
2064127449,6500626,C
2064127449,5942490,C
2064127449,5955595,C
1987193942,8855199,B
1974377950,8767836,C
2043862575,8855199,B
2257811174,10773966,C
2069232588,9522828,B
2159285246,7485305,C
2319524392,11141452,B
1824534776,5959747,B
1600772398,5959747,B
2023134166,5959747,B
2320379228,9068962,B
1584829744,7224852,B
2125266761,6492148,C
2021054607,7518010,B
2125531416,7778707,B
1602964696,9577148,C
2745827744,10280973,C
2053719722,9822357,C
2069110284,6984977,C
1549033615,5006463,B
1930976597,5466582,B
2740274159,7848788,C
2030294512,5059566,C
2027654288,10232080,B
2896693208,11234673,B
2595744084,10244655,B
2595744084,10701832,B
2595744084,10499543,C
2114141674,7630977,B
2063385553,9014797,B
2063385553,9014797,B
3007824163,10723778,A
2124438301,9974463,B
2110203590,9014797,B
2110203590,9014797,B
2122803772,9014797,B
2122803772,9014797,C
2033058069,7488580,B
1563797250,8068654,A
1983559681,6878520,B
2163710594,6229599,C
2119582644,6229599,A
2094577650,9629813,B
1994494768,9629813,B
2527554398,9629813,C
2090383903,9415020,B
2059119804,9415020,C
1968190523,8611626,B
2021346978,6920270,B
2048871634,7033618,B
1984378192,7488462,B
1992790986,7166418,C
2054828956,10023977,C
1505761689,7585509,B
1998310363,7901927,B
2148584947,5171686,B
2613779721,7058205,A
836380948,10548325,B
2950043984,8889676,D
2014755098,8595923,B
2149898088,7252263,A
2114626886,9850922,B
2114626886,9850922,B
2097130855,5683881,B
2560181258,6366382,B
2265341295,7438915,C
2034823259,4156008,C
2963854019,11315363,A
2901624558,10828310,B
2104535972,6456826,C
2730318114,10617681,C
2074014788,9677138,B
2777803994,10533225,B
2079515111,5773435,B
2068009609,4316093,B
57462507,5294600,A
2003298449,8855941,B
2048783344,7588906,A
2748755100,10131878,A
2560450261,10131878,B
1989074229,7732152,A
2107125662,5854078,A
1998013907,8486406,B
1963659441,6153786,A
2066558511,9000257,B
2051332307,8563008,B
2739963593,10822652,C
1986529396,8654809,B
2135375802,8507756,B
2043051945,6358927,B
2329239915,10585414,B
2050636977,3933901,B
1977677882,5840303,C
2135821978,4782344,A
2327951283,3960884,C
2082607986,3960884,B
1990598243,5956173,B
2079663747,4224407,B
2089258081,4224407,B
2031962237,4599565,B
1976266402,7456197,B
2094328503,8175820,C
2079198204,7226785,B
2079198204,7258854,B
103686335,6074604,B
2320816794,10981811,A
2163484532,6541220,B
2327172509,9139739,C
1966196686,3960884,B
2899638089,11227586,A
1492960992,5743095,C
2017155908,5578761,B
1499797770,4518794,B
2061746446,5834195,B
2070993822,4912205,B
2000915688,5806979,A
2073824204,9963450,B
2066169341,8916570,B
2178362898,9831557,A
2076385485,8014557,B
2106649451,5065205,B
1973356822,7483767,B
1965624762,6361992,A
2006585422,5616468,B
26710343,5160490,B
2951719753,8158101,A
1973305216,8158101,A
2127719340,9074207,A
2610823578,9831557,B
2774504390,11505336,A
1481468666,5832430,B
2014993931,5876692,B
2775636951,10456031,B
2775636951,10010249,C
1965152396,5734018,B
2149821129,9198142,B
2785794077,10542464,C
2090979256,8442567,B
2765943831,10061080,B
2093147406,7652770,A
2161463639,7627347,B
2036730143,9416152,D
2036730143,9416152,D
2138542190,6222933,A
2071269222,4822859,B
2079651564,4231917,C
2005942298,8932223,B
1998072100,8932223,B
1974431355,6020162,B
1958146836,9683898,B
1958146836,9683898,C
2773039928,10728981,B
2016098676,8029802,C
2286321366,6519376,B
2227466587,5642623,B
2169430693,4267732,C
2595883827,10457975,B
2359690404,10457975,C
2013890513,5317533,B
2118677557,8103706,B
2006226181,9453060,B
2111330410,9280326,A
1992184814,7733926,B
2112789217,4509526,B
2005621481,8008287,B
2066322905,7406184,B
2059713487,8724799,A
1891044008,6768849,B
2619297699,11073469,A
2775128528,11073469,C
1966869723,4753944,B
2091263799,6455233,B
2036895325,9025925,B
1538603020,6001613,A
1988691321,9556531,C
2060009824,4097861,A
2094103848,5151617,B
2952700884,8664393,C
2081779630,7923168,A
1550199160,10400220,B
2025717432,6236143,B
2562698938,10312081,B
2015626992,8597187,B
1504517043,7463362,B
2095070930,10111594,B
2611061193,9951035,C
2067101149,9206098,B
2005307566,8773752,B
2092764309,8809502,C
2052132819,8871902,B
2124456751,5217872,C
314119887,9728014,A
2117237746,9229081,A
2063999889,5232795,C
2126145268,7826878,B
2047272062,4469683,B
2182915875,9768708,B
2182915875,9768708,B
1966329772,8809215,C
2892458001,11228039,B
3011992797,11196053,C
3011992797,11050062,C
1993952687,9616118,B
1993952687,9616118,B
2015961728,5733554,B
2912654671,11611092,B
2064295083,5037492,A
2044832421,8860414,C
2034344151,5031449,B
2131118559,6073096,B
2000156302,7475015,B
2057725085,4333842,C
1941309557,5503992,C
1960525869,10156028,A
2072602259,9495516,C
2072602259,9495516,C
2100581233,8871881,B
2100581233,8871881,B
2167267119,8711939,C
2106110854,8938310,C
2106110854,8938310,C
1981351886,8956311,B
2000464913,3955061,B
2011157207,8362434,C
2101368625,7280710,A
814008233,10464929,C
2034633555,6133231,B
1586399753,7767078,A
2950950096,9862732,B
2118160043,9486172,C
3008451085,11119678,A
2149487138,5579471,B
2027014825,6993170,B
2584150801,10495601,B
2078276102,7060095,B
2091260047,5763574,C
108945514,8946400,B
2593977376,11377696,C
2294521465,9382208,C
1537323319,9657105,B
1971654651,9657105,B
6066701,10307210,A
2515308159,8105581,C
2078992660,8920775,B
2167077736,9884131,B
2987260674,11238650,D
2099110985,5327455,C
2321810802,9884131,B
2282671056,9568483,B
2001994418,9568483,B
2612696859,10383922,B
2741114291,11371101,B
2092678991,4843554,B
2020637018,8772030,C
92743925,8444723,B
2021179083,7056709,A
2012366319,5384260,B
2562577626,10115917,C
2011128838,10185775,B
2622854995,10546572,A
1578351684,6877035,B
2026117856,8140416,B
2885224597,11326157,C
2810682161,10633642,C
2891818439,10544433,C
2796349068,10544433,C
2613685215,10503048,B
1987778381,7901881,B
2125284026,6134424,B
14049348,6569431,C
2401170692,11576932,B
2019515228,9763921,B
2616992614,10421722,B
3006475810,11120548,B
2990936018,11120548,B
2038724265,4025568,C
2140939472,5721342,A
1849905416,5721342,A
2998311706,11065209,C
2891988884,10724965,A
2075064870,9518243,C
2075064870,9518243,C
2079784668,6043357,A
2135701120,9512401,B
2010205433,9512401,C
2009787348,9669004,C
1967006002,9549976,B
1970742783,9393216,B
2405138885,9790500,B
2059718200,9527952,B
2254996396,10647725,B
2947578284,11608394,B
2622881513,11016152,B
2468353620,10338052,B
2047674601,8692064,C
2081971634,7924970,C
2028476442,7192782,B
1991160571,10259062,C
2103377742,8780012,A
2103377742,8780012,A
2105105414,5970115,B
1975141282,5970115,B
2581947602,7968091,B
2559501683,9824890,C
2559501683,9824890,C
2074478479,9751847,B
1637250296,6265541,B
1637250296,5929034,C
1637250296,5922679,C
2060902393,7666840,B
2060902393,7666840,B
2160410931,8598339,B
2009413101,5166679,A
2138717743,5798234,C
2084429138,6034243,C
2128645840,6312617,C
2140403508,6896780,B
131782272,10004222,B
2071257228,6034243,B
2900248543,11226479,C
2023872439,7252698,B
1975406840,8125706,B
1983854018,8125706,B
2075890785,4249421,B
2623516243,10706188,B
2027794658,8639176,B
2086199411,4298596,B
2088336890,6602605,B
2724095454,6633710,A
2810500378,11419837,B
2810500378,10500180,A
2564369860,10704061,B
2323699776,9157008,C
2323699776,9157008,C
2105472702,8370811,C
2099068649,8370811,C
2043530832,9409879,B
2006710190,4708818,B
2314127699,6294191,B
1482036567,7094408,B
2597173212,11177902,A
2068803749,9389344,A
2151488432,4771171,A
2010586658,9995808,B
2115960458,8923948,B
1996667243,8923948,B
1489235107,9801569,C
2102810786,9233046,B
945834215,9233046,A
2805889758,11523610,B
2015355974,9947980,C
1972319624,9500602,C
2949146299,8354402,D
2907782436,11028444,C
2117267631,5512668,B
2134360332,5302386,C
2952935626,8629289,D
1973062689,9792564,C
1973062689,9792564,C
2112948254,9358302,D
1996075092,4324887,C
2278504769,9631050,A
2079571000,9603829,B
2150714911,5776990,B
2556939132,9637592,C
2570379427,9389413,B
2174779700,5820560,B
2111704667,8201421,B
2122221966,9183452,B
2122221966,9183452,B
2079666288,5554648,B
2088636647,5695750,B
2171222336,4947035,B
1969737739,8715607,C
2019094565,8183236,C
2098612324,9234018,B
2098612324,9234018,B
2074429703,5594586,B
2066146012,4943635,C
2025032111,7335400,B
2610123800,11193937,C
2884236954,11248007,B
2071296119,8338464,B
2473714203,9701637,B
2285092339,9511146,C
2033074208,4214099,D
2001603167,5474926,B
1996134016,5326561,C
2036027958,5603872,B
1925842123,7729403,A
2116655834,7729403,B
2165762479,9955438,B
2007678655,7807849,B
2152552567,5787391,B
2094851886,6619384,B
2055823712,8790639,A
30994065,5985590,B
2761806320,10378057,C
2807234518,10259164,B
2121525246,9507042,A
2121525246,9507042,A
8645453,5288490,B
2053802831,8588509,C
2801736241,11122975,C
2004833522,10172581,D
2319133075,5165915,B
2572043160,9853751,A
1977342638,6579855,B
2036179598,9518238,C
2151224501,6188011,B
2474715055,11235177,B
1991600582,9060670,B
1991600582,9060670,B
2318543323,10631751,A
2018979642,10631751,B
2076168474,5194642,B
2547330171,10753936,B
2309706670,10586678,A
2053846374,4144950,B
2170865688,9865791,C
1973962788,6741619,B
1971552149,9651551,B
2345966450,10098905,C
2056553968,6937782,B
2158530796,6771053,B
1976627731,5617434,A
1873168453,8194709,B
2102028525,7302385,A
2339198629,10345104,B
2330457475,9527826,A
2318213893,11013426,B
2029853912,6300760,A
1963518710,3954689,C
2564204577,10603363,B
2012932147,4434156,B
2061230632,4582797,C
2472682463,10933133,D
2109670289,6716620,B
2084984346,9226962,D
1968013290,5476926,B
2168623020,7220658,A
2117960143,9414576,C
2006852502,5783284,C
2059995155,7847293,C
2076306721,7271891,B
2160983664,8739163,C
2043416604,6331631,C
2035325386,4570255,A
2169922395,9502856,B
2169922395,9502856,B
1967382476,9957509,B
2885677669,10590090,C
2952275478,11166883,D
2020704360,10996959,C
2903127575,11530271,C
2559267012,10738089,B
2147855536,9750801,C
2147855536,9750801,C
2883996007,10525123,C
2001820926,6570901,C
2106545303,8758750,B
2097126393,8361736,B
1977883800,8742101,C
2148851596,9825229,A
2018261106,7541362,C
2416478801,9193956,C
2649489471,10835111,B
2601446330,10835111,B
2020864072,4436691,B
2172239827,5581276,A
1979237900,9353161,C
1974954090,5901242,B
1974711512,5398066,A
1986787400,5901242,B
2024339497,7951181,B
2805682429,11119193,A
1608156083,9131223,B
1964119486,6497760,C
2744694383,11400279,A
2565255014,11065362,B
2051313915,7521702,B
2165535051,8225224,C
2002930046,8492149,A
177136071,6281015,B
2512607972,10041179,B
1995277642,8035130,C
1560331110,6587213,B
2079008084,7567371,C
1984010563,5584979,B
2086982430,6051152,A
1666397912,8528091,B
2049750524,7783060,B
2013846494,8334528,B
2912401984,10853539,C
1973010540,5629188,B
2138455994,8203716,A
2138455994,8203716,B
2018379758,8203716,A
2018379758,8203716,A
2001814711,8054145,B
1991696802,8203716,A
1991696802,8203716,B
1986763909,7649660,A
2786207050,10590343,C
2081867780,6157470,B
2950446764,10829795,B
2750466334,10245628,A
2101515743,9920530,B
2144871683,6033843,B
2086119954,6469028,B
1862813388,6735229,B
1560395128,6671298,A
2000410242,6735229,B
2096225255,6671298,A
2090532087,6361755,B
2041313053,9882210,B
1975638747,8980249,C
2751231294,10706535,A
2407920686,9898617,B
2583727708,10601077,B
1946228617,7732096,B
1985613115,8492030,C
2122983144,8533547,C
2002523673,6630294,B
2024080843,3941764,B
2548087869,9839635,B
1992451238,10398787,B
2157583970,6482415,B
1984790887,6551989,B
1965472260,8029435,C
1970138333,5776761,B
2124727406,9657232,B
2124727406,9657232,B
2900918187,11266167,A
2092136583,7553631,B
2802546198,11532922,B
2803591950,11532922,B
2081377777,4980468,B
2055542087,7126687,B
1969614701,6720432,B
1965760667,4963523,B
2020316248,5016976,A
2023404797,7847933,B
2145512982,8731272,B
2069406826,8731272,B
2765388405,10529066,C
1997819806,9765064,D
2077743706,8255029,B
2014322746,9220460,B
2143600692,10227629,C
2146662253,6651234,C
2059368759,5948679,A
1976923051,5900935,A
2149514733,7910356,B
1558015274,5420030,C
2334955829,4520113,B
1979489265,7367948,B
2068464339,8486371,B
2039184793,4288387,B
2149001055,10081801,C
44884829,9977859,B
2074848024,8853370,C
2074848024,8853370,C
1998584933,5256677,C
2093230645,8600534,A
2460563512,10932355,B
2893984985,11554190,B
1981952633,5369660,A
2537446921,7919954,A
81209440,8748089,B
81209440,8835108,B
81209440,8691966,B
1976473716,5401630,A
2040407324,7304357,B
2082887540,4815842,B
322875581,9193638,B
2109134602,8633168,B
2735210822,10721670,C
2016453663,8586049,B
2029571878,7081342,C
2079968747,8766459,B
2000071172,8741386,B
2991516369,11305295,C
2060817509,5457281,A
2740130828,10363270,B
2563620968,9855297,C
73683652,10426795,B
2087996489,9557846,B
2035920079,5254800,B
2060974142,5447867,A
1485152739,5580884,C
2071273220,6754298,A
1908935044,5574799,B
2949536729,9187499,B
2949536729,9187499,B
2035970116,8937828,B
2041702797,7746678,D
2061753144,7694077,B
2936566281,11492272,B
2883638714,11419817,B
2022308084,9650657,C
2134913715,5436850,B
1991159087,7306683,B
2771000806,11357478,B
2911614100,10828310,B
2093518595,7151339,C
1991808761,8802630,B
2142708597,8802630,B
2053614437,7611866,B
2599223367,10667723,B
2158890769,4390699,B
2038616012,8524251,C
2087469928,9206399,A
2033656780,7612192,A
2049822183,8952043,B
2126266181,9638856,A
2135951043,6963544,B
1973539616,7375526,B
2079336965,7193039,B
2137026354,6514476,A
2139466075,9695426,B
2331009157,9352010,B
2331009157,9352010,B
2560407279,10600482,C
2053306636,9873110,B
2053306636,9873110,B
2036881506,8293204,C
2082145592,9873110,B
2082145592,9873110,B
1988612271,8293204,A
2053064601,7102758,B
2101922286,5861625,B
1546039306,10009135,C
2984911527,10854395,C
3018251948,10636294,C
1981877719,9122005,B
1984765727,9284577,C
2128396658,9284577,B
1564830491,4701930,C
2325411208,11292760,A
1544692615,10101436,A
1981577492,9435882,B
1971475481,9820692,A
2132259551,8784766,A
2062764404,8491964,B
1634375916,7117029,C
2112798350,5365477,B
2045272959,7531634,C
1549126149,6047080,B
2112018989,5859922,B
2766909127,10669202,B
2157499124,7681180,B
2138652462,7774787,A
2133251877,7496791,B
2953353502,5493047,A
2070810024,7419672,B
2019710822,10160127,C
2807614902,11219236,A
2017372759,9473834,C
2593451082,10684284,B
2509621774,10078080,B
1977638003,7517951,B
1991498102,6632725,B
2791501217,10922796,C
1779929292,10443077,B
2005370556,5874527,C
2163037807,6231861,C
2163037807,6706872,C
2163037807,5874527,C
2118645534,9340572,A
2318047522,9340572,A
2013871630,9340572,B
2896539014,11571288,B
2014289061,9441249,C
2009770147,9441249,C
2083790195,9441249,C
2666396624,10738002,B
1959714428,9523695,B
1959714428,9523695,B
2095716976,9250233,B
2584285595,8741578,B
2153806783,9523695,B
2153806783,9523695,B
2060332030,8334503,C
1972737162,8598517,C
2899918473,11423118,A
2328645909,9030910,C
2119104264,9030910,A
2790869133,11371023,B
2580582876,10359623,B
2018199151,9080148,B
2406610115,10470137,B
1654752315,7412129,A
1977768381,5413907,C
2921953499,11346840,B
2240350106,9995859,B
2240350106,9995859,B
2745447190,10309967,C
1991163797,9847487,C
2057778899,9847487,B
1601059137,9394303,A
1601059137,9394303,A
2546062253,6822839,B
2080281482,6767896,C
2064302838,4447356,B
2077742477,8849515,B
2049998661,6153738,B
2005031322,4802489,B
2082649104,7390785,C
2032247822,6596278,B
2313343320,10240046,B
2097203667,5640966,B
2006077715,5764059,B
2945400692,10950794,B
2055319594,7304078,C
2055319594,6645987,C
1972919278,8602560,B
2327301358,10565433,A
2011072884,5632992,C
1978207092,4282148,B
2110171923,8815118,C
2473585162,11065476,C
2162069069,8236976,B
2076209158,8597887,B
2342395930,10632306,C
2022627333,7766033,B
2904732647,11615873,C
2792900963,10632306,C
1985011989,8798111,A
2811336368,10556022,B
2006724610,8207321,C
2296145362,10513680,A
2798820143,11113283,B
2616515400,11113283,B
2144200996,8392381,B
2494908995,11541149,C
1973637914,5401804,B
2137366120,9676818,C
2009265378,8728486,B
2005012808,8728486,B
161634835,6329155,B
2007657566,7314946,C
1486436563,9034573,B
2155371311,9034573,C
2058043840,9777283,B
2058043840,9777283,B
1977451689,6790968,C
2769467480,10310537,C
1998725559,7149999,A
2012817003,6775346,C
324503437,5589617,B
2951098593,11131733,C
2086670842,6134257,A
2090748524,6836499,C
2091502044,5311009,A
2074837139,6836499,C
1605791419,6836499,C
1990430357,8075682,B
2161474366,7274623,B
2032746029,9431712,A
2019530504,8477314,A
2116349126,8501493,A
2145653886,8501493,B
2968085309,11274303,B
2955048096,10574488,B
2955048096,10491433,B
2955048096,10616010,B
1968074363,7801189,C
1964728361,8564869,C
2151598754,6901189,C
2035589767,8057283,B
2134119746,8331008,A
2109707129,7555566,B
1971952282,7555566,A
1975602946,7570850,B
2170465220,8311376,C
2134809685,8565274,C
2080408903,7024069,B
2025328035,8831056,C
2990751766,10965221,B
2990751766,11368107,B
2052969866,7575600,C
1993529526,7425606,B
2583370485,11235047,C
2326822579,9770710,B
2326822579,9770710,B
2040105822,9489950,C
2067894755,7613579,B
2912849255,11375762,B
2030462532,9617519,B
2885641945,10875780,C
1978577946,8575577,B
2016660605,5825033,B
2048474054,5825033,B
2101034829,8848977,C
2003402856,9703756,B
1969015137,4834846,B
2020165801,9642845,B
2002044752,8135221,A
2783862421,11512312,B
45453432,10121667,B
2114954091,6541197,A
2164035751,9637554,B
2416897715,11149092,B
3012997262,11104892,B
2159519445,7505553,C
2129466556,6048909,C
2774404422,11285244,B
2282837351,9540422,B
2065447462,5871723,B
1988057348,5877399,C
1987887238,7732174,C
1477563442,10003324,A
2023205290,5728519,B
1982139374,10367690,A
2891362958,10905659,C
2028578382,7022585,B
3024018439,6215248,B
2621755174,11339192,C
1986920519,7504216,A
2136923818,8165522,A
2025199687,5426177,B
1976548360,8404252,B
1811618568,8058511,B
2057857889,5426177,B
2023155169,9348194,B
2049413865,9758607,A
2049413865,9758607,B
2104313658,6815949,C
2152355553,9683014,C
2530835875,9492432,B
2076407463,10143703,C
2060672234,9492432,B
2160334644,9822126,B
2412393795,10299140,A
1995381262,5673332,B
2113755876,6058322,B
2095388870,6656718,B
2098800716,8015527,A
2088659839,5219804,C
1508511600,10302528,C
2044452013,6027724,C
2016767869,5525606,A
2359545275,10806734,B
2036209352,7651667,A
2950426060,9156929,D
2001208694,5959452,A
2602959962,10189081,B
2070444134,4824923,A
2294652921,9878912,B
2098265428,9611301,C
2117082523,9611301,C
2289652082,10606847,B
2752074361,10900086,B
2108078938,6514707,B
2790387744,11078542,B
2122561573,7792665,B
2133574461,9238206,C
2346461299,10286013,B
1979754016,4684647,A
2045760340,6745132,B
2761274671,10684909,A
2554393998,9683217,A
2605638326,10215767,C
2762725046,10215767,B
2783024938,10215767,A
2095058273,9784730,C
2058741612,5333000,C
2011412549,5333000,C
2122551329,8687665,A
2079853725,8101855,B
2050162859,8631787,B
1965825303,8101855,A
1994222359,8101855,B
1993950426,5602662,B
1988658341,5870196,B
2071382549,9944774,B
2161499793,9170267,A
2014369801,3948726,C
2089866473,4423001,A
1672100492,6448721,C
156363669,5866115,B
2149288774,7425199,B
146726056,7216980,C
1517250017,10648935,B
2178027038,10400914,B
2086033715,8464303,B
2046097597,8464303,B
2105409750,8201206,A
2080925077,5792609,B
1975552785,5302714,A
2951226095,6060608,B
2951226095,6548530,B
2951496444,6060608,C
2950321002,6329497,D
1997140045,6262271,C
2151557512,9334515,B
3002956010,11586496,C
2044576525,7267825,B
2332090625,9354249,C
2133895672,4273668,B
1991504043,6852769,B
2002392633,4666849,B
2783583279,10976743,A
2023942367,9413139,B
2062148542,7276227,B
2204806337,10247856,B
2089832984,5789393,B
2048818942,4935498,B
2090091003,5132922,A
1997371632,5081254,B
123522070,7521414,B
2143758610,5734739,C
2770306141,10779746,B
1503764582,10223634,C
1987429110,9809620,B
1987429110,9809620,B
2884511445,11377356,B
2096856142,7324594,B
2125238402,7809774,A
2263348599,9828338,A
2074321491,9024038,A
130685149,9720690,C
2127978399,7877343,A
2118150028,8379547,C
1661698621,7951374,C
2137717291,6115683,A
1875191343,9272021,C
2142349199,7952519,B
1997469021,5723188,B
2567431781,10314804,A
1998175859,6950453,A
2548780814,11023711,B
2962820987,10860837,B
2004845289,6641813,B
1980670965,4914589,C
2306061344,10975009,D
1517953047,5181778,A
2102695194,4426237,A
1983115697,8583209,A
1865630485,5736406,B
1994297035,4996237,A
2077331252,6281196,A
2067040625,5554725,C
2078585066,4997817,A
1969268070,8972159,A
1969268070,8972159,A
1549936231,6372509,B
2321696268,9695193,B
48423331,6565826,A
1529625339,8897854,B
2104130372,9046527,A
2003895320,4808928,B
2014221169,9925223,B
1657000716,5646246,B
2003445788,4996237,B
2063101799,8227690,B
2335499313,5366884,C
2007591380,10266759,B
2908476314,10175350,C
2150783671,8283150,C
2890433522,10873625,B
2877484591,11487590,A
2623697208,11361401,B
2191707373,10505094,C
1983060226,5314656,B
2170816117,8837039,C
2120732214,9650684,B
2120732214,9650684,B
2061138396,4622672,B
1964581772,7825259,A
2747190710,11037064,B
2161366931,6344552,B
88731275,6787572,B
1932402193,8658156,C
2931852536,10441782,B
2931852536,11504527,C
2038750482,9809620,B
2038750482,9809620,B
1970296844,6522653,B
2088752674,5283852,B
1068061363,9376452,B
2090323732,9971063,B
2087271346,9971063,C
2150023094,7487330,B
1649199697,9656066,B
2054228911,6022500,C
2080698518,5757525,B
2031583086,5380849,B
2104342284,9459878,B
2466574476,11213490,B
2057516271,8462824,A
1974129885,5889177,C
2107706237,7830928,B
2277271542,7830928,A
2086864815,6455244,C
2511569157,10787654,C
2021297895,9791438,B
1876763706,5825257,A
2980305810,9273056,B
2086268944,4873075,A
2117350247,9578433,B
2327425044,9475756,C
2027568007,9346803,A
2041110533,RE30538,D
2054825281,5880292,B
2064078567,4226788,B
2077339254,4279826,B
2322301907,8501413,C
2075318434,7985705,B
1978465056,4894919,A
1977326066,8898047,B
2027400682,7256082,C
2757445900,10896507,B
2040545582,9711827,B
2242298112,9747668,B
2557150540,10411836,B
2023160124,9814672,B
2480105945,9583702,B
2038320696,8941297,C
2979796500,10549232,A
2979796500,10940433,A
2024782956,9040922,B
2891031857,11053286,C
2031281744,4346867,B
1968330797,8433472,B
2097901390,9803008,C
2513876571,10796857,C
2161990103,9437825,C
2296574535,9437825,C
2320059132,8227581,B
2141337564,9007908,C
2914567593,11106111,B
2790649807,11106111,B
2068490926,8133616,B
2559946394,11098106,B
2051990174,9135405,A
2986967514,7145150,B
2118649392,7145150,B
2029541365,5843781,B
2604184065,11566212,B
2008033407,6411905,C
2887165143,10422290,B
2095258606,9262327,A
2127313324,9553647,B
2503582469,9838031,C
2163524346,5068177,B
2103601503,4683295,C
1971541523,4654419,C
2126341873,6552006,B
1526839960,4596674,B
2120803835,6251931,A
2058315355,7560570,B
2037653759,6486326,C
2157614013,9497039,A
2126093140,8936791,C
2023103378,8934693,B
1965525415,9761004,B
2072725781,8309093,C
983515058,4689225,C
2161121399,10323305,B
2973164039,11472935,B
2471599135,10467741,C
1981678969,7711214,B
2474141489,10488276,B
2038578020,6126740,B
2191387957,10131996,B
2609698660,11583557,B
2037825052,7849727,B
2064536883,7002158,C
2898076131,10541074,B
2167420348,6140113,A
2167420348,6448071,A
2128110156,9657361,A
2128110156,9657361,A
1946946176,5798219,B
1977600801,8888969,B
2249932734,4935491,B
2788792821,10613478,B
2600268916,10234268,B
2157896596,8921578,D
2144724453,8300228,B
2142154809,8526772,C
2092795656,8300228,A
2002193296,7602501,A
1979280962,8300228,C
2164685126,7403623,B
2325536892,7936996,C
1969566663,6815165,C
2001941396,6815165,C
2777238021,11190543,B
2011229774,7592317,C
2011229774,7592317,C
2162275483,6957178,C
2119515687,8715886,B
2106579606,5583133,A
2100734450,7439764,B
1992355580,8014462,B
2052885484,5641755,B
2160860151,7246240,C
1965555138,8902161,B
2567300573,10484684,B
2004245879,6685849,A
2955238678,11001530,B
1963648227,6613738,A
1995760693,5563065,C
2288432429,9355439,B
2288432429,9355439,B
3004477182,11605163,C
2261688117,10501734,A
344444911,5997843,B
2891145594,11208334,A
2144277718,6194201,B
3007086572,11266599,B
2008423330,8407593,A
38316181,9851706,B
2044197891,6179688,B
1986916095,8811745,B
2573538591,10476620,A
2613360444,10665465,B
2344808286,10954369,B
2794134649,11555222,A
2097338985,10786261,C
2143181930,8685874,B
2027249541,6636276,C
2148471787,7848559,A
2060736726,9968714,B
1972677366,6887694,B
2012660513,7693388,C
2012660513,7693388,C
2332648367,5739536,B
1581512221,9901608,A
2462383749,10857532,C
2075905993,5196315,B
758212416,5270184,C
2483470738,10669435,C
2615252657,10801998,B
2282324574,10635909,C
1980564764,7939811,B
2156921899,6464985,C
2156921899,6210676,B
2136493367,6464985,B
2034847291,6863073,A
2076427816,7642989,A
2076079337,9181995,B
2155013304,6821819,A
2025883610,6285118,B
2739809942,11000204,B
2508480389,11000204,B
2410601862,11000204,B
2016961642,7030090,A
2058860815,9562960,A
2888908023,11531076,B
2948219779,11058710,C
1512573364,7158558,B
2122847918,6816452,B
1966534908,8058265,B
2023447551,7648974,B
2040642210,8673916,B
2153921114,8673916,B
2006644523,4952497,C
2102244761,6522996,A
2054673682,7683060,D
2005892970,8076667,B
2077128918,5486699,A
1992485336,8582200,A
2102468436,7483480,B
2112042150,7560028,B
2054910769,5368855,A
1989422723,8765146,C
1999754742,4416871,B
2028254127,7202037,B
2917613203,11168370,C
2001964616,10392666,C
2086190595,7256037,B
2146704497,6726910,B
2146704497,6843992,B
2352582175,10457990,A
2561037076,10457990,C
2541006501,10457990,C
2561436367,11512306,B
2064794767,7708918,B
2161108245,5241675,C
2154367235,10281459,A
2076928306,8501969,C
2011914613,7332237,B
2159997563,6594381,C
2001219937,8657044,A
2032352181,5264711,B
2026062451,7813537,B
2208857932,10018700,B
2072297858,4387955,B
2088239051,4359259,B
1994696697,9588491,B
1984284248,8872376,A
2070681371,9700742,A
2108273974,6649907,B
86688592,9040903,C
86688592,9040903,C
2026553441,4448962,A
1984915306,7799385,B
2987490938,11423254,B
2145426052,8930691,B
1967976820,6083711,B
2003483025,8706427,C
2886473638,11028137,B
2800890481,11028137,B
2209022283,10072060,C
2011779180,4320331,C
2086191204,7691420,C
2013031676,7703656,C
2045039915,9526489,B
2159024069,5319108,D
2077121089,5427101,A
2000546633,8742334,B
2151252762,4503461,B
2077548086,8802642,B
1591351482,6258333,A
1544399584,9441244,B
1975970010,8345717,B
2080883621,5814820,A
2109299006,5033087,C
2091494719,5233681,C
1808473778,5033087,C
2031386487,6280386,B
1481613249,10350279,B
2140987645,9653920,C
2134888701,8380305,B
1973949515,4157665,C
3001636669,10373707,B
2025327506,6110892,B
2946192067,11574223,A
2789938417,11178166,B
2097076137,7499805,A
1979996360,5389543,A
2121133177,7428751,B
2089112861,8383360,B
2089112861,9529001,B
2010630838,8983032,C
2614068890,10703770,C
2603200274,11028249,C
2023011141,10233292,C
2063443915,9625456,B
2112535567,5719073,A
2328813094,9181374,C
2964190485,10664761,B
2809688596,10699209,A
2554583147,11013779,B
2289420272,10199091,C
2163974112,5370676,B
2150167685,5370676,C
1994126845,6434542,B
2519730952,10122347,C
2138350729,7351452,C
2087442158,8846341,C
1970059702,8978480,B
2086652693,6794547,B
1972741309,8907823,B
2075045626,5352667,A
2065272435,4880790,D
2079092394,9890152,A
2039030372,7430348,A
1494169801,9445993,B
1977978766,4121834,A
2047394198,10370679,D
2057769024,9395246,B
2087972710,5296383,C
2989893595,11199630,B
2048900608,6015378,B
1767557700,9851418,C
2061561200,7119758,B
2125483904,8516423,A
2945858591,10511055,B
3008770210,11049667,B
2801742943,10109859,A
2801742943,10446845,A
2912948801,11414623,A
2003996387,6714299,C
1898582311,9918790,B
2942214638,11499079,C
2055738215,6779404,A
1998964235,9043158,B
2096588926,7982646,B
2052091059,5563032,D
1530923078,6859549,B
2395226907,10301377,C
1996239220,9303017,C
2546590080,7742806,B
2022314598,4147229,A
2056725513,8440177,A
2054717495,7564241,B
2156975222,7564241,B
1879238970,RE43914,C
2747255908,8366902,B
2912013642,4307221,B
2151947899,7746815,B
2520724989,9982068,B
2089335743,8507865,B
2312240133,9295685,B
2312240133,9295685,B
2807585767,11613782,C
2939911308,11613782,C
2786435722,10536379,B
2507732195,9799794,C
2399702920,9799794,C
2015367825,6846621,C
2792340997,11407671,C
1564984525,7869548,B
2059045780,7803526,C
2094411497,7256152,B
2993744977,10766949,B
2993441180,10766949,B
1981562747,4898828,A
2141249559,7570063,B
1964374497,7570063,B
1570492102,10226443,C
2328963049,10648035,B
1658965543,8066641,C
1952919390,5265617,B
2152231376,8716556,B
2567462484,11413007,B
1910775778,5316917,A
2626313174,10333088,C
2050141769,9470632,B
2295800127,10482275,A
2033046010,6122584,B
2055605461,9808509,B
2319374058,8413629,A
2627086430,9809906,B
2804013462,10324845,A
2170334909,7485711,B
2118961645,8126291,A
2914352724,11126689,B
2072232009,9946952,A
2130742340,7266258,A
1976691226,9994923,C
1967581408,4958010,B
1992728732,5674652,A
2014069721,5587161,C
2057402828,7344722,C
2419317691,10350271,B
2146238846,6373862,A
2751062572,10710954,A
2098259024,4975700,B
2890705406,11105344,B
2596422141,10358931,B
2010907226,3981775,B
2627026659,10757815,A
2315813075,10871745,C
1964455823,5436131,C
1493703283,5436131,C
1603726506,5436131,C
2062098101,7732215,B
2064104834,7095502,B
2024520804,7732215,B
2124775633,9310303,C
1979997209,9354388,B
2953313407,5801167,A
2078183349,7834198,B
2935366665,10993953,B
2090567741,8299688,A
2460865750,10202478,C
2559092619,10525082,B
2900886559,11130790,B
2022322532,6201107,B
2019536189,5915230,B
2048970745,8357102,C
2969297067,11239917,B
2070942862,7985753,C
61928364,6855829,C
2171514523,9086041,C
2746917867,10456356,B
2746917867,10195140,B
2063560723,7982069,B
2042402516,4448890,B
2079621801,9539315,B
2117830637,9095591,B
1963885610,7920923,A
2039856804,9671843,B
2007156807,9388394,C
2077956446,6285474,B
2058460625,5485530,B
1997593105,6166286,B
2047681215,7794541,B
3015634719,11301019,B
2164085796,6278906,B
2141130587,5722043,B
2092254434,7113931,B
2113320877,8395262,B
2539155668,8513613,B
2297014584,11452480,C
2787310733,10790378,C
2258077752,10174097,B
2061633232,4709094,B
2103498248,8640005,B
2148563307,6232452,B
2786567429,10651343,B
129657174,8824886,A
2166322257,8538207,C
2025392130,6583307,C
2163256558,6583307,C
2291308619,9460960,B
2171027815,5686572,B
2052933098,5098438,A
2118933839,9117296,B
2067660931,5891859,B
2142755452,9861601,B
2801645749,10899759,B
2898690812,11542234,A
2275825748,10112974,C
2015050661,10428115,B
1978100878,10428115,B
2022718242,10428115,B
2567158520,10772962,B
2103180477,8530636,B
2247796446,10938346,A
1980289135,8035540,B
2092033222,10453555,A
2160013345,8491482,A
2108418157,6726629,A
1856930045,9282944,B
2775188449,10970630,C
2952626615,10653694,D
2532807947,9862738,B
2949788055,9670108,D
2510147768,9771311,B
2510147768,9771311,B
2006318195,5443982,B
2022998976,5487698,A
2892736377,11568203,C
2020841499,7034701,A
2090407970,9388428,B
2049158993,5258915,A
2155348017,9780678,C
1987490345,8919168,B
2142808962,7972847,B
271480276,9396531,C
271480276,9396531,C
2330462257,6489142,B
1971209666,6100029,C
2075938093,7741073,B
1987184389,7414025,C
2749787997,10737984,C
2115033163,6504977,C
2131633832,8768170,C
2145771606,8988770,B
2145771606,8988770,B
2330883310,9871346,C
2330883310,9871346,C
1971384669,9270075,B
1972766432,4540661,A
2023431746,7734101,B
2619928526,11016152,B
2122838243,8648295,B
2163346237,7320805,A
2125230253,5951627,A
2509724465,9812842,C
2551731612,9780524,C
2551731612,9812842,B
2566128537,9982276,B
2566128537,9982276,B
1974253124,9196901,B
2599536495,10526580,B
2093648767,6020502,B
2126064487,9515774,B
2126064487,9515774,B
2134806478,8102314,B
2547172353,5951627,A
2002651628,5951627,B
2064036729,7168809,B
2050105096,5856967,B
1966774696,5361148,B
1979635691,9194005,B
1985205676,5470710,B
2295944171,10752730,B
1984573594,8355525,C
2119740511,7352878,B
2394799259,10001493,B
2549871051,10001493,C
2066439239,6979678,B
2889799217,10972747,B
2066390373,9234176,B
2091557317,9395354,B
2091557317,9395354,B
2105204017,8020129,A
2110000518,8396910,B
2127244622,6465617,C
2127244622,6312947,C
1830608183,9581506,C
1991392515,8972308,B
4527426,9430616,A
2520383955,4197292,A
2034498461,8124171,B
2007590407,5851956,B
2006298635,9678032,B
2006298635,9678032,B
2317992832,6387875,B
1539991337,4994367,B
2772510304,11033183,A
2034270430,9382310,B
2113025873,9382310,A
2802366073,10770673,C
2078909684,5212269,C
1967828716,6114031,B
2318023927,9758386,B
1964574920,7632502,B
27675984,8780439,A
2048888499,9264872,B
2048888499,9264872,B
2023064062,8527627,A
2086948958,7595331,B
2054631931,8227604,B
2068306403,8211916,C
2070147672,6995268,B
2897689760,11261458,B
2741843138,10341097,C
2073311979,10519202,B
2139655679,RE46583,C
2000584312,7838013,C
1832284734,5955077,C
2139099450,7838013,B
2038800484,7838013,C
2000192783,7452544,B
1997248490,7078507,C
1990221290,6509445,A
2069716894,6509445,B
2072812898,9401442,C
2017873711,8916606,B
2754165364,11062450,C
1981442153,6252287,C
2100193586,5952544,B
2117836149,8471439,C
984890302,6531483,B
2016123792,5413779,B
2025597682,5838480,B
2542572956,11179493,C
1737424956,5023180,B
2076100786,6228989,C
2018895334,8811699,A
2018895334,8811699,A
1964406135,4145571,A
1978065401,6992313,C
2013757962,9982240,C
2071244596,6762186,C
2052501894,10519508,B
2078136694,9359355,B
1222907013,8218963,B
2062511469,6780397,B
2074574365,6780397,B
1997756646,6780397,B
2064986144,9846055,B
1576555654,7732666,B
2205637059,10304535,B
2903162282,11151028,B
1676441703,7598184,A
2159115664,8051032,C
2314137128,8478531,B
2314137128,8478531,B
1534181748,6521202,A
1996170014,9601801,B
2091033825,5085749,B
2088240772,6884613,A
2059856637,8281307,A
2083960039,7005685,B
2061857390,9340720,C
2048928383,8818150,C
2106966921,8314255,B
2106966921,8338474,B
2070591442,8314255,B
2070591442,8338474,B
2068755862,5677893,B
2527272234,7183433,C
2269165804,10662540,C
2031650869,6583340,A
2268144602,11216758,C
1973781366,9665951,B
1973781366,9665951,B
2065921144,9845348,B
2039353946,9514513,C
2039353946,9514513,C
2085015483,7992999,B
1984927034,9022732,A
2963410000,10396847,B
2040173513,4876242,C
2587374106,10257791,B
2958475640,11070415,A
2963773820,10856172,B
2124269221,8303310,B
2007961982,7468328,B
2792090321,11287627,C
1990503883,9632409,B
1990503883,9632409,B
2009969576,9632409,C
2009969576,9632409,C
1608297190,6175170,A
1811819477,10335498,B
2160737169,6214980,B
2009449640,4814442,B
2030291531,5786192,C
2006700188,9827299,B
2013083278,4636767,B
1889082548,7651574,B
2032693964,6213950,A
2105785059,7683093,C
2086104171,7588746,B
2044082947,5679753,A
2677961683,11177656,B
2918693531,11177656,B
2886352634,11177656,B
2081784018,8373155,B
1990538797,5590048,C
2051579728,4468136,B
2035907631,9638699,B
1992012409,8555710,A
2073253018,9144605,C
1967532109,9144605,B
1964836346,9144605,B
2129153309,9733240,B
2022930728,10228197,B
2127848520,9926556,C
2321843808,5777232,B
2004250686,7973379,B
2093416579,6379944,C
1510497395,5198599,C
2052483035,7335353,C
2078728030,6319716,C
2054220610,RE40930,C
2052755697,10448924,C
2040344728,9607401,C
2054928795,8969831,B
2054928795,8969831,B
2084359746,6630793,B
2080900644,7842352,B
2626083382,11400114,B
2908439204,11402433,C
42221288,6544187,B
2952735865,9527812,A
2950172359,8912341,B
95188779,9359650,C
2144917072,5032516,B
2111965221,8987764,C
1988695831,4409223,B
1967370147,5714329,C
3027418027,11215617,B
2012027453,10004455,B
2044176242,10004455,B
1982670543,10004455,B
2011741234,7656925,B
2078716484,7965037,C
1984122181,5440421,B
2033431211,9532062,B
2023349426,9532062,B
2143151932,9804490,B
2143151932,9804490,C
2030673547,6058127,C
2132835760,9024709,A
2099402704,9024709,B
2510545428,10912860,B
2014641557,8150148,B
2054888910,10206900,B
126474302,4704362,B
2921446357,11510899,A
2122953404,9865660,B
2119434445,9181588,C
2117365839,9441019,C
2117365839,9441019,C
2002844537,9441019,B
2002844537,9441019,B
2312911207,4706258,B
2167760385,6037159,C
2318725054,7423126,C
2589949569,9066963,C
2595001519,10323007,A
2790998706,10769783,A
2806809191,11350901,B
2770257328,10607112,B
2596686700,10492723,C
1511193443,6735312,A
2124983997,9183350,B
2113282793,7466848,B
2600774896,11271123,B
2171467516,5968675,B
1984106644,7927507,B
2801634535,11017896,B
2889799189,10839513,C
1994298750,9262583,C
2891574271,10839513,C
1998299184,4228274,A
2012124354,5236899,C
2091911641,7138364,C
2730430435,10342864,C
2027559280,8964161,B
1974437320,5424974,B
2085975582,6840999,B
85614550,5357879,B
2141482658,8151146,B
2081677675,6395775,C
2105195982,8565918,A
1984995420,8565918,B
2913111280,7198948,B
2126316756,7292619,A
2015304261,7154088,B
1542090286,7154088,A
1985369591,4780409,B
77430051,4656083,A
1971013114,7879565,B
2102580362,6226650,A
2599967769,10576082,A
1990267705,10434479,B
2040264885,10058514,B
1528534253,5827951,A
1571857100,5565351,C
2001452043,5510474,B
1989678525,6703423,B
1989678525,6710084,C
1995843860,6744086,C
2138222606,8994732,B
1543560373,7337086,A
2148992921,7885365,B
1978851566,6563569,C
2590591064,8889632,B
2141373197,5874182,C
2056312737,7820660,B
2056312737,7435734,A
2148245635,7166588,C
2116580645,7166588,C
2086134036,6369238,B
1985168845,10197560,B
2123376600,6194558,B
2080047577,6262242,C
2290831491,11116897,C
2010294699,5698862,B
2087007895,5977572,B
2027857664,9539299,C
2027857664,9539299,C
2001911771,5134076,C
2557895048,10661261,C
2022291439,6922696,A
1975664909,6922696,A
2146354163,9962416,C
2132442017,7022763,B
2047786220,7022763,B
1965764576,9341704,A
2002058543,8552057,C
2295727839,10122783,A
2151187198,7449474,C
2023524492,6641798,B
2030678976,6939532,B
2070226347,5856442,B
2058948891,4405424,A
2077566950,10025774,A
2054657619,6200183,B
2049952279,8894826,B
302356082,6573428,B
347349126,6780604,C
2565309823,11287428,C
2063811965,9718835,A
2063811965,9718835,A
2157847124,5684360,B
2037772116,5194375,C
1984849446,9689760,B
1984849446,9689760,B
2914726479,10344338,B
2914726479,10988812,B
2914726479,10167519,B
2914726479,10822622,B
2914726479,10570460,B
1967614663,9378752,A
1966936679,7807821,A
2029449084,6127165,A
1019230497,6225291,A
2046182884,7195784,B
2042396550,9399619,C
1994273836,8085044,A
2077660231,6910812,B
2164663820,10310031,C
2048310140,9588207,C
2606182999,10241173,C
2103350699,8076939,C
2121142820,10605882,C
2004545059,6639062,B
2743362255,11181599,A
2072465842,9576655,C
2469610249,10596257,B
2901751092,11130810,C
2099530880,7584080,A
1971681322,7974319,C
1987904402,5830857,B
2538581714,11241435,B
2048579980,8883852,B
1971279546,8343731,C
3015872276,6363632,B
2741025457,11584952,C
2612109898,10329625,B
1988567889,7247349,B
1988567889,7045195,B
2107350499,8671273,A
2610349426,10223643,C
2054203185,9431620,B
2072669078,8632873,A
2027176658,5370078,B
2089688033,8263756,C
2757470190,11135443,A
1970282524,10556229,B
2081398692,5248596,A
1784618398,7707278,A
2072784920,5963572,C
2243063702,10966622,A
1412264545,9677050,A
2747674589,11045535,C
2013598275,9493481,C
2320537872,9637498,B
2080905362,6870194,B
2039824179,7011828,B
2154635444,8019555,B
2549661550,8075921,B
2321156678,9966874,B
2229738114,10494422,B
1985448290,9900617,B
1985448290,9900617,B
2087451891,7358347,C
2131767938,7358347,C
1889256547,9901261,C
2036507745,9878020,B
2036507745,9878020,B
1603614322,8414573,C
2000259043,6255088,B
2122153640,4003659,B
2084644533,10329378,C
2769575813,10676832,B
2107844595,6754632,B
1943878720,10273309,C
2241494189,10241334,B
2741976766,10379234,B
2060810273,8389637,B
2040074861,6369211,C
2209623262,8978293,B
2047242047,5496804,C
2079002624,6311084,A
1986441515,7693369,B
2573352798,10739298,B
2132921765,5737079,B
2105718958,6685957,B
2087753698,6692761,B
2026720243,7499573,B
2086352143,9586040,C
1996861485,9586040,C
2161541645,6275775,B
2327660964,9718250,B
2327660964,9718250,B
2168611997,10288610,C
2026361860,4756777,D
1973062441,5466589,A
2081937668,8516403,C
2114701296,8325192,B
2591742013,10867137,B
2090668105,7901884,A
2084707309,5409683,B
2474393700,10626154,C
2909318876,11579278,A
2012296420,8933087,B
576200561,9239286,C
2052819500,8420359,B
2080491926,5545820,B
2085370444,8787648,C
2054862716,8801781,C
1931994512,5978377,A
2025349326,5982920,B
2006847187,8605262,B
2178102281,8995171,B
2911793677,11441170,C
2738598315,10533163,B
2091945343,9163067,C
2139077518,9163067,B
2122016897,9135699,A
1526956633,10809678,C
2806567529,11422348,A
2086431814,8092764,B
2084583076,9327009,B
2084583076,9327009,B
2538262937,8655033,B
2073042899,9816024,A
2020751190,9758878,A
74486014,5103488,A
2001197641,7376558,C
2137692244,5566270,B
2164657252,7968773,C
2169480348,8574853,B
2197714687,9663723,B
2275606757,5308615,B
2315665867,5308615,B
46580040,6479735,B
2049898556,4590002,A
1642167091,7627864,A
1983578405,6575927,A
2330263871,9364444,B
2330263871,9364444,B
1514331370,10515112,A
2597747080,11250595,B
1998120222,8709753,C
2128093814,8829715,C
2049703342,8940881,B
1582331286,6563256,A
2014075879,6921765,C
2099684934,9098191,B
2000693577,8513624,A
2903294844,11028444,B
2019217572,8841549,B
2060038101,8841549,C
2960303425,11124761,A
2043342205,9489578,C
1863115620,9402727,C
2030154545,5745516,B
2095856301,6501783,C
2140805082,6301282,C
1967069706,5570386,B
2135631611,6278134,C
2902876647,11117487,A
2140073283,6742895,C
2053460479,7469002,B
2483299955,10385143,B
2513460136,11140221,B
2510103775,10620204,C
2894896376,10059601,C
2144640625,6864067,B
2144640625,6942986,B
2144640625,6936435,B
2144640625,6844423,B
2118521369,8568756,C
2061209225,5976851,B
2045242923,6821511,B
2068158531,6423315,C
2009616432,5527690,B
2331413682,4570006,A
2762845104,11312755,B
2040914198,4739062,B
2022321790,6410009,B
2234491840,10622654,C
2117142519,9115443,D
1977973178,7575699,A
2054648089,6724925,C
1988711456,5221623,B
2899382008,10851471,C
2136591776,9157170,B
2602834027,10939864,B
2020943031,4683535,A
2001100306,8067404,B
1974438755,6110892,B
1974438755,5955425,B
2058464072,6110892,B
2056945840,5955425,A
2050766622,7749960,B
1939267495,8629400,A
2807185423,11499101,A
2807185423,11427767,B
1994927411,6168947,A
2129031604,8861331,A
2159717421,7968836,B
2153645654,8637309,B
2014097029,9682109,B
2009673627,5092545,C
1965815220,9862733,A
1965815220,9862733,A
2096885367,8338601,B
2037978672,8098911,B
1995900384,6670455,B
2774154875,11093635,A
2992947623,9410129,C
2587495517,10080353,A
2084965014,4351707,A
2037551281,7075658,B
1980794962,8750615,B
2022278368,9768333,B
2022278368,9768333,B
2953419189,11406258,C
923713575,9498646,A
923713575,9498646,A
2160178554,7480912,A
2000145226,5412088,B
2604008885,11440214,C
2139384391,6461994,B
2152410832,10167255,A
1963931135,9070284,B
2767262950,8732094,B
2101436537,8732094,B
2022930774,5416375,B
1566661333,6653022,C
2043430057,5723632,B
2007812199,7223474,B
2026244486,8075664,C
2057316004,8389715,A
2084355776,7223474,C
1986001717,6669256,B
2111439633,9578881,B
2111439633,9578881,B
1988623557,7927926,B
1988756468,8921643,C
2111578721,7350055,B
2104542123,8095350,B
2267171630,9698254,B
2267171630,9698254,B
2979777575,11040219,C
2979794459,11040219,B
2912605442,11078295,B
1985136582,9336225,B
2054415031,10250874,C
1972524841,9003789,B
2064257673,8800283,B
1907660129,6598204,A
1266384179,9985984,B
2101677062,4061542,A
2121049963,6630582,B
2129626205,6266805,B
2044361749,6314555,A
2274022023,10160795,B
1968217938,6266805,B
2112087767,10131685,B
2089770148,6914854,A
1999912496,9943809,C
2040174128,9073175,C
2563406937,10597465,B
2158285147,5656206,B
1997061185,6296785,B
1487175372,6607740,B
2070727744,6726781,B
2083356485,9611153,B
2079108306,7528093,C
2024657825,7268358,B
2950499983,5637773,A
2113011616,8829002,C
2113011616,8829002,C
2011890870,7061524,A
2052644685,5290688,B
2157828298,9049290,C
2084731336,7485279,B
2086320280,8043988,B
2476003573,11241188,B
2597685695,10682397,A
2020719985,9095886,B
2953356135,7132504,D
2327946244,4055574,D
2887798331,11339448,B
1968698431,7112412,B
2953097865,9445596,D
2042279302,5959178,B
2022926854,8095350,B
1975510210,5418153,B
2121897689,5418153,B
2611118946,10567655,B
2962821645,10900215,C
1969850450,9563740,A
1969850450,9563740,A
2047737602,9580908,B
2047737602,9580908,B
2138956421,7410848,B
2039762516,8734862,B
2127000806,10295543,B
1963611222,5298601,B
2237366269,11396012,C
2615718376,10468980,B
2058959723,5017492,A
2034962455,7652459,A
2962872744,11112259,B
2083045731,6511998,B
2088785518,9044486,B
2062769884,6204289,C
1937773646,8552150,C
2085297165,5266317,B
86083077,4647555,B
2055731867,7576147,B
1987211624,7253221,C
1973815537,10535332,C
2052317009,8539813,B
2074534138,10043922,B
2090698908,6830908,D
2093301541,9701676,B
1997963651,7052835,C
2891206313,11027129,C
2169842741,10102441,C
2592495072,10546388,B
2054805653,10102441,A
2338947658,9399660,B
2900180780,11589031,C
2085020302,8518608,B
1981683789,8686627,A
2075648009,6086898,C
2043366397,9367701,A
2027166675,9373088,B
2335352283,10494395,B
2163410163,4048213,D
2741962396,10020882,B
2101188580,5442797,B
2805898114,10636632,B
2038869203,9047577,B
2038869203,9047577,B
2784268111,11524974,A
1517958564,8615585,B
2001388993,7034129,B
2095136914,9506088,B
2117155528,9506088,B
2143840942,9506088,C
1248555441,5804664,B
2094477285,5792072,B
2144985666,7189560,A
2058760030,6829269,B
2107571208,5500697,C
2017855147,7838645,B
2094671765,7838645,B
2076317196,7854941,B
2149388384,7838645,B
2047220933,9020005,A
2034521482,9020005,A
2115786631,9908064,B
2008528557,4583869,A
2232660404,10149074,C
2081634777,7172788,C
1983493627,6656575,C
2080925163,5857258,A
2134482036,5602492,A
1980884013,8644208,A
2088654033,9931434,C
2069467883,7709284,C
2141122054,8722338,B
2044444556,8722338,B
1981964073,4407288,B
2528527137,9799798,A
2070579493,8501783,C
2324943544,6344193,B
2105400306,7662910,C
2101363502,10322118,B
2343100994,10322118,B
2084439477,5158855,B
1516413282,8658188,C
2073469718,5028551,B
2269497977,9675607,B
2269497977,9675607,B
2151786024,6406871,B
1178697120,6020537,C
2018675827,6150583,C
2023529808,6020537,C
2132770231,6150583,C
151143661,5908969,B
1996379177,5243585,B
2155584184,9647336,C
1515600149,7479249,B
1550539514,6753157,B
2950616995,8933231,D
2605572753,11512305,B
2332940962,8921140,B
2002821474,9304124,C
1986456892,8512755,C
2130622756,8409858,B
2987811170,11012003,C
2768462613,9979323,A
2021351134,8226015,C
2022389523,9140556,A
2020575216,8961996,C
2163078473,8961996,C
2952289368,11471412,B
154664776,5792901,B
2021776289,5908969,B
2049906745,5792901,C
2062894621,8174946,B
1496292610,6425949,C
2052000858,6678230,B
2024585249,7212017,B
2028747332,7212017,B
2050488993,8389568,C
2094467009,3972861,A
2050981673,4566754,B
2167869180,6451575,B
1495325915,7464253,B
2408701635,11201325,B
2060456500,8041944,A
2911587729,11548898,B
2737723579,11548898,C
125824515,5683059,B
1974751785,5110831,B
2153160151,9343658,A
75577069,8244341,C
2021014273,8332021,A
1975395286,8685670,A
1992929567,9896490,A
2071132975,5559728,A
2462548304,11142764,B
2021509703,6699658,B
2021509703,6331391,B
2021509703,6300065,B
2059878089,6767965,A
2022731314,8889874,A
2055710318,8691811,B
2072837030,8093213,B
2059977245,8889874,C
2082264584,6316590,B
2987276669,11279642,B
2612458527,10825757,A
2026042343,6875618,B
2148931201,8078974,A
2112175905,7162473,A
2057330714,7497995,A
2164788523,8895597,C
2164788523,8895597,C
3020077590,11471699,A
2009024789,4913891,B
2510402218,10857201,B
2102730230,7428434,B
2086720334,5631141,B
2299230108,10595770,A
2022817606,5631141,B
2126781383,10232058,C
2002675832,9056841,C
2337863588,9694091,C
2337863588,9694091,C
2025599890,5571688,A
2145536472,8642046,B
2521042647,10134590,C
262554226,9764136,B
2302007732,11465357,A
2735061570,10216064,A
1955185109,4889800,A
1536227650,7218653,B
2078458853,9863985,B
2550248592,10139800,B
2138634465,7769115,B
2102344814,7769115,B
2161715845,7342972,A
1525316518,7342972,A
2629688186,10796715,B
2581495587,11041841,B
2548316148,10741914,B
2579966516,10741914,B
2078332871,6912241,A
2950688156,5332735,D
2810035754,11110114,A
2175869565,6473026,A
1751509880,9915919,C
1751509880,9915919,C
1970685644,7622123,C
2809490425,11273214,C
1944163351,8603428,B
2124621227,7858317,C
2075380047,6835541,B
2075380047,6756200,B
2335045096,7858317,B
2101401558,11234419,C
2101183705,7622123,C
2106450636,7709007,B
2016685455,7465794,C
2104386794,7485440,B
2131558255,6699476,C
2981705076,11390651,C
2100227900,9937196,B
2042310757,9937196,B
2159609870,8325909,B
2159609870,8325909,B
2089130816,7511891,A
2298706845,9675577,B
2120223323,7718953,A
1974182530,8445468,C
2099767582,7117045,C
1972702433,5508176,A
2560466661,10421800,B
1809542024,9649780,B
1970663648,5891554,C
2130593844,5965718,B
2065204888,11193142,B
2012818621,4688942,B
2143482469,10025454,B
2563392830,10577412,B
2032896827,6528295,A
2979431884,10691980,C
2053090015,6974508,C
2081626341,10293453,B
2139234472,8643475,A
2934476896,11413324,B
1975987280,7169478,B
2038733827,8772526,D
2013402619,9142787,C
1933009257,9454755,C
2106571496,9895342,C
1965641102,8401264,A
1965641102,8401264,A
1817846039,10791931,B
2778598482,11289248,C
2979635764,10682108,A
2029835433,5871727,B
2330642552,6555368,C
2131623878,6815200,C
2083601744,6689605,B
1812073825,6333030,A
1965046629,9799852,C
1965046629,9799852,C
2015485603,9602472,B
1990822293,9617069,C
1609476054,6487866,C
1974701907,6300523,B
2082472219,7465848,B
2045530900,9340529,B
2787476142,11050262,B
2787417815,11050262,B
1988684541,6335358,D
1988684541,6147223,D
2160721212,6258576,A
2069067405,5800931,B
2805297238,11492340,B
2112575263,7914788,B
2132138777,6039957,C
2534183921,9879231,C
2534183921,9879231,C
292517893,11156612,C
2164315678,8525228,A
2096827776,4326778,A
1963528402,4326778,A
2072109298,5910576,C
2019031084,7015204,C
2146009248,9365829,B
2039618846,5869299,C
2092335254,9452221,B
2544230685,5513318,B
2065473421,8097468,B
1969963920,6521967,C
2034014014,8928029,B
2023288113,7745815,C
2057375013,7745815,C
2164897196,9263526,A
2164897196,9263526,A
2082669895,9118350,B
2082669895,9240808,B
2082669895,9112534,B
2082669895,8532209,A
2894700082,11578369,C
2050561020,6528510,A
2004848791,6656972,B
2084253467,10478111,B
2017339178,7515966,B
2017339178,7426414,B
2022857227,8027734,C
2064312534,7983758,B
2064312534,8126565,B
2064312534,8121700,B
2064312534,8121699,B
2734528304,11135430,C
2014011816,8165690,A
2011160786,8170679,B
2900311322,10436978,B
2019630384,8273893,A
2048788890,5250425,B
1686522130,6403583,B
2216621102,10242682,C
1545139949,9536533,B
2024325743,6132710,C
2175087013,4305280,B
1970207681,5399339,B
2021552145,6860980,A
123888183,8110399,B
2593365133,10039845,C
1974679899,6072897,A
2891565656,10949283,B
2133967418,8979534,B
2028904936,5719041,B
2162846563,4945478,A
2071857075,8886505,C
1994228699,5780265,A
2031772357,9214781,B
2138971691,7912003,A
2560403570,10055856,A
2003321837,7006407,C
2025292582,9262532,B
2530925469,10718763,B
2097906590,5953388,A
2092470864,5352810,B
1557741015,5605814,A
2012148743,5991438,B
1995599358,8039208,C
2028465253,4603197,B
2094793164,4603197,B
2145334821,9873002,B
2181532582,10526657,B
1984165525,6489708,A
2346587524,10328141,C
2760873341,10864261,C
1969598493,8216630,C
2043528452,7778491,C
2737045932,11308645,C
1972179027,5762937,B
1988351652,5106969,A
2128082960,7984444,A
2096294928,8214177,A
2096294928,8131512,A
1608620557,7568181,A
2557141869,9938092,B
2008933460,6060291,B
2351649259,10358681,C
2006105512,9090702,C
2254560613,6068446,C
2158337174,8163043,C
2158337174,8163043,C
2065849927,6066623,B
2075449915,5098685,C
2999876407,11599826,B
1971977912,9507035,C
1987997980,4306028,B
2963260155,6956330,B
2009248603,4273709,B
2049651587,7849121,A
2106185584,7805031,C
2106185584,7805031,C
2083425329,9096521,B
2087191481,9886989,B
2064802127,8385107,C
2129589118,6141398,C
2117059052,7364835,A
3005444580,11570070,B
2035098588,7253269,C
2044118124,7087214,B
3016698783,11319640,B
1497590550,6789114,B
2027315662,7314858,B
2141608471,7314858,A
1987020537,8227147,C
2765959946,10199985,C
2298943665,10199985,C
2042843538,7421159,B
2087640023,8018320,B
2098983436,7689427,B
2094418867,5980789,C
2044180652,5268785,A
1999719690,5740287,B
2036001291,6465485,B
2075415955,9579283,C
2075415955,9579283,C
2021737087,9896485,B
2080629941,6465485,C
2607373410,11390661,B
2037277559,8350861,A
2110789340,6251675,C
2155963579,5874134,A
2107326994,7476851,B
2108914136,7476851,B
2619604377,10654894,B
2037711461,6030833,C
2123117472,6153202,C
1497194662,5173402,C
2951940724,8178553,D
1525123033,RE36156,B
2742841087,11384334,B
2017018437,5814510,C
2052470707,5460813,C
2105514583,5404146,A
2042695720,4716102,B
2048493260,5858374,C
2023203099,7433562,A
2934682631,11583596,B
2049456042,4472320,B
2091273188,4839853,A
2126309872,6938488,A
2011899079,5175104,A
2137399990,7473534,C
2133483948,6183951,C
2082343127,8486640,B
2803115430,11344241,B
2334389004,9765169,C
2329824541,11039782,B
2104771767,9129445,B
1596743078,5364781,B
2194820367,10726979,C
2563584617,10567655,B
2127960534,8034923,B
2113357974,10799134,B
2093618354,8920322,B
1658060672,10031180,A
2114428836,6371952,B
2135009083,10736562,A
2072723567,9326973,B
1987071206,7960406,A
2169212859,8551481,C
2164701282,6409345,B
2038689503,8551481,C
2416431639,10784104,A
1963774196,6723541,A
2047755615,5553035,B
2004932525,8834926,B
2004932525,8834926,C
2060284336,6686462,C
2549844982,10062775,C
2058715741,5468684,B
2252526781,10385398,C
2081095196,5824484,C
2051287132,5552271,C
2752894141,6566561,B
2135820176,6506797,A
1975915764,7652773,B
244096335,6174503,B
2011074926,6448299,C
2070872720,5951473,B
2340807036,9809835,B
1979108264,7308007,B
1983482142,7308007,B
2061281712,7308007,B
2251494447,9968616,C
2251494447,9968616,C
2097496703,7521240,B
2075973380,8809843,B
2179575896,6251632,B
2113208618,7276374,C
2072462912,7043066,C
2024982513,6594378,B
2024982513,7043066,B
2071659430,4839807,B
1977193095,6011862,A
1999405577,8084597,A
1602883551,6879973,A
2095030994,8980585,B
2032580858,5931780,B
2031762826,7418123,B
2086573481,4907156,B
2078061186,5832103,B
2054379511,8652852,C
2143767340,8684943,C
2025948089,5289374,C
2057497922,5133020,B
2084083233,6921515,B
1994457869,8877769,B
1622574791,6163322,B
1987059395,7456187,D
1978624918,10363429,B
2027852890,10172361,B
1972942942,7570427,A
2010620843,7570427,B
2106183710,9519032,A
2106183710,9575138,B
2106183710,9500717,B
2151362130,9180209,B
2144249192,10308516,B
2559537951,10308516,C
2027723755,7413678,B
2019132773,7018686,C
2048599884,7018686,B
1996061399,7018686,B
2159338114,7416818,B
1980311110,9203764,B
1980311110,9203764,B
2051102027,8618068,B
1971536191,7118216,C
2161177403,6417860,A
1203174693,9994733,B
1989689092,9289750,C
2094200400,8337893,B
2172846734,6898774,A
2135149667,6898774,A
2065089019,9044392,C
2511999453,6743616,C
2511999453,7297527,C
2321537686,9331163,C
2321537686,9331163,C
2137691727,9056111,A
2148187408,5807841,C
2104826681,10433754,B
2780290167,11248027,B
2003847162,8816045,B
2795253764,11548789,A
2746952506,10287173,B
1966059323,9826016,B
2099948396,8420664,B
2052580524,7247306,A
3028544720,11331383,C
2901208726,11287427,A
2077503444,8859216,C
2079303133,7687792,A
2081644694,5110813,B
1971944586,8431682,B
2150496507,6190914,A
2070783116,8367043,B
2033809170,9295640,B
2963966206,11542234,B
1989038822,10340599,B
2792203110,10976147,D
2009325896,7745593,B
2123138012,6912232,A
2027729561,6091477,B
2043468011,6091477,A
2108869982,5682037,B
1797398138,9861474,A
1797398138,9861474,A
2995876504,11555041,B
2043240906,7927595,B
2903981326,11274298,B
2091783976,6143291,B
2105879190,9394368,A
1989638583,8432441,B
1623081601,10149902,C
2089522771,6943869,C
2394922260,6416963,B
2077779959,9878326,B
2108985104,7455843,B
2027263644,10028983,A
2981988113,11164021,C
2790969565,10240998,B
2769297233,10240998,B
2940274766,11110400,B
1976972268,9232415,B
2032506208,9232415,C
2891513474,10221355,C
2070974615,7687807,C
2999359202,11493475,B
2150943442,6207425,A
1993885330,8252534,B
2118867739,7876939,B
2768887307,10835599,A
1141129270,9718049,B
2021962600,9246847,C
2021962600,9246847,C
2057836206,7151108,D
2574323677,11151739,B
1989910375,8258113,B
2071746224,7919315,B
1976681836,4447127,B
2011660507,8871731,C
2103451299,6210700,C
1970099905,7992283,B
1641635010,5789961,A
2051976697,8374371,C
1940326224,9969759,B
2526367077,9938542,B
1983030814,10330682,B
1515630840,5472748,B
1977187462,9585957,B
2047220409,7857808,C
2047220409,7993333,C
2096879331,8641704,B
1979715436,5376668,A
2321857980,9954241,B
2024515670,5773452,B
2021257835,9285798,A
2067763799,5912340,B
2763500213,11262640,B
2336781730,11262640,C
2553961528,10375066,A
1907110290,10638940,C
1998270003,5131072,A
2158071204,7297542,A
2143053879,7025963,A
2555145663,10294302,C
2020265435,5608568,B
2036972813,6354150,A
2789423333,10507213,B
2076208562,5850486,A
2891214351,11079456,C
2094340376,10023909,C
2590815829,10711308,B
2104546575,9604859,C
2104546575,9604859,C
2014048114,10168471,B
2148156577,7833987,A
152358222,8827889,B
2480147343,9624161,B
2248189455,7524866,B
2026809172,5985232,B
2066111956,6162411,B
2091801358,6096710,C
1966475047,5576209,B
2017862199,5834457,B
2045086064,5151267,B
2762133538,11099126,A
30331132,6381350,C
2085701968,5374595,B
2991679379,7678573,B
119601278,4605627,C
2534095955,10068333,B
2276654243,9473902,C
2047201957,4923963,B
2022516067,9623041,C
2118512977,8795648,B
2106084243,6562348,B
1964081042,8795648,B
2024269279,8785371,B
2153628513,7995810,B
2079422282,8345824,C
1975073026,8986358,B
1975073026,8986358,B
2082578223,4370317,A
2095717107,5434852,B
2151427219,6080911,B
2127800756,5891698,B
1578549298,5681809,B
1972476850,9172334,A
1565644720,5143770,B
2280885240,7585672,B
1986401742,4304867,A
2328966744,5591837,C
2069751570,10421990,B
2311427518,10406059,B
2073829058,10406059,B
1999348710,6782342,B
1947903640,5866338,C
2963082394,10027412,C
2065403613,9067819,B
2065403613,9067819,B
2115405822,9053903,C
2014872195,9796113,B
2047535533,4034285,C
2071169830,6017907,B
2022256781,9086406,B
2415148337,10711952,B
2946329874,10847948,B
2020281878,5912334,B
2259704223,4818691,B
2770520128,11391828,A
2083642459,4382925,C
1988320141,5733896,B
2919852278,10689329,B
1971089444,5160489,B
2139313287,6288514,A
1989990562,9178727,B
2117590839,4075555,A
2200455374,9987346,C
1586003574,7324981,A
1989380266,9184460,B
2054020889,8679442,B
2118573581,8112428,B
2073107238,5889181,B
2134800510,9643841,B
1974748371,9713423,B
2163879330,9713423,B
1990740006,7122813,B
1500792551,7122813,A
1854978989,10041866,C
2330881125,10316057,C
2109336177,8263754,A
2085593955,9704474,A
2139553364,7542790,A
2034060606,10036099,B
2093638125,6458542,C
2059364467,8022394,B
2180588909,6951882,A
1977105316,6790638,B
2586968409,10328177,C
2801374960,11573328,A
2312611043,7729750,B
2012219039,10100022,C
2623307538,11180489,C
2042973707,9530930,C
2086926643,9157888,B
2621059427,10298057,B
2007877483,9355062,A
2110339875,6964309,B
1442350311,4025389,A
2136703258,8716657,B
2139181920,7892567,B
2751001276,10939923,C
2808430620,11137476,B
2520290770,5770381,A
2567733535,10316137,A
2105865018,7251113,A
2104908708,7196916,A
2103019781,7388761,A
2125865599,8094547,C
2125865599,8094547,C
2102802899,9129085,A
2102802899,9129085,B
2320054827,3982921,D
2112054352,4490292,B
2022386132,4462411,B
2106003120,8709465,C
2106003120,8709465,C
2051090298,8809093,C
1627733561,6569633,B
1993305475,6438495,A
2047170114,8351618,B
2042763976,7284409,B
2023228894,10092205,B
2067901357,6500363,B
2334984214,8260648,A
2334984214,8260648,B
2003760854,8599388,C
2062050435,7257566,B
2610946162,10246397,C
2007099893,8599388,A
2007688260,7411726,B
2583878159,10064842,B
2003652041,8846056,B
1979394516,7453977,A
2170169495,7141373,B
2989599470,11531844,B
1551335845,9238773,B
391071160,5298413,C
2045390886,4857634,C
2142251097,4810491,C
2040049648,8715591,B
2010069219,9198645,C
2010069219,9198645,C
1811580801,6093809,B
1998405157,6093809,B
2084163048,5105429,A
2177521458,7104067,C
2153844230,6681578,C
2177521458,6681578,C
2034031503,6731922,B
2121339929,6643417,B
1907002851,6643417,B
12648792,7524464,A
2578395998,10338193,B
2528095046,10338193,A
2908764396,11218886,A
2027551506,6133593,C
2022265080,6140472,C
2534586305,10473628,A
2072354388,7704468,C
2783364275,11449384,C
2322249126,8252182,B
2072304835,8252182,A
2962818260,10430978,B
2079589389,5917609,A
2165293022,8537159,C
2747764243,10662252,B
2130206397,7112663,B
1981825763,5453171,B
2104076213,5467128,B
2889866417,11159879,B
2883874146,11159879,B
3011743111,11546691,C
808377,6377682,C
2211535086,10576456,B
303043099,9593127,B
1958120563,9384199,B
2080352102,9580660,C
2018664653,8940746,C
1516782514,8197872,B
2952510828,7504392,D
2184319032,11481469,A
2184319032,10860945,A
2094328965,6143507,C
2109288886,9036332,B
2160904818,7750869,B
2108842075,9402953,B
1543914097,10180686,B
2160508724,7723023,C
2043533590,7455842,C
2030193259,7455842,B
1991050184,9453226,B
2149695592,7702629,B
2574912667,11013836,B
2333178845,4565761,A
1580307810,5171782,B
2099719381,5571692,C
1576366153,8529897,B
2027198171,6325808,B
1548356984,6412492,B
2032205565,9245089,B
1972063402,8404672,C
2167379264,4526586,B
2089359108,4956444,B
2004880923,4956444,B
1993734659,4956444,B
1657177594,9701819,B
2089871187,4460560,B
2048352852,6162907,B
2074448956,8541058,A
2163384712,10468327,B
2047427159,8541058,A
2501421532,10724153,B
1985961853,9896549,A
2112569477,6162827,C
2011861914,6537411,C
2950389524,5087625,B
1970694301,6355681,B
2163920027,5242941,B
1966472904,8202902,B
2014583828,8088931,B
2770330381,11020378,A
2066540580,6284532,A
2161300775,6284532,A
1988405618,6284532,C
2771887402,10509374,B
2011853254,7939284,B
2011327377,10253089,B
2016002992,7871993,D
2801434268,10955244,C
1519809123,8538740,A
2015652509,7049069,B
2766376770,10946875,C
1969931880,5261400,C
2801987213,11141078,C
2008920026,10281731,B
2021120426,4075194,B
2061905169,4751064,B
2154639296,9946133,A
2154639296,9946133,A
2116285390,9946133,C
2116285390,9946133,B
2028460943,5906936,B
2011134720,8404800,C
2016185224,8519088,C
2155250860,7741465,B
2134700580,5514962,C
2466415363,10767153,B
2763678256,11031268,B
2010237337,9321823,B
2010237337,9321823,B
2136225013,7627900,C
1507203022,8566269,A
1508191694,8566269,C
2947483362,11556046,B
1602325706,9325729,B
153010205,8566269,C
2963905964,11244453,C
2165379587,9056835,A
2885976616,11344367,C
1970693690,9057096,C
2050626327,4552596,B
2133602280,4767720,B
2885941531,10100101,C
2885941531,10086062,C
2019329851,9222137,C
2089040283,5100971,B
2091943236,7321077,B
1983965784,8050747,C
1983965784,8150496,B
1996648716,9705311,C
1651413270,7511469,A
1978703166,7198483,A
2114403851,7572825,B
2120712941,7344719,C
2015219413,8653119,A
2036819153,9397463,C
2007601173,6635429,B
2982316430,11495892,B
2168847881,8163977,B
1979678709,5122539,A
2031870211,5830611,A
1566249398,9804171,C
2789158226,11211525,C
2790431143,11211525,B
2154164471,7911369,C
2480024380,10180435,B
2027559205,4119408,B
2411844013,10607993,C
2885547130,10722514,B
2329412046,9447125,B
2329412046,9447125,B
2065111199,8610520,B
2735845721,10268232,B
1989257894,7090837,C
1978646801,9314932,A
2120013175,4673623,A
1494791538,6096863,A
2104369926,7350164,A
2025667311,8846003,B
2594854681,10339651,A
2511799587,9820056,B
2753618180,10296352,C
2047827379,9410000,C
2015746057,9410000,C
1973259926,10137299,B
2402908812,10137299,A
1968687771,9176560,B
2130364297,6762341,B
1984200958,5576341,C
2483258203,10598670,B
2903298682,10933623,A
2164052368,8626350,A
2202629266,10560188,C
2205535144,10560188,B
2201200175,10560188,C
2021603608,9165721,B
1980254883,5309523,B
1994435939,9233102,B
2757907863,10785239,A
2085136293,7057998,C
2033492048,8349503,C
1988780585,3976545,B
1973901693,5233933,B
2901055207,10759846,C
2146359995,6105139,A
1970353805,4211771,B
2139347529,6586785,A
2141749632,8541252,A
2327474731,9562005,C
2327474731,9562005,C
1974335314,9562005,C
1974335314,9562005,C
2552803707,10272279,B
2022910174,8344041,C
2573473948,6675064,B
1970482334,6331659,B
2105761150,9562005,C
2105761150,9562005,C
2020703774,9610560,C
1787579957,7933764,A
2155165484,7031571,B
2321399774,9590176,C
1601763431,6485614,C
2036599029,8505743,B
1984517992,8927670,B
1601764290,10122496,C
2560276738,10680754,B
2570486753,10851446,A
2091510969,8236792,C
2088254280,7473541,C
2803977514,10697977,B
2048425062,6245427,C
2333847793,9448192,B
2333847793,9448192,B
2101764857,4904051,B
2597533273,10435664,C
2748839791,10435664,B
2024481357,4866606,B
2112418693,5673699,A
2008883719,8142890,B
2160913304,5502316,A
2135339408,4467809,A
2068940742,8999225,B
2899078923,10792336,C
1976745094,6156495,B
2001866499,6156495,C
1556948623,6855809,B
2012575840,8770751,C
1982804399,8201943,B
2120013120,7825667,B
2120013120,7825667,C
26092767,9336592,C
2152731658,7266495,B
2000961698,8126564,C
2299450146,10568535,B
1972961083,9456200,B
2344224164,11510600,B
2092119904,6448788,C
2577456674,10662503,B
2157945840,8168384,B
2038207265,5264347,C
2114655596,7396654,B
2425866897,10338313,A
2023179470,5716620,B
2023179470,5744142,B
2023179470,5709996,B
2023179470,5871998,B
2023179470,5756284,B
2033612755,6850920,A
2887674036,11135920,B
2107424063,6803486,B
1997377540,5399585,B
2613045328,10882949,B
2071863607,9147268,B
2157099353,6709763,B
3022937008,11442323,B
2137478711,8748180,B
2078775246,6858225,B
2766449647,10895393,B
2233712664,10365001,B
2913131473,11612615,C
2013032007,7556815,C
2050268453,4575458,B
1977105094,5591872,B
3006331665,11543412,B
1509425932,6730302,B
2090437332,8891033,B
2054083908,10881334,C
781766254,10118896,B
2104407709,7693118,A
2164290800,9526904,A
2009938298,10106833,C
2902919182,11419493,B
1968198257,8355198,B
1974890932,10150997,C
2112206095,10150997,B
2047254685,8510245,B
2143546404,7452958,B
1994949866,8227566,B
2125181865,6602974,B
2125181865,6602974,B
2965783742,11094064,B
1969632860,4661471,B
1984807671,7881881,B
2125765139,7218151,C
2404127895,5496554,C
2100458295,5877155,B
1561380791,6212215,C
1987047406,9034392,A
2051904589,9046509,C
2089139764,6487453,A
2058949225,9439602,C
2332323178,10881334,C
2974193912,11050672,B
2436818301,11306611,A
2317265184,10364477,A
1987491548,7223628,B
1987491548,7230268,B
2023810278,7951939,C
80113569,7858062,C
2070527738,7378520,C
1970466140,6849730,C
2548622446,11344619,C
1999101780,4777169,D
2089353735,5462852,C
2136472612,5503829,B
1515227987,5998174,B
2771311350,11222255,C
2046222473,7837848,A
2107890570,7676081,B
2125873654,6987520,A
2755804840,10584098,B
1913277147,10115004,C
1902324625,10115004,C
2079184352,5952464,B
2133009121,6205195,B
2073879213,5589932,B
2164158077,7303840,B
2803852163,10790508,B
2034248562,9712146,B
2241853105,10356342,B
2133957865,7166462,B
2259118221,10454034,B
2144378498,9925241,D
2176575827,9808508,D
2066001619,5922733,D
2914356445,8623883,D
2067141487,5311873,C
2050214160,9020005,C
2105369157,8785905,B
1663700023,6063512,B
2007921648,4965267,D
2108038274,8501190,C
2078858675,10451808,B
1983395675,4965267,D
2151329928,9118897,C
843550137,6560284,B
1992010591,3952093,C
2055393858,7063919,C
2024357401,10675288,B
2041040282,9603556,B
2080547538,9603556,B
1514757117,9603556,C
2217015638,9927770,B
2987739490,10745354,C
2127653674,8643286,B
2007934886,5545627,C
1576067831,5545627,C
1808839454,10107924,A
358832258,10107924,A
2529627639,10107924,A
3016131957,11092704,B
2045412227,8608801,C
2142609167,10350249,B
2060919399,6218668,A
2746369973,10996214,B
1968344529,5111515,B
1969709900,5815597,B
1628679337,8150100,B
2008153471,9862608,C
2008153471,9862608,C
2118907559,7355542,B
2041410896,7741529,C
2010007998,8859517,C
2914103272,11227964,B
2134852201,9377786,A
2123905283,9476975,B
2123905283,9476975,B
2945366182,11186598,C
2051505950,7541342,B
2491302577,10942281,C
2050044394,7442471,C
2048533848,6005133,C
1591542312,8543366,A
2000449355,6634426,B
2168269552,6621841,A
2116956015,4385799,B
2000239586,6621841,B
2482565159,9499849,B
69397147,5563126,C
69397147,5438017,C
2035116737,6856433,B
2105803196,6484565,C
2163729119,6505223,C
1993044982,11225505,C
1598429767,6416948,B
2552830511,10619172,C
2731550431,10619172,C
1996800243,9209746,B
2787934792,11524994,C
2339120759,8796220,C
2789582894,11338025,B
2057305371,6130062,B
3006059691,10707873,B
1998533742,10125794,B
2002586278,6278227,C
2017671411,6647297,B
2065381303,6328972,A
1986975851,8947826,B
2116682611,6660274,B
2769094890,10519519,B
2521771323,10689719,A
2093722042,10538818,C
2314035798,9447049,B
2314035798,9447049,B
2760948449,10441570,B
2146669192,5024508,B
1493745023,7590554,B
2092380916,5896198,A
2162956347,5024508,B
2050861567,5024508,C
2032925685,5040140,A
2091109359,9036773,C
2138047831,7803970,B
2037483374,9036773,B
1984026658,8009796,B
2166348830,10052497,B
2558970276,10653355,A
2080542461,4632780,C
2543067220,6680585,A
2089949556,4632780,B
2034485231,5804388,C
2614056620,10428082,C
2468648238,9591858,B
2311175845,7733742,A
2057706497,7733742,B
2072784719,7733742,B
22243520,8808710,C
2082687207,6183737,B
1625044673,10572311,C
2043655642,7552428,A
2042708623,4269699,B
2019238250,10579925,B
1971433301,8975378,B
2162245945,8548794,C
2094912915,6004997,B
2025708526,7654140,B
2166889299,7056913,C
2166889299,6800622,A
2166889299,6951853,A
2914255490,9273039,D
2137124209,6800622,C
3015444580,11566167,B
2611537349,11512045,A
2902911291,11512045,B
2032062380,7454326,C
2048503416,4888783,C
1999064409,8300672,B
2126146218,7996400,B
2043809848,9015081,B
2460640356,10777972,C
1979795587,7224862,C
2023963448,7509013,B
2057756239,9914113,B
2149101529,7229817,B
2029163502,9073992,B
2147348772,6287549,A
2111028597,10132781,A
1977582223,5932766,B
3004956446,11288445,B
1877445123,10432971,B
2036311982,8829373,A
1990132530,5430175,B
3008700642,11205082,B
2155882729,7507196,B
2077105092,9110062,C
2042885772,8070678,C
2364836269,10584215,B
2257638792,9139364,B
2059050451,8926897,C
1982436220,6180915,B
1970816987,6180915,B
2084857060,6226538,C
2002324321,5767265,C
1965494037,5120720,A
1970355821,7378089,B
2056313375,9518308,C
2056313375,9518308,C
1988504159,8331347,B
2122256549,6137788,B
2039342899,8518153,B
2142218409,7324434,B
2413398201,6184201,B
2413398201,5789379,B
2413398201,5834428,B
2161966085,5952301,B
2161966085,5834428,B
2161966085,5994500,C
2138867063,6489295,C
3021245828,7888317,B
2098576034,7010437,B
1594653092,6174670,A
2585380437,8389694,C
2030908230,5968820,A
2084868853,7354881,B
2498609637,11226342,C
2161243294,7397839,C
1574520604,7864897,C
2794309734,10424751,A
1995528666,7313158,B
1987765751,8691011,B
2148144595,7864739,B
2548892543,9937104,B
760285487,10813849,B
2163802229,9554971,B
2730839706,10863753,B
155747232,5643877,C
2621495905,10874699,B
2016520713,5338728,B
2081310377,7611673,C
2065953908,8518260,C
2065305280,9610333,B
2169533188,6852720,C
2029314519,6852720,D
2146840061,8378078,C
2081366450,8802161,B
2027201966,9706949,C
2027201966,9706949,C
2085887062,9527745,B
2085887062,9527745,B
2041334498,8107750,C
1990327190,5332820,B
1208539375,6123883,B
2074576971,6464729,A
2001852265,8008287,B
2980440574,11359564,A
2117722257,8895579,B
2022997694,4822590,B
294260490,6294172,C
1521581461,6185238,C
2145734278,8272044,C
1980775054,9371513,B
2064569734,5795572,C
2066206758,7373059,B
2134130627,7365614,B
2072338173,7483142,C
2058870567,7009064,B
1988152147,7217875,B
2040253765,9711947,D
2980192586,11105988,C
1974091407,8566053,C
1555399818,10391167,B
2008529176,9103973,C
2127795402,7889956,B
2953036764,7754882,C
2111399172,7754882,A
2150434571,6608176,B
2330365736,9396873,B
2330365736,9396873,B
1999430357,6218388,B
2953939061,10752648,B
1991392039,9598281,B
2054491949,9874736,A
2625615732,11352434,C
1967334981,5126301,C
2048517150,4578335,A
1989075697,6784190,B
2265048516,10055429,B
1968912221,6001557,C
2156826774,7156813,B
1490148969,7571000,B
2076760340,4006203,B
2017812744,5869277,A
1560788743,7127093,A
1963578159,5600725,A
2329879673,8232310,B
2329879673,9045415,B
2158516675,8232310,B
2158516675,9045415,B
2007438323,8232310,B
2007438323,9045415,B
2140561766,6420132,B
2142417429,9702946,C
2142417429,9702946,C
1979194753,8450482,D
1979194753,8450482,D
2050289020,6730314,C
2157015497,8090548,A
2097792885,6362500,A
40371475,7307083,D
2539463647,6362500,B
2026150111,7144960,B
2084528601,4150292,B
1995125551,6284494,B
2156109274,8786883,C
2902825844,10465187,A
2049192961,9526712,B
2018976354,10100362,D
1142078784,10344331,C
2100419832,8158362,B
2108828773,8158362,B
2077824130,6469055,C
1976391339,5736050,B
2045434108,5302878,B
2072585523,4393133,B
2128119792,10159469,B
2127273420,4452815,B
2804317108,10609364,C
2085626908,5641801,B
2566014163,10138426,C
2978262251,11333908,B
2008186527,6733965,C
2533057217,8483492,C
2252834325,10378818,C
1997918537,10378818,C
2321962791,7894128,B
2062703130,7894128,B
2160172035,8483492,B
2024417168,8483492,C
2033814096,4481138,A
2016708149,4935360,B
1978479097,4150970,B
2144801051,7079988,B
2059416948,6852507,B
2066297593,8035551,A
2004213070,6294478,B
2034009300,7201911,B
2034009300,7201911,C
2087924794,5871962,B
2083579867,7846454,C
2134568542,8242452,C
2989053737,11260373,B
2331837136,9981259,B
2143519990,8153983,B
1967175046,7755054,B
2596245384,11026921,C
2158586526,6821777,C
2563393230,11243217,B
1882688223,10507187,B
2128029589,10093770,B
2156552795,8174322,B
1981531730,6620351,B
2100889603,8078729,A
2890005141,10685230,A
2951159596,11074743,B
836100689,11081331,C
2090752969,11081331,C
2766716264,10410850,B
2144633240,9320826,B
2144633240,9320826,B
2026072569,7910164,C
2017094316,9793178,B
1982307200,9793178,A
2418423817,4770186,B
2324862720,5350860,D
2119499868,7386398,B
2098535678,7616826,A
2559844233,10022380,B
2036919449,5817629,B
2079148118,6258781,A
2898015308,11280925,B
2015707701,8938410,B
2018691974,5817453,B
1964604281,7883867,A
2182274979,9730894,C
1496302775,7579146,B
2146337290,7435568,A
2020638346,8434088,B
2552815320,7468358,B
2128114884,8364075,C
1969507907,9400353,A
2318245527,9400353,B
2021638479,5558961,B
2792005663,10940562,A
1964747939,9580330,B
1964747939,9580330,B
2027794719,4755022,B
2043719707,8701027,B
2079623482,9858919,A
1595430883,5637816,A
2518385818,10839305,B
2560096903,9321820,B
2560096903,9321820,B
2347109319,10347942,C
2122164922,9750770,B
2528836681,10001483,B
586669002,10340551,A
2241571695,11030246,B
2006569454,4683042,A
1862721573,9281941,C
1593527703,7524440,B
1983600706,7787111,B
2038932638,7547508,C
1581542556,5683868,B
2056923270,7547508,B
2505694599,7547508,B
2114897461,7315214,C
2914402945,11016152,B
2022687447,7217503,B
2046129354,4212717,B
2727924857,5264711,B
2040713583,5741648,B
1523327336,10032613,C
2043078530,5437032,C
1724038124,8972727,B
1993832416,5920067,B
2118089327,5920067,B
2068688963,6677127,C
2068688963,6486135,C
2980664551,11274784,B
1983997852,6489449,A
1577446345,8886538,C
6842425,8828513,B
2153903821,6389079,A
2092813139,10571478,A
1603072371,5985656,B
2291032413,10302752,C
2896696832,10758550,B
2767047972,10758550,B
2149749420,7122654,C
1495306983,10070784,C
2427447667,10765625,B
1553575840,10723702,C
2321303060,10577699,B
2038685991,8683409,A
2397503904,9916405,C
1945085541,6271461,A
1987299764,4140769,D
1985125068,6914622,B
1993704493,8529873,B
1992397638,9078065,A
1987102677,10260486,C
2018158370,8586194,A
2085229887,6315838,B
95214198,8870785,B
2164997042,7336296,A
2011650342,8237130,C
2279800834,10377990,B
1975914264,9783808,A
2062420193,4963531,B
2149767932,4877726,B
2139273454,8676827,A
2003740485,6593135,B
2003740485,7544776,B
2025267340,9747077,B
2025267340,9747077,C
1968204762,7929690,C
2000168006,6438234,B
2093563854,8754363,B
2512442926,10865204,C
1569148339,7509311,A
1975290019,8956619,A
2078839067,7807186,B
2767593553,10377810,A
2104149001,8956619,A
2097707681,8956619,A
2093110698,4124728,B
2105588544,5256851,B
1571113921,5326695,B
2333409407,8835484,B
1995819996,9198634,B
1981040794,4356170,C
2155268695,7330027,B
2112066525,6350306,C
2001168474,9981977,B
2067429575,4184172,A
2979701387,11445941,B
1971094668,7576829,B
2126586870,6060236,C
2014386395,9284218,C
2327501763,9799327,B
2327501763,9799327,B
2048827329,9589360,A
2908163373,11161996,B
2168172602,7647293,A
1592601648,4865625,B
1553373140,6238694,C
2896094573,10679042,B
2751058092,10323033,B
1569635263,8066796,A
2059968966,5759830,B
2129595206,8350397,C
2126956463,7495938,B
2172037809,8378044,C
2172037809,8378044,C
2228491174,9327267,B
2620138444,10626159,C
2012032627,5607509,B
2051079516,5313530,B
2119080873,7576907,B
1973519976,8568786,B
2090620332,6953677,B
2064810821,9688744,A
2080349993,9745641,A
2080349993,9463498,B
2105511309,7723045,C
2083904425,8672836,A
2016416875,7875237,A
1975758016,6022468,A
1989393151,9804494,A
2333638406,9804494,A
2041523541,9804494,B
2050346351,7298699,C
2132986327,5854929,A
2018908902,5661017,A
1949432754,4828986,B
2169646256,5206541,B
1509170646,10815340,B
2069264985,9168021,B
2043533709,7638595,A
2036976287,6271239,C
2031581690,4362870,C
2090899057,6353752,A
164587587,6922466,A
2172575434,4400470,C
2122028809,5464778,B
2604343295,10262424,A
2005492665,7563802,B
2575587385,10040865,C
2501746775,10040865,C
2025707757,9409120,C
2025707757,9409120,C
2514508824,9672834,B
1956396298,7177769,B
2406423796,9945914,B
2406423796,10495703,B
2122560823,6133297,B
2312266089,4999289,A
2313760864,6373661,B
2158317136,8619573,C
2036901432,9383187,B
2107362174,6654665,B
2809314013,10943369,B
2041000132,9058799,B
2041000132,9058799,B
2103964614,9754204,B
2045861160,8649849,B
2067553659,8323296,B
2056039663,6920765,A
2092960798,7884197,A
2081565453,7851453,B
2094446044,6670141,B
2082700596,6294349,C
2022936397,6081115,B
246845056,8557767,C
2084210964,6939982,B
1982653932,5792506,C
2607507623,9837237,B
2607507623,9704685,B
2068567113,4124598,B
2802845661,10700855,B
2078367659,9615399,B
1978180809,9738661,B
2158801982,8676827,B
2157690843,8420906,C
2000416933,9428762,C
2098229325,7449291,B
2008585568,8629396,B
2952545518,6111105,A
1618047084,8616072,D
2156256067,8594226,B
1974720225,6235541,B
1601036094,6504171,C
2127228897,9533009,B
2127228897,9533009,B
2108568006,9920374,B
1992842606,8497085,B
1992842606,8497085,B
2064379133,10344082,B
2172316623,10900980,B
2886063199,10808285,B
3022747293,10690676,B
2097243222,9411674,B
2097243222,9411674,A
2599043741,10453689,B
2164008037,7117423,B
2461423988,11141403,B
2148523116,7226780,C
2075547069,4576348,B
2084404479,8871197,B
2787878862,10676406,B
2155369619,7692425,B
2155369619,7692425,A
2007836486,5750825,C
2040063160,5750825,B
2087236872,9047679,B
1995791946,5750825,C
2118877935,6653651,A
1974874883,7924003,C
644321259,9682232,B
2064316037,9682232,C
2166782062,7316543,B
2089124041,9745350,B
2089124041,9745350,B
2121394193,7461502,A
2082098482,6017713,B
2051315682,5648212,C
2964077023,11530986,B
2744215917,10889501,B
2171012794,9187643,B
2093964825,5609926,B
350049262,9506859,C
350049262,9506859,B
766539054,10175179,B
1973331597,10619211,B
2143388137,4464235,B
2047560337,7531626,B
2040243136,5858385,B
2328912296,9993436,B
2224558131,9993436,B
2516700614,9452930,C
2329994436,9452930,B
2045567371,8995410,A
2046659694,8913530,C
1509864575,10734378,C
1674681730,6625569,B
2121563548,7080290,A
2167871728,8428322,B
2578013221,10242272,B
3005926576,11079843,B
2102805733,7400050,A
2290263866,10223011,C
2073091301,7101684,B
2027286533,5728536,B
1222674504,5728536,B
2042709070,8462426,A
1972351356,8697593,A
1976436223,6387453,B
2585657412,11101379,C
2011470741,8586620,C
1969190154,8586620,B
2313167765,8586620,C
2316385941,10576462,B
2160567385,6611707,B
2131145865,6611707,B
185927998,5667491,B
2587024248,10535000,B
1974162041,5032202,B
2036216226,5264352,C
1591026439,9518784,A
2396925655,9553562,B
2518891736,9553562,A
2077411028,9654023,C
1994027295,9341781,C
2031510832,9341781,C
2008105219,9341781,C
1561673910,5384301,B
2068490070,9149426,B
2068490070,9149426,B
1995545657,11401321,B
2089743862,7939318,B
2043434470,8936937,B
2028270305,6376108,B
2767064941,10279035,B
2767064941,10279036,B
2767064941,10376580,B
2169444386,7189405,B
2052758442,10188683,B
2051025382,8969527,C
2051025382,9284609,C
2051025382,8580509,C
2084797762,8830098,A
2977125126,10555713,C
2155335576,9480715,B
2124858864,8658159,B
2775168932,10144700,B
1991232163,9359303,C
1542544972,6635792,B
2151273466,7566310,B
2030772205,7566310,C
2162753082,5121494,B
2982297349,11147523,B
1996573165,8174873,C
2979860614,8871510,B
2079076391,8566093,B
2139842655,6924121,B
155262293,5589584,B
2127767298,7785607,B
2125992461,8614322,B
2980036978,7858333,C
2277066200,10292973,B
2021073317,8135254,C
2083047717,8168202,C
2113329922,8338108,A
1967660926,8465605,B
2011504601,10124051,C
2091995291,6521780,D
2003057099,7504210,B
2074327513,7323356,C
2063440907,6897560,C
2041122750,7061014,B
2138096383,7423113,C
2055001892,8283077,B
1985526798,7351488,B
2005304852,7351488,C
1754237182,4709011,B
2167990276,5654174,C
2143581598,8609100,B
2896447027,9764427,C
2131849659,9435788,B
2021208802,9834797,B
2021208802,9834797,B
2159959232,5597585,D
1983377585,6667386,B
2053112965,10759764,C
2884328330,11242563,B
2899762601,11242563,B
2923813852,11242563,B
2150193205,5869453,C
2072524948,8925183,C
2087941000,5916754,C
2143504253,7616324,B
2011758062,7074614,B
2623193079,10579495,B
2059965645,4381918,B
2115676087,7979214,B
2043356601,4389504,B
2002992017,4713439,B
7698046,7386611,B
1865496775,5763242,B
1995657161,7051271,B
2052456617,6620303,A
2173784787,10415100,B
2006954554,5227725,A
2102002349,9412484,C
1983320170,5903390,B
2073738864,5903390,B
1971855550,6179920,C
1977643427,5786089,B
2001359035,4855593,A
2084314867,10149640,A
1134886895,10324245,B
2016832901,7297509,C
2052109032,7442706,C
2088491859,8924536,C
2523175503,4742155,B
1978668435,7902943,B
2012654616,6968910,B
2079919310,6968910,C
2592821174,10519162,C
2073977296,9295739,B
2060531062,9301265,B
1971642868,9301265,B
2005917412,6635458,B
1995045651,9549509,B
1536418643,8952693,B
2040410818,7740063,C
2073378290,9562960,C
2104777403,RE36819,A
2042399828,6184682,B
2168571725,9562960,C
2193618001,6288303,B
2918719713,10862945,A
2136558584,8509561,B
2026322414,9449377,A
2026322414,9449377,A
2557425724,10210388,B
2952318484,7279578,C
2074789242,9664676,B
2156658448,7510833,B
1965227542,7852979,C
2005297780,6090911,A
1488365705,8541398,B
2130541753,9643164,B
2130541753,9643164,C
2059407562,8718341,C
2046532286,6724925,C
2765469267,10909369,B
1986954363,8659818,B
1965145126,4716232,D
1989005340,6863992,B
1989005340,6991855,B
2144379247,9696311,B
2587859961,10400262,A
2149868559,5448129,C
1940085777,9993487,B
2082123972,5473063,C
2080235600,9242273,B
2952375729,7459137,B
2064491937,8753498,B
2074829502,8554035,C
2106782370,8573534,B
2003612220,4855437,A
2951368031,8153786,C
2318250749,8413772,B
1990213830,9487534,C
2000941161,9669080,A
2000941161,9669080,A
2967467422,11420909,B
1522468105,6178450,B
2090222044,9368124,B
2005579982,7172879,B
2132805096,7172879,C
1998798907,8012796,C
1998798907,9159602,C
2129675152,8148110,B
2023669591,6233096,B
1983184578,6233096,B
2329701026,6485722,C
2089757827,9192676,B
2330226313,9150762,B
2019690599,8366630,A
1993490141,7101689,C
2028042590,9625445,B
1940834207,9168278,C
2035383552,9659252,A
1972399528,8518806,B
2075487573,5510362,A
2002251570,5889008,C
2031040353,5260293,B
2095575977,7521057,B
2071133966,5569824,C
2123934803,9327785,A
2403417757,8679753,B
2890913642,11474088,A
260908711,5827699,B
2103126253,8554555,B
2101853868,7332308,B
1965216135,9527741,A
2006952791,4139835,A
1982664875,6509314,C
2161426612,9026981,B
2167312220,9216008,B
2060956313,9558443,A
1506669191,8076310,C
1771611356,7745973,C
2013240571,6789426,B
2159794613,6854338,B
2282925646,4637984,B
2313518581,5469742,B
2096502513,4991923,A
2067070705,7141329,C
2336857274,10246414,B
3004926282,10941114,B
2331882936,8901164,A
2070376615,4793961,C
2006699863,8553540,A
2935739645,10327123,B
1998548833,5492118,B
1679157358,7688871,B
94708583,7220559,B
2039268129,5958764,B
2041128016,7898668,C
2023825132,9011533,C
2121252395,9011533,B
2099358846,9770323,C
2144101479,9011533,B
2002645608,9239359,A
2963447842,10871352,A
2068537423,7574362,C
2791292399,11422094,B
2548291446,10118953,B
2404829089,4991191,B
2017709390,4879426,A
2907530084,11001892,C
1555503808,5861627,C
1573236627,8093053,A
2020687394,4664765,B
2105055683,7685583,B
2105055683,7395274,C
2105055683,8244990,B
2039914926,8295935,C
1976282337,8086180,B
2117111736,8380483,B
1997480931,8663971,B
2563646143,9220724,B
2120892357,9085595,C
2137780256,9011866,C
2041939445,9011866,B
2233735310,9949999,B
1974790670,7794938,A
2150410956,9580754,B
2150410956,9580754,B
2007918831,8806995,B
2125546186,7223567,B
2121545434,9776156,C
2040810350,7291653,D
2123667523,5266313,C
2912872175,10892399,B
107996851,5447905,B
2413161868,9779354,A
1969444685,5357443,B
2073075482,6723802,B
2050100708,9970059,C
2050100708,9970059,C
2023300707,9802962,C
2950551136,9676743,B
2950551136,9676743,B
1996640579,6261724,B
2019002812,6426187,C
2014060795,6844924,B
2027210685,6331536,B
2128572333,8076315,C
2951344405,8981126,D
1994252957,6027216,B
2001232257,6210676,C
1965561665,7542545,B
2171497258,3987016,A
2059333528,4367329,B
1834460263,8241519,B
2085313383,8558010,B
2567060352,10329542,B
2044734818,6680541,C
1996780673,9592207,B
2128918664,9592207,B
2120822156,5254546,C
2281861932,5254546,C
2003579514,5354867,B
2129024581,8632983,B
2013151063,8632983,A
2042014291,8632983,A
1556382652,8518674,A
2072946238,9029275,C
2332935940,10860291,B
2130089761,7294500,C
2521801794,6645770,B
2031597075,5470505,B
2066966637,5470505,A
2027691331,7078041,A
2124398304,8460674,C
2036339871,6720572,C
1968293228,7608400,B
1849957702,6861246,B
2022786966,5951979,C
1977158130,5912138,B
1980500777,9019468,A
2165155391,9890194,B
2106941316,9870083,C
2397886250,10732759,A
2219979778,10092632,B
2091881761,7068890,A
2074439459,9019160,B
2074439459,9019160,B
2921335798,9994524,A
2921335798,9994524,B
2078775246,6835395,A
2001712637,7618448,C
2069876531,8815411,B
2338221435,11059939,B
1899259385,6692791,A
2007293753,5613241,A
1978034312,10081663,A
2051842043,8541067,B
2054427842,7087523,B
2803466996,11170143,B
1987857702,8637321,B
1542321114,9822379,B
1542321114,9822379,C
2795845817,10116229,C
2966348447,11141086,B
1966161210,9603724,A
2142095102,7113328,B
256041050,7603709,B
2594187776,10498557,C
2135996875,9770495,C
2102525626,4027657,B
1902632445,8999030,B
2082640253,9711253,B
2082640253,9711253,B
2579820441,11124785,B
2333133676,7202853,A
2044686909,9499869,D
1825165936,4701409,B
2582097036,10835598,C
2101088230,8779157,B
2607398836,10654847,D
2979696139,11246539,B
2276722943,10130933,D
2040356556,8939253,B
2734643507,11122425,A
2031023669,9088833,B
2031023669,9161099,B
1981426073,8268230,C
2170192369,8750375,C
2169110093,7381958,B
1674015533,6303760,B
1516803777,6264958,C
2017698524,5314674,C
1995214208,4775689,B
2113225141,10000546,C
2802346048,10899759,B
2045803856,3965124,A
1990626907,5505941,A
2211190669,6183750,B
2108610096,5174993,B
1547392541,6380394,A
2040996256,6380394,C
2100361336,7256323,C
2170426485,8794017,C
2170426485,8794017,C
2046940891,8051156,C
2141333140,6355435,B
2080489850,5801227,C
2057721296,5053232,C
2139363301,6574104,B
2167804282,9015725,C
2738201254,11001319,A
2103268550,9646261,C
2083950132,10278370,B
2047967912,6066291,B
19946788,4196265,B
2063027204,7554342,C
2065805508,7616013,B
2054399553,6519765,B
2004379869,6519765,B
2000954674,9781033,B
2625701772,10824475,B
567781294,9931300,B
2048902901,9259490,A
2119642795,5878335,A
2562866845,11484630,A
2006588044,8362618,B
2338864617,10724145,C
1478012812,10427169,C
2944209083,11026641,B
2065453839,8016952,B
2024365050,9767943,B
2024365050,9767943,B
1675434652,8016952,B
2090988802,5539100,B
2167419603,8083990,C
2015257123,7435740,B
1997073923,RE37770,B
2167822848,8119897,B
2029445304,9406292,C
2037595448,8700404,A
1968425736,9406292,C
2135552665,6463200,A
2154657300,6816243,C
1976889253,9512036,A
2012552181,7829669,B
2167851738,7471765,C
2015023291,10110850,C
2319725465,8036541,B
2076936113,10632170,B
2158083696,8868373,B
2158083696,8868373,B
2131584472,8879670,B
2042761564,9828622,B
2114113512,8532362,B
2013395323,6541218,B
2756320464,10219234,B
2172852397,5203344,B
2795371128,10460763,B
2078268106,8597838,C
2529354390,9592060,B
2529354390,10213212,B
2024487061,9587254,B
2012327573,4946828,B
1522218766,7608367,C
2039822628,10261245,C
2539245688,10256072,B
2152576405,4652518,B
2078866316,6582930,B
2168723975,8129123,B
2102729783,8989471,C
2076799970,3995116,C
2043735059,5737485,A
2011543261,5807432,B
1990072597,7317187,A
2019554275,6160627,D
2093272972,6266145,C
2165341915,RE39433,B
2096153965,9007562,B
1998180097,6660255,B
2111827868,10654916,C
2145889968,10654916,C
2080646418,10654916,C
2031697457,6660255,B
2008170868,4641316,B
1990531015,9499807,B
1990531015,9951325,B
2810671198,10738295,B
2161209788,9434998,A
2079763287,9305733,B
1530020700,7888067,A
2286901164,10696598,B
2029976801,9157863,B
2008702119,9157863,C
2026031997,7829669,C
2005021386,9115403,C
1980691896,7622252,B
2146115126,6271671,A
2247761144,7671339,C
1957563076,7797045,B
1591838368,3939654,B
1993914996,5439652,A
2039655214,7940389,B
2039655214,7940389,B
2029716027,4400590,B
2278539898,7262260,C
2134793817,8019431,B
2050006536,8019431,C
2040724056,7809668,A
2069035961,4520024,B
1982914295,9238773,B
2398020563,9757334,A
2949636596,9988349,A
2949636596,9988349,A
1550628448,8003109,C
292447469,9758573,B
292447469,9758573,B
2540963641,6813286,B
2037373067,5966223,B
1987798088,5682255,B
2063524891,8840900,B
2112784736,7820882,C
1982043728,5731410,B
1995585156,4442402,B
2152749001,8008333,B
2152749001,8008333,B
2066870719,6180083,B
2169421844,8980907,B
2322507698,5722259,B
2548720942,11444427,A
2078725182,8076073,B
1487123995,5916920,C
1866901121,5933838,A
2132033158,8085841,B
2319024243,7424167,C
2014964802,10702237,B
1513051695,4657877,B
2318449280,4800085,D
2105394411,5527667,A
2085667759,5721098,B
1585770503,9135716,C
2099449087,4355026,C
2276508027,4742155,A
2888950360,10903141,B
2134532493,6923963,B
2602063924,10227601,A
1979835446,5059519,B
72753656,6881315,A
2527912891,10167523,C
2335213982,10246719,A
2096654022,10343168,A
2049231653,9494543,C
2049231653,9494543,C
143393982,9107617,C
2617599843,9855545,B
2617599843,9855545,B
2319790364,10684284,C
2319790364,9829489,C
2808994341,11484608,C
1975974159,7435740,B
2048556760,9805144,A
2082200806,8222799,B
2164825435,5513098,B
1825425384,5513098,A
2072921201,10253329,B
2899473160,11073740,C
1990156678,8610073,A
2047324839,8610073,C
2046345175,8610073,A
2018026534,8001601,C
2953095295,9211534,B
1248263984,10478117,C
1997728059,8461548,A
2079966084,8741583,C
2086837231,7983397,C
1972562965,5792163,A
2060824204,7960140,B
2059910533,7960140,C
2127812915,9981982,C
2020107104,5616471,B
946171377,6600015,C
2569480372,11498974,B
2152076066,6858197,C
1964803033,6858197,B
2102263422,8527037,B
2024884480,9768879,C
2024884480,9768879,B
2007207021,10385714,B
2125948867,8876739,B
2891279083,10898074,A
2117190686,8846937,C
1828715015,6396843,A
2089432947,8842540,A
2171411599,6261763,B
2107817965,8821877,B
2162397288,8471764,A
2098589635,8265202,A
2141269073,5229279,B
2010454812,6877978,A
2016565252,8445200,B
2153291218,9220721,B
2085040936,9461352,C
2162091939,9325152,B
2162091939,9325152,B
2126509046,5995668,A
2036120141,9401452,C
2036120141,9401452,C
2104100968,5750504,C
1990205906,8018158,C
1601718706,8987194,C
1601718706,8987194,C
2154427289,6459717,A
2092578773,7453917,B
1991660191,4585741,B
2059564448,8349804,B
2049157134,6143878,B
2035976950,6248747,B
1963626196,6248747,B
107934796,8473998,C
2739894158,8079246,C
1995004254,7288367,C
2027033697,4026996,D
2553658634,10179790,A
2015155717,4744623,B
1980121881,6535662,C
1192952561,7364740,B
2045417489,10865446,A
2159338123,6859268,A
2143395645,6093535,B
1873308554,10377661,C
2979507179,10463314,B
2275271191,10011853,A
1989300822,9077011,B
1989300822,9123931,C
1971647418,9236620,B
1971647418,9236620,B
2045930411,7670686,A
2020496216,5725153,B
2046501778,7169756,C
2322060199,9080088,C
2115602088,9001897,C
2115602088,9001897,C
2114550075,7067258,A
1761204081,9602032,C
2604140436,11285202,B
2095135703,9974886,B
2095135703,9974886,B
2120497357,6262235,C
1972394840,4965204,B
2029672127,9862697,B
2018617598,9862697,B
2047379064,7179816,B
2951287804,5135938,D
1573157897,8722333,B
2083061464,6881736,C
2983983515,11256949,A
2134251245,7535911,A
2139395718,8610103,B
2051108441,6733993,B
2967792276,10802301,C
2043398272,4601978,A
2221370675,5182091,B
2111559205,8402391,B
1491384708,7640231,C
2905603477,10849860,B
2905603477,10709674,B
1595727781,10624976,C
2035707126,8198432,B
2604805973,11135564,B
1224769782,7659990,B
2062801819,10295536,B
2174822249,7642265,C
1979938578,7432264,B
2274799596,6803153,B
2069879216,9790158,B
2069879216,9790158,A
2240243700,10451745,B
1978111486,6293979,C
2012499833,10401370,C
2560241506,11273236,B
2535510583,11092441,C
1975124755,5190602,B
2765360690,11496752,C
2001295164,9159641,C
2774294803,11119066,A
2095462890,8680242,B
2064343929,7459296,B
2031034689,4396781,C
1841774168,4855230,B
59088806,6013470,A
2089967994,8873623,B
2089967994,8873624,B
2100756644,6784200,C
2027525749,5744704,B
31460778,6150091,C
2014326933,5876730,B
2082580945,9716313,B
2474334675,7058264,B
2736590075,11486530,C
1512812951,6157901,B
2060716444,4808523,A
2500187396,4617378,C
2051365656,9648298,B
2800988584,11270088,B
2999096078,11115651,C
2038310572,6462144,B
2417954668,10332615,C
2594006964,11052044,B
1977949126,8842861,B
2014976263,5972603,B
1978002280,5514646,B
2769042000,10771718,B
1888844193,10261139,B
2114546570,7251258,B
2100621037,9411733,A
2718922356,8456736,A
2061511395,10608400,B
2115755156,9555644,B
2154178996,9555644,B
145029087,8744551,B
1551005748,10362961,C
2732167411,10304243,C
2887897847,11446302,B
2991066806,11072595,B
2054203423,5659561,C
2157685364,7079895,B
2054435830,9311615,B
2127740189,10438753,B
1930261913,4771127,B
2072283644,9242094,C
2100585951,8889102,C
2006786958,5935805,B
2510062898,10801995,A
2090933256,8110562,B
2313946441,11213671,B
2177918234,9969656,A
2069757119,8586151,B
2108345530,8946302,C
2811416510,10821132,B
2811416510,10842813,B
2811416510,10835555,B
2169040393,6183416,B
2161722821,7871780,A
2100510162,9863002,B
2318251491,9789456,B
2318251491,9789456,B
2129277418,9373052,B
2122026931,8847592,B
2033803966,4868501,A
1565645776,9763594,B
2524621006,9763594,C
2179246400,6517856,B
2123832371,9133253,B
2149780242,9934469,C
2149780242,9934469,C
2128555254,8884617,B
1999356784,8884617,C
2807979311,11054392,C
2070185821,8884617,C
2069327781,5586131,B
2969925555,11283527,B
2104844680,7848449,C
2295645431,10141947,A
2176863003,7589170,B
2003781366,5776894,C
1595192933,6922483,C
2043560681,8634610,B
2015601011,10526660,B
2035413537,8119340,C
2051321376,8119340,C
2006976360,5171849,A
2107279247,9885674,B
2533739316,5960009,B
2498483550,5262303,B
2040946449,5472924,B
2790885525,10709687,B
2068103783,5695953,C
1978624920,5272058,B
2302583067,9920111,C
1828543531,6261558,B
2813574754,10407493,C
1992179441,6261558,B
2060823909,6723497,A
2770988077,10239934,C
2028603821,10068712,B
2980918833,11548805,B
2621307552,10532943,C
1867269539,6049099,C
2112196707,5494833,B
2033465762,5541438,B
2011586152,5689125,B
2137685570,4900591,B
2172299611,9332757,B
2172299611,9332757,B
2408867130,10526391,B
1967649128,7294606,B
2071574247,6859548,C
2094684921,5317162,A
2071731847,9579748,B
72042338,8632825,C
2036156438,6958746,B
2909867993,11571162,C
1982499214,6943000,C
2598670937,11604194,B
1967805128,8580127,B
1975714394,8178389,C
2061041759,4870162,B
2799491933,11207759,A
2077760616,6067954,C
2038815806,9568460,C
2038815806,9568460,C
2130723974,7604953,A
2618080241,11112513,B
2146996748,4698299,B
1972867200,7150812,A
2775465111,10438688,B
2159915142,9087212,B
1995651823,6721664,B
2948173422,10465244,B
2101167969,5958378,B
2097427928,7086508,C
2047189506,4928674,B
1994228036,9899917,C
1994228036,9899917,C
2017717984,9311841,C
1997265510,4395402,B
1759929513,10929399,B
2012485815,6933405,B
1764033598,9958561,B
2605724873,10333280,B
2028290193,6803466,A
2619677134,10155843,B
1980871990,5235461,B
1989006953,9793479,C
1989006953,9793479,C
2791476257,10755942,B
2284871568,10933254,B
2042949805,4966919,B
1617942799,5656773,C
1163233071,9678276,C
2014033900,9421276,B
1993904263,8119348,C
2098911738,10281476,B
2104669824,8691219,B
2997951790,10617121,C
2995847523,11298085,B
3013548253,11298085,B
2016323110,6828320,B
2140253811,7582857,B
2230152586,10365220,B
2150976062,6310190,B
2583850390,8510597,A
2083004655,6793488,A
2003551730,6914647,C
1984298660,9333276,B
3006365593,10761152,C
2091870085,6720453,D
2148739685,9802954,D
2249720934,11146956,B
1820506502,10719986,A
2091237564,6852697,A
2793137671,11198923,C
1976360114,4398963,B
2262719253,9399662,B
2033390710,9676858,C
2033390710,9676858,C
2042163711,4418300,C
2963966518,9531522,B
2963966518,9531522,B
2808108851,10533836,B
2760060288,10533836,B
2765368091,10533836,B
2269932266,9822100,B
2027959626,5316910,C
1560106902,10224638,C
2107676192,9776975,C
2039574757,9776975,B
1978110146,8853228,B
2771004905,10915548,B
2062161862,7921066,C
2083407028,5320617,B
2078264125,9782439,C
2126111746,8541016,C
2912489692,10752616,B
2156510645,9244074,B
2156510645,9244074,B
2314033571,9561274,B
2965679754,11353463,B
2790596634,11177630,C
1994442324,8058015,B
2943076816,11421258,B
2026535174,8293791,B
2061428351,5380651,B
2296414617,10098879,B
2071159293,7893200,B
3023081528,11340181,C
2082986229,6340813,C
2042565118,6692894,B
2027381692,10435639,C
2043185636,6875591,B
2069592787,7302135,A
2090880230,7302135,A
1986838044,7844335,C
2149036489,7769568,B
2104395008,7973933,A
2599397208,10308911,B
1967800133,9624468,B
2535426390,10098695,A
2474805227,9630167,B
2098265572,10390879,B
582155512,4885022,D
2095812087,8187462,B
2125309974,7078165,B
2125309974,7396812,B
2005710703,9046735,A
2102419714,6778943,A
2001836817,8063378,B
186048221,6783944,B
1479747448,6783944,B
1581754100,10092599,A
2049168737,8494378,B
2156034920,7168953,A
2401376527,10396232,B
2128685150,9691511,A
1992655089,5837839,A
2156959342,7063928,D
2787530700,11304952,C
2064011294,5407821,C
2068939712,6630138,B
1640318440,9428791,B
2119002224,5714320,B
2040529070,5611915,B
2123785397,7063928,D
2952927904,7063928,D
1564078780,6423538,A
1564078780,6696251,A
1990789777,6331391,B
2533057217,8687689,B
2318893345,10048244,C
2107548394,5574810,A
2135290457,9377546,B
2135290457,9377546,B
2059035285,6358727,A
2059035285,5922841,B
2059035285,5708149,A
2045462482,5096586,B
2084115244,9321737,B
2006997130,7356527,A
2159977071,6777671,C
2150168929,6326910,A
2951986563,6120748,B
236876518,10711306,C
29980167,10711306,B
2094318495,6888994,B
2259652181,8900816,C
1952761671,5837875,C
1991025039,6872852,B
2140062302,7323165,B
2013786222,6004944,B
1978298900,7323165,C
2496510830,11007266,B
2032600689,9267930,A
2032600689,9267930,A
2460389352,9796931,C
2155988411,5194603,C
1984084179,7940451,C
2295116962,10718188,C
2078893417,7308364,B
2554476864,8954283,B
2993999015,8954283,B
2590839512,10577656,C
2110183976,8954283,B
2564201058,7983850,B
1981318818,7506537,A
2796529510,11059948,B
2166764819,8725007,C
1985459939,7877148,A
2074370020,9476095,C
2033670530,9982304,C
2033670530,9982304,D
1982385872,6569651,B
2085703057,5260004,B
1991950974,6855807,B
2162264499,7326543,C
2159661253,7326543,C
1989007991,5401648,B
2028284241,7768640,B
2144517997,8326404,A
2060477175,8326404,C
2163173465,9074199,C
2182581009,9914939,C
1993118636,10239012,B
1661402195,4470021,A
2078785316,7778499,B
1582962666,5458367,A
2106306436,7288386,C
1990199612,6620590,B
2050452726,5827372,B
2463206501,9782385,B
2463206501,9782385,B
2165861950,6903184,C
2078598660,7501132,C
2050104323,9051581,B
2049384803,7778499,A
2036441537,8503839,C
2151115220,7272276,B
2159306970,8504891,B
2143223366,8504891,B
2008089293,8467269,C
2614953780,11149250,B
2084130542,9765341,D
2103869071,8498458,C
2081294479,4376053,A
2056577739,4366582,A
2308691565,10450352,B
1834097224,9304973,A
1834097224,9304973,A
2901870793,10846856,C
2904816734,10846856,B
2903948033,10846856,B
2058825220,8642607,B
2030137299,10866984,B
1986127483,6124035,B
2050445764,5317078,B
2317562597,5494804,A
1571725334,9868776,B
1986083555,10415143,B
2090202549,4687759,C
2949426550,10040789,D
2887364408,10810414,B
2592289884,10889501,B
1985147655,7888492,C
2067774920,8724216,B
2015930517,7525130,A
2031364315,8357529,C
2892744778,10945955,C
2145719479,7028537,B
2005733030,7687534,A
2295338794,10184124,D
1993142096,7969562,B
2953643452,11479833,B
2080208267,7349609,B
2120309718,7009759,B
1586950841,8796299,D
2017576483,8405100,A
1982677301,8017835,C
21751113,7822689,A
40208633,9847877,C
2055254099,5990619,C
2030330770,9580560,A
2030330770,9580560,A
2020535184,9790329,B
2067372909,7380015,C
2141463110,5958354,B
2589793916,10020775,B
2037228070,4349677,B
2082216778,5885768,A
2151765846,4811599,B
2156990622,7330565,B
2121204324,7330565,B
1579260949,7330565,A
2579765663,9648684,A
2327856732,9007593,B
2741250183,10874698,C
2741250183,10709742,C
2070131010,6681768,B
2086661873,9046422,A
2314198572,9583520,B
2031192115,4865973,B
18746480,5389543,B
2006532153,5427942,C
2085047493,9012407,B
1993174891,5884226,A
2051466955,7337065,A
2322492743,6346121,B
2239503522,10280416,B
2431656823,10280416,B
2328597441,8649849,B
1997055163,8649849,B
2080145655,4542357,B
2900058474,10982328,B
2746348392,11579512,B
2163593322,5065236,C
2003087716,5153154,C
2333988235,7098160,C
2110289990,4618717,C
2017053987,7197942,B
2029907780,4540810,B
1992003080,7148183,C
2022733129,6605151,B
2128635950,7610076,A
1968484265,5349186,A
1701733546,9056923,B
1976063072,5698202,C
2056083180,7766495,C
971509346,9428731,B
1999823792,6623740,A
2124405570,7960117,B
2037450156,7960117,C
2116378553,5748846,B
2077456487,7381732,B
2644600533,10766024,B
2563882928,10738059,B
2057081891,10100432,C
1998301395,7270948,B
2032882160,8337921,B
1980978096,5832922,A
2609570686,11385386,C
2608437555,10754295,B
1992888087,6310043,B
2125563248,9946492,B
307415787,9932364,B
307415787,9932364,B
2014864105,9932364,A
2014864105,9932364,A
2078732759,4713351,B
2909666887,11492445,A
1522001751,5831166,C
1987975814,6055859,B
2030003411,5241079,C
2775277191,9905608,B
2052468804,7709687,B
2074579739,4207311,B
2073729727,5026685,C
2533928572,10898713,B
1973857954,6552139,C
2769624357,10603502,B
2093537043,7122192,C
2164806080,7122192,C
2005542324,6660272,B
2085469828,6660272,C
2897658623,10562962,B
2774197967,10343159,B
2126958905,9699462,B
2136825103,10190035,B
2081432937,6954252,C
2147029827,8611763,B
1991462813,8937469,B
2066960960,8937469,B
2013203335,5078978,C
2770724147,10176869,C
2158265898,8660163,B
2009797306,7224873,B
2086014372,6979546,C
2054203685,6979546,C
2077016401,4659218,A
1551678368,6979546,B
2076961431,6110663,C
2979411297,8564014,B
1998783857,8564014,A
2003007678,8564014,A
2030529538,6366389,B
2102011909,6243181,A
2054813430,6243181,B
2003427586,6243181,A
2352784539,4600720,C
1605682187,4260744,C
2050778425,10208086,B
2154424059,7608442,C
2074737756,8409583,C
2021099633,5616580,B
2058070876,7829578,B
2081468161,5955933,C
2547598002,10451476,A
2725370118,10793450,C
2594395214,10793450,B
